created_at,updated_at,marks_id,registration_id,cie_marks,see_marks,total_marks,grade_letter,grade_point,credit_points,credits_registered,credits_earned,result
2026-07-30T14:48:25.610254,2026-07-30T14:48:25.610263,MK000001,REG000001,22,59,81,A+,9,36.0,4.0,4.0,PASS
2026-07-30T14:48:25.610293,2026-07-30T14:48:25.610296,MK000002,REG000002,25,62,87,A+,9,36.0,4.0,4.0,PASS
2026-07-30T14:48:25.610311,2026-07-30T14:48:25.610314,MK000003,REG000003,24,59,83,A+,9,36.0,4.0,4.0,PASS
2026-07-30T14:48:25.610325,2026-07-30T14:48:25.610327,MK000004,REG000004,22,58,80,A+,9,36.0,4.0,4.0,PASS
2026-07-30T14:48:25.610338,2026-07-30T14:48:25.610341,MK000005,REG000005,18,49,67,B+,7,28.0,4.0,4.0,PASS
2026-07-30T14:48:25.610352,2026-07-30T14:48:25.610354,MK000006,REG000006,21,54,75,A,8,32.0,4.0,4.0,PASS
2026-07-30T14:48:25.610364,2026-07-30T14:48:25.610367,MK000007,REG000007,17,47,64,B+,7,28.0,4.0,4.0,PASS
2026-07-30T14:48:25.610376,2026-07-30T14:48:25.610379,MK000008,REG000008,17,46,63,B+,7,28.0,4.0,4.0,PASS
2026-07-30T14:48:25.610390,2026-07-30T14:48:25.610393,MK000009,REG000009,0,6,6,F,0,0.0,4.0,0.0,FAIL
2026-07-30T14:48:25.610403,2026-07-30T14:48:25.610406,MK000010,REG000010,1,24,25,F,0,0.0,4.0,0.0,FAIL
2026-07-30T14:48:25.610416,2026-07-30T14:48:25.610418,MK000011,REG000011,2,19,21,F,0,0.0,4.0,0.0,FAIL
2026-07-30T14:48:25.610434,2026-07-30T14:48:25.610437,MK000012,REG000012,4,18,22,F,0,0.0,4.0,0.0,FAIL
2026-07-30T14:48:25.610447,2026-07-30T14:48:25.610450,MK000013,REG000013,17,52,69,B+,7,28.0,4.0,4.0,PASS
2026-07-30T14:48:25.610460,2026-07-30T14:48:25.610462,MK000014,REG000014,21,50,71,A,8,32.0,4.0,4.0,PASS
2026-07-30T14:48:25.610471,2026-07-30T14:48:25.610474,MK000015,REG000015,16,54,70,A,8,32.0,4.0,4.0,PASS
2026-07-30T14:48:25.610483,2026-07-30T14:48:25.610486,MK000016,REG000016,17,52,69,B+,7,28.0,4.0,4.0,PASS
2026-07-30T14:48:25.610495,2026-07-30T14:48:25.610498,MK000017,REG000017,22,62,84,A+,9,36.0,4.0,4.0,PASS
2026-07-30T14:48:25.610507,2026-07-30T14:48:25.610510,MK000018,REG000018,25,55,80,A+,9,36.0,4.0,4.0,PASS
2026-07-30T14:48:25.610519,2026-07-30T14:48:25.610522,MK000019,REG000019,26,56,82,A+,9,36.0,4.0,4.0,PASS
2026-07-30T14:48:25.610531,2026-07-30T14:48:25.610533,MK000020,REG000020,23,56,79,A,8,32.0,4.0,4.0,PASS
2026-07-30T14:48:25.610543,2026-07-30T14:48:25.610545,MK000021,REG000021,22,58,80,A+,9,36.0,4.0,4.0,PASS
2026-07-30T14:48:25.610558,2026-07-30T14:48:25.610561,MK000022,REG000022,22,59,81,A+,9,36.0,4.0,4.0,PASS
2026-07-30T14:48:25.610575,2026-07-30T14:48:25.610578,MK000023,REG000023,26,61,87,A+,9,36.0,4.0,4.0,PASS
2026-07-30T14:48:25.610587,2026-07-30T14:48:25.610589,MK000024,REG000024,24,55,79,A,8,32.0,4.0,4.0,PASS
2026-07-30T14:48:25.610599,2026-07-30T14:48:25.610601,MK000025,REG000025,20,53,73,A,8,32.0,4.0,4.0,PASS
2026-07-30T14:48:25.610611,2026-07-30T14:48:25.610614,MK000026,REG000026,20,53,73,A,8,32.0,4.0,4.0,PASS
2026-07-30T14:48:25.610623,2026-07-30T14:48:25.610626,MK000027,REG000027,20,50,70,A,8,32.0,4.0,4.0,PASS
2026-07-30T14:48:25.610635,2026-07-30T14:48:25.610637,MK000028,REG000028,17,50,67,B+,7,28.0,4.0,4.0,PASS
2026-07-30T14:48:25.610646,2026-07-30T14:48:25.610649,MK000029,REG000029,21,48,69,B+,7,28.0,4.0,4.0,PASS
2026-07-30T14:48:25.610658,2026-07-30T14:48:25.610661,MK000030,REG000030,18,49,67,B+,7,28.0,4.0,4.0,PASS
2026-07-30T14:48:25.610670,2026-07-30T14:48:25.610673,MK000031,REG000031,19,51,70,A,8,32.0,4.0,4.0,PASS
2026-07-30T14:48:25.610682,2026-07-30T14:48:25.610685,MK000032,REG000032,16,52,68,B+,7,28.0,4.0,4.0,PASS
2026-07-30T14:48:25.610694,2026-07-30T14:48:25.610708,MK000033,REG000033,19,49,68,B+,7,28.0,4.0,4.0,PASS
2026-07-30T14:48:25.610733,2026-07-30T14:48:25.610736,MK000034,REG000034,20,54,74,A,8,32.0,4.0,4.0,PASS
2026-07-30T14:48:25.610746,2026-07-30T14:48:25.610748,MK000035,REG000035,19,45,64,B+,7,28.0,4.0,4.0,PASS
2026-07-30T14:48:25.610757,2026-07-30T14:48:25.610760,MK000036,REG000036,17,45,62,B+,7,28.0,4.0,4.0,PASS
2026-07-30T14:48:25.610773,2026-07-30T14:48:25.610775,MK000037,REG000037,18,53,71,A,8,32.0,4.0,4.0,PASS
2026-07-30T14:48:25.610785,2026-07-30T14:48:25.610788,MK000038,REG000038,21,52,73,A,8,32.0,4.0,4.0,PASS
2026-07-30T14:48:25.610798,2026-07-30T14:48:25.610800,MK000039,REG000039,21,47,68,B+,7,28.0,4.0,4.0,PASS
2026-07-30T14:48:25.610814,2026-07-30T14:48:25.610817,MK000040,REG000040,16,53,69,B+,7,28.0,4.0,4.0,PASS
2026-07-30T14:48:25.610826,2026-07-30T14:48:25.610829,MK000041,REG000041,8,36,44,P,4,16.0,4.0,4.0,PASS
2026-07-30T14:48:25.610839,2026-07-30T14:48:25.610842,MK000042,REG000042,9,42,51,B,6,24.0,4.0,4.0,PASS
2026-07-30T14:48:25.610852,2026-07-30T14:48:25.610855,MK000043,REG000043,10,36,46,C,5,20.0,4.0,4.0,PASS
2026-07-30T14:48:25.610864,2026-07-30T14:48:25.610867,MK000044,REG000044,8,35,43,P,4,16.0,4.0,4.0,PASS
2026-07-30T14:48:25.610876,2026-07-30T14:48:25.610879,MK000045,REG000045,16,52,68,B+,7,28.0,4.0,4.0,PASS
2026-07-30T14:48:25.610888,2026-07-30T14:48:25.610891,MK000046,REG000046,21,48,69,B+,7,28.0,4.0,4.0,PASS
2026-07-30T14:48:25.610900,2026-07-30T14:48:25.610902,MK000047,REG000047,18,45,63,B+,7,28.0,4.0,4.0,PASS
2026-07-30T14:48:25.610911,2026-07-30T14:48:25.610917,MK000048,REG000048,17,50,67,B+,7,28.0,4.0,4.0,PASS
2026-07-30T14:48:25.610927,2026-07-30T14:48:25.610930,MK000049,REG000049,17,45,62,B+,7,28.0,4.0,4.0,PASS
2026-07-30T14:48:25.610939,2026-07-30T14:48:25.610942,MK000050,REG000050,14,42,56,B,6,24.0,4.0,4.0,PASS
2026-07-30T14:48:25.610951,2026-07-30T14:48:25.610954,MK000051,REG000051,16,40,56,B,6,24.0,4.0,4.0,PASS
2026-07-30T14:48:25.610963,2026-07-30T14:48:25.610966,MK000052,REG000052,18,47,65,B+,7,28.0,4.0,4.0,PASS
2026-07-30T14:48:25.610976,2026-07-30T14:48:25.610978,MK000053,REG000053,18,47,65,B+,7,28.0,4.0,4.0,PASS
2026-07-30T14:48:25.610988,2026-07-30T14:48:25.610991,MK000054,REG000054,21,48,69,B+,7,28.0,4.0,4.0,PASS
2026-07-30T14:48:25.611000,2026-07-30T14:48:25.611002,MK000055,REG000055,16,53,69,B+,7,28.0,4.0,4.0,PASS
2026-07-30T14:48:25.611012,2026-07-30T14:48:25.611014,MK000056,REG000056,19,46,65,B+,7,28.0,4.0,4.0,PASS
2026-07-30T14:48:25.611024,2026-07-30T14:48:25.611026,MK000057,REG000057,21,46,67,B+,7,28.0,4.0,4.0,PASS
2026-07-30T14:48:25.611036,2026-07-30T14:48:25.611038,MK000058,REG000058,19,50,69,B+,7,28.0,4.0,4.0,PASS
2026-07-30T14:48:25.611047,2026-07-30T14:48:25.611050,MK000059,REG000059,16,48,64,B+,7,28.0,4.0,4.0,PASS
2026-07-30T14:48:25.611059,2026-07-30T14:48:25.611062,MK000060,REG000060,19,53,72,A,8,32.0,4.0,4.0,PASS
2026-07-30T14:48:25.611071,2026-07-30T14:48:25.611074,MK000061,REG000061,13,41,54,B,6,24.0,4.0,4.0,PASS
2026-07-30T14:48:25.611083,2026-07-30T14:48:25.611085,MK000062,REG000062,16,43,59,B,6,24.0,4.0,4.0,PASS
2026-07-30T14:48:25.611095,2026-07-30T14:48:25.611098,MK000063,REG000063,13,41,54,B,6,24.0,4.0,4.0,PASS
2026-07-30T14:48:25.611107,2026-07-30T14:48:25.611109,MK000064,REG000064,13,41,54,B,6,24.0,4.0,4.0,PASS
2026-07-30T14:48:25.611122,2026-07-30T14:48:25.611124,MK000065,REG000065,23,55,78,A,8,32.0,4.0,4.0,PASS
2026-07-30T14:48:25.611135,2026-07-30T14:48:25.611138,MK000066,REG000067,22,62,84,A+,9,36.0,4.0,4.0,PASS
2026-07-30T14:48:25.611147,2026-07-30T14:48:25.611150,MK000067,REG000068,26,55,81,A+,9,36.0,4.0,4.0,PASS
2026-07-30T14:48:25.611160,2026-07-30T14:48:25.611162,MK000068,REG000069,27,63,90,O,10,40.0,4.0,4.0,PASS
2026-07-30T14:48:25.611174,2026-07-30T14:48:25.611177,MK000069,REG000070,28,65,93,O,10,40.0,4.0,4.0,PASS
2026-07-30T14:48:25.611187,2026-07-30T14:48:25.611189,MK000070,REG000071,30,66,96,O,10,40.0,4.0,4.0,PASS
2026-07-30T14:48:25.611198,2026-07-30T14:48:25.611201,MK000071,REG000072,30,69,99,O,10,40.0,4.0,4.0,PASS
2026-07-30T14:48:25.611211,2026-07-30T14:48:25.611213,MK000072,REG000073,12,37,49,C,5,20.0,4.0,4.0,PASS
2026-07-30T14:48:25.611223,2026-07-30T14:48:25.611225,MK000073,REG000074,12,32,44,P,4,16.0,4.0,4.0,PASS
2026-07-30T14:48:25.611239,2026-07-30T14:48:25.611242,MK000074,REG000075,14,39,53,B,6,24.0,4.0,4.0,PASS
2026-07-30T14:48:25.611251,2026-07-30T14:48:25.611254,MK000075,REG000077,17,52,69,B+,7,28.0,4.0,4.0,PASS
2026-07-30T14:48:25.611263,2026-07-30T14:48:25.611266,MK000076,REG000078,21,51,72,A,8,32.0,4.0,4.0,PASS
2026-07-30T14:48:25.611275,2026-07-30T14:48:25.611278,MK000077,REG000079,16,47,63,B+,7,28.0,4.0,4.0,PASS
2026-07-30T14:48:25.611289,2026-07-30T14:48:25.611292,MK000078,REG000080,20,54,74,A,8,32.0,4.0,4.0,PASS
2026-07-30T14:48:25.611301,2026-07-30T14:48:25.611304,MK000079,REG000081,11,39,50,B,6,24.0,4.0,4.0,PASS
2026-07-30T14:48:25.611313,2026-07-30T14:48:25.611315,MK000080,REG000082,12,31,43,P,4,16.0,4.0,4.0,PASS
2026-07-30T14:48:25.611325,2026-07-30T14:48:25.611327,MK000081,REG000083,11,35,46,C,5,20.0,4.0,4.0,PASS
2026-07-30T14:48:25.611337,2026-07-30T14:48:25.611340,MK000082,REG000084,13,42,55,B,6,24.0,4.0,4.0,PASS
2026-07-30T14:48:25.611349,2026-07-30T14:48:25.611352,MK000083,REG000085,20,53,73,A,8,32.0,4.0,4.0,PASS
2026-07-30T14:48:25.611360,2026-07-30T14:48:25.611363,MK000084,REG000086,21,54,75,A,8,32.0,4.0,4.0,PASS
2026-07-30T14:48:25.611372,2026-07-30T14:48:25.611375,MK000085,REG000087,19,51,70,A,8,32.0,4.0,4.0,PASS
2026-07-30T14:48:25.611388,2026-07-30T14:48:25.611391,MK000086,REG000088,20,47,67,B+,7,28.0,4.0,4.0,PASS
2026-07-30T14:48:25.611400,2026-07-30T14:48:25.611403,MK000087,REG000089,28,70,98,O,10,40.0,4.0,4.0,PASS
2026-07-30T14:48:25.611412,2026-07-30T14:48:25.611415,MK000088,REG000090,29,66,95,O,10,40.0,4.0,4.0,PASS
2026-07-30T14:48:25.611424,2026-07-30T14:48:25.611426,MK000089,REG000091,29,67,96,O,10,40.0,4.0,4.0,PASS
2026-07-30T14:48:25.611435,2026-07-30T14:48:25.611438,MK000090,REG000092,27,67,94,O,10,40.0,4.0,4.0,PASS
2026-07-30T14:48:25.611447,2026-07-30T14:48:25.611450,MK000091,REG000093,23,57,80,A+,9,36.0,4.0,4.0,PASS
2026-07-30T14:48:25.611459,2026-07-30T14:48:25.611461,MK000092,REG000094,25,58,83,A+,9,36.0,4.0,4.0,PASS
2026-07-30T14:48:25.611471,2026-07-30T14:48:25.611474,MK000093,REG000095,23,60,83,A+,9,36.0,4.0,4.0,PASS
2026-07-30T14:48:25.611483,2026-07-30T14:48:25.611486,MK000094,REG000096,26,59,85,A+,9,36.0,4.0,4.0,PASS
2026-07-30T14:48:25.611496,2026-07-30T14:48:25.611498,MK000095,REG000097,6,6,12,F,0,0.0,4.0,0.0,FAIL
2026-07-30T14:48:25.611508,2026-07-30T14:48:25.611511,MK000096,REG000098,10,16,26,F,0,0.0,4.0,0.0,FAIL
2026-07-30T14:48:25.611523,2026-07-30T14:48:25.611526,MK000097,REG000099,10,18,28,F,0,0.0,4.0,0.0,FAIL
2026-07-30T14:48:25.611539,2026-07-30T14:48:25.611542,MK000098,REG000101,20,49,69,B+,7,28.0,4.0,4.0,PASS
2026-07-30T14:48:25.611551,2026-07-30T14:48:25.611553,MK000099,REG000102,20,52,72,A,8,32.0,4.0,4.0,PASS
2026-07-30T14:48:25.611572,2026-07-30T14:48:25.611575,MK000100,REG000103,16,52,68,B+,7,28.0,4.0,4.0,PASS
2026-07-30T14:48:25.611584,2026-07-30T14:48:25.611587,MK000101,REG000104,20,46,66,B+,7,28.0,4.0,4.0,PASS
2026-07-30T14:48:25.611597,2026-07-30T14:48:25.611599,MK000102,REG000105,30,70,100,O,10,40.0,4.0,4.0,PASS
2026-07-30T14:48:25.611608,2026-07-30T14:48:25.611611,MK000103,REG000106,30,67,97,O,10,40.0,4.0,4.0,PASS
2026-07-30T14:48:25.611620,2026-07-30T14:48:25.611623,MK000104,REG000107,29,68,97,O,10,40.0,4.0,4.0,PASS
2026-07-30T14:48:25.611631,2026-07-30T14:48:25.611634,MK000105,REG000108,30,63,93,O,10,40.0,4.0,4.0,PASS
2026-07-30T14:48:25.611644,2026-07-30T14:48:25.611647,MK000106,REG000109,16,45,61,B+,7,28.0,4.0,4.0,PASS
2026-07-30T14:48:25.611656,2026-07-30T14:48:25.611658,MK000107,REG000110,20,46,66,B+,7,28.0,4.0,4.0,PASS
2026-07-30T14:48:25.611668,2026-07-30T14:48:25.611671,MK000108,REG000111,21,47,68,B+,7,28.0,4.0,4.0,PASS
2026-07-30T14:48:25.611680,2026-07-30T14:48:25.611682,MK000109,REG000112,16,53,69,B+,7,28.0,4.0,4.0,PASS
2026-07-30T14:48:25.611693,2026-07-30T14:48:25.611695,MK000110,REG000113,19,48,67,B+,7,28.0,4.0,4.0,PASS
2026-07-30T14:48:25.611729,2026-07-30T14:48:25.611736,MK000111,REG000114,20,46,66,B+,7,28.0,4.0,4.0,PASS
2026-07-30T14:48:25.611760,2026-07-30T14:48:25.611766,MK000112,REG000115,20,54,74,A,8,32.0,4.0,4.0,PASS
2026-07-30T14:48:25.611790,2026-07-30T14:48:25.611795,MK000113,REG000116,19,52,71,A,8,32.0,4.0,4.0,PASS
2026-07-30T14:48:25.611806,2026-07-30T14:48:25.611809,MK000114,REG000117,23,57,80,A+,9,36.0,4.0,4.0,PASS
2026-07-30T14:48:25.611819,2026-07-30T14:48:25.611822,MK000115,REG000118,22,62,84,A+,9,36.0,4.0,4.0,PASS
2026-07-30T14:48:25.611832,2026-07-30T14:48:25.611834,MK000116,REG000119,25,60,85,A+,9,36.0,4.0,4.0,PASS
2026-07-30T14:48:25.611843,2026-07-30T14:48:25.611846,MK000117,REG000120,24,61,85,A+,9,36.0,4.0,4.0,PASS
2026-07-30T14:48:25.611856,2026-07-30T14:48:25.611859,MK000118,REG000121,13,37,50,B,6,24.0,4.0,4.0,PASS
2026-07-30T14:48:25.611869,2026-07-30T14:48:25.611871,MK000119,REG000122,12,30,42,P,4,16.0,4.0,4.0,PASS
2026-07-30T14:48:25.611881,2026-07-30T14:48:25.611884,MK000120,REG000123,13,34,47,C,5,20.0,4.0,4.0,PASS
2026-07-30T14:48:25.611893,2026-07-30T14:48:25.611896,MK000121,REG000124,10,32,42,P,4,16.0,4.0,4.0,PASS
2026-07-30T14:48:25.611906,2026-07-30T14:48:25.611908,MK000122,REG000125,17,45,62,B+,7,28.0,4.0,4.0,PASS
2026-07-30T14:48:25.611917,2026-07-30T14:48:25.611920,MK000123,REG000126,21,51,72,A,8,32.0,4.0,4.0,PASS
2026-07-30T14:48:25.611930,2026-07-30T14:48:25.611932,MK000124,REG000127,19,51,70,A,8,32.0,4.0,4.0,PASS
2026-07-30T14:48:25.611949,2026-07-30T14:48:25.611953,MK000125,REG000128,18,53,71,A,8,32.0,4.0,4.0,PASS
2026-07-30T14:48:25.611964,2026-07-30T14:48:25.611967,MK000126,REG000129,16,43,59,B,6,24.0,4.0,4.0,PASS
2026-07-30T14:48:25.611976,2026-07-30T14:48:25.611979,MK000127,REG000130,16,40,56,B,6,24.0,4.0,4.0,PASS
2026-07-30T14:48:25.611988,2026-07-30T14:48:25.611991,MK000128,REG000132,15,42,57,B,6,24.0,4.0,4.0,PASS
2026-07-30T14:48:25.612001,2026-07-30T14:48:25.612003,MK000129,REG000133,11,30,41,P,4,16.0,4.0,4.0,PASS
2026-07-30T14:48:25.612014,2026-07-30T14:48:25.612016,MK000130,REG000134,14,38,52,B,6,24.0,4.0,4.0,PASS
2026-07-30T14:48:25.612026,2026-07-30T14:48:25.612029,MK000131,REG000135,14,33,47,C,5,20.0,4.0,4.0,PASS
2026-07-30T14:48:25.612038,2026-07-30T14:48:25.612041,MK000132,REG000137,24,56,80,A+,9,36.0,4.0,4.0,PASS
2026-07-30T14:48:25.612051,2026-07-30T14:48:25.612053,MK000133,REG000139,24,55,79,A,8,32.0,4.0,4.0,PASS
2026-07-30T14:48:25.612062,2026-07-30T14:48:25.612066,MK000134,REG000140,26,61,87,A+,9,36.0,4.0,4.0,PASS
2026-07-30T14:48:25.612233,2026-07-30T14:48:25.612237,MK000135,REG000142,18,44,62,B+,7,28.0,4.0,4.0,PASS
2026-07-30T14:48:25.612247,2026-07-30T14:48:25.612250,MK000136,REG000143,16,43,59,B,6,24.0,4.0,4.0,PASS
2026-07-30T14:48:25.612259,2026-07-30T14:48:25.612262,MK000137,REG000144,18,41,59,B,6,24.0,4.0,4.0,PASS
2026-07-30T14:48:25.612271,2026-07-30T14:48:25.612274,MK000138,REG000145,16,45,61,B+,7,28.0,4.0,4.0,PASS
2026-07-30T14:48:25.612283,2026-07-30T14:48:25.612286,MK000139,REG000146,17,47,64,B+,7,28.0,4.0,4.0,PASS
2026-07-30T14:48:25.612295,2026-07-30T14:48:25.612298,MK000140,REG000147,16,47,63,B+,7,28.0,4.0,4.0,PASS
2026-07-30T14:48:25.612307,2026-07-30T14:48:25.612310,MK000141,REG000148,18,46,64,B+,7,28.0,4.0,4.0,PASS
2026-07-30T14:48:25.612321,2026-07-30T14:48:25.612323,MK000142,REG000149,20,49,69,B+,7,28.0,4.0,4.0,PASS
2026-07-30T14:48:25.612333,2026-07-30T14:48:25.612336,MK000143,REG000150,17,51,68,B+,7,28.0,4.0,4.0,PASS
2026-07-30T14:48:25.612345,2026-07-30T14:48:25.612348,MK000144,REG000151,17,47,64,B+,7,28.0,4.0,4.0,PASS
2026-07-30T14:48:25.612357,2026-07-30T14:48:25.612360,MK000145,REG000152,21,48,69,B+,7,28.0,4.0,4.0,PASS
2026-07-30T14:48:25.612369,2026-07-30T14:48:25.612371,MK000146,REG000153,26,60,86,A+,9,36.0,4.0,4.0,PASS
2026-07-30T14:48:25.612380,2026-07-30T14:48:25.612383,MK000147,REG000154,26,59,85,A+,9,36.0,4.0,4.0,PASS
2026-07-30T14:48:25.612392,2026-07-30T14:48:25.612395,MK000148,REG000155,23,60,83,A+,9,36.0,4.0,4.0,PASS
2026-07-30T14:48:25.612404,2026-07-30T14:48:25.612406,MK000149,REG000156,26,58,84,A+,9,36.0,4.0,4.0,PASS
2026-07-30T14:48:25.612421,2026-07-30T14:48:25.612427,MK000150,REG000157,30,70,100,O,10,40.0,4.0,4.0,PASS
2026-07-30T14:48:25.612436,2026-07-30T14:48:25.612439,MK000151,REG000158,29,67,96,O,10,40.0,4.0,4.0,PASS
2026-07-30T14:48:25.612448,2026-07-30T14:48:25.612451,MK000152,REG000159,28,68,96,O,10,40.0,4.0,4.0,PASS
2026-07-30T14:48:25.612463,2026-07-30T14:48:25.612466,MK000153,REG000160,28,65,93,O,10,40.0,4.0,4.0,PASS
2026-07-30T14:48:25.612476,2026-07-30T14:48:25.612479,MK000154,REG000161,18,47,65,B+,7,28.0,4.0,4.0,PASS
2026-07-30T14:48:25.612488,2026-07-30T14:48:25.612490,MK000155,REG000162,17,47,64,B+,7,28.0,4.0,4.0,PASS
2026-07-30T14:48:25.612500,2026-07-30T14:48:25.612502,MK000156,REG000163,20,46,66,B+,7,28.0,4.0,4.0,PASS
2026-07-30T14:48:25.612512,2026-07-30T14:48:25.612514,MK000157,REG000164,18,45,63,B+,7,28.0,4.0,4.0,PASS
2026-07-30T14:48:25.612524,2026-07-30T14:48:25.612526,MK000158,REG000165,12,45,57,B,6,24.0,4.0,4.0,PASS
2026-07-30T14:48:25.612536,2026-07-30T14:48:25.612539,MK000159,REG000166,16,41,57,B,6,24.0,4.0,4.0,PASS
2026-07-30T14:48:25.612548,2026-07-30T14:48:25.612551,MK000160,REG000167,12,45,57,B,6,24.0,4.0,4.0,PASS
2026-07-30T14:48:25.612560,2026-07-30T14:48:25.612562,MK000161,REG000168,17,40,57,B,6,24.0,4.0,4.0,PASS
2026-07-30T14:48:25.612572,2026-07-30T14:48:25.612574,MK000162,REG000169,25,58,83,A+,9,36.0,4.0,4.0,PASS
2026-07-30T14:48:25.612584,2026-07-30T14:48:25.612586,MK000163,REG000170,24,58,82,A+,9,36.0,4.0,4.0,PASS
2026-07-30T14:48:25.612595,2026-07-30T14:48:25.612598,MK000164,REG000171,26,62,88,A+,9,36.0,4.0,4.0,PASS
2026-07-30T14:48:25.612607,2026-07-30T14:48:25.612609,MK000165,REG000172,24,59,83,A+,9,36.0,4.0,4.0,PASS
2026-07-30T14:48:25.612618,2026-07-30T14:48:25.612621,MK000166,REG000173,24,62,86,A+,9,36.0,4.0,4.0,PASS
2026-07-30T14:48:25.612630,2026-07-30T14:48:25.612633,MK000167,REG000174,26,57,83,A+,9,36.0,4.0,4.0,PASS
2026-07-30T14:48:25.612641,2026-07-30T14:48:25.612644,MK000168,REG000175,25,62,87,A+,9,36.0,4.0,4.0,PASS
2026-07-30T14:48:25.612653,2026-07-30T14:48:25.612656,MK000169,REG000176,25,59,84,A+,9,36.0,4.0,4.0,PASS
2026-07-30T14:48:25.612665,2026-07-30T14:48:25.612667,MK000170,REG000177,16,52,68,B+,7,28.0,4.0,4.0,PASS
2026-07-30T14:48:25.612676,2026-07-30T14:48:25.612679,MK000171,REG000178,21,50,71,A,8,32.0,4.0,4.0,PASS
2026-07-30T14:48:25.612688,2026-07-30T14:48:25.612691,MK000172,REG000180,17,45,62,B+,7,28.0,4.0,4.0,PASS
2026-07-30T14:48:25.612719,2026-07-30T14:48:25.612723,MK000173,REG000181,25,60,85,A+,9,36.0,4.0,4.0,PASS
2026-07-30T14:48:25.612733,2026-07-30T14:48:25.612736,MK000174,REG000182,26,60,86,A+,9,36.0,4.0,4.0,PASS
2026-07-30T14:48:25.612745,2026-07-30T14:48:25.612748,MK000175,REG000183,24,56,80,A+,9,36.0,4.0,4.0,PASS
2026-07-30T14:48:25.612769,2026-07-30T14:48:25.612772,MK000176,REG000184,26,57,83,A+,9,36.0,4.0,4.0,PASS
2026-07-30T14:48:25.612781,2026-07-30T14:48:25.612784,MK000177,REG000185,16,46,62,B+,7,28.0,4.0,4.0,PASS
2026-07-30T14:48:25.612793,2026-07-30T14:48:25.612795,MK000178,REG000186,18,42,60,B+,7,28.0,4.0,4.0,PASS
2026-07-30T14:48:25.612805,2026-07-30T14:48:25.612808,MK000179,REG000189,17,47,64,B+,7,28.0,4.0,4.0,PASS
2026-07-30T14:48:25.612817,2026-07-30T14:48:25.612820,MK000180,REG000190,16,52,68,B+,7,28.0,4.0,4.0,PASS
2026-07-30T14:48:25.612829,2026-07-30T14:48:25.612832,MK000181,REG000191,19,52,71,A,8,32.0,4.0,4.0,PASS
2026-07-30T14:48:25.612844,2026-07-30T14:48:25.612847,MK000182,REG000192,16,46,62,B+,7,28.0,4.0,4.0,PASS
2026-07-30T14:48:25.612857,2026-07-30T14:48:25.612859,MK000183,REG000193,21,45,66,B+,7,28.0,4.0,4.0,PASS
2026-07-30T14:48:25.612869,2026-07-30T14:48:25.612872,MK000184,REG000194,21,45,66,B+,7,28.0,4.0,4.0,PASS
2026-07-30T14:48:25.612881,2026-07-30T14:48:25.612883,MK000185,REG000195,21,51,72,A,8,32.0,4.0,4.0,PASS
2026-07-30T14:48:25.612892,2026-07-30T14:48:25.612895,MK000186,REG000196,20,49,69,B+,7,28.0,4.0,4.0,PASS
2026-07-30T14:48:25.612904,2026-07-30T14:48:25.612907,MK000187,REG000197,21,47,68,B+,7,28.0,4.0,4.0,PASS
2026-07-30T14:48:25.612916,2026-07-30T14:48:25.612919,MK000188,REG000198,21,54,75,A,8,32.0,4.0,4.0,PASS
2026-07-30T14:48:25.612928,2026-07-30T14:48:25.612930,MK000189,REG000199,21,52,73,A,8,32.0,4.0,4.0,PASS
2026-07-30T14:48:25.612940,2026-07-30T14:48:25.612943,MK000190,REG000201,9,36,45,C,5,20.0,4.0,4.0,PASS
2026-07-30T14:48:25.612952,2026-07-30T14:48:25.612955,MK000191,REG000202,10,31,41,P,4,16.0,4.0,4.0,PASS
2026-07-30T14:48:25.612964,2026-07-30T14:48:25.612966,MK000192,REG000203,12,37,49,C,5,20.0,4.0,4.0,PASS
2026-07-30T14:48:25.612979,2026-07-30T14:48:25.612982,MK000193,REG000205,18,46,64,B+,7,28.0,4.0,4.0,PASS
2026-07-30T14:48:25.613002,2026-07-30T14:48:25.613008,MK000194,REG000206,19,45,64,B+,7,28.0,4.0,4.0,PASS
2026-07-30T14:48:25.613026,2026-07-30T14:48:25.613031,MK000195,REG000207,18,45,63,B+,7,28.0,4.0,4.0,PASS
2026-07-30T14:48:25.613053,2026-07-30T14:48:25.613057,MK000196,REG000208,18,54,72,A,8,32.0,4.0,4.0,PASS
2026-07-30T14:48:25.613067,2026-07-30T14:48:25.613070,MK000197,REG000210,21,45,66,B+,7,28.0,4.0,4.0,PASS
2026-07-30T14:48:25.613081,2026-07-30T14:48:25.613084,MK000198,REG000212,21,52,73,A,8,32.0,4.0,4.0,PASS
2026-07-30T14:48:25.613097,2026-07-30T14:48:25.613099,MK000199,REG000213,20,46,66,B+,7,28.0,4.0,4.0,PASS
2026-07-30T14:48:25.613110,2026-07-30T14:48:25.613113,MK000200,REG000214,17,45,62,B+,7,28.0,4.0,4.0,PASS
2026-07-30T14:48:25.613122,2026-07-30T14:48:25.613125,MK000201,REG000215,17,50,67,B+,7,28.0,4.0,4.0,PASS
2026-07-30T14:48:25.613141,2026-07-30T14:48:25.613144,MK000202,REG000216,19,50,69,B+,7,28.0,4.0,4.0,PASS
2026-07-30T14:48:25.613154,2026-07-30T14:48:25.613157,MK000203,REG000217,26,60,86,A+,9,36.0,4.0,4.0,PASS
2026-07-30T14:48:25.613165,2026-07-30T14:48:25.613168,MK000204,REG000218,22,56,78,A,8,32.0,4.0,4.0,PASS
2026-07-30T14:48:25.613177,2026-07-30T14:48:25.613180,MK000205,REG000219,24,62,86,A+,9,36.0,4.0,4.0,PASS
2026-07-30T14:48:25.613189,2026-07-30T14:48:25.613192,MK000206,REG000220,24,62,86,A+,9,36.0,4.0,4.0,PASS
2026-07-30T14:48:25.613201,2026-07-30T14:48:25.613203,MK000207,REG000221,16,51,67,B+,7,28.0,4.0,4.0,PASS
2026-07-30T14:48:25.613212,2026-07-30T14:48:25.613215,MK000208,REG000222,17,46,63,B+,7,28.0,4.0,4.0,PASS
2026-07-30T14:48:25.613224,2026-07-30T14:48:25.613226,MK000209,REG000223,17,46,63,B+,7,28.0,4.0,4.0,PASS
2026-07-30T14:48:25.613239,2026-07-30T14:48:25.613241,MK000210,REG000224,16,52,68,B+,7,28.0,4.0,4.0,PASS
2026-07-30T14:48:25.613251,2026-07-30T14:48:25.613254,MK000211,REG000225,26,59,85,A+,9,36.0,4.0,4.0,PASS
2026-07-30T14:48:25.613263,2026-07-30T14:48:25.613265,MK000212,REG000226,22,60,82,A+,9,36.0,4.0,4.0,PASS
2026-07-30T14:48:25.613275,2026-07-30T14:48:25.613278,MK000213,REG000227,25,55,80,A+,9,36.0,4.0,4.0,PASS
2026-07-30T14:48:25.613290,2026-07-30T14:48:25.613293,MK000214,REG000229,24,57,81,A+,9,36.0,4.0,4.0,PASS
2026-07-30T14:48:25.613303,2026-07-30T14:48:25.613305,MK000215,REG000230,22,56,78,A,8,32.0,4.0,4.0,PASS
2026-07-30T14:48:25.613315,2026-07-30T14:48:25.613317,MK000216,REG000231,23,56,79,A,8,32.0,4.0,4.0,PASS
2026-07-30T14:48:25.613327,2026-07-30T14:48:25.613329,MK000217,REG000232,24,61,85,A+,9,36.0,4.0,4.0,PASS
2026-07-30T14:48:25.613339,2026-07-30T14:48:25.613342,MK000218,REG000233,17,52,69,B+,7,28.0,4.0,4.0,PASS
2026-07-30T14:48:25.613350,2026-07-30T14:48:25.613353,MK000219,REG000234,16,47,63,B+,7,28.0,4.0,4.0,PASS
2026-07-30T14:48:25.613362,2026-07-30T14:48:25.613365,MK000220,REG000235,20,53,73,A,8,32.0,4.0,4.0,PASS
2026-07-30T14:48:25.613375,2026-07-30T14:48:25.613377,MK000221,REG000237,26,61,87,A+,9,36.0,4.0,4.0,PASS
2026-07-30T14:48:25.613387,2026-07-30T14:48:25.613389,MK000222,REG000238,22,60,82,A+,9,36.0,4.0,4.0,PASS
2026-07-30T14:48:25.613398,2026-07-30T14:48:25.613400,MK000223,REG000239,22,62,84,A+,9,36.0,4.0,4.0,PASS
2026-07-30T14:48:25.613411,2026-07-30T14:48:25.613413,MK000224,REG000240,24,62,86,A+,9,36.0,4.0,4.0,PASS
2026-07-30T14:48:25.613423,2026-07-30T14:48:25.613426,MK000225,REG000241,19,50,69,B+,7,28.0,4.0,4.0,PASS
2026-07-30T14:48:25.613436,2026-07-30T14:48:25.613439,MK000226,REG000242,20,50,70,A,8,32.0,4.0,4.0,PASS
2026-07-30T14:48:25.613451,2026-07-30T14:48:25.613454,MK000227,REG000243,21,53,74,A,8,32.0,4.0,4.0,PASS
2026-07-30T14:48:25.613464,2026-07-30T14:48:25.613466,MK000228,REG000244,16,53,69,B+,7,28.0,4.0,4.0,PASS
2026-07-30T14:48:25.613475,2026-07-30T14:48:25.613478,MK000229,REG000245,29,65,94,O,10,40.0,4.0,4.0,PASS
2026-07-30T14:48:25.613487,2026-07-30T14:48:25.613490,MK000230,REG000246,29,70,99,O,10,40.0,4.0,4.0,PASS
2026-07-30T14:48:25.613500,2026-07-30T14:48:25.613502,MK000231,REG000247,28,70,98,O,10,40.0,4.0,4.0,PASS
2026-07-30T14:48:25.613512,2026-07-30T14:48:25.613514,MK000232,REG000248,27,66,93,O,10,40.0,4.0,4.0,PASS
2026-07-30T14:48:25.613523,2026-07-30T14:48:25.613526,MK000233,REG000249,18,45,63,B+,7,28.0,4.0,4.0,PASS
2026-07-30T14:48:25.613537,2026-07-30T14:48:25.613539,MK000234,REG000250,20,48,68,B+,7,28.0,4.0,4.0,PASS
2026-07-30T14:48:25.613548,2026-07-30T14:48:25.613551,MK000235,REG000251,16,51,67,B+,7,28.0,4.0,4.0,PASS
2026-07-30T14:48:25.613560,2026-07-30T14:48:25.613563,MK000236,REG000252,20,51,71,A,8,32.0,4.0,4.0,PASS
2026-07-30T14:48:25.613572,2026-07-30T14:48:25.613575,MK000237,REG000253,16,47,63,B+,7,28.0,4.0,4.0,PASS
2026-07-30T14:48:25.613587,2026-07-30T14:48:25.613590,MK000238,REG000254,20,51,71,A,8,32.0,4.0,4.0,PASS
2026-07-30T14:48:25.613600,2026-07-30T14:48:25.613603,MK000239,REG000255,20,51,71,A,8,32.0,4.0,4.0,PASS
2026-07-30T14:48:25.613612,2026-07-30T14:48:25.613615,MK000240,REG000256,17,49,66,B+,7,28.0,4.0,4.0,PASS
2026-07-30T14:48:25.613624,2026-07-30T14:48:25.613626,MK000241,REG000257,17,47,64,B+,7,28.0,4.0,4.0,PASS
2026-07-30T14:48:25.613635,2026-07-30T14:48:25.613638,MK000242,REG000258,18,45,63,B+,7,28.0,4.0,4.0,PASS
2026-07-30T14:48:25.613647,2026-07-30T14:48:25.613650,MK000243,REG000259,17,46,63,B+,7,28.0,4.0,4.0,PASS
2026-07-30T14:48:25.613659,2026-07-30T14:48:25.613661,MK000244,REG000260,18,44,62,B+,7,28.0,4.0,4.0,PASS
2026-07-30T14:48:25.613670,2026-07-30T14:48:25.613673,MK000245,REG000261,16,44,60,B+,7,28.0,4.0,4.0,PASS
2026-07-30T14:48:25.613682,2026-07-30T14:48:25.613685,MK000246,REG000262,12,46,58,B,6,24.0,4.0,4.0,PASS
2026-07-30T14:48:25.613694,2026-07-30T14:48:25.613708,MK000247,REG000263,13,42,55,B,6,24.0,4.0,4.0,PASS
2026-07-30T14:48:25.613731,2026-07-30T14:48:25.613734,MK000248,REG000265,20,50,70,A,8,32.0,4.0,4.0,PASS
2026-07-30T14:48:25.613744,2026-07-30T14:48:25.613747,MK000249,REG000266,21,46,67,B+,7,28.0,4.0,4.0,PASS
2026-07-30T14:48:25.613756,2026-07-30T14:48:25.613759,MK000250,REG000267,18,45,63,B+,7,28.0,4.0,4.0,PASS
2026-07-30T14:48:25.613769,2026-07-30T14:48:25.613771,MK000251,REG000268,16,50,66,B+,7,28.0,4.0,4.0,PASS
2026-07-30T14:48:25.613781,2026-07-30T14:48:25.613787,MK000252,REG000269,17,48,65,B+,7,28.0,4.0,4.0,PASS
2026-07-30T14:48:25.613798,2026-07-30T14:48:25.613800,MK000253,REG000270,16,41,57,B,6,24.0,4.0,4.0,PASS
2026-07-30T14:48:25.613810,2026-07-30T14:48:25.613813,MK000254,REG000273,23,60,83,A+,9,36.0,4.0,4.0,PASS
2026-07-30T14:48:25.613822,2026-07-30T14:48:25.613824,MK000255,REG000274,25,60,85,A+,9,36.0,4.0,4.0,PASS
2026-07-30T14:48:25.613833,2026-07-30T14:48:25.613836,MK000256,REG000275,25,59,84,A+,9,36.0,4.0,4.0,PASS
2026-07-30T14:48:25.613845,2026-07-30T14:48:25.613847,MK000257,REG000276,23,59,82,A+,9,36.0,4.0,4.0,PASS
2026-07-30T14:48:25.613863,2026-07-30T14:48:25.613866,MK000258,REG000277,22,59,81,A+,9,36.0,4.0,4.0,PASS
2026-07-30T14:48:25.613877,2026-07-30T14:48:25.613880,MK000259,REG000278,23,56,79,A,8,32.0,4.0,4.0,PASS
2026-07-30T14:48:25.613889,2026-07-30T14:48:25.613892,MK000260,REG000279,26,62,88,A+,9,36.0,4.0,4.0,PASS
2026-07-30T14:48:25.613901,2026-07-30T14:48:25.613903,MK000261,REG000280,22,58,80,A+,9,36.0,4.0,4.0,PASS
2026-07-30T14:48:25.613913,2026-07-30T14:48:25.613915,MK000262,REG000281,22,60,82,A+,9,36.0,4.0,4.0,PASS
2026-07-30T14:48:25.613925,2026-07-30T14:48:25.613928,MK000263,REG000282,22,56,78,A,8,32.0,4.0,4.0,PASS
2026-07-30T14:48:25.613937,2026-07-30T14:48:25.613939,MK000264,REG000283,22,61,83,A+,9,36.0,4.0,4.0,PASS
2026-07-30T14:48:25.613948,2026-07-30T14:48:25.613950,MK000265,REG000284,22,60,82,A+,9,36.0,4.0,4.0,PASS
2026-07-30T14:48:25.613962,2026-07-30T14:48:25.613965,MK000266,REG000285,20,50,70,A,8,32.0,4.0,4.0,PASS
2026-07-30T14:48:25.613975,2026-07-30T14:48:25.613978,MK000267,REG000286,20,53,73,A,8,32.0,4.0,4.0,PASS
2026-07-30T14:48:25.613987,2026-07-30T14:48:25.613989,MK000268,REG000287,16,52,68,B+,7,28.0,4.0,4.0,PASS
2026-07-30T14:48:25.613999,2026-07-30T14:48:25.614001,MK000269,REG000288,18,51,69,B+,7,28.0,4.0,4.0,PASS
2026-07-30T14:48:25.614011,2026-07-30T14:48:25.614014,MK000270,REG000289,30,68,98,O,10,40.0,4.0,4.0,PASS
2026-07-30T14:48:25.614023,2026-07-30T14:48:25.614026,MK000271,REG000290,27,65,92,O,10,40.0,4.0,4.0,PASS
2026-07-30T14:48:25.614034,2026-07-30T14:48:25.614037,MK000272,REG000291,30,69,99,O,10,40.0,4.0,4.0,PASS
2026-07-30T14:48:25.614046,2026-07-30T14:48:25.614049,MK000273,REG000292,29,67,96,O,10,40.0,4.0,4.0,PASS
2026-07-30T14:48:25.614058,2026-07-30T14:48:25.614061,MK000274,REG000293,18,47,65,B+,7,28.0,4.0,4.0,PASS
2026-07-30T14:48:25.614070,2026-07-30T14:48:25.614073,MK000275,REG000294,19,51,70,A,8,32.0,4.0,4.0,PASS
2026-07-30T14:48:25.614083,2026-07-30T14:48:25.614085,MK000276,REG000295,19,48,67,B+,7,28.0,4.0,4.0,PASS
2026-07-30T14:48:25.614098,2026-07-30T14:48:25.614101,MK000277,REG000296,17,46,63,B+,7,28.0,4.0,4.0,PASS
2026-07-30T14:48:25.614114,2026-07-30T14:48:25.614117,MK000278,REG000297,14,44,58,B,6,24.0,4.0,4.0,PASS
2026-07-30T14:48:25.614127,2026-07-30T14:48:25.614129,MK000279,REG000300,12,42,54,B,6,24.0,4.0,4.0,PASS
2026-07-30T14:48:25.614139,2026-07-30T14:48:25.614141,MK000280,REG000301,21,49,70,A,8,32.0,4.0,4.0,PASS
2026-07-30T14:48:25.614150,2026-07-30T14:48:25.614153,MK000281,REG000302,20,54,74,A,8,32.0,4.0,4.0,PASS
2026-07-30T14:48:25.614162,2026-07-30T14:48:25.614165,MK000282,REG000303,19,53,72,A,8,32.0,4.0,4.0,PASS
2026-07-30T14:48:25.614174,2026-07-30T14:48:25.614176,MK000283,REG000304,17,51,68,B+,7,28.0,4.0,4.0,PASS
2026-07-30T14:48:25.614186,2026-07-30T14:48:25.614189,MK000284,REG000305,27,69,96,O,10,40.0,4.0,4.0,PASS
2026-07-30T14:48:25.614198,2026-07-30T14:48:25.614200,MK000285,REG000306,29,65,94,O,10,40.0,4.0,4.0,PASS
2026-07-30T14:48:25.614209,2026-07-30T14:48:25.614212,MK000286,REG000307,27,64,91,O,10,40.0,4.0,4.0,PASS
2026-07-30T14:48:25.614221,2026-07-30T14:48:25.614224,MK000287,REG000308,29,70,99,O,10,40.0,4.0,4.0,PASS
2026-07-30T14:48:25.614233,2026-07-30T14:48:25.614236,MK000288,REG000309,18,45,63,B+,7,28.0,4.0,4.0,PASS
2026-07-30T14:48:25.614245,2026-07-30T14:48:25.614247,MK000289,REG000310,17,47,64,B+,7,28.0,4.0,4.0,PASS
2026-07-30T14:48:25.614257,2026-07-30T14:48:25.614260,MK000290,REG000312,16,41,57,B,6,24.0,4.0,4.0,PASS
2026-07-30T14:48:25.614269,2026-07-30T14:48:25.614272,MK000291,REG000313,16,45,61,B+,7,28.0,4.0,4.0,PASS
2026-07-30T14:48:25.614281,2026-07-30T14:48:25.614284,MK000292,REG000314,18,47,65,B+,7,28.0,4.0,4.0,PASS
2026-07-30T14:48:25.614293,2026-07-30T14:48:25.614296,MK000293,REG000316,17,46,63,B+,7,28.0,4.0,4.0,PASS
2026-07-30T14:48:25.614305,2026-07-30T14:48:25.614307,MK000294,REG000317,18,54,72,A,8,32.0,4.0,4.0,PASS
2026-07-30T14:48:25.614320,2026-07-30T14:48:25.614323,MK000295,REG000318,16,50,66,B+,7,28.0,4.0,4.0,PASS
2026-07-30T14:48:25.614332,2026-07-30T14:48:25.614335,MK000296,REG000319,20,48,68,B+,7,28.0,4.0,4.0,PASS
2026-07-30T14:48:25.614345,2026-07-30T14:48:25.614347,MK000297,REG000320,17,54,71,A,8,32.0,4.0,4.0,PASS
2026-07-30T14:48:25.614357,2026-07-30T14:48:25.614360,MK000298,REG000321,18,54,72,A,8,32.0,4.0,4.0,PASS
2026-07-30T14:48:25.614369,2026-07-30T14:48:25.614372,MK000299,REG000322,16,48,64,B+,7,28.0,4.0,4.0,PASS
2026-07-30T14:48:25.614381,2026-07-30T14:48:25.614384,MK000300,REG000323,19,49,68,B+,7,28.0,4.0,4.0,PASS
2026-07-30T14:48:25.614393,2026-07-30T14:48:25.614396,MK000301,REG000324,20,52,72,A,8,32.0,4.0,4.0,PASS
2026-07-30T14:48:25.614405,2026-07-30T14:48:25.614408,MK000302,REG000326,17,48,65,B+,7,28.0,4.0,4.0,PASS
2026-07-30T14:48:25.614417,2026-07-30T14:48:25.614420,MK000303,REG000327,13,43,56,B,6,24.0,4.0,4.0,PASS
2026-07-30T14:48:25.614434,2026-07-30T14:48:25.614437,MK000304,REG000328,12,46,58,B,6,24.0,4.0,4.0,PASS
2026-07-30T14:48:25.614446,2026-07-30T14:48:25.614449,MK000305,REG000329,18,46,64,B+,7,28.0,4.0,4.0,PASS
2026-07-30T14:48:25.614458,2026-07-30T14:48:25.614461,MK000306,REG000330,16,47,63,B+,7,28.0,4.0,4.0,PASS
2026-07-30T14:48:25.614470,2026-07-30T14:48:25.614473,MK000307,REG000331,17,49,66,B+,7,28.0,4.0,4.0,PASS
2026-07-30T14:48:25.614482,2026-07-30T14:48:25.614484,MK000308,REG000332,18,50,68,B+,7,28.0,4.0,4.0,PASS
2026-07-30T14:48:25.614494,2026-07-30T14:48:25.614496,MK000309,REG000333,30,63,93,O,10,40.0,4.0,4.0,PASS
2026-07-30T14:48:25.614506,2026-07-30T14:48:25.614509,MK000310,REG000334,29,65,94,O,10,40.0,4.0,4.0,PASS
2026-07-30T14:48:25.614518,2026-07-30T14:48:25.614521,MK000311,REG000335,28,64,92,O,10,40.0,4.0,4.0,PASS
2026-07-30T14:48:25.614530,2026-07-30T14:48:25.614533,MK000312,REG000336,27,64,91,O,10,40.0,4.0,4.0,PASS
2026-07-30T14:48:25.614542,2026-07-30T14:48:25.614545,MK000313,REG000337,28,67,95,O,10,40.0,4.0,4.0,PASS
2026-07-30T14:48:25.614554,2026-07-30T14:48:25.614556,MK000314,REG000338,29,67,96,O,10,40.0,4.0,4.0,PASS
2026-07-30T14:48:25.614565,2026-07-30T14:48:25.614568,MK000315,REG000339,30,66,96,O,10,40.0,4.0,4.0,PASS
2026-07-30T14:48:25.614577,2026-07-30T14:48:25.614580,MK000316,REG000340,29,64,93,O,10,40.0,4.0,4.0,PASS
2026-07-30T14:48:25.614590,2026-07-30T14:48:25.614593,MK000317,REG000341,17,51,68,B+,7,28.0,4.0,4.0,PASS
2026-07-30T14:48:25.614603,2026-07-30T14:48:25.614606,MK000318,REG000342,17,53,70,A,8,32.0,4.0,4.0,PASS
2026-07-30T14:48:25.614615,2026-07-30T14:48:25.614618,MK000319,REG000343,17,50,67,B+,7,28.0,4.0,4.0,PASS
2026-07-30T14:48:25.614638,2026-07-30T14:48:25.614641,MK000320,REG000344,21,51,72,A,8,32.0,4.0,4.0,PASS
2026-07-30T14:48:25.614654,2026-07-30T14:48:25.614657,MK000321,REG000345,23,61,84,A+,9,36.0,4.0,4.0,PASS
2026-07-30T14:48:25.614670,2026-07-30T14:48:25.614673,MK000322,REG000346,26,58,84,A+,9,36.0,4.0,4.0,PASS
2026-07-30T14:48:25.614686,2026-07-30T14:48:25.614689,MK000323,REG000347,24,57,81,A+,9,36.0,4.0,4.0,PASS
2026-07-30T14:48:25.614714,2026-07-30T14:48:25.614722,MK000324,REG000348,24,57,81,A+,9,36.0,4.0,4.0,PASS
2026-07-30T14:48:25.614740,2026-07-30T14:48:25.614743,MK000325,REG000349,16,47,63,B+,7,28.0,4.0,4.0,PASS
2026-07-30T14:48:25.614753,2026-07-30T14:48:25.614756,MK000326,REG000350,16,50,66,B+,7,28.0,4.0,4.0,PASS
2026-07-30T14:48:25.614765,2026-07-30T14:48:25.614767,MK000327,REG000351,21,50,71,A,8,32.0,4.0,4.0,PASS
2026-07-30T14:48:25.614777,2026-07-30T14:48:25.614779,MK000328,REG000352,17,53,70,A,8,32.0,4.0,4.0,PASS
2026-07-30T14:48:25.614794,2026-07-30T14:48:25.614797,MK000329,REG000353,19,46,65,B+,7,28.0,4.0,4.0,PASS
2026-07-30T14:48:25.614806,2026-07-30T14:48:25.614809,MK000330,REG000354,18,47,65,B+,7,28.0,4.0,4.0,PASS
2026-07-30T14:48:25.614818,2026-07-30T14:48:25.614821,MK000331,REG000355,21,54,75,A,8,32.0,4.0,4.0,PASS
2026-07-30T14:48:25.614831,2026-07-30T14:48:25.614833,MK000332,REG000356,19,45,64,B+,7,28.0,4.0,4.0,PASS
2026-07-30T14:48:25.614843,2026-07-30T14:48:25.614846,MK000333,REG000357,14,40,54,B,6,24.0,4.0,4.0,PASS
2026-07-30T14:48:25.614855,2026-07-30T14:48:25.614858,MK000334,REG000358,15,32,47,C,5,20.0,4.0,4.0,PASS
2026-07-30T14:48:25.614868,2026-07-30T14:48:25.614871,MK000335,REG000359,10,35,45,C,5,20.0,4.0,4.0,PASS
2026-07-30T14:48:25.614881,2026-07-30T14:48:25.614884,MK000336,REG000360,11,34,45,C,5,20.0,4.0,4.0,PASS
2026-07-30T14:48:25.614893,2026-07-30T14:48:25.614896,MK000337,REG000361,13,45,58,B,6,24.0,4.0,4.0,PASS
2026-07-30T14:48:25.614906,2026-07-30T14:48:25.614908,MK000338,REG000362,18,40,58,B,6,24.0,4.0,4.0,PASS
2026-07-30T14:48:25.614917,2026-07-30T14:48:25.614920,MK000339,REG000363,14,44,58,B,6,24.0,4.0,4.0,PASS
2026-07-30T14:48:25.614929,2026-07-30T14:48:25.614932,MK000340,REG000364,15,43,58,B,6,24.0,4.0,4.0,PASS
2026-07-30T14:48:25.614945,2026-07-30T14:48:25.614948,MK000341,REG000365,16,46,62,B+,7,28.0,4.0,4.0,PASS
2026-07-30T14:48:25.614957,2026-07-30T14:48:25.614960,MK000342,REG000366,16,46,62,B+,7,28.0,4.0,4.0,PASS
2026-07-30T14:48:25.614969,2026-07-30T14:48:25.614972,MK000343,REG000367,15,47,62,B+,7,28.0,4.0,4.0,PASS
2026-07-30T14:48:25.614981,2026-07-30T14:48:25.614984,MK000344,REG000368,15,45,60,B+,7,28.0,4.0,4.0,PASS
2026-07-30T14:48:25.614993,2026-07-30T14:48:25.614996,MK000345,REG000369,25,57,82,A+,9,36.0,4.0,4.0,PASS
2026-07-30T14:48:25.615005,2026-07-30T14:48:25.615008,MK000346,REG000370,26,55,81,A+,9,36.0,4.0,4.0,PASS
2026-07-30T14:48:25.615017,2026-07-30T14:48:25.615019,MK000347,REG000371,22,62,84,A+,9,36.0,4.0,4.0,PASS
2026-07-30T14:48:25.615028,2026-07-30T14:48:25.615031,MK000348,REG000372,23,59,82,A+,9,36.0,4.0,4.0,PASS
2026-07-30T14:48:25.615040,2026-07-30T14:48:25.615043,MK000349,REG000373,18,49,67,B+,7,28.0,4.0,4.0,PASS
2026-07-30T14:48:25.615052,2026-07-30T14:48:25.615055,MK000350,REG000374,17,51,68,B+,7,28.0,4.0,4.0,PASS
2026-07-30T14:48:25.615067,2026-07-30T14:48:25.615070,MK000351,REG000375,19,48,67,B+,7,28.0,4.0,4.0,PASS
2026-07-30T14:48:25.615080,2026-07-30T14:48:25.615083,MK000352,REG000376,17,46,63,B+,7,28.0,4.0,4.0,PASS
2026-07-30T14:48:25.615092,2026-07-30T14:48:25.615095,MK000353,REG000377,20,49,69,B+,7,28.0,4.0,4.0,PASS
2026-07-30T14:48:25.615107,2026-07-30T14:48:25.615112,MK000354,REG000378,16,47,63,B+,7,28.0,4.0,4.0,PASS
2026-07-30T14:48:25.615122,2026-07-30T14:48:25.615125,MK000355,REG000379,20,53,73,A,8,32.0,4.0,4.0,PASS
2026-07-30T14:48:25.615134,2026-07-30T14:48:25.615137,MK000356,REG000380,18,48,66,B+,7,28.0,4.0,4.0,PASS
2026-07-30T14:48:25.615147,2026-07-30T14:48:25.615149,MK000357,REG000381,17,40,57,B,6,24.0,4.0,4.0,PASS
2026-07-30T14:48:25.615158,2026-07-30T14:48:25.615161,MK000358,REG000382,18,40,58,B,6,24.0,4.0,4.0,PASS
2026-07-30T14:48:25.615170,2026-07-30T14:48:25.615173,MK000359,REG000383,15,47,62,B+,7,28.0,4.0,4.0,PASS
2026-07-30T14:48:25.615182,2026-07-30T14:48:25.615185,MK000360,REG000384,16,44,60,B+,7,28.0,4.0,4.0,PASS
2026-07-30T14:48:25.615193,2026-07-30T14:48:25.615196,MK000361,REG000385,21,46,67,B+,7,28.0,4.0,4.0,PASS
2026-07-30T14:48:25.615206,2026-07-30T14:48:25.615209,MK000362,REG000386,21,45,66,B+,7,28.0,4.0,4.0,PASS
2026-07-30T14:48:25.615218,2026-07-30T14:48:25.615221,MK000363,REG000387,16,47,63,B+,7,28.0,4.0,4.0,PASS
2026-07-30T14:48:25.615230,2026-07-30T14:48:25.615233,MK000364,REG000388,19,48,67,B+,7,28.0,4.0,4.0,PASS
2026-07-30T14:48:25.615243,2026-07-30T14:48:25.615246,MK000365,REG000389,12,40,52,B,6,24.0,4.0,4.0,PASS
2026-07-30T14:48:25.615255,2026-07-30T14:48:25.615258,MK000366,REG000390,13,33,46,C,5,20.0,4.0,4.0,PASS
2026-07-30T14:48:25.615268,2026-07-30T14:48:25.615270,MK000367,REG000391,9,31,40,P,4,16.0,4.0,4.0,PASS
2026-07-30T14:48:25.615280,2026-07-30T14:48:25.615282,MK000368,REG000393,15,47,62,B+,7,28.0,4.0,4.0,PASS
2026-07-30T14:48:25.615291,2026-07-30T14:48:25.615294,MK000369,REG000394,14,47,61,B+,7,28.0,4.0,4.0,PASS
2026-07-30T14:48:25.615303,2026-07-30T14:48:25.615306,MK000370,REG000395,13,44,57,B,6,24.0,4.0,4.0,PASS
2026-07-30T14:48:25.615315,2026-07-30T14:48:25.615318,MK000371,REG000396,18,44,62,B+,7,28.0,4.0,4.0,PASS
2026-07-30T14:48:25.615327,2026-07-30T14:48:25.615329,MK000372,REG000397,28,65,93,O,10,40.0,4.0,4.0,PASS
2026-07-30T14:48:25.615339,2026-07-30T14:48:25.615341,MK000373,REG000398,27,69,96,O,10,40.0,4.0,4.0,PASS
2026-07-30T14:48:25.615350,2026-07-30T14:48:25.615353,MK000374,REG000399,29,65,94,O,10,40.0,4.0,4.0,PASS
2026-07-30T14:48:25.615362,2026-07-30T14:48:25.615365,MK000375,REG000400,30,69,99,O,10,40.0,4.0,4.0,PASS
2026-07-30T14:48:25.615374,2026-07-30T14:48:25.615376,MK000376,REG000401,19,52,71,A,8,32.0,4.0,4.0,PASS
2026-07-30T14:48:25.615386,2026-07-30T14:48:25.615389,MK000377,REG000402,16,45,61,B+,7,28.0,4.0,4.0,PASS
2026-07-30T14:48:25.615398,2026-07-30T14:48:25.615400,MK000378,REG000403,20,46,66,B+,7,28.0,4.0,4.0,PASS
2026-07-30T14:48:25.615418,2026-07-30T14:48:25.615420,MK000379,REG000404,17,51,68,B+,7,28.0,4.0,4.0,PASS
2026-07-30T14:48:25.615438,2026-07-30T14:48:25.615441,MK000380,REG000405,29,64,93,O,10,40.0,4.0,4.0,PASS
2026-07-30T14:48:25.615450,2026-07-30T14:48:25.615453,MK000381,REG000406,27,65,92,O,10,40.0,4.0,4.0,PASS
2026-07-30T14:48:25.615461,2026-07-30T14:48:25.615464,MK000382,REG000407,28,67,95,O,10,40.0,4.0,4.0,PASS
2026-07-30T14:48:25.615473,2026-07-30T14:48:25.615476,MK000383,REG000408,30,69,99,O,10,40.0,4.0,4.0,PASS
2026-07-30T14:48:25.615485,2026-07-30T14:48:25.615487,MK000384,REG000409,21,45,66,B+,7,28.0,4.0,4.0,PASS
2026-07-30T14:48:25.615497,2026-07-30T14:48:25.615499,MK000385,REG000410,17,54,71,A,8,32.0,4.0,4.0,PASS
2026-07-30T14:48:25.615509,2026-07-30T14:48:25.615511,MK000386,REG000411,16,50,66,B+,7,28.0,4.0,4.0,PASS
2026-07-30T14:48:25.615520,2026-07-30T14:48:25.615523,MK000387,REG000413,18,51,69,B+,7,28.0,4.0,4.0,PASS
2026-07-30T14:48:25.615532,2026-07-30T14:48:25.615535,MK000388,REG000414,17,48,65,B+,7,28.0,4.0,4.0,PASS
2026-07-30T14:48:25.615544,2026-07-30T14:48:25.615546,MK000389,REG000416,21,48,69,B+,7,28.0,4.0,4.0,PASS
2026-07-30T14:48:25.615555,2026-07-30T14:48:25.615558,MK000390,REG000417,20,45,65,B+,7,28.0,4.0,4.0,PASS
2026-07-30T14:48:25.615567,2026-07-30T14:48:25.615569,MK000391,REG000418,17,47,64,B+,7,28.0,4.0,4.0,PASS
2026-07-30T14:48:25.615579,2026-07-30T14:48:25.615581,MK000392,REG000419,18,49,67,B+,7,28.0,4.0,4.0,PASS
2026-07-30T14:48:25.615590,2026-07-30T14:48:25.615593,MK000393,REG000420,20,54,74,A,8,32.0,4.0,4.0,PASS
2026-07-30T14:48:25.615603,2026-07-30T14:48:25.615605,MK000394,REG000421,23,57,80,A+,9,36.0,4.0,4.0,PASS
2026-07-30T14:48:25.615614,2026-07-30T14:48:25.615617,MK000395,REG000422,26,61,87,A+,9,36.0,4.0,4.0,PASS
2026-07-30T14:48:25.615626,2026-07-30T14:48:25.615629,MK000396,REG000423,23,62,85,A+,9,36.0,4.0,4.0,PASS
2026-07-30T14:48:25.615638,2026-07-30T14:48:25.615641,MK000397,REG000424,26,55,81,A+,9,36.0,4.0,4.0,PASS
2026-07-30T14:48:25.615652,2026-07-30T14:48:25.615654,MK000398,REG000426,8,19,27,F,0,0.0,4.0,0.0,FAIL
2026-07-30T14:48:25.615664,2026-07-30T14:48:25.615667,MK000399,REG000427,0,31,31,F,0,0.0,4.0,0.0,FAIL
2026-07-30T14:48:25.615677,2026-07-30T14:48:25.615679,MK000400,REG000428,6,21,27,F,0,0.0,4.0,0.0,FAIL
2026-07-30T14:48:25.615688,2026-07-30T14:48:25.615691,MK000401,REG000429,19,47,66,B+,7,28.0,4.0,4.0,PASS
2026-07-30T14:48:25.615718,2026-07-30T14:48:25.615724,MK000402,REG000430,21,50,71,A,8,32.0,4.0,4.0,PASS
2026-07-30T14:48:25.615735,2026-07-30T14:48:25.615738,MK000403,REG000431,16,45,61,B+,7,28.0,4.0,4.0,PASS
2026-07-30T14:48:25.615747,2026-07-30T14:48:25.615750,MK000404,REG000432,21,52,73,A,8,32.0,4.0,4.0,PASS
2026-07-30T14:48:25.615763,2026-07-30T14:48:25.615766,MK000405,REG000433,20,53,73,A,8,32.0,4.0,4.0,PASS
2026-07-30T14:48:25.615780,2026-07-30T14:48:25.615783,MK000406,REG000434,16,53,69,B+,7,28.0,4.0,4.0,PASS
2026-07-30T14:48:25.615793,2026-07-30T14:48:25.615795,MK000407,REG000435,16,52,68,B+,7,28.0,4.0,4.0,PASS
2026-07-30T14:48:25.615808,2026-07-30T14:48:25.615810,MK000408,REG000436,17,49,66,B+,7,28.0,4.0,4.0,PASS
2026-07-30T14:48:25.615820,2026-07-30T14:48:25.615823,MK000409,REG000437,17,54,71,A,8,32.0,4.0,4.0,PASS
2026-07-30T14:48:25.615832,2026-07-30T14:48:25.615835,MK000410,REG000438,16,52,68,B+,7,28.0,4.0,4.0,PASS
2026-07-30T14:48:25.615844,2026-07-30T14:48:25.615847,MK000411,REG000439,19,51,70,A,8,32.0,4.0,4.0,PASS
2026-07-30T14:48:25.615856,2026-07-30T14:48:25.615859,MK000412,REG000440,17,54,71,A,8,32.0,4.0,4.0,PASS
2026-07-30T14:48:25.615868,2026-07-30T14:48:25.615871,MK000413,REG000441,19,51,70,A,8,32.0,4.0,4.0,PASS
2026-07-30T14:48:25.615880,2026-07-30T14:48:25.615882,MK000414,REG000442,17,51,68,B+,7,28.0,4.0,4.0,PASS
2026-07-30T14:48:25.615892,2026-07-30T14:48:25.615894,MK000415,REG000443,17,45,62,B+,7,28.0,4.0,4.0,PASS
2026-07-30T14:48:25.615903,2026-07-30T14:48:25.615906,MK000416,REG000444,21,48,69,B+,7,28.0,4.0,4.0,PASS
2026-07-30T14:48:25.615916,2026-07-30T14:48:25.615918,MK000417,REG000445,18,50,68,B+,7,28.0,4.0,4.0,PASS
2026-07-30T14:48:25.615928,2026-07-30T14:48:25.615931,MK000418,REG000446,21,50,71,A,8,32.0,4.0,4.0,PASS
2026-07-30T14:48:25.615940,2026-07-30T14:48:25.615942,MK000419,REG000447,16,45,61,B+,7,28.0,4.0,4.0,PASS
2026-07-30T14:48:25.615952,2026-07-30T14:48:25.615955,MK000420,REG000449,27,65,92,O,10,40.0,4.0,4.0,PASS
2026-07-30T14:48:25.615964,2026-07-30T14:48:25.615967,MK000421,REG000450,30,65,95,O,10,40.0,4.0,4.0,PASS
2026-07-30T14:48:25.615977,2026-07-30T14:48:25.615980,MK000422,REG000451,27,70,97,O,10,40.0,4.0,4.0,PASS
2026-07-30T14:48:25.615989,2026-07-30T14:48:25.615992,MK000423,REG000452,28,65,93,O,10,40.0,4.0,4.0,PASS
2026-07-30T14:48:25.616001,2026-07-30T14:48:25.616004,MK000424,REG000453,18,45,63,B+,7,28.0,4.0,4.0,PASS
2026-07-30T14:48:25.616013,2026-07-30T14:48:25.616016,MK000425,REG000454,21,54,75,A,8,32.0,4.0,4.0,PASS
2026-07-30T14:48:25.616025,2026-07-30T14:48:25.616028,MK000426,REG000455,21,52,73,A,8,32.0,4.0,4.0,PASS
2026-07-30T14:48:25.616037,2026-07-30T14:48:25.616040,MK000427,REG000456,16,47,63,B+,7,28.0,4.0,4.0,PASS
2026-07-30T14:48:25.616049,2026-07-30T14:48:25.616052,MK000428,REG000457,15,41,56,B,6,24.0,4.0,4.0,PASS
2026-07-30T14:48:25.616061,2026-07-30T14:48:25.616064,MK000429,REG000458,17,40,57,B,6,24.0,4.0,4.0,PASS
2026-07-30T14:48:25.616073,2026-07-30T14:48:25.616076,MK000430,REG000459,12,42,54,B,6,24.0,4.0,4.0,PASS
2026-07-30T14:48:25.616088,2026-07-30T14:48:25.616091,MK000431,REG000460,17,48,65,B+,7,28.0,4.0,4.0,PASS
2026-07-30T14:48:25.616101,2026-07-30T14:48:25.616103,MK000432,REG000461,20,46,66,B+,7,28.0,4.0,4.0,PASS
2026-07-30T14:48:25.616112,2026-07-30T14:48:25.616115,MK000433,REG000462,17,47,64,B+,7,28.0,4.0,4.0,PASS
2026-07-30T14:48:25.616124,2026-07-30T14:48:25.616126,MK000434,REG000463,16,47,63,B+,7,28.0,4.0,4.0,PASS
2026-07-30T14:48:25.616135,2026-07-30T14:48:25.616138,MK000435,REG000464,21,50,71,A,8,32.0,4.0,4.0,PASS
2026-07-30T14:48:25.616151,2026-07-30T14:48:25.616154,MK000436,REG000465,13,35,48,C,5,20.0,4.0,4.0,PASS
2026-07-30T14:48:25.616164,2026-07-30T14:48:25.616167,MK000437,REG000466,15,40,55,B,6,24.0,4.0,4.0,PASS
2026-07-30T14:48:25.616181,2026-07-30T14:48:25.616184,MK000438,REG000467,12,34,46,C,5,20.0,4.0,4.0,PASS
2026-07-30T14:48:25.616194,2026-07-30T14:48:25.616196,MK000439,REG000468,13,39,52,B,6,24.0,4.0,4.0,PASS
2026-07-30T14:48:25.616212,2026-07-30T14:48:25.616214,MK000440,REG000469,17,46,63,B+,7,28.0,4.0,4.0,PASS
2026-07-30T14:48:25.616224,2026-07-30T14:48:25.616227,MK000441,REG000470,18,47,65,B+,7,28.0,4.0,4.0,PASS
2026-07-30T14:48:25.616236,2026-07-30T14:48:25.616239,MK000442,REG000471,19,50,69,B+,7,28.0,4.0,4.0,PASS
2026-07-30T14:48:25.616248,2026-07-30T14:48:25.616251,MK000443,REG000472,19,46,65,B+,7,28.0,4.0,4.0,PASS
2026-07-30T14:48:25.616260,2026-07-30T14:48:25.616263,MK000444,REG000473,12,33,45,C,5,20.0,4.0,4.0,PASS
2026-07-30T14:48:25.616272,2026-07-30T14:48:25.616274,MK000445,REG000474,10,42,52,B,6,24.0,4.0,4.0,PASS
2026-07-30T14:48:25.616284,2026-07-30T14:48:25.616286,MK000446,REG000475,14,33,47,C,5,20.0,4.0,4.0,PASS
2026-07-30T14:48:25.616295,2026-07-30T14:48:25.616298,MK000447,REG000476,11,41,52,B,6,24.0,4.0,4.0,PASS
2026-07-30T14:48:25.616311,2026-07-30T14:48:25.616314,MK000448,REG000477,7,16,23,F,0,0.0,4.0,0.0,FAIL
2026-07-30T14:48:25.616324,2026-07-30T14:48:25.616327,MK000449,REG000478,4,12,16,F,0,0.0,4.0,0.0,FAIL
2026-07-30T14:48:25.616337,2026-07-30T14:48:25.616339,MK000450,REG000481,24,58,82,A+,9,36.0,4.0,4.0,PASS
2026-07-30T14:48:25.616348,2026-07-30T14:48:25.616351,MK000451,REG000482,26,55,81,A+,9,36.0,4.0,4.0,PASS
2026-07-30T14:48:25.616360,2026-07-30T14:48:25.616363,MK000452,REG000484,22,56,78,A,8,32.0,4.0,4.0,PASS
2026-07-30T14:48:25.616372,2026-07-30T14:48:25.616375,MK000453,REG000486,16,52,68,B+,7,28.0,4.0,4.0,PASS
2026-07-30T14:48:25.616384,2026-07-30T14:48:25.616387,MK000454,REG000487,19,45,64,B+,7,28.0,4.0,4.0,PASS
2026-07-30T14:48:25.616396,2026-07-30T14:48:25.616398,MK000455,REG000488,18,50,68,B+,7,28.0,4.0,4.0,PASS
2026-07-30T14:48:25.616408,2026-07-30T14:48:25.616413,MK000456,REG000489,21,54,75,A,8,32.0,4.0,4.0,PASS
2026-07-30T14:48:25.616423,2026-07-30T14:48:25.616425,MK000457,REG000490,19,52,71,A,8,32.0,4.0,4.0,PASS
2026-07-30T14:48:25.616436,2026-07-30T14:48:25.616439,MK000458,REG000491,17,49,66,B+,7,28.0,4.0,4.0,PASS
2026-07-30T14:48:25.616449,2026-07-30T14:48:25.616451,MK000459,REG000492,19,50,69,B+,7,28.0,4.0,4.0,PASS
2026-07-30T14:48:25.616460,2026-07-30T14:48:25.616463,MK000460,REG000493,22,55,77,A,8,32.0,4.0,4.0,PASS
2026-07-30T14:48:25.616472,2026-07-30T14:48:25.616474,MK000461,REG000494,26,58,84,A+,9,36.0,4.0,4.0,PASS
2026-07-30T14:48:25.616484,2026-07-30T14:48:25.616486,MK000462,REG000495,26,61,87,A+,9,36.0,4.0,4.0,PASS
2026-07-30T14:48:25.616495,2026-07-30T14:48:25.616497,MK000463,REG000496,24,59,83,A+,9,36.0,4.0,4.0,PASS
2026-07-30T14:48:25.616510,2026-07-30T14:48:25.616513,MK000464,REG000498,23,62,85,A+,9,36.0,4.0,4.0,PASS
2026-07-30T14:48:25.616523,2026-07-30T14:48:25.616525,MK000465,REG000499,24,59,83,A+,9,36.0,4.0,4.0,PASS
2026-07-30T14:48:25.616535,2026-07-30T14:48:25.616537,MK000466,REG000500,26,58,84,A+,9,36.0,4.0,4.0,PASS
2026-07-30T14:48:25.616547,2026-07-30T14:48:25.616550,MK000467,REG000501,17,53,70,A,8,32.0,4.0,4.0,PASS
2026-07-30T14:48:25.616559,2026-07-30T14:48:25.616562,MK000468,REG000503,21,46,67,B+,7,28.0,4.0,4.0,PASS
2026-07-30T14:48:25.616574,2026-07-30T14:48:25.616577,MK000469,REG000504,21,50,71,A,8,32.0,4.0,4.0,PASS
2026-07-30T14:48:25.616587,2026-07-30T14:48:25.616589,MK000470,REG000505,19,48,67,B+,7,28.0,4.0,4.0,PASS
2026-07-30T14:48:25.616598,2026-07-30T14:48:25.616601,MK000471,REG000506,18,48,66,B+,7,28.0,4.0,4.0,PASS
2026-07-30T14:48:25.616610,2026-07-30T14:48:25.616613,MK000472,REG000507,20,46,66,B+,7,28.0,4.0,4.0,PASS
2026-07-30T14:48:25.616621,2026-07-30T14:48:25.616624,MK000473,REG000508,17,49,66,B+,7,28.0,4.0,4.0,PASS
2026-07-30T14:48:25.616633,2026-07-30T14:48:25.616636,MK000474,REG000509,17,43,60,B+,7,28.0,4.0,4.0,PASS
2026-07-30T14:48:25.616645,2026-07-30T14:48:25.616647,MK000475,REG000510,18,46,64,B+,7,28.0,4.0,4.0,PASS
2026-07-30T14:48:25.616656,2026-07-30T14:48:25.616659,MK000476,REG000511,14,43,57,B,6,24.0,4.0,4.0,PASS
2026-07-30T14:48:25.616668,2026-07-30T14:48:25.616671,MK000477,REG000512,12,43,55,B,6,24.0,4.0,4.0,PASS
2026-07-30T14:48:25.616680,2026-07-30T14:48:25.616683,MK000478,REG000513,14,31,45,C,5,20.0,4.0,4.0,PASS
2026-07-30T14:48:25.616692,2026-07-30T14:48:25.616695,MK000479,REG000514,9,38,47,C,5,20.0,4.0,4.0,PASS
2026-07-30T14:48:25.616716,2026-07-30T14:48:25.616719,MK000480,REG000515,12,40,52,B,6,24.0,4.0,4.0,PASS
2026-07-30T14:48:25.616729,2026-07-30T14:48:25.616731,MK000481,REG000516,15,38,53,B,6,24.0,4.0,4.0,PASS
2026-07-30T14:48:25.616752,2026-07-30T14:48:25.616755,MK000482,REG000517,22,61,83,A+,9,36.0,4.0,4.0,PASS
2026-07-30T14:48:25.616764,2026-07-30T14:48:25.616767,MK000483,REG000518,22,55,77,A,8,32.0,4.0,4.0,PASS
2026-07-30T14:48:25.616776,2026-07-30T14:48:25.616779,MK000484,REG000519,22,60,82,A+,9,36.0,4.0,4.0,PASS
2026-07-30T14:48:25.616788,2026-07-30T14:48:25.616790,MK000485,REG000520,24,59,83,A+,9,36.0,4.0,4.0,PASS
2026-07-30T14:48:25.616799,2026-07-30T14:48:25.616802,MK000486,REG000522,17,54,71,A,8,32.0,4.0,4.0,PASS
2026-07-30T14:48:25.616812,2026-07-30T14:48:25.616814,MK000487,REG000523,21,45,66,B+,7,28.0,4.0,4.0,PASS
2026-07-30T14:48:25.616823,2026-07-30T14:48:25.616826,MK000488,REG000524,20,48,68,B+,7,28.0,4.0,4.0,PASS
2026-07-30T14:48:25.616835,2026-07-30T14:48:25.616838,MK000489,REG000525,21,46,67,B+,7,28.0,4.0,4.0,PASS
2026-07-30T14:48:25.616846,2026-07-30T14:48:25.616849,MK000490,REG000526,20,53,73,A,8,32.0,4.0,4.0,PASS
2026-07-30T14:48:25.616858,2026-07-30T14:48:25.616861,MK000491,REG000527,21,52,73,A,8,32.0,4.0,4.0,PASS
2026-07-30T14:48:25.616873,2026-07-30T14:48:25.616876,MK000492,REG000528,18,47,65,B+,7,28.0,4.0,4.0,PASS
2026-07-30T14:48:25.616886,2026-07-30T14:48:25.616888,MK000493,REG000529,19,53,72,A,8,32.0,4.0,4.0,PASS
2026-07-30T14:48:25.616898,2026-07-30T14:48:25.616900,MK000494,REG000530,20,48,68,B+,7,28.0,4.0,4.0,PASS
2026-07-30T14:48:25.616909,2026-07-30T14:48:25.616912,MK000495,REG000531,18,47,65,B+,7,28.0,4.0,4.0,PASS
2026-07-30T14:48:25.616921,2026-07-30T14:48:25.616924,MK000496,REG000532,18,54,72,A,8,32.0,4.0,4.0,PASS
2026-07-30T14:48:25.616934,2026-07-30T14:48:25.616937,MK000497,REG000534,9,22,31,F,0,0.0,4.0,0.0,FAIL
2026-07-30T14:48:25.616947,2026-07-30T14:48:25.616950,MK000498,REG000536,2,10,12,F,0,0.0,4.0,0.0,FAIL
2026-07-30T14:48:25.616961,2026-07-30T14:48:25.616964,MK000499,REG000537,26,62,88,A+,9,36.0,4.0,4.0,PASS
2026-07-30T14:48:25.616973,2026-07-30T14:48:25.616975,MK000500,REG000538,22,55,77,A,8,32.0,4.0,4.0,PASS
2026-07-30T14:48:25.616985,2026-07-30T14:48:25.616987,MK000501,REG000539,22,61,83,A+,9,36.0,4.0,4.0,PASS
2026-07-30T14:48:25.616996,2026-07-30T14:48:25.616999,MK000502,REG000540,24,55,79,A,8,32.0,4.0,4.0,PASS
2026-07-30T14:48:25.617009,2026-07-30T14:48:25.617011,MK000503,REG000541,23,62,85,A+,9,36.0,4.0,4.0,PASS
2026-07-30T14:48:25.617020,2026-07-30T14:48:25.617023,MK000504,REG000542,22,59,81,A+,9,36.0,4.0,4.0,PASS
2026-07-30T14:48:25.617032,2026-07-30T14:48:25.617035,MK000505,REG000543,25,62,87,A+,9,36.0,4.0,4.0,PASS
2026-07-30T14:48:25.617044,2026-07-30T14:48:25.617047,MK000506,REG000544,24,58,82,A+,9,36.0,4.0,4.0,PASS
2026-07-30T14:48:25.617056,2026-07-30T14:48:25.617059,MK000507,REG000545,13,35,48,C,5,20.0,4.0,4.0,PASS
2026-07-30T14:48:25.617072,2026-07-30T14:48:25.617075,MK000508,REG000546,14,38,52,B,6,24.0,4.0,4.0,PASS
2026-07-30T14:48:25.617085,2026-07-30T14:48:25.617087,MK000509,REG000547,8,38,46,C,5,20.0,4.0,4.0,PASS
2026-07-30T14:48:25.617097,2026-07-30T14:48:25.617099,MK000510,REG000548,14,31,45,C,5,20.0,4.0,4.0,PASS
2026-07-30T14:48:25.617109,2026-07-30T14:48:25.617112,MK000511,REG000549,16,51,67,B+,7,28.0,4.0,4.0,PASS
2026-07-30T14:48:25.617121,2026-07-30T14:48:25.617123,MK000512,REG000550,20,48,68,B+,7,28.0,4.0,4.0,PASS
2026-07-30T14:48:25.617132,2026-07-30T14:48:25.617135,MK000513,REG000551,17,52,69,B+,7,28.0,4.0,4.0,PASS
2026-07-30T14:48:25.617144,2026-07-30T14:48:25.617146,MK000514,REG000552,19,51,70,A,8,32.0,4.0,4.0,PASS
2026-07-30T14:48:25.617156,2026-07-30T14:48:25.617158,MK000515,REG000553,16,51,67,B+,7,28.0,4.0,4.0,PASS
2026-07-30T14:48:25.617167,2026-07-30T14:48:25.617170,MK000516,REG000554,20,54,74,A,8,32.0,4.0,4.0,PASS
2026-07-30T14:48:25.617179,2026-07-30T14:48:25.617182,MK000517,REG000555,17,54,71,A,8,32.0,4.0,4.0,PASS
2026-07-30T14:48:25.617191,2026-07-30T14:48:25.617194,MK000518,REG000556,19,47,66,B+,7,28.0,4.0,4.0,PASS
2026-07-30T14:48:25.617203,2026-07-30T14:48:25.617206,MK000519,REG000557,24,62,86,A+,9,36.0,4.0,4.0,PASS
2026-07-30T14:48:25.617215,2026-07-30T14:48:25.617218,MK000520,REG000558,23,55,78,A,8,32.0,4.0,4.0,PASS
2026-07-30T14:48:25.617231,2026-07-30T14:48:25.617234,MK000521,REG000559,25,56,81,A+,9,36.0,4.0,4.0,PASS
2026-07-30T14:48:25.617244,2026-07-30T14:48:25.617247,MK000522,REG000560,25,56,81,A+,9,36.0,4.0,4.0,PASS
2026-07-30T14:48:25.617257,2026-07-30T14:48:25.617260,MK000523,REG000561,19,45,64,B+,7,28.0,4.0,4.0,PASS
2026-07-30T14:48:25.617268,2026-07-30T14:48:25.617271,MK000524,REG000562,16,46,62,B+,7,28.0,4.0,4.0,PASS
2026-07-30T14:48:25.617280,2026-07-30T14:48:25.617283,MK000525,REG000563,19,52,71,A,8,32.0,4.0,4.0,PASS
2026-07-30T14:48:25.617292,2026-07-30T14:48:25.617295,MK000526,REG000564,18,53,71,A,8,32.0,4.0,4.0,PASS
2026-07-30T14:48:25.617304,2026-07-30T14:48:25.617307,MK000527,REG000565,28,70,98,O,10,40.0,4.0,4.0,PASS
2026-07-30T14:48:25.617316,2026-07-30T14:48:25.617319,MK000528,REG000566,28,65,93,O,10,40.0,4.0,4.0,PASS
2026-07-30T14:48:25.617329,2026-07-30T14:48:25.617331,MK000529,REG000567,27,69,96,O,10,40.0,4.0,4.0,PASS
2026-07-30T14:48:25.617340,2026-07-30T14:48:25.617343,MK000530,REG000568,30,64,94,O,10,40.0,4.0,4.0,PASS
2026-07-30T14:48:25.617352,2026-07-30T14:48:25.617355,MK000531,REG000569,17,54,71,A,8,32.0,4.0,4.0,PASS
2026-07-30T14:48:25.617368,2026-07-30T14:48:25.617371,MK000532,REG000570,19,50,69,B+,7,28.0,4.0,4.0,PASS
2026-07-30T14:48:25.617385,2026-07-30T14:48:25.617387,MK000533,REG000571,19,50,69,B+,7,28.0,4.0,4.0,PASS
2026-07-30T14:48:25.617397,2026-07-30T14:48:25.617400,MK000534,REG000572,18,48,66,B+,7,28.0,4.0,4.0,PASS
2026-07-30T14:48:25.617409,2026-07-30T14:48:25.617412,MK000535,REG000573,21,49,70,A,8,32.0,4.0,4.0,PASS
2026-07-30T14:48:25.617421,2026-07-30T14:48:25.617424,MK000536,REG000574,18,46,64,B+,7,28.0,4.0,4.0,PASS
2026-07-30T14:48:25.617433,2026-07-30T14:48:25.617436,MK000537,REG000575,17,53,70,A,8,32.0,4.0,4.0,PASS
2026-07-30T14:48:25.617445,2026-07-30T14:48:25.617447,MK000538,REG000576,16,47,63,B+,7,28.0,4.0,4.0,PASS
2026-07-30T14:48:25.617457,2026-07-30T14:48:25.617460,MK000539,REG000577,24,55,79,A,8,32.0,4.0,4.0,PASS
2026-07-30T14:48:25.617469,2026-07-30T14:48:25.617471,MK000540,REG000578,25,55,80,A+,9,36.0,4.0,4.0,PASS
2026-07-30T14:48:25.617481,2026-07-30T14:48:25.617483,MK000541,REG000579,22,60,82,A+,9,36.0,4.0,4.0,PASS
2026-07-30T14:48:25.617492,2026-07-30T14:48:25.617495,MK000542,REG000580,26,61,87,A+,9,36.0,4.0,4.0,PASS
2026-07-30T14:48:25.617504,2026-07-30T14:48:25.617507,MK000543,REG000581,25,56,81,A+,9,36.0,4.0,4.0,PASS
2026-07-30T14:48:25.617516,2026-07-30T14:48:25.617519,MK000544,REG000582,23,58,81,A+,9,36.0,4.0,4.0,PASS
2026-07-30T14:48:25.617528,2026-07-30T14:48:25.617531,MK000545,REG000583,25,62,87,A+,9,36.0,4.0,4.0,PASS
2026-07-30T14:48:25.617540,2026-07-30T14:48:25.617542,MK000546,REG000584,26,57,83,A+,9,36.0,4.0,4.0,PASS
2026-07-30T14:48:25.617552,2026-07-30T14:48:25.617554,MK000547,REG000585,20,48,68,B+,7,28.0,4.0,4.0,PASS
2026-07-30T14:48:25.617563,2026-07-30T14:48:25.617566,MK000548,REG000586,16,52,68,B+,7,28.0,4.0,4.0,PASS
2026-07-30T14:48:25.617578,2026-07-30T14:48:25.617581,MK000549,REG000587,17,50,67,B+,7,28.0,4.0,4.0,PASS
2026-07-30T14:48:25.617591,2026-07-30T14:48:25.617593,MK000550,REG000588,16,54,70,A,8,32.0,4.0,4.0,PASS
2026-07-30T14:48:25.617603,2026-07-30T14:48:25.617605,MK000551,REG000589,14,32,46,C,5,20.0,4.0,4.0,PASS
2026-07-30T14:48:25.617615,2026-07-30T14:48:25.617618,MK000552,REG000591,14,41,55,B,6,24.0,4.0,4.0,PASS
2026-07-30T14:48:25.617627,2026-07-30T14:48:25.617630,MK000553,REG000592,14,36,50,B,6,24.0,4.0,4.0,PASS
2026-07-30T14:48:25.617639,2026-07-30T14:48:25.617641,MK000554,REG000593,23,57,80,A+,9,36.0,4.0,4.0,PASS
2026-07-30T14:48:25.617651,2026-07-30T14:48:25.617653,MK000555,REG000594,22,56,78,A,8,32.0,4.0,4.0,PASS
2026-07-30T14:48:25.617663,2026-07-30T14:48:25.617666,MK000556,REG000595,25,56,81,A+,9,36.0,4.0,4.0,PASS
2026-07-30T14:48:25.617675,2026-07-30T14:48:25.617677,MK000557,REG000596,25,59,84,A+,9,36.0,4.0,4.0,PASS
2026-07-30T14:48:25.617687,2026-07-30T14:48:25.617693,MK000558,REG000597,25,56,81,A+,9,36.0,4.0,4.0,PASS
2026-07-30T14:48:25.617715,2026-07-30T14:48:25.617719,MK000559,REG000598,24,56,80,A+,9,36.0,4.0,4.0,PASS
2026-07-30T14:48:25.617730,2026-07-30T14:48:25.617732,MK000560,REG000599,25,61,86,A+,9,36.0,4.0,4.0,PASS
2026-07-30T14:48:25.617741,2026-07-30T14:48:25.617744,MK000561,REG000600,23,60,83,A+,9,36.0,4.0,4.0,PASS
2026-07-30T14:48:25.617755,2026-07-30T14:48:25.617758,MK000562,REG000601,16,49,65,B+,7,28.0,4.0,4.0,PASS
2026-07-30T14:48:25.617767,2026-07-30T14:48:25.617770,MK000563,REG000602,17,49,66,B+,7,28.0,4.0,4.0,PASS
2026-07-30T14:48:25.617779,2026-07-30T14:48:25.617782,MK000564,REG000603,18,51,69,B+,7,28.0,4.0,4.0,PASS
2026-07-30T14:48:25.617791,2026-07-30T14:48:25.617794,MK000565,REG000604,17,53,70,A,8,32.0,4.0,4.0,PASS
2026-07-30T14:48:25.617803,2026-07-30T14:48:25.617806,MK000566,REG000605,25,55,80,A+,9,36.0,4.0,4.0,PASS
2026-07-30T14:48:25.617815,2026-07-30T14:48:25.617818,MK000567,REG000606,23,56,79,A,8,32.0,4.0,4.0,PASS
2026-07-30T14:48:25.617827,2026-07-30T14:48:25.617830,MK000568,REG000607,23,55,78,A,8,32.0,4.0,4.0,PASS
2026-07-30T14:48:25.617839,2026-07-30T14:48:25.617842,MK000569,REG000608,26,57,83,A+,9,36.0,4.0,4.0,PASS
2026-07-30T14:48:25.617851,2026-07-30T14:48:25.617854,MK000570,REG000610,13,47,60,B+,7,28.0,4.0,4.0,PASS
2026-07-30T14:48:25.617864,2026-07-30T14:48:25.617866,MK000571,REG000611,13,43,56,B,6,24.0,4.0,4.0,PASS
2026-07-30T14:48:25.617876,2026-07-30T14:48:25.617879,MK000572,REG000612,15,44,59,B,6,24.0,4.0,4.0,PASS
2026-07-30T14:48:25.617888,2026-07-30T14:48:25.617891,MK000573,REG000613,22,56,78,A,8,32.0,4.0,4.0,PASS
2026-07-30T14:48:25.617904,2026-07-30T14:48:25.617907,MK000574,REG000614,24,55,79,A,8,32.0,4.0,4.0,PASS
2026-07-30T14:48:25.617916,2026-07-30T14:48:25.617919,MK000575,REG000615,24,60,84,A+,9,36.0,4.0,4.0,PASS
2026-07-30T14:48:25.617928,2026-07-30T14:48:25.617931,MK000576,REG000616,24,60,84,A+,9,36.0,4.0,4.0,PASS
2026-07-30T14:48:25.617944,2026-07-30T14:48:25.617947,MK000577,REG000618,11,35,46,C,5,20.0,4.0,4.0,PASS
2026-07-30T14:48:25.617957,2026-07-30T14:48:25.617960,MK000578,REG000619,15,37,52,B,6,24.0,4.0,4.0,PASS
2026-07-30T14:48:25.617969,2026-07-30T14:48:25.617972,MK000579,REG000620,14,35,49,C,5,20.0,4.0,4.0,PASS
2026-07-30T14:48:25.617982,2026-07-30T14:48:25.617985,MK000580,REG000621,26,61,87,A+,9,36.0,4.0,4.0,PASS
2026-07-30T14:48:25.617994,2026-07-30T14:48:25.617996,MK000581,REG000622,22,56,78,A,8,32.0,4.0,4.0,PASS
2026-07-30T14:48:25.618005,2026-07-30T14:48:25.618008,MK000582,REG000623,25,57,82,A+,9,36.0,4.0,4.0,PASS
2026-07-30T14:48:25.618017,2026-07-30T14:48:25.618020,MK000583,REG000624,25,61,86,A+,9,36.0,4.0,4.0,PASS
2026-07-30T14:48:25.618034,2026-07-30T14:48:25.618037,MK000584,REG000626,6,28,34,F,0,0.0,4.0,0.0,FAIL
2026-07-30T14:48:25.618047,2026-07-30T14:48:25.618050,MK000585,REG000628,10,33,43,P,4,16.0,4.0,4.0,PASS
2026-07-30T14:48:25.618059,2026-07-30T14:48:25.618062,MK000586,REG000629,12,39,51,B,6,24.0,4.0,4.0,PASS
2026-07-30T14:48:25.618072,2026-07-30T14:48:25.618074,MK000587,REG000630,8,40,48,C,5,20.0,4.0,4.0,PASS
2026-07-30T14:48:25.618084,2026-07-30T14:48:25.618086,MK000588,REG000631,15,37,52,B,6,24.0,4.0,4.0,PASS
2026-07-30T14:48:25.618095,2026-07-30T14:48:25.618098,MK000589,REG000632,12,42,54,B,6,24.0,4.0,4.0,PASS
2026-07-30T14:48:25.618108,2026-07-30T14:48:25.618111,MK000590,REG000633,20,45,65,B+,7,28.0,4.0,4.0,PASS
2026-07-30T14:48:25.618120,2026-07-30T14:48:25.618123,MK000591,REG000634,19,50,69,B+,7,28.0,4.0,4.0,PASS
2026-07-30T14:48:25.618133,2026-07-30T14:48:25.618135,MK000592,REG000635,21,49,70,A,8,32.0,4.0,4.0,PASS
2026-07-30T14:48:25.618145,2026-07-30T14:48:25.618147,MK000593,REG000636,19,51,70,A,8,32.0,4.0,4.0,PASS
2026-07-30T14:48:25.618157,2026-07-30T14:48:25.618160,MK000594,REG000637,19,48,67,B+,7,28.0,4.0,4.0,PASS
2026-07-30T14:48:25.618169,2026-07-30T14:48:25.618172,MK000595,REG000638,16,47,63,B+,7,28.0,4.0,4.0,PASS
2026-07-30T14:48:25.618185,2026-07-30T14:48:25.618188,MK000596,REG000639,19,52,71,A,8,32.0,4.0,4.0,PASS
2026-07-30T14:48:25.618197,2026-07-30T14:48:25.618200,MK000597,REG000640,19,50,69,B+,7,28.0,4.0,4.0,PASS
2026-07-30T14:48:25.618209,2026-07-30T14:48:25.618212,MK000598,REG000641,14,33,47,C,5,20.0,4.0,4.0,PASS
2026-07-30T14:48:25.618221,2026-07-30T14:48:25.618224,MK000599,REG000643,10,35,45,C,5,20.0,4.0,4.0,PASS
2026-07-30T14:48:25.618233,2026-07-30T14:48:25.618236,MK000600,REG000644,15,33,48,C,5,20.0,4.0,4.0,PASS
2026-07-30T14:48:25.618245,2026-07-30T14:48:25.618248,MK000601,REG000645,17,48,65,B+,7,28.0,4.0,4.0,PASS
2026-07-30T14:48:25.618257,2026-07-30T14:48:25.618260,MK000602,REG000646,19,51,70,A,8,32.0,4.0,4.0,PASS
2026-07-30T14:48:25.618269,2026-07-30T14:48:25.618272,MK000603,REG000647,19,49,68,B+,7,28.0,4.0,4.0,PASS
2026-07-30T14:48:25.618281,2026-07-30T14:48:25.618284,MK000604,REG000648,16,47,63,B+,7,28.0,4.0,4.0,PASS
2026-07-30T14:48:25.618297,2026-07-30T14:48:25.618300,MK000605,REG000649,10,30,40,P,4,16.0,4.0,4.0,PASS
2026-07-30T14:48:25.618310,2026-07-30T14:48:25.618312,MK000606,REG000650,15,34,49,C,5,20.0,4.0,4.0,PASS
2026-07-30T14:48:25.618322,2026-07-30T14:48:25.618324,MK000607,REG000651,10,34,44,P,4,16.0,4.0,4.0,PASS
2026-07-30T14:48:25.618335,2026-07-30T14:48:25.618338,MK000608,REG000652,8,30,38,F,0,0.0,4.0,0.0,FAIL
2026-07-30T14:48:25.618347,2026-07-30T14:48:25.618350,MK000609,REG000653,20,52,72,A,8,32.0,4.0,4.0,PASS
2026-07-30T14:48:25.618364,2026-07-30T14:48:25.618367,MK000610,REG000654,20,46,66,B+,7,28.0,4.0,4.0,PASS
2026-07-30T14:48:25.618377,2026-07-30T14:48:25.618379,MK000611,REG000656,18,52,70,A,8,32.0,4.0,4.0,PASS
2026-07-30T14:48:25.618389,2026-07-30T14:48:25.618391,MK000612,REG000657,21,49,70,A,8,32.0,4.0,4.0,PASS
2026-07-30T14:48:25.618400,2026-07-30T14:48:25.618403,MK000613,REG000658,16,47,63,B+,7,28.0,4.0,4.0,PASS
2026-07-30T14:48:25.618412,2026-07-30T14:48:25.618415,MK000614,REG000659,20,54,74,A,8,32.0,4.0,4.0,PASS
2026-07-30T14:48:25.618424,2026-07-30T14:48:25.618427,MK000615,REG000660,20,49,69,B+,7,28.0,4.0,4.0,PASS
2026-07-30T14:48:25.618437,2026-07-30T14:48:25.618439,MK000616,REG000661,20,54,74,A,8,32.0,4.0,4.0,PASS
2026-07-30T14:48:25.618449,2026-07-30T14:48:25.618451,MK000617,REG000662,17,54,71,A,8,32.0,4.0,4.0,PASS
2026-07-30T14:48:25.618461,2026-07-30T14:48:25.618464,MK000618,REG000663,18,47,65,B+,7,28.0,4.0,4.0,PASS
2026-07-30T14:48:25.618473,2026-07-30T14:48:25.618476,MK000619,REG000664,19,53,72,A,8,32.0,4.0,4.0,PASS
2026-07-30T14:48:25.618486,2026-07-30T14:48:25.618489,MK000620,REG000665,10,3,13,F,0,0.0,4.0,0.0,FAIL
2026-07-30T14:48:25.618500,2026-07-30T14:48:25.618502,MK000621,REG000666,3,34,37,F,0,0.0,4.0,0.0,FAIL
2026-07-30T14:48:25.618512,2026-07-30T14:48:25.618518,MK000622,REG000667,0,29,29,F,0,0.0,4.0,0.0,FAIL
2026-07-30T14:48:25.618531,2026-07-30T14:48:25.618533,MK000623,REG000668,7,4,11,F,0,0.0,4.0,0.0,FAIL
2026-07-30T14:48:25.618545,2026-07-30T14:48:25.618548,MK000624,REG000669,17,48,65,B+,7,28.0,4.0,4.0,PASS
2026-07-30T14:48:25.618558,2026-07-30T14:48:25.618560,MK000625,REG000670,18,48,66,B+,7,28.0,4.0,4.0,PASS
2026-07-30T14:48:25.618570,2026-07-30T14:48:25.618573,MK000626,REG000672,13,44,57,B,6,24.0,4.0,4.0,PASS
2026-07-30T14:48:25.618582,2026-07-30T14:48:25.618585,MK000627,REG000673,26,58,84,A+,9,36.0,4.0,4.0,PASS
2026-07-30T14:48:25.618595,2026-07-30T14:48:25.618597,MK000628,REG000674,23,57,80,A+,9,36.0,4.0,4.0,PASS
2026-07-30T14:48:25.618607,2026-07-30T14:48:25.618609,MK000629,REG000675,25,62,87,A+,9,36.0,4.0,4.0,PASS
2026-07-30T14:48:25.618618,2026-07-30T14:48:25.618621,MK000630,REG000676,25,61,86,A+,9,36.0,4.0,4.0,PASS
2026-07-30T14:48:25.618632,2026-07-30T14:48:25.618634,MK000631,REG000677,23,56,79,A,8,32.0,4.0,4.0,PASS
2026-07-30T14:48:25.618643,2026-07-30T14:48:25.618646,MK000632,REG000678,24,55,79,A,8,32.0,4.0,4.0,PASS
2026-07-30T14:48:25.618655,2026-07-30T14:48:25.618657,MK000633,REG000679,24,61,85,A+,9,36.0,4.0,4.0,PASS
2026-07-30T14:48:25.618670,2026-07-30T14:48:25.618673,MK000634,REG000680,23,55,78,A,8,32.0,4.0,4.0,PASS
2026-07-30T14:48:25.618686,2026-07-30T14:48:25.618689,MK000635,REG000682,19,49,68,B+,7,28.0,4.0,4.0,PASS
2026-07-30T14:48:25.618711,2026-07-30T14:48:25.618719,MK000636,REG000683,17,53,70,A,8,32.0,4.0,4.0,PASS
2026-07-30T14:48:25.618740,2026-07-30T14:48:25.618743,MK000637,REG000684,17,48,65,B+,7,28.0,4.0,4.0,PASS
2026-07-30T14:48:25.618753,2026-07-30T14:48:25.618756,MK000638,REG000685,18,53,71,A,8,32.0,4.0,4.0,PASS
2026-07-30T14:48:25.618765,2026-07-30T14:48:25.618768,MK000639,REG000686,17,52,69,B+,7,28.0,4.0,4.0,PASS
2026-07-30T14:48:25.618777,2026-07-30T14:48:25.618779,MK000640,REG000687,16,45,61,B+,7,28.0,4.0,4.0,PASS
2026-07-30T14:48:25.618788,2026-07-30T14:48:25.618791,MK000641,REG000688,21,46,67,B+,7,28.0,4.0,4.0,PASS
2026-07-30T14:48:25.618800,2026-07-30T14:48:25.618803,MK000642,REG000689,17,53,70,A,8,32.0,4.0,4.0,PASS
2026-07-30T14:48:25.618812,2026-07-30T14:48:25.618815,MK000643,REG000690,17,46,63,B+,7,28.0,4.0,4.0,PASS
2026-07-30T14:48:25.618824,2026-07-30T14:48:25.618827,MK000644,REG000691,17,53,70,A,8,32.0,4.0,4.0,PASS
2026-07-30T14:48:25.618836,2026-07-30T14:48:25.618839,MK000645,REG000692,16,46,62,B+,7,28.0,4.0,4.0,PASS
2026-07-30T14:48:25.618848,2026-07-30T14:48:25.618851,MK000646,REG000693,26,57,83,A+,9,36.0,4.0,4.0,PASS
2026-07-30T14:48:25.618861,2026-07-30T14:48:25.618863,MK000647,REG000694,23,58,81,A+,9,36.0,4.0,4.0,PASS
2026-07-30T14:48:25.618873,2026-07-30T14:48:25.618876,MK000648,REG000695,23,55,78,A,8,32.0,4.0,4.0,PASS
2026-07-30T14:48:25.618885,2026-07-30T14:48:25.618887,MK000649,REG000696,22,58,80,A+,9,36.0,4.0,4.0,PASS
2026-07-30T14:48:25.618897,2026-07-30T14:48:25.618899,MK000650,REG000697,26,57,83,A+,9,36.0,4.0,4.0,PASS
2026-07-30T14:48:25.618908,2026-07-30T14:48:25.618911,MK000651,REG000698,25,57,82,A+,9,36.0,4.0,4.0,PASS
2026-07-30T14:48:25.618920,2026-07-30T14:48:25.618923,MK000652,REG000699,23,60,83,A+,9,36.0,4.0,4.0,PASS
2026-07-30T14:48:25.618932,2026-07-30T14:48:25.618934,MK000653,REG000700,24,59,83,A+,9,36.0,4.0,4.0,PASS
2026-07-30T14:48:25.618944,2026-07-30T14:48:25.618946,MK000654,REG000701,20,45,65,B+,7,28.0,4.0,4.0,PASS
2026-07-30T14:48:25.618956,2026-07-30T14:48:25.618958,MK000655,REG000702,21,48,69,B+,7,28.0,4.0,4.0,PASS
2026-07-30T14:48:25.618967,2026-07-30T14:48:25.618970,MK000656,REG000703,21,48,69,B+,7,28.0,4.0,4.0,PASS
2026-07-30T14:48:25.618979,2026-07-30T14:48:25.618981,MK000657,REG000704,20,48,68,B+,7,28.0,4.0,4.0,PASS
2026-07-30T14:48:25.618991,2026-07-30T14:48:25.618993,MK000658,REG000705,26,59,85,A+,9,36.0,4.0,4.0,PASS
2026-07-30T14:48:25.619002,2026-07-30T14:48:25.619005,MK000659,REG000706,25,59,84,A+,9,36.0,4.0,4.0,PASS
2026-07-30T14:48:25.619018,2026-07-30T14:48:25.619024,MK000660,REG000707,24,62,86,A+,9,36.0,4.0,4.0,PASS
2026-07-30T14:48:25.619033,2026-07-30T14:48:25.619036,MK000661,REG000708,24,56,80,A+,9,36.0,4.0,4.0,PASS
2026-07-30T14:48:25.619048,2026-07-30T14:48:25.619051,MK000662,REG000709,20,49,69,B+,7,28.0,4.0,4.0,PASS
2026-07-30T14:48:25.619061,2026-07-30T14:48:25.619064,MK000663,REG000710,19,53,72,A,8,32.0,4.0,4.0,PASS
2026-07-30T14:48:25.619073,2026-07-30T14:48:25.619075,MK000664,REG000712,16,46,62,B+,7,28.0,4.0,4.0,PASS
2026-07-30T14:48:25.619085,2026-07-30T14:48:25.619088,MK000665,REG000713,22,55,77,A,8,32.0,4.0,4.0,PASS
2026-07-30T14:48:25.619097,2026-07-30T14:48:25.619100,MK000666,REG000714,26,57,83,A+,9,36.0,4.0,4.0,PASS
2026-07-30T14:48:25.619109,2026-07-30T14:48:25.619111,MK000667,REG000715,23,62,85,A+,9,36.0,4.0,4.0,PASS
2026-07-30T14:48:25.619121,2026-07-30T14:48:25.619124,MK000668,REG000716,23,56,79,A,8,32.0,4.0,4.0,PASS
2026-07-30T14:48:25.619133,2026-07-30T14:48:25.619135,MK000669,REG000717,30,67,97,O,10,40.0,4.0,4.0,PASS
2026-07-30T14:48:25.619145,2026-07-30T14:48:25.619147,MK000670,REG000718,29,65,94,O,10,40.0,4.0,4.0,PASS
2026-07-30T14:48:25.619156,2026-07-30T14:48:25.619159,MK000671,REG000719,27,63,90,O,10,40.0,4.0,4.0,PASS
2026-07-30T14:48:25.619168,2026-07-30T14:48:25.619171,MK000672,REG000720,29,67,96,O,10,40.0,4.0,4.0,PASS
2026-07-30T14:48:25.619180,2026-07-30T14:48:25.619182,MK000673,REG000721,21,50,71,A,8,32.0,4.0,4.0,PASS
2026-07-30T14:48:25.619192,2026-07-30T14:48:25.619194,MK000674,REG000722,21,46,67,B+,7,28.0,4.0,4.0,PASS
2026-07-30T14:48:25.619203,2026-07-30T14:48:25.619206,MK000675,REG000723,16,50,66,B+,7,28.0,4.0,4.0,PASS
2026-07-30T14:48:25.619215,2026-07-30T14:48:25.619218,MK000676,REG000724,18,53,71,A,8,32.0,4.0,4.0,PASS
2026-07-30T14:48:25.619227,2026-07-30T14:48:25.619230,MK000677,REG000725,19,53,72,A,8,32.0,4.0,4.0,PASS
2026-07-30T14:48:25.619239,2026-07-30T14:48:25.619241,MK000678,REG000726,19,45,64,B+,7,28.0,4.0,4.0,PASS
2026-07-30T14:48:25.619250,2026-07-30T14:48:25.619253,MK000679,REG000727,19,53,72,A,8,32.0,4.0,4.0,PASS
2026-07-30T14:48:25.619262,2026-07-30T14:48:25.619265,MK000680,REG000728,17,46,63,B+,7,28.0,4.0,4.0,PASS
2026-07-30T14:48:25.619277,2026-07-30T14:48:25.619280,MK000681,REG000729,27,64,91,O,10,40.0,4.0,4.0,PASS
2026-07-30T14:48:25.619289,2026-07-30T14:48:25.619291,MK000682,REG000730,30,70,100,O,10,40.0,4.0,4.0,PASS
2026-07-30T14:48:25.619301,2026-07-30T14:48:25.619304,MK000683,REG000731,27,68,95,O,10,40.0,4.0,4.0,PASS
2026-07-30T14:48:25.619313,2026-07-30T14:48:25.619315,MK000684,REG000732,28,70,98,O,10,40.0,4.0,4.0,PASS
2026-07-30T14:48:25.619324,2026-07-30T14:48:25.619327,MK000685,REG000733,15,48,63,B+,7,28.0,4.0,4.0,PASS
2026-07-30T14:48:25.619340,2026-07-30T14:48:25.619343,MK000686,REG000734,16,48,64,B+,7,28.0,4.0,4.0,PASS
2026-07-30T14:48:25.619352,2026-07-30T14:48:25.619355,MK000687,REG000735,17,41,58,B,6,24.0,4.0,4.0,PASS
2026-07-30T14:48:25.619364,2026-07-30T14:48:25.619367,MK000688,REG000736,15,47,62,B+,7,28.0,4.0,4.0,PASS
2026-07-30T14:48:25.619376,2026-07-30T14:48:25.619379,MK000689,REG000737,20,47,67,B+,7,28.0,4.0,4.0,PASS
2026-07-30T14:48:25.619391,2026-07-30T14:48:25.619394,MK000690,REG000738,19,49,68,B+,7,28.0,4.0,4.0,PASS
2026-07-30T14:48:25.619404,2026-07-30T14:48:25.619407,MK000691,REG000739,20,48,68,B+,7,28.0,4.0,4.0,PASS
2026-07-30T14:48:25.619416,2026-07-30T14:48:25.619419,MK000692,REG000740,19,51,70,A,8,32.0,4.0,4.0,PASS
2026-07-30T14:48:25.619429,2026-07-30T14:48:25.619431,MK000693,REG000741,5,26,31,F,0,0.0,4.0,0.0,FAIL
2026-07-30T14:48:25.619441,2026-07-30T14:48:25.619443,MK000694,REG000742,5,24,29,F,0,0.0,4.0,0.0,FAIL
2026-07-30T14:48:25.619452,2026-07-30T14:48:25.619455,MK000695,REG000743,5,11,16,F,0,0.0,4.0,0.0,FAIL
2026-07-30T14:48:25.619464,2026-07-30T14:48:25.619467,MK000696,REG000744,7,7,14,F,0,0.0,4.0,0.0,FAIL
2026-07-30T14:48:25.619476,2026-07-30T14:48:25.619479,MK000697,REG000745,19,52,71,A,8,32.0,4.0,4.0,PASS
2026-07-30T14:48:25.619488,2026-07-30T14:48:25.619490,MK000698,REG000746,20,46,66,B+,7,28.0,4.0,4.0,PASS
2026-07-30T14:48:25.619499,2026-07-30T14:48:25.619502,MK000699,REG000747,20,45,65,B+,7,28.0,4.0,4.0,PASS
2026-07-30T14:48:25.619511,2026-07-30T14:48:25.619514,MK000700,REG000748,19,50,69,B+,7,28.0,4.0,4.0,PASS
2026-07-30T14:48:25.619523,2026-07-30T14:48:25.619526,MK000701,REG000749,16,48,64,B+,7,28.0,4.0,4.0,PASS
2026-07-30T14:48:25.619538,2026-07-30T14:48:25.619541,MK000702,REG000750,16,47,63,B+,7,28.0,4.0,4.0,PASS
2026-07-30T14:48:25.619551,2026-07-30T14:48:25.619553,MK000703,REG000751,21,53,74,A,8,32.0,4.0,4.0,PASS
2026-07-30T14:48:25.619562,2026-07-30T14:48:25.619565,MK000704,REG000752,18,54,72,A,8,32.0,4.0,4.0,PASS
2026-07-30T14:48:25.619575,2026-07-30T14:48:25.619577,MK000705,REG000753,11,33,44,P,4,16.0,4.0,4.0,PASS
2026-07-30T14:48:25.619587,2026-07-30T14:48:25.619590,MK000706,REG000754,9,36,45,C,5,20.0,4.0,4.0,PASS
2026-07-30T14:48:25.619599,2026-07-30T14:48:25.619601,MK000707,REG000755,11,32,43,P,4,16.0,4.0,4.0,PASS
2026-07-30T14:48:25.619611,2026-07-30T14:48:25.619613,MK000708,REG000756,9,42,51,B,6,24.0,4.0,4.0,PASS
2026-07-30T14:48:25.619623,2026-07-30T14:48:25.619625,MK000709,REG000757,21,45,66,B+,7,28.0,4.0,4.0,PASS
2026-07-30T14:48:25.619634,2026-07-30T14:48:25.619637,MK000710,REG000758,16,51,67,B+,7,28.0,4.0,4.0,PASS
2026-07-30T14:48:25.619646,2026-07-30T14:48:25.619648,MK000711,REG000759,21,54,75,A,8,32.0,4.0,4.0,PASS
2026-07-30T14:48:25.619662,2026-07-30T14:48:25.619665,MK000712,REG000760,20,46,66,B+,7,28.0,4.0,4.0,PASS
2026-07-30T14:48:25.619675,2026-07-30T14:48:25.619678,MK000713,REG000761,14,43,57,B,6,24.0,4.0,4.0,PASS
2026-07-30T14:48:25.619687,2026-07-30T14:48:25.619690,MK000714,REG000762,17,43,60,B+,7,28.0,4.0,4.0,PASS
2026-07-30T14:48:25.619711,2026-07-30T14:48:25.619715,MK000715,REG000763,17,48,65,B+,7,28.0,4.0,4.0,PASS
2026-07-30T14:48:25.619725,2026-07-30T14:48:25.619727,MK000716,REG000764,15,45,60,B+,7,28.0,4.0,4.0,PASS
2026-07-30T14:48:25.619737,2026-07-30T14:48:25.619739,MK000717,REG000765,18,49,67,B+,7,28.0,4.0,4.0,PASS
2026-07-30T14:48:25.619752,2026-07-30T14:48:25.619755,MK000718,REG000766,20,47,67,B+,7,28.0,4.0,4.0,PASS
2026-07-30T14:48:25.619765,2026-07-30T14:48:25.619767,MK000719,REG000767,16,49,65,B+,7,28.0,4.0,4.0,PASS
2026-07-30T14:48:25.619776,2026-07-30T14:48:25.619779,MK000720,REG000768,19,46,65,B+,7,28.0,4.0,4.0,PASS
2026-07-30T14:48:25.619789,2026-07-30T14:48:25.619791,MK000721,REG000769,10,8,18,F,0,0.0,4.0,0.0,FAIL
2026-07-30T14:48:25.619801,2026-07-30T14:48:25.619804,MK000722,REG000770,6,34,40,P,4,16.0,4.0,4.0,PASS
2026-07-30T14:48:25.619813,2026-07-30T14:48:25.619816,MK000723,REG000771,6,21,27,F,0,0.0,4.0,0.0,FAIL
2026-07-30T14:48:25.619829,2026-07-30T14:48:25.619832,MK000724,REG000772,5,16,21,F,0,0.0,4.0,0.0,FAIL
2026-07-30T14:48:25.619842,2026-07-30T14:48:25.619844,MK000725,REG000773,30,68,98,O,10,40.0,4.0,4.0,PASS
2026-07-30T14:48:25.619853,2026-07-30T14:48:25.619856,MK000726,REG000774,28,68,96,O,10,40.0,4.0,4.0,PASS
2026-07-30T14:48:25.619865,2026-07-30T14:48:25.619868,MK000727,REG000775,27,64,91,O,10,40.0,4.0,4.0,PASS
2026-07-30T14:48:25.619877,2026-07-30T14:48:25.619879,MK000728,REG000776,30,65,95,O,10,40.0,4.0,4.0,PASS
2026-07-30T14:48:25.619889,2026-07-30T14:48:25.619892,MK000729,REG000777,16,53,69,B+,7,28.0,4.0,4.0,PASS
2026-07-30T14:48:25.619901,2026-07-30T14:48:25.619904,MK000730,REG000778,17,52,69,B+,7,28.0,4.0,4.0,PASS
2026-07-30T14:48:25.619913,2026-07-30T14:48:25.619916,MK000731,REG000779,17,53,70,A,8,32.0,4.0,4.0,PASS
2026-07-30T14:48:25.619925,2026-07-30T14:48:25.619928,MK000732,REG000780,17,50,67,B+,7,28.0,4.0,4.0,PASS
2026-07-30T14:48:25.619937,2026-07-30T14:48:25.619940,MK000733,REG000781,19,50,69,B+,7,28.0,4.0,4.0,PASS
2026-07-30T14:48:25.619950,2026-07-30T14:48:25.619952,MK000734,REG000782,19,46,65,B+,7,28.0,4.0,4.0,PASS
2026-07-30T14:48:25.619962,2026-07-30T14:48:25.619964,MK000735,REG000783,21,49,70,A,8,32.0,4.0,4.0,PASS
2026-07-30T14:48:25.619974,2026-07-30T14:48:25.619976,MK000736,REG000784,20,45,65,B+,7,28.0,4.0,4.0,PASS
2026-07-30T14:48:25.619989,2026-07-30T14:48:25.619992,MK000737,REG000785,22,62,84,A+,9,36.0,4.0,4.0,PASS
2026-07-30T14:48:25.620001,2026-07-30T14:48:25.620004,MK000738,REG000786,24,57,81,A+,9,36.0,4.0,4.0,PASS
2026-07-30T14:48:25.620013,2026-07-30T14:48:25.620015,MK000739,REG000787,22,62,84,A+,9,36.0,4.0,4.0,PASS
2026-07-30T14:48:25.620025,2026-07-30T14:48:25.620027,MK000740,REG000788,25,62,87,A+,9,36.0,4.0,4.0,PASS
2026-07-30T14:48:25.620037,2026-07-30T14:48:25.620041,MK000741,REG000789,24,56,80,A+,9,36.0,4.0,4.0,PASS
2026-07-30T14:48:25.620054,2026-07-30T14:48:25.620057,MK000742,REG000790,23,55,78,A,8,32.0,4.0,4.0,PASS
2026-07-30T14:48:25.620066,2026-07-30T14:48:25.620069,MK000743,REG000791,24,55,79,A,8,32.0,4.0,4.0,PASS
2026-07-30T14:48:25.620078,2026-07-30T14:48:25.620082,MK000744,REG000792,25,57,82,A+,9,36.0,4.0,4.0,PASS
2026-07-30T14:48:25.620092,2026-07-30T14:48:25.620094,MK000745,REG000793,22,61,83,A+,9,36.0,4.0,4.0,PASS
2026-07-30T14:48:25.620104,2026-07-30T14:48:25.620106,MK000746,REG000794,22,56,78,A,8,32.0,4.0,4.0,PASS
2026-07-30T14:48:25.620118,2026-07-30T14:48:25.620121,MK000747,REG000795,24,60,84,A+,9,36.0,4.0,4.0,PASS
2026-07-30T14:48:25.620131,2026-07-30T14:48:25.620134,MK000748,REG000796,24,60,84,A+,9,36.0,4.0,4.0,PASS
2026-07-30T14:48:25.620143,2026-07-30T14:48:25.620146,MK000749,REG000797,16,49,65,B+,7,28.0,4.0,4.0,PASS
2026-07-30T14:48:25.620155,2026-07-30T14:48:25.620157,MK000750,REG000798,21,47,68,B+,7,28.0,4.0,4.0,PASS
2026-07-30T14:48:25.620167,2026-07-30T14:48:25.620169,MK000751,REG000799,20,52,72,A,8,32.0,4.0,4.0,PASS
2026-07-30T14:48:25.620179,2026-07-30T14:48:25.620181,MK000752,REG000800,17,48,65,B+,7,28.0,4.0,4.0,PASS
2026-07-30T14:48:25.620191,2026-07-30T14:48:25.620194,MK000753,REG000802,14,30,44,P,4,16.0,4.0,4.0,PASS
2026-07-30T14:48:25.620203,2026-07-30T14:48:25.620206,MK000754,REG000803,15,38,53,B,6,24.0,4.0,4.0,PASS
2026-07-30T14:48:25.620215,2026-07-30T14:48:25.620218,MK000755,REG000804,9,33,42,P,4,16.0,4.0,4.0,PASS
2026-07-30T14:48:25.620227,2026-07-30T14:48:25.620230,MK000756,REG000805,16,48,64,B+,7,28.0,4.0,4.0,PASS
2026-07-30T14:48:25.620239,2026-07-30T14:48:25.620241,MK000757,REG000806,17,49,66,B+,7,28.0,4.0,4.0,PASS
2026-07-30T14:48:25.620251,2026-07-30T14:48:25.620254,MK000758,REG000807,18,52,70,A,8,32.0,4.0,4.0,PASS
2026-07-30T14:48:25.620263,2026-07-30T14:48:25.620265,MK000759,REG000808,20,48,68,B+,7,28.0,4.0,4.0,PASS
2026-07-30T14:48:25.620275,2026-07-30T14:48:25.620278,MK000760,REG000809,14,42,56,B,6,24.0,4.0,4.0,PASS
2026-07-30T14:48:25.620287,2026-07-30T14:48:25.620289,MK000761,REG000810,16,41,57,B,6,24.0,4.0,4.0,PASS
2026-07-30T14:48:25.620299,2026-07-30T14:48:25.620305,MK000762,REG000812,12,46,58,B,6,24.0,4.0,4.0,PASS
2026-07-30T14:48:25.620315,2026-07-30T14:48:25.620319,MK000763,REG000813,19,45,64,B+,7,28.0,4.0,4.0,PASS
2026-07-30T14:48:25.620341,2026-07-30T14:48:25.620345,MK000764,REG000814,17,50,67,B+,7,28.0,4.0,4.0,PASS
2026-07-30T14:48:25.620365,2026-07-30T14:48:25.620369,MK000765,REG000815,20,47,67,B+,7,28.0,4.0,4.0,PASS
2026-07-30T14:48:25.620385,2026-07-30T14:48:25.620390,MK000766,REG000816,18,52,70,A,8,32.0,4.0,4.0,PASS
2026-07-30T14:48:25.620407,2026-07-30T14:48:25.620412,MK000767,REG000817,19,46,65,B+,7,28.0,4.0,4.0,PASS
2026-07-30T14:48:25.620427,2026-07-30T14:48:25.620431,MK000768,REG000818,16,47,63,B+,7,28.0,4.0,4.0,PASS
2026-07-30T14:48:25.620445,2026-07-30T14:48:25.620450,MK000769,REG000819,18,51,69,B+,7,28.0,4.0,4.0,PASS
2026-07-30T14:48:25.620465,2026-07-30T14:48:25.620469,MK000770,REG000820,19,49,68,B+,7,28.0,4.0,4.0,PASS
2026-07-30T14:48:25.620484,2026-07-30T14:48:25.620489,MK000771,REG000821,27,64,91,O,10,40.0,4.0,4.0,PASS
2026-07-30T14:48:25.620511,2026-07-30T14:48:25.620517,MK000772,REG000822,29,64,93,O,10,40.0,4.0,4.0,PASS
2026-07-30T14:48:25.620535,2026-07-30T14:48:25.620540,MK000773,REG000823,28,66,94,O,10,40.0,4.0,4.0,PASS
2026-07-30T14:48:25.620558,2026-07-30T14:48:25.620563,MK000774,REG000824,29,64,93,O,10,40.0,4.0,4.0,PASS
2026-07-30T14:48:25.620590,2026-07-30T14:48:25.620598,MK000775,REG000825,16,46,62,B+,7,28.0,4.0,4.0,PASS
2026-07-30T14:48:25.620618,2026-07-30T14:48:25.620626,MK000776,REG000826,12,43,55,B,6,24.0,4.0,4.0,PASS
2026-07-30T14:48:25.620650,2026-07-30T14:48:25.620655,MK000777,REG000827,15,42,57,B,6,24.0,4.0,4.0,PASS
2026-07-30T14:48:25.620676,2026-07-30T14:48:25.620681,MK000778,REG000828,13,44,57,B,6,24.0,4.0,4.0,PASS
2026-07-30T14:48:25.620715,2026-07-30T14:48:25.620723,MK000779,REG000829,11,32,43,P,4,16.0,4.0,4.0,PASS
2026-07-30T14:48:25.620743,2026-07-30T14:48:25.620746,MK000780,REG000830,10,31,41,P,4,16.0,4.0,4.0,PASS
2026-07-30T14:48:25.620756,2026-07-30T14:48:25.620759,MK000781,REG000831,8,38,46,C,5,20.0,4.0,4.0,PASS
2026-07-30T14:48:25.620778,2026-07-30T14:48:25.620786,MK000782,REG000832,10,42,52,B,6,24.0,4.0,4.0,PASS
2026-07-30T14:48:25.620799,2026-07-30T14:48:25.620806,MK000783,REG000833,23,62,85,A+,9,36.0,4.0,4.0,PASS
2026-07-30T14:48:25.620837,2026-07-30T14:48:25.620846,MK000784,REG000834,26,58,84,A+,9,36.0,4.0,4.0,PASS
2026-07-30T14:48:25.620857,2026-07-30T14:48:25.620860,MK000785,REG000835,25,56,81,A+,9,36.0,4.0,4.0,PASS
2026-07-30T14:48:25.620869,2026-07-30T14:48:25.620872,MK000786,REG000836,24,62,86,A+,9,36.0,4.0,4.0,PASS
2026-07-30T14:48:25.620888,2026-07-30T14:48:25.620890,MK000787,REG000838,15,42,57,B,6,24.0,4.0,4.0,PASS
2026-07-30T14:48:25.620903,2026-07-30T14:48:25.620906,MK000788,REG000839,18,47,65,B+,7,28.0,4.0,4.0,PASS
2026-07-30T14:48:25.620915,2026-07-30T14:48:25.620918,MK000789,REG000840,13,45,58,B,6,24.0,4.0,4.0,PASS
2026-07-30T14:48:25.620927,2026-07-30T14:48:25.620930,MK000790,REG000841,25,56,81,A+,9,36.0,4.0,4.0,PASS
2026-07-30T14:48:25.620939,2026-07-30T14:48:25.620941,MK000791,REG000842,25,57,82,A+,9,36.0,4.0,4.0,PASS
2026-07-30T14:48:25.620950,2026-07-30T14:48:25.620953,MK000792,REG000843,24,61,85,A+,9,36.0,4.0,4.0,PASS
2026-07-30T14:48:25.620962,2026-07-30T14:48:25.620964,MK000793,REG000844,25,57,82,A+,9,36.0,4.0,4.0,PASS
2026-07-30T14:48:25.620975,2026-07-30T14:48:25.620977,MK000794,REG000845,1,32,33,F,0,0.0,4.0,0.0,FAIL
2026-07-30T14:48:25.620987,2026-07-30T14:48:25.620989,MK000795,REG000846,4,26,30,F,0,0.0,4.0,0.0,FAIL
2026-07-30T14:48:25.620999,2026-07-30T14:48:25.621001,MK000796,REG000847,1,11,12,F,0,0.0,4.0,0.0,FAIL
2026-07-30T14:48:25.621011,2026-07-30T14:48:25.621014,MK000797,REG000849,29,69,98,O,10,40.0,4.0,4.0,PASS
2026-07-30T14:48:25.621023,2026-07-30T14:48:25.621026,MK000798,REG000850,28,65,93,O,10,40.0,4.0,4.0,PASS
2026-07-30T14:48:25.621036,2026-07-30T14:48:25.621038,MK000799,REG000851,29,68,97,O,10,40.0,4.0,4.0,PASS
2026-07-30T14:48:25.621047,2026-07-30T14:48:25.621050,MK000800,REG000852,29,69,98,O,10,40.0,4.0,4.0,PASS
2026-07-30T14:48:25.621059,2026-07-30T14:48:25.621061,MK000801,REG000853,29,67,96,O,10,40.0,4.0,4.0,PASS
2026-07-30T14:48:25.621070,2026-07-30T14:48:25.621073,MK000802,REG000854,30,65,95,O,10,40.0,4.0,4.0,PASS
2026-07-30T14:48:25.621092,2026-07-30T14:48:25.621095,MK000803,REG000855,27,67,94,O,10,40.0,4.0,4.0,PASS
2026-07-30T14:48:25.621105,2026-07-30T14:48:25.621107,MK000804,REG000856,27,63,90,O,10,40.0,4.0,4.0,PASS
2026-07-30T14:48:25.621117,2026-07-30T14:48:25.621119,MK000805,REG000857,19,47,66,B+,7,28.0,4.0,4.0,PASS
2026-07-30T14:48:25.621128,2026-07-30T14:48:25.621131,MK000806,REG000858,18,50,68,B+,7,28.0,4.0,4.0,PASS
2026-07-30T14:48:25.621140,2026-07-30T14:48:25.621142,MK000807,REG000859,16,52,68,B+,7,28.0,4.0,4.0,PASS
2026-07-30T14:48:25.621152,2026-07-30T14:48:25.621154,MK000808,REG000861,18,51,69,B+,7,28.0,4.0,4.0,PASS
2026-07-30T14:48:25.621163,2026-07-30T14:48:25.621166,MK000809,REG000862,21,45,66,B+,7,28.0,4.0,4.0,PASS
2026-07-30T14:48:25.621175,2026-07-30T14:48:25.621177,MK000810,REG000863,16,51,67,B+,7,28.0,4.0,4.0,PASS
2026-07-30T14:48:25.621186,2026-07-30T14:48:25.621189,MK000811,REG000864,21,47,68,B+,7,28.0,4.0,4.0,PASS
2026-07-30T14:48:25.621199,2026-07-30T14:48:25.621201,MK000812,REG000866,9,30,39,F,0,0.0,4.0,0.0,FAIL
2026-07-30T14:48:25.621211,2026-07-30T14:48:25.621213,MK000813,REG000867,11,36,47,C,5,20.0,4.0,4.0,PASS
2026-07-30T14:48:25.621227,2026-07-30T14:48:25.621230,MK000814,REG000868,9,42,51,B,6,24.0,4.0,4.0,PASS
2026-07-30T14:48:25.621240,2026-07-30T14:48:25.621242,MK000815,REG000869,21,52,73,A,8,32.0,4.0,4.0,PASS
2026-07-30T14:48:25.621252,2026-07-30T14:48:25.621254,MK000816,REG000870,17,48,65,B+,7,28.0,4.0,4.0,PASS
2026-07-30T14:48:25.621263,2026-07-30T14:48:25.621266,MK000817,REG000871,21,51,72,A,8,32.0,4.0,4.0,PASS
2026-07-30T14:48:25.621274,2026-07-30T14:48:25.621277,MK000818,REG000872,20,50,70,A,8,32.0,4.0,4.0,PASS
2026-07-30T14:48:25.621286,2026-07-30T14:48:25.621289,MK000819,REG000873,16,50,66,B+,7,28.0,4.0,4.0,PASS
2026-07-30T14:48:25.621298,2026-07-30T14:48:25.621300,MK000820,REG000874,20,46,66,B+,7,28.0,4.0,4.0,PASS
2026-07-30T14:48:25.621309,2026-07-30T14:48:25.621312,MK000821,REG000875,20,51,71,A,8,32.0,4.0,4.0,PASS
2026-07-30T14:48:25.621321,2026-07-30T14:48:25.621323,MK000822,REG000876,19,48,67,B+,7,28.0,4.0,4.0,PASS
2026-07-30T14:48:25.621332,2026-07-30T14:48:25.621335,MK000823,REG000877,24,59,83,A+,9,36.0,4.0,4.0,PASS
2026-07-30T14:48:25.621344,2026-07-30T14:48:25.621347,MK000824,REG000878,22,56,78,A,8,32.0,4.0,4.0,PASS
2026-07-30T14:48:25.621355,2026-07-30T14:48:25.621358,MK000825,REG000879,25,62,87,A+,9,36.0,4.0,4.0,PASS
2026-07-30T14:48:25.621367,2026-07-30T14:48:25.621369,MK000826,REG000880,24,62,86,A+,9,36.0,4.0,4.0,PASS
2026-07-30T14:48:25.621378,2026-07-30T14:48:25.621381,MK000827,REG000881,30,70,100,O,10,40.0,4.0,4.0,PASS
2026-07-30T14:48:25.621390,2026-07-30T14:48:25.621392,MK000828,REG000882,29,66,95,O,10,40.0,4.0,4.0,PASS
2026-07-30T14:48:25.621401,2026-07-30T14:48:25.621403,MK000829,REG000883,28,68,96,O,10,40.0,4.0,4.0,PASS
2026-07-30T14:48:25.621416,2026-07-30T14:48:25.621418,MK000830,REG000884,28,67,95,O,10,40.0,4.0,4.0,PASS
2026-07-30T14:48:25.621450,2026-07-30T14:48:25.621457,MK000831,REG000885,26,61,87,A+,9,36.0,4.0,4.0,PASS
2026-07-30T14:48:25.621488,2026-07-30T14:48:25.621495,MK000832,REG000886,22,60,82,A+,9,36.0,4.0,4.0,PASS
2026-07-30T14:48:25.621514,2026-07-30T14:48:25.621519,MK000833,REG000887,24,56,80,A+,9,36.0,4.0,4.0,PASS
2026-07-30T14:48:25.621536,2026-07-30T14:48:25.621543,MK000834,REG000888,26,58,84,A+,9,36.0,4.0,4.0,PASS
2026-07-30T14:48:25.621795,2026-07-30T14:48:25.621801,MK000835,REG000889,24,59,83,A+,9,36.0,4.0,4.0,PASS
2026-07-30T14:48:25.621812,2026-07-30T14:48:25.621815,MK000836,REG000890,24,56,80,A+,9,36.0,4.0,4.0,PASS
2026-07-30T14:48:25.621825,2026-07-30T14:48:25.621827,MK000837,REG000891,25,61,86,A+,9,36.0,4.0,4.0,PASS
2026-07-30T14:48:25.621836,2026-07-30T14:48:25.621839,MK000838,REG000892,22,61,83,A+,9,36.0,4.0,4.0,PASS
2026-07-30T14:48:25.621855,2026-07-30T14:48:25.621858,MK000839,REG000893,11,30,41,P,4,16.0,4.0,4.0,PASS
2026-07-30T14:48:25.621868,2026-07-30T14:48:25.621870,MK000840,REG000894,11,38,49,C,5,20.0,4.0,4.0,PASS
2026-07-30T14:48:25.621881,2026-07-30T14:48:25.621883,MK000841,REG000896,8,30,38,F,0,0.0,4.0,0.0,FAIL
2026-07-30T14:48:25.621893,2026-07-30T14:48:25.621895,MK000842,REG000897,16,49,65,B+,7,28.0,4.0,4.0,PASS
2026-07-30T14:48:25.621904,2026-07-30T14:48:25.621907,MK000843,REG000898,18,45,63,B+,7,28.0,4.0,4.0,PASS
2026-07-30T14:48:25.621916,2026-07-30T14:48:25.621918,MK000844,REG000899,17,45,62,B+,7,28.0,4.0,4.0,PASS
2026-07-30T14:48:25.621928,2026-07-30T14:48:25.621930,MK000845,REG000900,20,46,66,B+,7,28.0,4.0,4.0,PASS
2026-07-30T14:48:25.621939,2026-07-30T14:48:25.621942,MK000846,REG000901,24,56,80,A+,9,36.0,4.0,4.0,PASS
2026-07-30T14:48:25.621951,2026-07-30T14:48:25.621953,MK000847,REG000902,26,55,81,A+,9,36.0,4.0,4.0,PASS
2026-07-30T14:48:25.621963,2026-07-30T14:48:25.621965,MK000848,REG000903,24,55,79,A,8,32.0,4.0,4.0,PASS
2026-07-30T14:48:25.621974,2026-07-30T14:48:25.621977,MK000849,REG000904,25,57,82,A+,9,36.0,4.0,4.0,PASS
2026-07-30T14:48:25.621986,2026-07-30T14:48:25.621989,MK000850,REG000905,23,55,78,A,8,32.0,4.0,4.0,PASS
2026-07-30T14:48:25.622015,2026-07-30T14:48:25.622023,MK000851,REG000906,23,55,78,A,8,32.0,4.0,4.0,PASS
2026-07-30T14:48:25.622038,2026-07-30T14:48:25.622041,MK000852,REG000907,22,58,80,A+,9,36.0,4.0,4.0,PASS
2026-07-30T14:48:25.622051,2026-07-30T14:48:25.622053,MK000853,REG000908,23,58,81,A+,9,36.0,4.0,4.0,PASS
2026-07-30T14:48:25.622063,2026-07-30T14:48:25.622066,MK000854,REG000909,13,40,53,B,6,24.0,4.0,4.0,PASS
2026-07-30T14:48:25.622075,2026-07-30T14:48:25.622077,MK000855,REG000910,9,41,50,B,6,24.0,4.0,4.0,PASS
2026-07-30T14:48:25.622087,2026-07-30T14:48:25.622090,MK000856,REG000911,12,31,43,P,4,16.0,4.0,4.0,PASS
2026-07-30T14:48:25.622099,2026-07-30T14:48:25.622101,MK000857,REG000912,13,42,55,B,6,24.0,4.0,4.0,PASS
2026-07-30T14:48:25.622111,2026-07-30T14:48:25.622113,MK000858,REG000913,27,68,95,O,10,40.0,4.0,4.0,PASS
2026-07-30T14:48:25.622122,2026-07-30T14:48:25.622125,MK000859,REG000914,27,67,94,O,10,40.0,4.0,4.0,PASS
2026-07-30T14:48:25.622138,2026-07-30T14:48:25.622141,MK000860,REG000915,29,67,96,O,10,40.0,4.0,4.0,PASS
2026-07-30T14:48:25.622151,2026-07-30T14:48:25.622153,MK000861,REG000916,29,67,96,O,10,40.0,4.0,4.0,PASS
2026-07-30T14:48:25.622165,2026-07-30T14:48:25.622168,MK000862,REG000918,9,10,19,F,0,0.0,4.0,0.0,FAIL
2026-07-30T14:48:25.622177,2026-07-30T14:48:25.622180,MK000863,REG000919,4,16,20,F,0,0.0,4.0,0.0,FAIL
2026-07-30T14:48:25.622189,2026-07-30T14:48:25.622195,MK000864,REG000920,9,24,33,F,0,0.0,4.0,0.0,FAIL
2026-07-30T14:48:25.622205,2026-07-30T14:48:25.622208,MK000865,REG000921,18,49,67,B+,7,28.0,4.0,4.0,PASS
2026-07-30T14:48:25.622217,2026-07-30T14:48:25.622220,MK000866,REG000922,16,47,63,B+,7,28.0,4.0,4.0,PASS
2026-07-30T14:48:25.622229,2026-07-30T14:48:25.622231,MK000867,REG000923,18,52,70,A,8,32.0,4.0,4.0,PASS
2026-07-30T14:48:25.622241,2026-07-30T14:48:25.622243,MK000868,REG000924,17,51,68,B+,7,28.0,4.0,4.0,PASS
2026-07-30T14:48:25.622252,2026-07-30T14:48:25.622255,MK000869,REG000925,24,60,84,A+,9,36.0,4.0,4.0,PASS
2026-07-30T14:48:25.622264,2026-07-30T14:48:25.622267,MK000870,REG000926,23,60,83,A+,9,36.0,4.0,4.0,PASS
2026-07-30T14:48:25.622276,2026-07-30T14:48:25.622278,MK000871,REG000927,26,58,84,A+,9,36.0,4.0,4.0,PASS
2026-07-30T14:48:25.622287,2026-07-30T14:48:25.622290,MK000872,REG000928,22,61,83,A+,9,36.0,4.0,4.0,PASS
2026-07-30T14:48:25.622299,2026-07-30T14:48:25.622301,MK000873,REG000929,17,47,64,B+,7,28.0,4.0,4.0,PASS
2026-07-30T14:48:25.622311,2026-07-30T14:48:25.622313,MK000874,REG000930,16,45,61,B+,7,28.0,4.0,4.0,PASS
2026-07-30T14:48:25.622322,2026-07-30T14:48:25.622325,MK000875,REG000931,18,52,70,A,8,32.0,4.0,4.0,PASS
2026-07-30T14:48:25.622334,2026-07-30T14:48:25.622337,MK000876,REG000932,19,52,71,A,8,32.0,4.0,4.0,PASS
2026-07-30T14:48:25.622346,2026-07-30T14:48:25.622366,MK000877,REG000933,15,41,56,B,6,24.0,4.0,4.0,PASS
2026-07-30T14:48:25.622375,2026-07-30T14:48:25.622377,MK000878,REG000934,11,35,46,C,5,20.0,4.0,4.0,PASS
2026-07-30T14:48:25.622386,2026-07-30T14:48:25.622389,MK000879,REG000935,9,41,50,B,6,24.0,4.0,4.0,PASS
2026-07-30T14:48:25.622398,2026-07-30T14:48:25.622401,MK000880,REG000937,30,66,96,O,10,40.0,4.0,4.0,PASS
2026-07-30T14:48:25.622409,2026-07-30T14:48:25.622412,MK000881,REG000938,27,70,97,O,10,40.0,4.0,4.0,PASS
2026-07-30T14:48:25.622421,2026-07-30T14:48:25.622423,MK000882,REG000939,28,67,95,O,10,40.0,4.0,4.0,PASS
2026-07-30T14:48:25.622432,2026-07-30T14:48:25.622435,MK000883,REG000940,29,63,92,O,10,40.0,4.0,4.0,PASS
2026-07-30T14:48:25.622449,2026-07-30T14:48:25.622455,MK000884,REG000941,17,53,70,A,8,32.0,4.0,4.0,PASS
2026-07-30T14:48:25.622473,2026-07-30T14:48:25.622478,MK000885,REG000942,17,52,69,B+,7,28.0,4.0,4.0,PASS
2026-07-30T14:48:25.622495,2026-07-30T14:48:25.622499,MK000886,REG000943,21,52,73,A,8,32.0,4.0,4.0,PASS
2026-07-30T14:48:25.622514,2026-07-30T14:48:25.622518,MK000887,REG000944,19,51,70,A,8,32.0,4.0,4.0,PASS
2026-07-30T14:48:25.622551,2026-07-30T14:48:25.622559,MK000888,REG000945,27,70,97,O,10,40.0,4.0,4.0,PASS
2026-07-30T14:48:25.622580,2026-07-30T14:48:25.622584,MK000889,REG000946,30,69,99,O,10,40.0,4.0,4.0,PASS
2026-07-30T14:48:25.622613,2026-07-30T14:48:25.622618,MK000890,REG000947,27,66,93,O,10,40.0,4.0,4.0,PASS
2026-07-30T14:48:25.622631,2026-07-30T14:48:25.622639,MK000891,REG000948,30,67,97,O,10,40.0,4.0,4.0,PASS
2026-07-30T14:48:25.622671,2026-07-30T14:48:25.622676,MK000892,REG000949,16,45,61,B+,7,28.0,4.0,4.0,PASS
2026-07-30T14:48:25.622694,2026-07-30T14:48:25.622726,MK000893,REG000950,15,47,62,B+,7,28.0,4.0,4.0,PASS
2026-07-30T14:48:25.622833,2026-07-30T14:48:25.622843,MK000894,REG000952,17,46,63,B+,7,28.0,4.0,4.0,PASS
2026-07-30T14:48:25.622873,2026-07-30T14:48:25.622879,MK000895,REG000953,20,47,67,B+,7,28.0,4.0,4.0,PASS
2026-07-30T14:48:25.622899,2026-07-30T14:48:25.622905,MK000896,REG000955,18,46,64,B+,7,28.0,4.0,4.0,PASS
2026-07-30T14:48:25.622921,2026-07-30T14:48:25.622926,MK000897,REG000956,20,46,66,B+,7,28.0,4.0,4.0,PASS
2026-07-30T14:48:25.622947,2026-07-30T14:48:25.622951,MK000898,REG000957,18,49,67,B+,7,28.0,4.0,4.0,PASS
2026-07-30T14:48:25.622973,2026-07-30T14:48:25.622977,MK000899,REG000958,18,45,63,B+,7,28.0,4.0,4.0,PASS
2026-07-30T14:48:25.623000,2026-07-30T14:48:25.623004,MK000900,REG000959,18,50,68,B+,7,28.0,4.0,4.0,PASS
2026-07-30T14:48:25.623023,2026-07-30T14:48:25.623029,MK000901,REG000960,19,51,70,A,8,32.0,4.0,4.0,PASS
2026-07-30T14:48:25.623058,2026-07-30T14:48:25.623062,MK000902,REG000961,16,46,62,B+,7,28.0,4.0,4.0,PASS
2026-07-30T14:48:25.623082,2026-07-30T14:48:25.623086,MK000903,REG000962,20,52,72,A,8,32.0,4.0,4.0,PASS
2026-07-30T14:48:25.623109,2026-07-30T14:48:25.623114,MK000904,REG000963,17,48,65,B+,7,28.0,4.0,4.0,PASS
2026-07-30T14:48:25.623133,2026-07-30T14:48:25.623137,MK000905,REG000964,17,48,65,B+,7,28.0,4.0,4.0,PASS
2026-07-30T14:48:25.623150,2026-07-30T14:48:25.623153,MK000906,REG000965,13,40,53,B,6,24.0,4.0,4.0,PASS
2026-07-30T14:48:25.623162,2026-07-30T14:48:25.623165,MK000907,REG000966,14,46,60,B+,7,28.0,4.0,4.0,PASS
2026-07-30T14:48:25.623174,2026-07-30T14:48:25.623177,MK000908,REG000967,15,48,63,B+,7,28.0,4.0,4.0,PASS
2026-07-30T14:48:25.623186,2026-07-30T14:48:25.623189,MK000909,REG000968,16,43,59,B,6,24.0,4.0,4.0,PASS
2026-07-30T14:48:25.623199,2026-07-30T14:48:25.623201,MK000910,REG000969,24,61,85,A+,9,36.0,4.0,4.0,PASS
2026-07-30T14:48:25.623210,2026-07-30T14:48:25.623213,MK000911,REG000970,25,55,80,A+,9,36.0,4.0,4.0,PASS
2026-07-30T14:48:25.623222,2026-07-30T14:48:25.623225,MK000912,REG000971,23,62,85,A+,9,36.0,4.0,4.0,PASS
2026-07-30T14:48:25.623234,2026-07-30T14:48:25.623236,MK000913,REG000972,23,57,80,A+,9,36.0,4.0,4.0,PASS
2026-07-30T14:48:25.623245,2026-07-30T14:48:25.623248,MK000914,REG000973,20,50,70,A,8,32.0,4.0,4.0,PASS
2026-07-30T14:48:25.623261,2026-07-30T14:48:25.623264,MK000915,REG000974,20,53,73,A,8,32.0,4.0,4.0,PASS
2026-07-30T14:48:25.623289,2026-07-30T14:48:25.623295,MK000916,REG000975,21,48,69,B+,7,28.0,4.0,4.0,PASS
2026-07-30T14:48:25.623314,2026-07-30T14:48:25.623319,MK000917,REG000976,16,52,68,B+,7,28.0,4.0,4.0,PASS
2026-07-30T14:48:25.623336,2026-07-30T14:48:25.623341,MK000918,REG000977,23,60,83,A+,9,36.0,4.0,4.0,PASS
2026-07-30T14:48:25.623373,2026-07-30T14:48:25.623378,MK000919,REG000978,23,61,84,A+,9,36.0,4.0,4.0,PASS
2026-07-30T14:48:25.623394,2026-07-30T14:48:25.623399,MK000920,REG000979,24,55,79,A,8,32.0,4.0,4.0,PASS
2026-07-30T14:48:25.623415,2026-07-30T14:48:25.623420,MK000921,REG000980,25,59,84,A+,9,36.0,4.0,4.0,PASS
2026-07-30T14:48:25.623438,2026-07-30T14:48:25.623443,MK000922,REG000981,14,46,60,B+,7,28.0,4.0,4.0,PASS
2026-07-30T14:48:25.623470,2026-07-30T14:48:25.623477,MK000923,REG000982,16,42,58,B,6,24.0,4.0,4.0,PASS
2026-07-30T14:48:25.623493,2026-07-30T14:48:25.623495,MK000924,REG000983,14,42,56,B,6,24.0,4.0,4.0,PASS
2026-07-30T14:48:25.623505,2026-07-30T14:48:25.623507,MK000925,REG000984,13,48,61,B+,7,28.0,4.0,4.0,PASS
2026-07-30T14:48:25.623517,2026-07-30T14:48:25.623520,MK000926,REG000985,25,59,84,A+,9,36.0,4.0,4.0,PASS
2026-07-30T14:48:25.623528,2026-07-30T14:48:25.623531,MK000927,REG000986,26,59,85,A+,9,36.0,4.0,4.0,PASS
2026-07-30T14:48:25.623540,2026-07-30T14:48:25.623543,MK000928,REG000987,25,61,86,A+,9,36.0,4.0,4.0,PASS
2026-07-30T14:48:25.623552,2026-07-30T14:48:25.623555,MK000929,REG000988,23,56,79,A,8,32.0,4.0,4.0,PASS
2026-07-30T14:48:25.623569,2026-07-30T14:48:25.623572,MK000930,REG000989,18,54,72,A,8,32.0,4.0,4.0,PASS
2026-07-30T14:48:25.623581,2026-07-30T14:48:25.623583,MK000931,REG000990,16,45,61,B+,7,28.0,4.0,4.0,PASS
2026-07-30T14:48:25.623593,2026-07-30T14:48:25.623596,MK000932,REG000991,17,47,64,B+,7,28.0,4.0,4.0,PASS
2026-07-30T14:48:25.623605,2026-07-30T14:48:25.623607,MK000933,REG000992,18,53,71,A,8,32.0,4.0,4.0,PASS
2026-07-30T14:48:25.623617,2026-07-30T14:48:25.623620,MK000934,REG000993,25,61,86,A+,9,36.0,4.0,4.0,PASS
2026-07-30T14:48:25.623628,2026-07-30T14:48:25.623631,MK000935,REG000994,22,55,77,A,8,32.0,4.0,4.0,PASS
2026-07-30T14:48:25.623640,2026-07-30T14:48:25.623643,MK000936,REG000995,22,60,82,A+,9,36.0,4.0,4.0,PASS
2026-07-30T14:48:25.623653,2026-07-30T14:48:25.623655,MK000937,REG000996,22,57,79,A,8,32.0,4.0,4.0,PASS
2026-07-30T14:48:25.623666,2026-07-30T14:48:25.623669,MK000938,REG000997,30,65,95,O,10,40.0,4.0,4.0,PASS
2026-07-30T14:48:25.623678,2026-07-30T14:48:25.623680,MK000939,REG000998,29,63,92,O,10,40.0,4.0,4.0,PASS
2026-07-30T14:48:25.623690,2026-07-30T14:48:25.623692,MK000940,REG000999,29,63,92,O,10,40.0,4.0,4.0,PASS
2026-07-30T14:48:25.623716,2026-07-30T14:48:25.623720,MK000941,REG001000,30,69,99,O,10,40.0,4.0,4.0,PASS
2026-07-30T14:48:25.623745,2026-07-30T14:48:25.623748,MK000942,REG001001,19,53,72,A,8,32.0,4.0,4.0,PASS
2026-07-30T14:48:25.623758,2026-07-30T14:48:25.623761,MK000943,REG001002,19,51,70,A,8,32.0,4.0,4.0,PASS
2026-07-30T14:48:25.623773,2026-07-30T14:48:25.623776,MK000944,REG001003,20,52,72,A,8,32.0,4.0,4.0,PASS
2026-07-30T14:48:25.623786,2026-07-30T14:48:25.623789,MK000945,REG001004,20,50,70,A,8,32.0,4.0,4.0,PASS
2026-07-30T14:48:25.623799,2026-07-30T14:48:25.623802,MK000946,REG001005,16,53,69,B+,7,28.0,4.0,4.0,PASS
2026-07-30T14:48:25.623811,2026-07-30T14:48:25.623814,MK000947,REG001006,21,45,66,B+,7,28.0,4.0,4.0,PASS
2026-07-30T14:48:25.623823,2026-07-30T14:48:25.623826,MK000948,REG001007,17,50,67,B+,7,28.0,4.0,4.0,PASS
2026-07-30T14:48:25.623835,2026-07-30T14:48:25.623837,MK000949,REG001008,20,52,72,A,8,32.0,4.0,4.0,PASS
2026-07-30T14:48:25.623847,2026-07-30T14:48:25.623849,MK000950,REG001009,12,44,56,B,6,24.0,4.0,4.0,PASS
2026-07-30T14:48:25.623858,2026-07-30T14:48:25.623861,MK000951,REG001010,16,46,62,B+,7,28.0,4.0,4.0,PASS
2026-07-30T14:48:25.623870,2026-07-30T14:48:25.623873,MK000952,REG001011,14,47,61,B+,7,28.0,4.0,4.0,PASS
2026-07-30T14:48:25.623882,2026-07-30T14:48:25.623884,MK000953,REG001012,13,45,58,B,6,24.0,4.0,4.0,PASS
2026-07-30T14:48:25.623894,2026-07-30T14:48:25.623896,MK000954,REG001013,25,62,87,A+,9,36.0,4.0,4.0,PASS
2026-07-30T14:48:25.623905,2026-07-30T14:48:25.623908,MK000955,REG001014,23,62,85,A+,9,36.0,4.0,4.0,PASS
2026-07-30T14:48:25.623917,2026-07-30T14:48:25.623919,MK000956,REG001015,22,60,82,A+,9,36.0,4.0,4.0,PASS
2026-07-30T14:48:25.623929,2026-07-30T14:48:25.623931,MK000957,REG001016,22,61,83,A+,9,36.0,4.0,4.0,PASS
2026-07-30T14:48:25.623945,2026-07-30T14:48:25.623948,MK000958,REG001017,18,43,61,B+,7,28.0,4.0,4.0,PASS
2026-07-30T14:48:25.623958,2026-07-30T14:48:25.623960,MK000959,REG001018,16,40,56,B,6,24.0,4.0,4.0,PASS
2026-07-30T14:48:25.623970,2026-07-30T14:48:25.623973,MK000960,REG001019,12,41,53,B,6,24.0,4.0,4.0,PASS
2026-07-30T14:48:25.623981,2026-07-30T14:48:25.623984,MK000961,REG001020,16,46,62,B+,7,28.0,4.0,4.0,PASS
2026-07-30T14:48:25.623993,2026-07-30T14:48:25.623996,MK000962,REG001021,18,47,65,B+,7,28.0,4.0,4.0,PASS
2026-07-30T14:48:25.624005,2026-07-30T14:48:25.624008,MK000963,REG001023,21,48,69,B+,7,28.0,4.0,4.0,PASS
2026-07-30T14:48:25.624017,2026-07-30T14:48:25.624020,MK000964,REG001024,18,50,68,B+,7,28.0,4.0,4.0,PASS
2026-07-30T14:48:25.624030,2026-07-30T14:48:25.624032,MK000965,REG001025,24,61,85,A+,9,36.0,4.0,4.0,PASS
2026-07-30T14:48:25.624041,2026-07-30T14:48:25.624047,MK000966,REG001026,26,59,85,A+,9,36.0,4.0,4.0,PASS
2026-07-30T14:48:25.624057,2026-07-30T14:48:25.624059,MK000967,REG001027,22,62,84,A+,9,36.0,4.0,4.0,PASS
2026-07-30T14:48:25.624068,2026-07-30T14:48:25.624070,MK000968,REG001028,24,60,84,A+,9,36.0,4.0,4.0,PASS
2026-07-30T14:48:25.624080,2026-07-30T14:48:25.624083,MK000969,REG001029,16,46,62,B+,7,28.0,4.0,4.0,PASS
2026-07-30T14:48:25.624092,2026-07-30T14:48:25.624095,MK000970,REG001031,20,46,66,B+,7,28.0,4.0,4.0,PASS
2026-07-30T14:48:25.624104,2026-07-30T14:48:25.624106,MK000971,REG001032,17,45,62,B+,7,28.0,4.0,4.0,PASS
2026-07-30T14:48:25.624116,2026-07-30T14:48:25.624119,MK000972,REG001033,28,65,93,O,10,40.0,4.0,4.0,PASS
2026-07-30T14:48:25.624131,2026-07-30T14:48:25.624134,MK000973,REG001034,30,70,100,O,10,40.0,4.0,4.0,PASS
2026-07-30T14:48:25.624145,2026-07-30T14:48:25.624148,MK000974,REG001035,28,69,97,O,10,40.0,4.0,4.0,PASS
2026-07-30T14:48:25.624157,2026-07-30T14:48:25.624159,MK000975,REG001036,29,70,99,O,10,40.0,4.0,4.0,PASS
2026-07-30T14:48:25.624169,2026-07-30T14:48:25.624171,MK000976,REG001037,19,52,71,A,8,32.0,4.0,4.0,PASS
2026-07-30T14:48:25.624180,2026-07-30T14:48:25.624184,MK000977,REG001038,21,45,66,B+,7,28.0,4.0,4.0,PASS
2026-07-30T14:48:25.624193,2026-07-30T14:48:25.624196,MK000978,REG001039,20,49,69,B+,7,28.0,4.0,4.0,PASS
2026-07-30T14:48:25.624208,2026-07-30T14:48:25.624211,MK000979,REG001040,18,54,72,A,8,32.0,4.0,4.0,PASS
2026-07-30T14:48:25.624223,2026-07-30T14:48:25.624225,MK000980,REG001042,15,37,52,B,6,24.0,4.0,4.0,PASS
2026-07-30T14:48:25.624236,2026-07-30T14:48:25.624239,MK000981,REG001044,8,32,40,P,4,16.0,4.0,4.0,PASS
2026-07-30T14:48:25.624250,2026-07-30T14:48:25.624253,MK000982,REG001045,21,49,70,A,8,32.0,4.0,4.0,PASS
2026-07-30T14:48:25.624262,2026-07-30T14:48:25.624264,MK000983,REG001046,16,49,65,B+,7,28.0,4.0,4.0,PASS
2026-07-30T14:48:25.624274,2026-07-30T14:48:25.624277,MK000984,REG001047,17,53,70,A,8,32.0,4.0,4.0,PASS
2026-07-30T14:48:25.624286,2026-07-30T14:48:25.624289,MK000985,REG001048,17,54,71,A,8,32.0,4.0,4.0,PASS
2026-07-30T14:48:25.624299,2026-07-30T14:48:25.624301,MK000986,REG001049,29,69,98,O,10,40.0,4.0,4.0,PASS
2026-07-30T14:48:25.624311,2026-07-30T14:48:25.624314,MK000987,REG001050,30,67,97,O,10,40.0,4.0,4.0,PASS
2026-07-30T14:48:25.624325,2026-07-30T14:48:25.624328,MK000988,REG001051,29,67,96,O,10,40.0,4.0,4.0,PASS
2026-07-30T14:48:25.624337,2026-07-30T14:48:25.624340,MK000989,REG001052,27,68,95,O,10,40.0,4.0,4.0,PASS
2026-07-30T14:48:25.624352,2026-07-30T14:48:25.624355,MK000990,REG001053,24,61,85,A+,9,36.0,4.0,4.0,PASS
2026-07-30T14:48:25.624364,2026-07-30T14:48:25.624366,MK000991,REG001054,22,60,82,A+,9,36.0,4.0,4.0,PASS
2026-07-30T14:48:25.624380,2026-07-30T14:48:25.624383,MK000992,REG001055,22,59,81,A+,9,36.0,4.0,4.0,PASS
2026-07-30T14:48:25.624392,2026-07-30T14:48:25.624394,MK000993,REG001056,22,55,77,A,8,32.0,4.0,4.0,PASS
2026-07-30T14:48:25.624404,2026-07-30T14:48:25.624409,MK000994,REG001057,21,54,75,A,8,32.0,4.0,4.0,PASS
2026-07-30T14:48:25.624425,2026-07-30T14:48:25.624429,MK000995,REG001058,20,52,72,A,8,32.0,4.0,4.0,PASS
2026-07-30T14:48:25.624449,2026-07-30T14:48:25.624452,MK000996,REG001059,16,53,69,B+,7,28.0,4.0,4.0,PASS
2026-07-30T14:48:25.624469,2026-07-30T14:48:25.624472,MK000997,REG001060,18,46,64,B+,7,28.0,4.0,4.0,PASS
2026-07-30T14:48:25.624490,2026-07-30T14:48:25.624495,MK000998,REG001061,24,59,83,A+,9,36.0,4.0,4.0,PASS
2026-07-30T14:48:25.624511,2026-07-30T14:48:25.624514,MK000999,REG001062,25,59,84,A+,9,36.0,4.0,4.0,PASS
2026-07-30T14:48:25.624533,2026-07-30T14:48:25.624536,MK001000,REG001063,24,59,83,A+,9,36.0,4.0,4.0,PASS
2026-07-30T14:48:25.624568,2026-07-30T14:48:25.624576,MK001001,REG001064,23,57,80,A+,9,36.0,4.0,4.0,PASS
2026-07-30T14:48:25.624598,2026-07-30T14:48:25.624603,MK001002,REG001065,30,64,94,O,10,40.0,4.0,4.0,PASS
2026-07-30T14:48:25.624621,2026-07-30T14:48:25.624626,MK001003,REG001066,27,70,97,O,10,40.0,4.0,4.0,PASS
2026-07-30T14:48:25.624643,2026-07-30T14:48:25.624647,MK001004,REG001067,29,65,94,O,10,40.0,4.0,4.0,PASS
2026-07-30T14:48:25.624659,2026-07-30T14:48:25.624664,MK001005,REG001068,28,70,98,O,10,40.0,4.0,4.0,PASS
2026-07-30T14:48:25.624683,2026-07-30T14:48:25.624686,MK001006,REG001069,19,46,65,B+,7,28.0,4.0,4.0,PASS
2026-07-30T14:48:25.624723,2026-07-30T14:48:25.624729,MK001007,REG001070,21,52,73,A,8,32.0,4.0,4.0,PASS
2026-07-30T14:48:25.624753,2026-07-30T14:48:25.624757,MK001008,REG001072,17,49,66,B+,7,28.0,4.0,4.0,PASS
2026-07-30T14:48:25.624780,2026-07-30T14:48:25.624783,MK001009,REG001074,19,46,65,B+,7,28.0,4.0,4.0,PASS
2026-07-30T14:48:25.624803,2026-07-30T14:48:25.624807,MK001010,REG001075,18,46,64,B+,7,28.0,4.0,4.0,PASS
2026-07-30T14:48:25.624825,2026-07-30T14:48:25.624830,MK001011,REG001076,21,52,73,A,8,32.0,4.0,4.0,PASS
2026-07-30T14:48:25.624853,2026-07-30T14:48:25.624857,MK001012,REG001077,23,60,83,A+,9,36.0,4.0,4.0,PASS
2026-07-30T14:48:25.624874,2026-07-30T14:48:25.624878,MK001013,REG001078,22,55,77,A,8,32.0,4.0,4.0,PASS
2026-07-30T14:48:25.624895,2026-07-30T14:48:25.624899,MK001014,REG001079,22,62,84,A+,9,36.0,4.0,4.0,PASS
2026-07-30T14:48:25.624912,2026-07-30T14:48:25.624916,MK001015,REG001080,22,60,82,A+,9,36.0,4.0,4.0,PASS
2026-07-30T14:48:25.624931,2026-07-30T14:48:25.624935,MK001016,REG001081,25,57,82,A+,9,36.0,4.0,4.0,PASS
2026-07-30T14:48:25.624947,2026-07-30T14:48:25.624951,MK001017,REG001082,25,56,81,A+,9,36.0,4.0,4.0,PASS
2026-07-30T14:48:25.624977,2026-07-30T14:48:25.624981,MK001018,REG001083,24,57,81,A+,9,36.0,4.0,4.0,PASS
2026-07-30T14:48:25.624996,2026-07-30T14:48:25.624999,MK001019,REG001084,26,58,84,A+,9,36.0,4.0,4.0,PASS
2026-07-30T14:48:25.625015,2026-07-30T14:48:25.625017,MK001020,REG001085,26,58,84,A+,9,36.0,4.0,4.0,PASS
2026-07-30T14:48:25.625029,2026-07-30T14:48:25.625034,MK001021,REG001086,22,56,78,A,8,32.0,4.0,4.0,PASS
2026-07-30T14:48:25.625045,2026-07-30T14:48:25.625047,MK001022,REG001087,22,55,77,A,8,32.0,4.0,4.0,PASS
2026-07-30T14:48:25.625060,2026-07-30T14:48:25.625063,MK001023,REG001088,22,55,77,A,8,32.0,4.0,4.0,PASS
2026-07-30T14:48:25.625080,2026-07-30T14:48:25.625083,MK001024,REG001089,8,38,46,C,5,20.0,4.0,4.0,PASS
2026-07-30T14:48:25.625094,2026-07-30T14:48:25.625101,MK001025,REG001090,12,31,43,P,4,16.0,4.0,4.0,PASS
2026-07-30T14:48:25.625128,2026-07-30T14:48:25.625135,MK001026,REG001091,13,40,53,B,6,24.0,4.0,4.0,PASS
2026-07-30T14:48:25.625147,2026-07-30T14:48:25.625149,MK001027,REG001092,8,35,43,P,4,16.0,4.0,4.0,PASS
2026-07-30T14:48:25.625158,2026-07-30T14:48:25.625161,MK001028,REG001093,22,59,81,A+,9,36.0,4.0,4.0,PASS
2026-07-30T14:48:25.625174,2026-07-30T14:48:25.625177,MK001029,REG001094,23,55,78,A,8,32.0,4.0,4.0,PASS
2026-07-30T14:48:25.625187,2026-07-30T14:48:25.625190,MK001030,REG001095,22,61,83,A+,9,36.0,4.0,4.0,PASS
2026-07-30T14:48:25.625200,2026-07-30T14:48:25.625202,MK001031,REG001096,24,59,83,A+,9,36.0,4.0,4.0,PASS
2026-07-30T14:48:25.625212,2026-07-30T14:48:25.625215,MK001032,REG001097,18,53,71,A,8,32.0,4.0,4.0,PASS
2026-07-30T14:48:25.625224,2026-07-30T14:48:25.625227,MK001033,REG001098,17,54,71,A,8,32.0,4.0,4.0,PASS
2026-07-30T14:48:25.625236,2026-07-30T14:48:25.625239,MK001034,REG001099,21,45,66,B+,7,28.0,4.0,4.0,PASS
2026-07-30T14:48:25.625248,2026-07-30T14:48:25.625251,MK001035,REG001100,21,54,75,A,8,32.0,4.0,4.0,PASS
2026-07-30T14:48:25.625263,2026-07-30T14:48:25.625266,MK001036,REG001101,1,32,33,F,0,0.0,4.0,0.0,FAIL
2026-07-30T14:48:25.625276,2026-07-30T14:48:25.625278,MK001037,REG001103,8,32,40,P,4,16.0,4.0,4.0,PASS
2026-07-30T14:48:25.625288,2026-07-30T14:48:25.625291,MK001038,REG001104,4,17,21,F,0,0.0,4.0,0.0,FAIL
2026-07-30T14:48:25.625300,2026-07-30T14:48:25.625302,MK001039,REG001105,26,60,86,A+,9,36.0,4.0,4.0,PASS
2026-07-30T14:48:25.625312,2026-07-30T14:48:25.625315,MK001040,REG001106,23,58,81,A+,9,36.0,4.0,4.0,PASS
2026-07-30T14:48:25.625324,2026-07-30T14:48:25.625327,MK001041,REG001107,25,60,85,A+,9,36.0,4.0,4.0,PASS
2026-07-30T14:48:25.625341,2026-07-30T14:48:25.625344,MK001042,REG001108,22,62,84,A+,9,36.0,4.0,4.0,PASS
2026-07-30T14:48:25.625358,2026-07-30T14:48:25.625361,MK001043,REG001109,22,60,82,A+,9,36.0,4.0,4.0,PASS
2026-07-30T14:48:25.625371,2026-07-30T14:48:25.625374,MK001044,REG001110,23,59,82,A+,9,36.0,4.0,4.0,PASS
2026-07-30T14:48:25.625384,2026-07-30T14:48:25.625387,MK001045,REG001111,23,58,81,A+,9,36.0,4.0,4.0,PASS
2026-07-30T14:48:25.625397,2026-07-30T14:48:25.625399,MK001046,REG001112,23,55,78,A,8,32.0,4.0,4.0,PASS
2026-07-30T14:48:25.625409,2026-07-30T14:48:25.625412,MK001047,REG001113,16,45,61,B+,7,28.0,4.0,4.0,PASS
2026-07-30T14:48:25.625421,2026-07-30T14:48:25.625424,MK001048,REG001114,20,47,67,B+,7,28.0,4.0,4.0,PASS
2026-07-30T14:48:25.625434,2026-07-30T14:48:25.625436,MK001049,REG001115,18,54,72,A,8,32.0,4.0,4.0,PASS
2026-07-30T14:48:25.625449,2026-07-30T14:48:25.625456,MK001050,REG001116,19,51,70,A,8,32.0,4.0,4.0,PASS
2026-07-30T14:48:25.625478,2026-07-30T14:48:25.625487,MK001051,REG001118,19,51,70,A,8,32.0,4.0,4.0,PASS
2026-07-30T14:48:25.625504,2026-07-30T14:48:25.625509,MK001052,REG001120,18,46,64,B+,7,28.0,4.0,4.0,PASS
2026-07-30T14:48:25.625525,2026-07-30T14:48:25.625532,MK001053,REG001121,18,49,67,B+,7,28.0,4.0,4.0,PASS
2026-07-30T14:48:25.625553,2026-07-30T14:48:25.625557,MK001054,REG001122,18,46,64,B+,7,28.0,4.0,4.0,PASS
2026-07-30T14:48:25.625573,2026-07-30T14:48:25.625578,MK001055,REG001123,20,52,72,A,8,32.0,4.0,4.0,PASS
2026-07-30T14:48:25.625601,2026-07-30T14:48:25.625608,MK001056,REG001124,20,50,70,A,8,32.0,4.0,4.0,PASS
2026-07-30T14:48:25.625625,2026-07-30T14:48:25.625628,MK001057,REG001125,20,53,73,A,8,32.0,4.0,4.0,PASS
2026-07-30T14:48:25.625638,2026-07-30T14:48:25.625641,MK001058,REG001126,19,45,64,B+,7,28.0,4.0,4.0,PASS
2026-07-30T14:48:25.625650,2026-07-30T14:48:25.625652,MK001059,REG001127,17,52,69,B+,7,28.0,4.0,4.0,PASS
2026-07-30T14:48:25.625661,2026-07-30T14:48:25.625664,MK001060,REG001128,18,54,72,A,8,32.0,4.0,4.0,PASS
2026-07-30T14:48:25.625673,2026-07-30T14:48:25.625676,MK001061,REG001129,23,58,81,A+,9,36.0,4.0,4.0,PASS
2026-07-30T14:48:25.625684,2026-07-30T14:48:25.625687,MK001062,REG001130,23,57,80,A+,9,36.0,4.0,4.0,PASS
2026-07-30T14:48:25.625707,2026-07-30T14:48:25.625715,MK001063,REG001131,26,62,88,A+,9,36.0,4.0,4.0,PASS
2026-07-30T14:48:25.625733,2026-07-30T14:48:25.625736,MK001064,REG001133,28,65,93,O,10,40.0,4.0,4.0,PASS
2026-07-30T14:48:25.625746,2026-07-30T14:48:25.625748,MK001065,REG001134,27,63,90,O,10,40.0,4.0,4.0,PASS
2026-07-30T14:48:25.625757,2026-07-30T14:48:25.625760,MK001066,REG001135,27,64,91,O,10,40.0,4.0,4.0,PASS
2026-07-30T14:48:25.625769,2026-07-30T14:48:25.625771,MK001067,REG001136,29,70,99,O,10,40.0,4.0,4.0,PASS
2026-07-30T14:48:25.625780,2026-07-30T14:48:25.625787,MK001068,REG001137,12,48,60,B+,7,28.0,4.0,4.0,PASS
2026-07-30T14:48:25.625797,2026-07-30T14:48:25.625799,MK001069,REG001138,14,46,60,B+,7,28.0,4.0,4.0,PASS
2026-07-30T14:48:25.625808,2026-07-30T14:48:25.625811,MK001070,REG001139,14,45,59,B,6,24.0,4.0,4.0,PASS
2026-07-30T14:48:25.625820,2026-07-30T14:48:25.625824,MK001071,REG001140,18,41,59,B,6,24.0,4.0,4.0,PASS
2026-07-30T14:48:25.625851,2026-07-30T14:48:25.625858,MK001072,REG001142,12,35,47,C,5,20.0,4.0,4.0,PASS
2026-07-30T14:48:25.625878,2026-07-30T14:48:25.625881,MK001073,REG001144,12,35,47,C,5,20.0,4.0,4.0,PASS
2026-07-30T14:48:25.625894,2026-07-30T14:48:25.625896,MK001074,REG001145,20,49,69,B+,7,28.0,4.0,4.0,PASS
2026-07-30T14:48:25.625906,2026-07-30T14:48:25.625908,MK001075,REG001146,19,54,73,A,8,32.0,4.0,4.0,PASS
2026-07-30T14:48:25.625920,2026-07-30T14:48:25.625927,MK001076,REG001147,18,54,72,A,8,32.0,4.0,4.0,PASS
2026-07-30T14:48:25.625953,2026-07-30T14:48:25.625956,MK001077,REG001150,4,1,5,F,0,0.0,4.0,0.0,FAIL
2026-07-30T14:48:25.625968,2026-07-30T14:48:25.625970,MK001078,REG001152,0,25,25,F,0,0.0,4.0,0.0,FAIL
2026-07-30T14:48:25.625980,2026-07-30T14:48:25.625983,MK001079,REG001153,18,41,59,B,6,24.0,4.0,4.0,PASS
2026-07-30T14:48:25.625992,2026-07-30T14:48:25.625995,MK001080,REG001154,14,48,62,B+,7,28.0,4.0,4.0,PASS
2026-07-30T14:48:25.626004,2026-07-30T14:48:25.626007,MK001081,REG001155,13,43,56,B,6,24.0,4.0,4.0,PASS
2026-07-30T14:48:25.626016,2026-07-30T14:48:25.626019,MK001082,REG001156,18,43,61,B+,7,28.0,4.0,4.0,PASS
2026-07-30T14:48:25.626029,2026-07-30T14:48:25.626032,MK001083,REG001157,17,48,65,B+,7,28.0,4.0,4.0,PASS
2026-07-30T14:48:25.626046,2026-07-30T14:48:25.626049,MK001084,REG001158,16,52,68,B+,7,28.0,4.0,4.0,PASS
2026-07-30T14:48:25.626059,2026-07-30T14:48:25.626061,MK001085,REG001159,20,53,73,A,8,32.0,4.0,4.0,PASS
2026-07-30T14:48:25.626074,2026-07-30T14:48:25.626077,MK001086,REG001160,17,54,71,A,8,32.0,4.0,4.0,PASS
2026-07-30T14:48:25.626088,2026-07-30T14:48:25.626091,MK001087,REG001162,6,10,16,F,0,0.0,4.0,0.0,FAIL
2026-07-30T14:48:25.626100,2026-07-30T14:48:25.626103,MK001088,REG001163,0,30,30,F,0,0.0,4.0,0.0,FAIL
2026-07-30T14:48:25.626112,2026-07-30T14:48:25.626115,MK001089,REG001164,10,0,10,F,0,0.0,4.0,0.0,FAIL
2026-07-30T14:48:25.626125,2026-07-30T14:48:25.626127,MK001090,REG001165,16,46,62,B+,7,28.0,4.0,4.0,PASS
2026-07-30T14:48:25.626137,2026-07-30T14:48:25.626140,MK001091,REG001166,20,50,70,A,8,32.0,4.0,4.0,PASS
2026-07-30T14:48:25.626149,2026-07-30T14:48:25.626151,MK001092,REG001167,16,46,62,B+,7,28.0,4.0,4.0,PASS
2026-07-30T14:48:25.626161,2026-07-30T14:48:25.626164,MK001093,REG001168,16,52,68,B+,7,28.0,4.0,4.0,PASS
2026-07-30T14:48:25.626179,2026-07-30T14:48:25.626182,MK001094,REG001169,0,25,25,F,0,0.0,4.0,0.0,FAIL
2026-07-30T14:48:25.626192,2026-07-30T14:48:25.626195,MK001095,REG001170,4,23,27,F,0,0.0,4.0,0.0,FAIL
2026-07-30T14:48:25.626206,2026-07-30T14:48:25.626209,MK001096,REG001171,7,0,7,F,0,0.0,4.0,0.0,FAIL
2026-07-30T14:48:25.626218,2026-07-30T14:48:25.626221,MK001097,REG001172,4,22,26,F,0,0.0,4.0,0.0,FAIL
2026-07-30T14:48:25.626231,2026-07-30T14:48:25.626234,MK001098,REG001173,22,61,83,A+,9,36.0,4.0,4.0,PASS
2026-07-30T14:48:25.626244,2026-07-30T14:48:25.626247,MK001099,REG001174,23,59,82,A+,9,36.0,4.0,4.0,PASS
2026-07-30T14:48:25.626259,2026-07-30T14:48:25.626262,MK001100,REG001175,22,57,79,A,8,32.0,4.0,4.0,PASS
2026-07-30T14:48:25.626272,2026-07-30T14:48:25.626275,MK001101,REG001176,25,55,80,A+,9,36.0,4.0,4.0,PASS
2026-07-30T14:48:25.626289,2026-07-30T14:48:25.626292,MK001102,REG001177,22,58,80,A+,9,36.0,4.0,4.0,PASS
2026-07-30T14:48:25.626301,2026-07-30T14:48:25.626304,MK001103,REG001178,26,56,82,A+,9,36.0,4.0,4.0,PASS
2026-07-30T14:48:25.626313,2026-07-30T14:48:25.626316,MK001104,REG001179,26,59,85,A+,9,36.0,4.0,4.0,PASS
2026-07-30T14:48:25.626325,2026-07-30T14:48:25.626328,MK001105,REG001180,26,62,88,A+,9,36.0,4.0,4.0,PASS
2026-07-30T14:48:25.626342,2026-07-30T14:48:25.626345,MK001106,REG001181,22,58,80,A+,9,36.0,4.0,4.0,PASS
2026-07-30T14:48:25.626355,2026-07-30T14:48:25.626358,MK001107,REG001182,26,57,83,A+,9,36.0,4.0,4.0,PASS
2026-07-30T14:48:25.626368,2026-07-30T14:48:25.626370,MK001108,REG001183,23,61,84,A+,9,36.0,4.0,4.0,PASS
2026-07-30T14:48:25.626380,2026-07-30T14:48:25.626383,MK001109,REG001184,25,62,87,A+,9,36.0,4.0,4.0,PASS
2026-07-30T14:48:25.626392,2026-07-30T14:48:25.626395,MK001110,REG001185,18,49,67,B+,7,28.0,4.0,4.0,PASS
2026-07-30T14:48:25.626404,2026-07-30T14:48:25.626407,MK001111,REG001186,16,45,61,B+,7,28.0,4.0,4.0,PASS
2026-07-30T14:48:25.626417,2026-07-30T14:48:25.626419,MK001112,REG001187,21,51,72,A,8,32.0,4.0,4.0,PASS
2026-07-30T14:48:25.626430,2026-07-30T14:48:25.626432,MK001113,REG001188,19,49,68,B+,7,28.0,4.0,4.0,PASS
2026-07-30T14:48:25.626453,2026-07-30T14:48:25.626457,MK001114,REG001189,26,61,87,A+,9,36.0,4.0,4.0,PASS
2026-07-30T14:48:25.626468,2026-07-30T14:48:25.626471,MK001115,REG001190,22,59,81,A+,9,36.0,4.0,4.0,PASS
2026-07-30T14:48:25.626481,2026-07-30T14:48:25.626483,MK001116,REG001191,25,59,84,A+,9,36.0,4.0,4.0,PASS
2026-07-30T14:48:25.626494,2026-07-30T14:48:25.626497,MK001117,REG001192,23,61,84,A+,9,36.0,4.0,4.0,PASS
2026-07-30T14:48:25.626506,2026-07-30T14:48:25.626509,MK001118,REG001193,18,49,67,B+,7,28.0,4.0,4.0,PASS
2026-07-30T14:48:25.626518,2026-07-30T14:48:25.626521,MK001119,REG001194,17,52,69,B+,7,28.0,4.0,4.0,PASS
2026-07-30T14:48:25.626536,2026-07-30T14:48:25.626539,MK001120,REG001195,20,52,72,A,8,32.0,4.0,4.0,PASS
2026-07-30T14:48:25.626549,2026-07-30T14:48:25.626551,MK001121,REG001196,21,50,71,A,8,32.0,4.0,4.0,PASS
2026-07-30T14:48:25.626560,2026-07-30T14:48:25.626563,MK001122,REG001197,15,45,60,B+,7,28.0,4.0,4.0,PASS
2026-07-30T14:48:25.626573,2026-07-30T14:48:25.626576,MK001123,REG001199,14,46,60,B+,7,28.0,4.0,4.0,PASS
2026-07-30T14:48:25.626586,2026-07-30T14:48:25.626588,MK001124,REG001200,12,46,58,B,6,24.0,4.0,4.0,PASS
2026-07-30T14:48:25.626599,2026-07-30T14:48:25.626602,MK001125,REG001201,10,41,51,B,6,24.0,4.0,4.0,PASS
2026-07-30T14:48:25.626639,2026-07-30T14:48:25.626646,MK001126,REG001202,11,41,52,B,6,24.0,4.0,4.0,PASS
2026-07-30T14:48:25.626733,2026-07-30T14:48:25.626741,MK001127,REG001203,11,31,42,P,4,16.0,4.0,4.0,PASS
2026-07-30T14:48:25.626762,2026-07-30T14:48:25.626764,MK001128,REG001204,13,32,45,C,5,20.0,4.0,4.0,PASS
2026-07-30T14:48:25.626775,2026-07-30T14:48:25.626778,MK001129,REG001205,26,56,82,A+,9,36.0,4.0,4.0,PASS
2026-07-30T14:48:25.626787,2026-07-30T14:48:25.626790,MK001130,REG001206,23,56,79,A,8,32.0,4.0,4.0,PASS
2026-07-30T14:48:25.626799,2026-07-30T14:48:25.626802,MK001131,REG001207,26,56,82,A+,9,36.0,4.0,4.0,PASS
2026-07-30T14:48:25.626811,2026-07-30T14:48:25.626814,MK001132,REG001208,26,56,82,A+,9,36.0,4.0,4.0,PASS
2026-07-30T14:48:25.626823,2026-07-30T14:48:25.626826,MK001133,REG001209,24,61,85,A+,9,36.0,4.0,4.0,PASS
2026-07-30T14:48:25.626845,2026-07-30T14:48:25.626848,MK001134,REG001210,22,61,83,A+,9,36.0,4.0,4.0,PASS
2026-07-30T14:48:25.626858,2026-07-30T14:48:25.626860,MK001135,REG001211,24,58,82,A+,9,36.0,4.0,4.0,PASS
2026-07-30T14:48:25.626870,2026-07-30T14:48:25.626873,MK001136,REG001212,25,60,85,A+,9,36.0,4.0,4.0,PASS
2026-07-30T14:48:25.626883,2026-07-30T14:48:25.626887,MK001137,REG001213,23,56,79,A,8,32.0,4.0,4.0,PASS
2026-07-30T14:48:25.626896,2026-07-30T14:48:25.626899,MK001138,REG001214,23,59,82,A+,9,36.0,4.0,4.0,PASS
2026-07-30T14:48:25.626908,2026-07-30T14:48:25.626911,MK001139,REG001215,22,59,81,A+,9,36.0,4.0,4.0,PASS
2026-07-30T14:48:25.626920,2026-07-30T14:48:25.626922,MK001140,REG001216,25,60,85,A+,9,36.0,4.0,4.0,PASS
2026-07-30T14:48:25.626939,2026-07-30T14:48:25.626943,MK001141,REG001217,24,60,84,A+,9,36.0,4.0,4.0,PASS
2026-07-30T14:48:25.626964,2026-07-30T14:48:25.626968,MK001142,REG001218,26,61,87,A+,9,36.0,4.0,4.0,PASS
2026-07-30T14:48:25.626980,2026-07-30T14:48:25.626983,MK001143,REG001219,26,55,81,A+,9,36.0,4.0,4.0,PASS
2026-07-30T14:48:25.626995,2026-07-30T14:48:25.626998,MK001144,REG001220,24,59,83,A+,9,36.0,4.0,4.0,PASS
2026-07-30T14:48:25.627020,2026-07-30T14:48:25.627026,MK001145,REG001221,19,49,68,B+,7,28.0,4.0,4.0,PASS
2026-07-30T14:48:25.627054,2026-07-30T14:48:25.627061,MK001146,REG001222,21,48,69,B+,7,28.0,4.0,4.0,PASS
2026-07-30T14:48:25.627087,2026-07-30T14:48:25.627093,MK001147,REG001223,20,46,66,B+,7,28.0,4.0,4.0,PASS
2026-07-30T14:48:25.627119,2026-07-30T14:48:25.627124,MK001148,REG001224,20,51,71,A,8,32.0,4.0,4.0,PASS
2026-07-30T14:48:25.627144,2026-07-30T14:48:25.627149,MK001149,REG001225,20,53,73,A,8,32.0,4.0,4.0,PASS
2026-07-30T14:48:25.627169,2026-07-30T14:48:25.627174,MK001150,REG001226,16,47,63,B+,7,28.0,4.0,4.0,PASS
2026-07-30T14:48:25.627194,2026-07-30T14:48:25.627199,MK001151,REG001227,19,54,73,A,8,32.0,4.0,4.0,PASS
2026-07-30T14:48:25.627226,2026-07-30T14:48:25.627232,MK001152,REG001228,21,52,73,A,8,32.0,4.0,4.0,PASS
2026-07-30T14:48:25.627257,2026-07-30T14:48:25.627263,MK001153,REG001229,17,52,69,B+,7,28.0,4.0,4.0,PASS
2026-07-30T14:48:25.627285,2026-07-30T14:48:25.627288,MK001154,REG001230,21,47,68,B+,7,28.0,4.0,4.0,PASS
2026-07-30T14:48:25.627312,2026-07-30T14:48:25.627318,MK001155,REG001231,21,49,70,A,8,32.0,4.0,4.0,PASS
2026-07-30T14:48:25.627339,2026-07-30T14:48:25.627347,MK001156,REG001232,19,52,71,A,8,32.0,4.0,4.0,PASS
2026-07-30T14:48:25.627385,2026-07-30T14:48:25.627393,MK001157,REG001233,19,51,70,A,8,32.0,4.0,4.0,PASS
2026-07-30T14:48:25.627418,2026-07-30T14:48:25.627423,MK001158,REG001234,21,48,69,B+,7,28.0,4.0,4.0,PASS
2026-07-30T14:48:25.627444,2026-07-30T14:48:25.627450,MK001159,REG001235,17,52,69,B+,7,28.0,4.0,4.0,PASS
2026-07-30T14:48:25.627472,2026-07-30T14:48:25.627477,MK001160,REG001236,19,47,66,B+,7,28.0,4.0,4.0,PASS
2026-07-30T14:48:25.627501,2026-07-30T14:48:25.627507,MK001161,REG001238,12,32,44,P,4,16.0,4.0,4.0,PASS
2026-07-30T14:48:25.627529,2026-07-30T14:48:25.627535,MK001162,REG001239,12,31,43,P,4,16.0,4.0,4.0,PASS
2026-07-30T14:48:25.627557,2026-07-30T14:48:25.627563,MK001163,REG001240,15,33,48,C,5,20.0,4.0,4.0,PASS
2026-07-30T14:48:25.627584,2026-07-30T14:48:25.627590,MK001164,REG001241,20,54,74,A,8,32.0,4.0,4.0,PASS
2026-07-30T14:48:25.627612,2026-07-30T14:48:25.627617,MK001165,REG001242,16,51,67,B+,7,28.0,4.0,4.0,PASS
2026-07-30T14:48:25.627639,2026-07-30T14:48:25.627644,MK001166,REG001243,21,51,72,A,8,32.0,4.0,4.0,PASS
2026-07-30T14:48:25.627666,2026-07-30T14:48:25.627672,MK001167,REG001244,20,47,67,B+,7,28.0,4.0,4.0,PASS
2026-07-30T14:48:25.627694,2026-07-30T14:48:25.627714,MK001168,REG001245,12,40,52,B,6,24.0,4.0,4.0,PASS
2026-07-30T14:48:25.627738,2026-07-30T14:48:25.627743,MK001169,REG001246,14,46,60,B+,7,28.0,4.0,4.0,PASS
2026-07-30T14:48:25.627775,2026-07-30T14:48:25.627783,MK001170,REG001247,14,43,57,B,6,24.0,4.0,4.0,PASS
2026-07-30T14:48:25.627806,2026-07-30T14:48:25.627811,MK001171,REG001249,20,53,73,A,8,32.0,4.0,4.0,PASS
2026-07-30T14:48:25.627833,2026-07-30T14:48:25.627839,MK001172,REG001250,18,50,68,B+,7,28.0,4.0,4.0,PASS
2026-07-30T14:48:25.627860,2026-07-30T14:48:25.627865,MK001173,REG001251,21,51,72,A,8,32.0,4.0,4.0,PASS
2026-07-30T14:48:25.627886,2026-07-30T14:48:25.627892,MK001174,REG001252,19,51,70,A,8,32.0,4.0,4.0,PASS
2026-07-30T14:48:25.627913,2026-07-30T14:48:25.627919,MK001175,REG001253,21,51,72,A,8,32.0,4.0,4.0,PASS
2026-07-30T14:48:25.627943,2026-07-30T14:48:25.627949,MK001176,REG001254,16,49,65,B+,7,28.0,4.0,4.0,PASS
2026-07-30T14:48:25.627970,2026-07-30T14:48:25.627976,MK001177,REG001255,20,53,73,A,8,32.0,4.0,4.0,PASS
2026-07-30T14:48:25.627998,2026-07-30T14:48:25.628003,MK001178,REG001256,21,49,70,A,8,32.0,4.0,4.0,PASS
2026-07-30T14:48:25.628025,2026-07-30T14:48:25.628030,MK001179,REG001257,29,67,96,O,10,40.0,4.0,4.0,PASS
2026-07-30T14:48:25.628052,2026-07-30T14:48:25.628057,MK001180,REG001258,29,70,99,O,10,40.0,4.0,4.0,PASS
2026-07-30T14:48:25.628078,2026-07-30T14:48:25.628084,MK001181,REG001259,30,63,93,O,10,40.0,4.0,4.0,PASS
2026-07-30T14:48:25.628107,2026-07-30T14:48:25.628113,MK001182,REG001260,27,65,92,O,10,40.0,4.0,4.0,PASS
2026-07-30T14:48:25.628138,2026-07-30T14:48:25.628144,MK001183,REG001262,7,27,34,F,0,0.0,4.0,0.0,FAIL
2026-07-30T14:48:25.628166,2026-07-30T14:48:25.628172,MK001184,REG001264,9,35,44,P,4,16.0,4.0,4.0,PASS
2026-07-30T14:48:25.628194,2026-07-30T14:48:25.628199,MK001185,REG001265,25,60,85,A+,9,36.0,4.0,4.0,PASS
2026-07-30T14:48:25.628220,2026-07-30T14:48:25.628226,MK001186,REG001266,23,56,79,A,8,32.0,4.0,4.0,PASS
2026-07-30T14:48:25.628247,2026-07-30T14:48:25.628253,MK001187,REG001267,25,58,83,A+,9,36.0,4.0,4.0,PASS
2026-07-30T14:48:25.628275,2026-07-30T14:48:25.628281,MK001188,REG001268,25,62,87,A+,9,36.0,4.0,4.0,PASS
2026-07-30T14:48:25.628303,2026-07-30T14:48:25.628308,MK001189,REG001269,8,42,50,B,6,24.0,4.0,4.0,PASS
2026-07-30T14:48:25.628330,2026-07-30T14:48:25.628336,MK001190,REG001270,12,40,52,B,6,24.0,4.0,4.0,PASS
2026-07-30T14:48:25.628358,2026-07-30T14:48:25.628364,MK001191,REG001272,14,35,49,C,5,20.0,4.0,4.0,PASS
2026-07-30T14:48:25.628400,2026-07-30T14:48:25.628405,MK001192,REG001273,29,68,97,O,10,40.0,4.0,4.0,PASS
2026-07-30T14:48:25.628424,2026-07-30T14:48:25.628429,MK001193,REG001274,29,67,96,O,10,40.0,4.0,4.0,PASS
2026-07-30T14:48:25.628448,2026-07-30T14:48:25.628453,MK001194,REG001275,29,70,99,O,10,40.0,4.0,4.0,PASS
2026-07-30T14:48:25.628473,2026-07-30T14:48:25.628478,MK001195,REG001276,28,67,95,O,10,40.0,4.0,4.0,PASS
2026-07-30T14:48:25.628503,2026-07-30T14:48:25.628508,MK001196,REG001277,21,46,67,B+,7,28.0,4.0,4.0,PASS
2026-07-30T14:48:25.628528,2026-07-30T14:48:25.628533,MK001197,REG001278,21,52,73,A,8,32.0,4.0,4.0,PASS
2026-07-30T14:48:25.628554,2026-07-30T14:48:25.628559,MK001198,REG001280,19,45,64,B+,7,28.0,4.0,4.0,PASS
2026-07-30T14:48:25.628616,2026-07-30T14:48:25.628623,MK001199,REG001281,12,31,43,P,4,16.0,4.0,4.0,PASS
2026-07-30T14:48:25.628648,2026-07-30T14:48:25.628653,MK001200,REG001282,14,41,55,B,6,24.0,4.0,4.0,PASS
2026-07-30T14:48:25.628678,2026-07-30T14:48:25.628683,MK001201,REG001283,8,37,45,C,5,20.0,4.0,4.0,PASS
2026-07-30T14:48:25.628724,2026-07-30T14:48:25.628734,MK001202,REG001285,21,54,75,A,8,32.0,4.0,4.0,PASS
2026-07-30T14:48:25.628754,2026-07-30T14:48:25.628757,MK001203,REG001286,20,50,70,A,8,32.0,4.0,4.0,PASS
2026-07-30T14:48:25.628769,2026-07-30T14:48:25.628772,MK001204,REG001287,18,51,69,B+,7,28.0,4.0,4.0,PASS
2026-07-30T14:48:25.628782,2026-07-30T14:48:25.628785,MK001205,REG001288,19,45,64,B+,7,28.0,4.0,4.0,PASS
2026-07-30T14:48:25.628798,2026-07-30T14:48:25.628800,MK001206,REG001289,30,64,94,O,10,40.0,4.0,4.0,PASS
2026-07-30T14:48:25.628811,2026-07-30T14:48:25.628814,MK001207,REG001290,27,64,91,O,10,40.0,4.0,4.0,PASS
2026-07-30T14:48:25.628824,2026-07-30T14:48:25.628827,MK001208,REG001291,30,67,97,O,10,40.0,4.0,4.0,PASS
2026-07-30T14:48:25.628854,2026-07-30T14:48:25.628858,MK001209,REG001292,30,67,97,O,10,40.0,4.0,4.0,PASS
2026-07-30T14:48:25.628868,2026-07-30T14:48:25.628871,MK001210,REG001293,21,53,74,A,8,32.0,4.0,4.0,PASS
2026-07-30T14:48:25.628881,2026-07-30T14:48:25.628885,MK001211,REG001294,16,49,65,B+,7,28.0,4.0,4.0,PASS
2026-07-30T14:48:25.628904,2026-07-30T14:48:25.628907,MK001212,REG001295,20,54,74,A,8,32.0,4.0,4.0,PASS
2026-07-30T14:48:25.628922,2026-07-30T14:48:25.628925,MK001213,REG001296,17,46,63,B+,7,28.0,4.0,4.0,PASS
2026-07-30T14:48:25.628936,2026-07-30T14:48:25.628939,MK001214,REG001297,18,47,65,B+,7,28.0,4.0,4.0,PASS
2026-07-30T14:48:25.628948,2026-07-30T14:48:25.628951,MK001215,REG001298,17,51,68,B+,7,28.0,4.0,4.0,PASS
2026-07-30T14:48:25.628962,2026-07-30T14:48:25.628966,MK001216,REG001299,18,48,66,B+,7,28.0,4.0,4.0,PASS
2026-07-30T14:48:25.628987,2026-07-30T14:48:25.628990,MK001217,REG001300,17,47,64,B+,7,28.0,4.0,4.0,PASS
2026-07-30T14:48:25.629008,2026-07-30T14:48:25.629011,MK001218,REG001301,20,45,65,B+,7,28.0,4.0,4.0,PASS
2026-07-30T14:48:25.629025,2026-07-30T14:48:25.629027,MK001219,REG001302,16,53,69,B+,7,28.0,4.0,4.0,PASS
2026-07-30T14:48:25.629038,2026-07-30T14:48:25.629040,MK001220,REG001303,17,51,68,B+,7,28.0,4.0,4.0,PASS
2026-07-30T14:48:25.629051,2026-07-30T14:48:25.629053,MK001221,REG001304,17,51,68,B+,7,28.0,4.0,4.0,PASS
2026-07-30T14:48:25.629073,2026-07-30T14:48:25.629077,MK001222,REG001305,18,53,71,A,8,32.0,4.0,4.0,PASS
2026-07-30T14:48:25.629088,2026-07-30T14:48:25.629091,MK001223,REG001307,16,50,66,B+,7,28.0,4.0,4.0,PASS
2026-07-30T14:48:25.629102,2026-07-30T14:48:25.629105,MK001224,REG001308,18,54,72,A,8,32.0,4.0,4.0,PASS
2026-07-30T14:48:25.629115,2026-07-30T14:48:25.629118,MK001225,REG001309,18,49,67,B+,7,28.0,4.0,4.0,PASS
2026-07-30T14:48:25.629129,2026-07-30T14:48:25.629132,MK001226,REG001310,18,51,69,B+,7,28.0,4.0,4.0,PASS
2026-07-30T14:48:25.629147,2026-07-30T14:48:25.629150,MK001227,REG001311,17,51,68,B+,7,28.0,4.0,4.0,PASS
2026-07-30T14:48:25.629163,2026-07-30T14:48:25.629166,MK001228,REG001313,6,7,13,F,0,0.0,4.0,0.0,FAIL
2026-07-30T14:48:25.629177,2026-07-30T14:48:25.629180,MK001229,REG001314,7,12,19,F,0,0.0,4.0,0.0,FAIL
2026-07-30T14:48:25.629191,2026-07-30T14:48:25.629193,MK001230,REG001315,7,34,41,P,4,16.0,4.0,4.0,PASS
2026-07-30T14:48:25.629204,2026-07-30T14:48:25.629207,MK001231,REG001316,0,34,34,F,0,0.0,4.0,0.0,FAIL
2026-07-30T14:48:25.629219,2026-07-30T14:48:25.629222,MK001232,REG001318,15,31,46,C,5,20.0,4.0,4.0,PASS
2026-07-30T14:48:25.629233,2026-07-30T14:48:25.629236,MK001233,REG001319,11,32,43,P,4,16.0,4.0,4.0,PASS
2026-07-30T14:48:25.629252,2026-07-30T14:48:25.629255,MK001234,REG001320,15,31,46,C,5,20.0,4.0,4.0,PASS
2026-07-30T14:48:25.629269,2026-07-30T14:48:25.629272,MK001235,REG001321,10,38,48,C,5,20.0,4.0,4.0,PASS
2026-07-30T14:48:25.629282,2026-07-30T14:48:25.629285,MK001236,REG001322,14,35,49,C,5,20.0,4.0,4.0,PASS
2026-07-30T14:48:25.629296,2026-07-30T14:48:25.629299,MK001237,REG001324,11,40,51,B,6,24.0,4.0,4.0,PASS
2026-07-30T14:48:25.629311,2026-07-30T14:48:25.629315,MK001238,REG001325,8,36,44,P,4,16.0,4.0,4.0,PASS
2026-07-30T14:48:25.629325,2026-07-30T14:48:25.629328,MK001239,REG001326,13,35,48,C,5,20.0,4.0,4.0,PASS
2026-07-30T14:48:25.629340,2026-07-30T14:48:25.629342,MK001240,REG001328,13,34,47,C,5,20.0,4.0,4.0,PASS
2026-07-30T14:48:25.629354,2026-07-30T14:48:25.629357,MK001241,REG001329,30,70,100,O,10,40.0,4.0,4.0,PASS
2026-07-30T14:48:25.629367,2026-07-30T14:48:25.629370,MK001242,REG001330,27,66,93,O,10,40.0,4.0,4.0,PASS
2026-07-30T14:48:25.629381,2026-07-30T14:48:25.629384,MK001243,REG001331,30,69,99,O,10,40.0,4.0,4.0,PASS
2026-07-30T14:48:25.629395,2026-07-30T14:48:25.629398,MK001244,REG001332,27,70,97,O,10,40.0,4.0,4.0,PASS
2026-07-30T14:48:25.629409,2026-07-30T14:48:25.629413,MK001245,REG001333,19,47,66,B+,7,28.0,4.0,4.0,PASS
2026-07-30T14:48:25.629428,2026-07-30T14:48:25.629431,MK001246,REG001334,16,51,67,B+,7,28.0,4.0,4.0,PASS
2026-07-30T14:48:25.629448,2026-07-30T14:48:25.629451,MK001247,REG001335,16,48,64,B+,7,28.0,4.0,4.0,PASS
2026-07-30T14:48:25.629464,2026-07-30T14:48:25.629467,MK001248,REG001336,18,48,66,B+,7,28.0,4.0,4.0,PASS
2026-07-30T14:48:25.629477,2026-07-30T14:48:25.629480,MK001249,REG001337,29,63,92,O,10,40.0,4.0,4.0,PASS
2026-07-30T14:48:25.629490,2026-07-30T14:48:25.629493,MK001250,REG001338,28,64,92,O,10,40.0,4.0,4.0,PASS
2026-07-30T14:48:25.629502,2026-07-30T14:48:25.629504,MK001251,REG001339,28,65,93,O,10,40.0,4.0,4.0,PASS
2026-07-30T14:48:25.629514,2026-07-30T14:48:25.629517,MK001252,REG001340,27,70,97,O,10,40.0,4.0,4.0,PASS
2026-07-30T14:48:25.629527,2026-07-30T14:48:25.629530,MK001253,REG001341,27,67,94,O,10,40.0,4.0,4.0,PASS
2026-07-30T14:48:25.629548,2026-07-30T14:48:25.629553,MK001254,REG001342,28,66,94,O,10,40.0,4.0,4.0,PASS
2026-07-30T14:48:25.629579,2026-07-30T14:48:25.629585,MK001255,REG001343,29,65,94,O,10,40.0,4.0,4.0,PASS
2026-07-30T14:48:25.629606,2026-07-30T14:48:25.629611,MK001256,REG001344,28,64,92,O,10,40.0,4.0,4.0,PASS
2026-07-30T14:48:25.629632,2026-07-30T14:48:25.629638,MK001257,REG001345,15,30,45,C,5,20.0,4.0,4.0,PASS
2026-07-30T14:48:25.629659,2026-07-30T14:48:25.629665,MK001258,REG001346,14,35,49,C,5,20.0,4.0,4.0,PASS
2026-07-30T14:48:25.629685,2026-07-30T14:48:25.629691,MK001259,REG001347,12,30,42,P,4,16.0,4.0,4.0,PASS
2026-07-30T14:48:25.629731,2026-07-30T14:48:25.629739,MK001260,REG001348,13,41,54,B,6,24.0,4.0,4.0,PASS
2026-07-30T14:48:25.629783,2026-07-30T14:48:25.629789,MK001261,REG001349,29,63,92,O,10,40.0,4.0,4.0,PASS
2026-07-30T14:48:25.629811,2026-07-30T14:48:25.629816,MK001262,REG001350,27,63,90,O,10,40.0,4.0,4.0,PASS
2026-07-30T14:48:25.629838,2026-07-30T14:48:25.629855,MK001263,REG001351,29,66,95,O,10,40.0,4.0,4.0,PASS
2026-07-30T14:48:25.629882,2026-07-30T14:48:25.629886,MK001264,REG001352,28,70,98,O,10,40.0,4.0,4.0,PASS
2026-07-30T14:48:25.629914,2026-07-30T14:48:25.629921,MK001265,REG001353,4,32,36,F,0,0.0,4.0,0.0,FAIL
2026-07-30T14:48:25.629947,2026-07-30T14:48:25.629972,MK001266,REG001355,5,6,11,F,0,0.0,4.0,0.0,FAIL
2026-07-30T14:48:25.629989,2026-07-30T14:48:25.629992,MK001267,REG001356,3,26,29,F,0,0.0,4.0,0.0,FAIL
2026-07-30T14:48:25.630003,2026-07-30T14:48:25.630005,MK001268,REG001357,22,55,77,A,8,32.0,4.0,4.0,PASS
2026-07-30T14:48:25.630014,2026-07-30T14:48:25.630017,MK001269,REG001358,22,57,79,A,8,32.0,4.0,4.0,PASS
2026-07-30T14:48:25.630027,2026-07-30T14:48:25.630029,MK001270,REG001359,26,62,88,A+,9,36.0,4.0,4.0,PASS
2026-07-30T14:48:25.630039,2026-07-30T14:48:25.630041,MK001271,REG001360,25,58,83,A+,9,36.0,4.0,4.0,PASS
2026-07-30T14:48:25.630051,2026-07-30T14:48:25.630058,MK001272,REG001361,8,41,49,C,5,20.0,4.0,4.0,PASS
2026-07-30T14:48:25.630069,2026-07-30T14:48:25.630071,MK001273,REG001362,14,34,48,C,5,20.0,4.0,4.0,PASS
2026-07-30T14:48:25.630081,2026-07-30T14:48:25.630083,MK001274,REG001363,9,30,39,F,0,0.0,4.0,0.0,FAIL
2026-07-30T14:48:25.630093,2026-07-30T14:48:25.630096,MK001275,REG001365,24,55,79,A,8,32.0,4.0,4.0,PASS
2026-07-30T14:48:25.630105,2026-07-30T14:48:25.630108,MK001276,REG001366,24,56,80,A+,9,36.0,4.0,4.0,PASS
2026-07-30T14:48:25.630117,2026-07-30T14:48:25.630120,MK001277,REG001367,23,59,82,A+,9,36.0,4.0,4.0,PASS
2026-07-30T14:48:25.630129,2026-07-30T14:48:25.630131,MK001278,REG001368,24,57,81,A+,9,36.0,4.0,4.0,PASS
2026-07-30T14:48:25.630141,2026-07-30T14:48:25.630144,MK001279,REG001369,17,45,62,B+,7,28.0,4.0,4.0,PASS
2026-07-30T14:48:25.630153,2026-07-30T14:48:25.630156,MK001280,REG001370,16,54,70,A,8,32.0,4.0,4.0,PASS
2026-07-30T14:48:25.630165,2026-07-30T14:48:25.630167,MK001281,REG001371,19,46,65,B+,7,28.0,4.0,4.0,PASS
2026-07-30T14:48:25.630176,2026-07-30T14:48:25.630179,MK001282,REG001372,20,46,66,B+,7,28.0,4.0,4.0,PASS
2026-07-30T14:48:25.630192,2026-07-30T14:48:25.630194,MK001283,REG001373,11,34,45,C,5,20.0,4.0,4.0,PASS
2026-07-30T14:48:25.630204,2026-07-30T14:48:25.630207,MK001284,REG001374,11,38,49,C,5,20.0,4.0,4.0,PASS
2026-07-30T14:48:25.630216,2026-07-30T14:48:25.630219,MK001285,REG001375,13,34,47,C,5,20.0,4.0,4.0,PASS
2026-07-30T14:48:25.630228,2026-07-30T14:48:25.630230,MK001286,REG001376,15,42,57,B,6,24.0,4.0,4.0,PASS
2026-07-30T14:48:25.630240,2026-07-30T14:48:25.630242,MK001287,REG001377,26,57,83,A+,9,36.0,4.0,4.0,PASS
2026-07-30T14:48:25.630251,2026-07-30T14:48:25.630254,MK001288,REG001378,25,57,82,A+,9,36.0,4.0,4.0,PASS
2026-07-30T14:48:25.630263,2026-07-30T14:48:25.630266,MK001289,REG001379,22,58,80,A+,9,36.0,4.0,4.0,PASS
2026-07-30T14:48:25.630275,2026-07-30T14:48:25.630278,MK001290,REG001380,24,61,85,A+,9,36.0,4.0,4.0,PASS
2026-07-30T14:48:25.630287,2026-07-30T14:48:25.630290,MK001291,REG001381,17,47,64,B+,7,28.0,4.0,4.0,PASS
2026-07-30T14:48:25.630300,2026-07-30T14:48:25.630302,MK001292,REG001382,17,47,64,B+,7,28.0,4.0,4.0,PASS
2026-07-30T14:48:25.630312,2026-07-30T14:48:25.630314,MK001293,REG001383,17,53,70,A,8,32.0,4.0,4.0,PASS
2026-07-30T14:48:25.630323,2026-07-30T14:48:25.630326,MK001294,REG001384,17,50,67,B+,7,28.0,4.0,4.0,PASS
2026-07-30T14:48:25.630335,2026-07-30T14:48:25.630338,MK001295,REG001385,16,53,69,B+,7,28.0,4.0,4.0,PASS
2026-07-30T14:48:25.630347,2026-07-30T14:48:25.630349,MK001296,REG001386,17,46,63,B+,7,28.0,4.0,4.0,PASS
2026-07-30T14:48:25.630362,2026-07-30T14:48:25.630365,MK001297,REG001387,21,54,75,A,8,32.0,4.0,4.0,PASS
2026-07-30T14:48:25.630378,2026-07-30T14:48:25.630381,MK001298,REG001389,19,53,72,A,8,32.0,4.0,4.0,PASS
2026-07-30T14:48:25.630390,2026-07-30T14:48:25.630393,MK001299,REG001390,19,45,64,B+,7,28.0,4.0,4.0,PASS
2026-07-30T14:48:25.630402,2026-07-30T14:48:25.630405,MK001300,REG001391,19,48,67,B+,7,28.0,4.0,4.0,PASS
2026-07-30T14:48:25.630414,2026-07-30T14:48:25.630417,MK001301,REG001392,21,45,66,B+,7,28.0,4.0,4.0,PASS
2026-07-30T14:48:25.630426,2026-07-30T14:48:25.630429,MK001302,REG001393,23,62,85,A+,9,36.0,4.0,4.0,PASS
2026-07-30T14:48:25.630438,2026-07-30T14:48:25.630441,MK001303,REG001394,23,61,84,A+,9,36.0,4.0,4.0,PASS
2026-07-30T14:48:25.630450,2026-07-30T14:48:25.630452,MK001304,REG001395,23,57,80,A+,9,36.0,4.0,4.0,PASS
2026-07-30T14:48:25.630461,2026-07-30T14:48:25.630464,MK001305,REG001396,25,59,84,A+,9,36.0,4.0,4.0,PASS
2026-07-30T14:48:25.630473,2026-07-30T14:48:25.630476,MK001306,REG001397,19,54,73,A,8,32.0,4.0,4.0,PASS
2026-07-30T14:48:25.630485,2026-07-30T14:48:25.630488,MK001307,REG001398,17,50,67,B+,7,28.0,4.0,4.0,PASS
2026-07-30T14:48:25.630496,2026-07-30T14:48:25.630499,MK001308,REG001399,18,51,69,B+,7,28.0,4.0,4.0,PASS
2026-07-30T14:48:25.630508,2026-07-30T14:48:25.630510,MK001309,REG001400,16,45,61,B+,7,28.0,4.0,4.0,PASS
2026-07-30T14:48:25.630520,2026-07-30T14:48:25.630525,MK001310,REG001401,22,62,84,A+,9,36.0,4.0,4.0,PASS
2026-07-30T14:48:25.630534,2026-07-30T14:48:25.630537,MK001311,REG001402,26,61,87,A+,9,36.0,4.0,4.0,PASS
2026-07-30T14:48:25.630555,2026-07-30T14:48:25.630558,MK001312,REG001403,26,56,82,A+,9,36.0,4.0,4.0,PASS
2026-07-30T14:48:25.630568,2026-07-30T14:48:25.630570,MK001313,REG001404,25,58,83,A+,9,36.0,4.0,4.0,PASS
2026-07-30T14:48:25.630580,2026-07-30T14:48:25.630583,MK001314,REG001405,18,53,71,A,8,32.0,4.0,4.0,PASS
2026-07-30T14:48:25.630592,2026-07-30T14:48:25.630594,MK001315,REG001406,16,50,66,B+,7,28.0,4.0,4.0,PASS
2026-07-30T14:48:25.630604,2026-07-30T14:48:25.630606,MK001316,REG001407,18,49,67,B+,7,28.0,4.0,4.0,PASS
2026-07-30T14:48:25.630615,2026-07-30T14:48:25.630618,MK001317,REG001408,16,48,64,B+,7,28.0,4.0,4.0,PASS
2026-07-30T14:48:25.630629,2026-07-30T14:48:25.630631,MK001318,REG001409,20,50,70,A,8,32.0,4.0,4.0,PASS
2026-07-30T14:48:25.630641,2026-07-30T14:48:25.630643,MK001319,REG001410,20,53,73,A,8,32.0,4.0,4.0,PASS
2026-07-30T14:48:25.630652,2026-07-30T14:48:25.630655,MK001320,REG001411,21,46,67,B+,7,28.0,4.0,4.0,PASS
2026-07-30T14:48:25.630664,2026-07-30T14:48:25.630667,MK001321,REG001412,18,53,71,A,8,32.0,4.0,4.0,PASS
2026-07-30T14:48:25.630678,2026-07-30T14:48:25.630681,MK001322,REG001413,28,63,91,O,10,40.0,4.0,4.0,PASS
2026-07-30T14:48:25.630690,2026-07-30T14:48:25.630693,MK001323,REG001414,28,64,92,O,10,40.0,4.0,4.0,PASS
2026-07-30T14:48:25.630735,2026-07-30T14:48:25.630743,MK001324,REG001415,27,68,95,O,10,40.0,4.0,4.0,PASS
2026-07-30T14:48:25.630766,2026-07-30T14:48:25.630769,MK001325,REG001416,29,64,93,O,10,40.0,4.0,4.0,PASS
2026-07-30T14:48:25.630781,2026-07-30T14:48:25.630783,MK001326,REG001417,23,62,85,A+,9,36.0,4.0,4.0,PASS
2026-07-30T14:48:25.630793,2026-07-30T14:48:25.630795,MK001327,REG001418,24,56,80,A+,9,36.0,4.0,4.0,PASS
2026-07-30T14:48:25.630805,2026-07-30T14:48:25.630807,MK001328,REG001419,25,57,82,A+,9,36.0,4.0,4.0,PASS
2026-07-30T14:48:25.630817,2026-07-30T14:48:25.630820,MK001329,REG001420,25,57,82,A+,9,36.0,4.0,4.0,PASS
2026-07-30T14:48:25.630829,2026-07-30T14:48:25.630832,MK001330,REG001421,26,56,82,A+,9,36.0,4.0,4.0,PASS
2026-07-30T14:48:25.630842,2026-07-30T14:48:25.630844,MK001331,REG001422,25,55,80,A+,9,36.0,4.0,4.0,PASS
2026-07-30T14:48:25.630854,2026-07-30T14:48:25.630856,MK001332,REG001423,24,58,82,A+,9,36.0,4.0,4.0,PASS
2026-07-30T14:48:25.630866,2026-07-30T14:48:25.630869,MK001333,REG001424,25,58,83,A+,9,36.0,4.0,4.0,PASS
2026-07-30T14:48:25.630880,2026-07-30T14:48:25.630882,MK001334,REG001425,19,45,64,B+,7,28.0,4.0,4.0,PASS
2026-07-30T14:48:25.630891,2026-07-30T14:48:25.630894,MK001335,REG001426,21,45,66,B+,7,28.0,4.0,4.0,PASS
2026-07-30T14:48:25.630905,2026-07-30T14:48:25.630907,MK001336,REG001427,18,48,66,B+,7,28.0,4.0,4.0,PASS
2026-07-30T14:48:25.630917,2026-07-30T14:48:25.630919,MK001337,REG001428,16,46,62,B+,7,28.0,4.0,4.0,PASS
2026-07-30T14:48:25.630929,2026-07-30T14:48:25.630932,MK001338,REG001429,25,60,85,A+,9,36.0,4.0,4.0,PASS
2026-07-30T14:48:25.630941,2026-07-30T14:48:25.630944,MK001339,REG001430,26,55,81,A+,9,36.0,4.0,4.0,PASS
2026-07-30T14:48:25.630963,2026-07-30T14:48:25.630966,MK001340,REG001431,25,62,87,A+,9,36.0,4.0,4.0,PASS
2026-07-30T14:48:25.630976,2026-07-30T14:48:25.630978,MK001341,REG001432,24,61,85,A+,9,36.0,4.0,4.0,PASS
2026-07-30T14:48:25.630988,2026-07-30T14:48:25.630991,MK001342,REG001433,18,53,71,A,8,32.0,4.0,4.0,PASS
2026-07-30T14:48:25.631000,2026-07-30T14:48:25.631003,MK001343,REG001434,20,53,73,A,8,32.0,4.0,4.0,PASS
2026-07-30T14:48:25.631012,2026-07-30T14:48:25.631015,MK001344,REG001435,19,51,70,A,8,32.0,4.0,4.0,PASS
2026-07-30T14:48:25.631024,2026-07-30T14:48:25.631027,MK001345,REG001436,18,51,69,B+,7,28.0,4.0,4.0,PASS
2026-07-30T14:48:25.631037,2026-07-30T14:48:25.631039,MK001346,REG001437,17,40,57,B,6,24.0,4.0,4.0,PASS
2026-07-30T14:48:25.631049,2026-07-30T14:48:25.631051,MK001347,REG001438,16,46,62,B+,7,28.0,4.0,4.0,PASS
2026-07-30T14:48:25.631061,2026-07-30T14:48:25.631063,MK001348,REG001439,17,44,61,B+,7,28.0,4.0,4.0,PASS
2026-07-30T14:48:25.631077,2026-07-30T14:48:25.631080,MK001349,REG001440,13,46,59,B,6,24.0,4.0,4.0,PASS
2026-07-30T14:48:25.631090,2026-07-30T14:48:25.631093,MK001350,REG001441,26,61,87,A+,9,36.0,4.0,4.0,PASS
2026-07-30T14:48:25.631102,2026-07-30T14:48:25.631104,MK001351,REG001442,25,60,85,A+,9,36.0,4.0,4.0,PASS
2026-07-30T14:48:25.631113,2026-07-30T14:48:25.631115,MK001352,REG001443,22,61,83,A+,9,36.0,4.0,4.0,PASS
2026-07-30T14:48:25.631125,2026-07-30T14:48:25.631127,MK001353,REG001444,26,62,88,A+,9,36.0,4.0,4.0,PASS
2026-07-30T14:48:25.631138,2026-07-30T14:48:25.631141,MK001354,REG001445,22,55,77,A,8,32.0,4.0,4.0,PASS
2026-07-30T14:48:25.631150,2026-07-30T14:48:25.631153,MK001355,REG001446,26,61,87,A+,9,36.0,4.0,4.0,PASS
2026-07-30T14:48:25.631162,2026-07-30T14:48:25.631164,MK001356,REG001447,26,59,85,A+,9,36.0,4.0,4.0,PASS
2026-07-30T14:48:25.631174,2026-07-30T14:48:25.631176,MK001357,REG001448,22,56,78,A,8,32.0,4.0,4.0,PASS
2026-07-30T14:48:25.631186,2026-07-30T14:48:25.631189,MK001358,REG001449,15,45,60,B+,7,28.0,4.0,4.0,PASS
2026-07-30T14:48:25.631198,2026-07-30T14:48:25.631201,MK001359,REG001450,15,46,61,B+,7,28.0,4.0,4.0,PASS
2026-07-30T14:48:25.631210,2026-07-30T14:48:25.631212,MK001360,REG001451,13,41,54,B,6,24.0,4.0,4.0,PASS
2026-07-30T14:48:25.631226,2026-07-30T14:48:25.631228,MK001361,REG001452,18,48,66,B+,7,28.0,4.0,4.0,PASS
2026-07-30T14:48:25.631239,2026-07-30T14:48:25.631241,MK001362,REG001453,28,63,91,O,10,40.0,4.0,4.0,PASS
2026-07-30T14:48:25.631250,2026-07-30T14:48:25.631253,MK001363,REG001454,30,63,93,O,10,40.0,4.0,4.0,PASS
2026-07-30T14:48:25.631262,2026-07-30T14:48:25.631265,MK001364,REG001455,28,63,91,O,10,40.0,4.0,4.0,PASS
2026-07-30T14:48:25.631277,2026-07-30T14:48:25.631280,MK001365,REG001456,30,69,99,O,10,40.0,4.0,4.0,PASS
2026-07-30T14:48:25.631292,2026-07-30T14:48:25.631294,MK001366,REG001457,12,46,58,B,6,24.0,4.0,4.0,PASS
2026-07-30T14:48:25.631309,2026-07-30T14:48:25.631312,MK001367,REG001459,18,44,62,B+,7,28.0,4.0,4.0,PASS
2026-07-30T14:48:25.631337,2026-07-30T14:48:25.631339,MK001368,REG001461,19,47,66,B+,7,28.0,4.0,4.0,PASS
2026-07-30T14:48:25.631349,2026-07-30T14:48:25.631352,MK001369,REG001462,18,53,71,A,8,32.0,4.0,4.0,PASS
2026-07-30T14:48:25.631363,2026-07-30T14:48:25.631365,MK001370,REG001465,25,59,84,A+,9,36.0,4.0,4.0,PASS
2026-07-30T14:48:25.631374,2026-07-30T14:48:25.631377,MK001371,REG001466,23,61,84,A+,9,36.0,4.0,4.0,PASS
2026-07-30T14:48:25.631387,2026-07-30T14:48:25.631390,MK001372,REG001467,24,59,83,A+,9,36.0,4.0,4.0,PASS
2026-07-30T14:48:25.631399,2026-07-30T14:48:25.631401,MK001373,REG001468,22,58,80,A+,9,36.0,4.0,4.0,PASS
2026-07-30T14:48:25.631411,2026-07-30T14:48:25.631417,MK001374,REG001469,21,52,73,A,8,32.0,4.0,4.0,PASS
2026-07-30T14:48:25.631427,2026-07-30T14:48:25.631429,MK001375,REG001470,21,48,69,B+,7,28.0,4.0,4.0,PASS
2026-07-30T14:48:25.631439,2026-07-30T14:48:25.631441,MK001376,REG001471,21,54,75,A,8,32.0,4.0,4.0,PASS
2026-07-30T14:48:25.631450,2026-07-30T14:48:25.631453,MK001377,REG001472,21,51,72,A,8,32.0,4.0,4.0,PASS
2026-07-30T14:48:25.631464,2026-07-30T14:48:25.631466,MK001378,REG001473,24,58,82,A+,9,36.0,4.0,4.0,PASS
2026-07-30T14:48:25.631475,2026-07-30T14:48:25.631478,MK001379,REG001474,24,59,83,A+,9,36.0,4.0,4.0,PASS
2026-07-30T14:48:25.631487,2026-07-30T14:48:25.631490,MK001380,REG001475,25,57,82,A+,9,36.0,4.0,4.0,PASS
2026-07-30T14:48:25.631499,2026-07-30T14:48:25.631502,MK001381,REG001476,26,57,83,A+,9,36.0,4.0,4.0,PASS
2026-07-30T14:48:25.631511,2026-07-30T14:48:25.631514,MK001382,REG001477,20,47,67,B+,7,28.0,4.0,4.0,PASS
2026-07-30T14:48:25.631523,2026-07-30T14:48:25.631526,MK001383,REG001478,17,49,66,B+,7,28.0,4.0,4.0,PASS
2026-07-30T14:48:25.631535,2026-07-30T14:48:25.631538,MK001384,REG001479,17,46,63,B+,7,28.0,4.0,4.0,PASS
2026-07-30T14:48:25.631547,2026-07-30T14:48:25.631549,MK001385,REG001480,18,53,71,A,8,32.0,4.0,4.0,PASS
2026-07-30T14:48:25.631560,2026-07-30T14:48:25.631563,MK001386,REG001481,18,54,72,A,8,32.0,4.0,4.0,PASS
2026-07-30T14:48:25.631573,2026-07-30T14:48:25.631576,MK001387,REG001483,16,50,66,B+,7,28.0,4.0,4.0,PASS
2026-07-30T14:48:25.631586,2026-07-30T14:48:25.631588,MK001388,REG001485,24,56,80,A+,9,36.0,4.0,4.0,PASS
2026-07-30T14:48:25.631597,2026-07-30T14:48:25.631600,MK001389,REG001486,24,62,86,A+,9,36.0,4.0,4.0,PASS
2026-07-30T14:48:25.631609,2026-07-30T14:48:25.631612,MK001390,REG001487,22,60,82,A+,9,36.0,4.0,4.0,PASS
2026-07-30T14:48:25.631621,2026-07-30T14:48:25.631623,MK001391,REG001488,26,61,87,A+,9,36.0,4.0,4.0,PASS
2026-07-30T14:48:25.631633,2026-07-30T14:48:25.631635,MK001392,REG001489,14,40,54,B,6,24.0,4.0,4.0,PASS
2026-07-30T14:48:25.631645,2026-07-30T14:48:25.631648,MK001393,REG001490,9,32,41,P,4,16.0,4.0,4.0,PASS
2026-07-30T14:48:25.631657,2026-07-30T14:48:25.631660,MK001394,REG001491,8,34,42,P,4,16.0,4.0,4.0,PASS
2026-07-30T14:48:25.631670,2026-07-30T14:48:25.631672,MK001395,REG001493,23,62,85,A+,9,36.0,4.0,4.0,PASS
2026-07-30T14:48:25.631684,2026-07-30T14:48:25.631687,MK001396,REG001494,23,59,82,A+,9,36.0,4.0,4.0,PASS
2026-07-30T14:48:25.631706,2026-07-30T14:48:25.631714,MK001397,REG001495,24,62,86,A+,9,36.0,4.0,4.0,PASS
2026-07-30T14:48:25.631736,2026-07-30T14:48:25.631739,MK001398,REG001496,26,56,82,A+,9,36.0,4.0,4.0,PASS
2026-07-30T14:48:25.631749,2026-07-30T14:48:25.631751,MK001399,REG001497,16,49,65,B+,7,28.0,4.0,4.0,PASS
2026-07-30T14:48:25.631765,2026-07-30T14:48:25.631768,MK001400,REG001498,18,53,71,A,8,32.0,4.0,4.0,PASS
2026-07-30T14:48:25.631777,2026-07-30T14:48:25.631780,MK001401,REG001499,19,54,73,A,8,32.0,4.0,4.0,PASS
2026-07-30T14:48:25.631789,2026-07-30T14:48:25.631792,MK001402,REG001500,21,45,66,B+,7,28.0,4.0,4.0,PASS
2026-07-30T14:48:25.631801,2026-07-30T14:48:25.631803,MK001403,REG001501,19,50,69,B+,7,28.0,4.0,4.0,PASS
2026-07-30T14:48:25.631813,2026-07-30T14:48:25.631815,MK001404,REG001502,20,52,72,A,8,32.0,4.0,4.0,PASS
2026-07-30T14:48:25.631825,2026-07-30T14:48:25.631827,MK001405,REG001503,18,50,68,B+,7,28.0,4.0,4.0,PASS
2026-07-30T14:48:25.631838,2026-07-30T14:48:25.631840,MK001406,REG001504,18,54,72,A,8,32.0,4.0,4.0,PASS
2026-07-30T14:48:25.631850,2026-07-30T14:48:25.631852,MK001407,REG001505,23,58,81,A+,9,36.0,4.0,4.0,PASS
2026-07-30T14:48:25.631861,2026-07-30T14:48:25.631864,MK001408,REG001506,26,60,86,A+,9,36.0,4.0,4.0,PASS
2026-07-30T14:48:25.631873,2026-07-30T14:48:25.631875,MK001409,REG001507,22,62,84,A+,9,36.0,4.0,4.0,PASS
2026-07-30T14:48:25.631897,2026-07-30T14:48:25.631901,MK001410,REG001508,25,59,84,A+,9,36.0,4.0,4.0,PASS
2026-07-30T14:48:25.631911,2026-07-30T14:48:25.631913,MK001411,REG001509,26,62,88,A+,9,36.0,4.0,4.0,PASS
2026-07-30T14:48:25.631929,2026-07-30T14:48:25.631932,MK001412,REG001510,23,56,79,A,8,32.0,4.0,4.0,PASS
2026-07-30T14:48:25.631947,2026-07-30T14:48:25.631951,MK001413,REG001511,22,58,80,A+,9,36.0,4.0,4.0,PASS
2026-07-30T14:48:25.631961,2026-07-30T14:48:25.631964,MK001414,REG001512,23,57,80,A+,9,36.0,4.0,4.0,PASS
2026-07-30T14:48:25.631973,2026-07-30T14:48:25.631976,MK001415,REG001513,23,55,78,A,8,32.0,4.0,4.0,PASS
2026-07-30T14:48:25.631985,2026-07-30T14:48:25.631987,MK001416,REG001514,22,59,81,A+,9,36.0,4.0,4.0,PASS
2026-07-30T14:48:25.631996,2026-07-30T14:48:25.631999,MK001417,REG001515,23,61,84,A+,9,36.0,4.0,4.0,PASS
2026-07-30T14:48:25.632008,2026-07-30T14:48:25.632010,MK001418,REG001516,23,57,80,A+,9,36.0,4.0,4.0,PASS
2026-07-30T14:48:25.632020,2026-07-30T14:48:25.632023,MK001419,REG001517,9,9,18,F,0,0.0,4.0,0.0,FAIL
2026-07-30T14:48:25.632032,2026-07-30T14:48:25.632035,MK001420,REG001518,5,16,21,F,0,0.0,4.0,0.0,FAIL
2026-07-30T14:48:25.632045,2026-07-30T14:48:25.632047,MK001421,REG001519,4,15,19,F,0,0.0,4.0,0.0,FAIL
2026-07-30T14:48:25.632057,2026-07-30T14:48:25.632059,MK001422,REG001520,1,32,33,F,0,0.0,4.0,0.0,FAIL
2026-07-30T14:48:25.632068,2026-07-30T14:48:25.632071,MK001423,REG001521,17,49,66,B+,7,28.0,4.0,4.0,PASS
2026-07-30T14:48:25.632080,2026-07-30T14:48:25.632083,MK001424,REG001522,19,48,67,B+,7,28.0,4.0,4.0,PASS
2026-07-30T14:48:25.632227,2026-07-30T14:48:25.632231,MK001425,REG001523,16,52,68,B+,7,28.0,4.0,4.0,PASS
2026-07-30T14:48:25.632253,2026-07-30T14:48:25.632256,MK001426,REG001524,19,47,66,B+,7,28.0,4.0,4.0,PASS
2026-07-30T14:48:25.632266,2026-07-30T14:48:25.632268,MK001427,REG001525,24,55,79,A,8,32.0,4.0,4.0,PASS
2026-07-30T14:48:25.632277,2026-07-30T14:48:25.632280,MK001428,REG001526,24,60,84,A+,9,36.0,4.0,4.0,PASS
2026-07-30T14:48:25.632289,2026-07-30T14:48:25.632292,MK001429,REG001527,23,62,85,A+,9,36.0,4.0,4.0,PASS
2026-07-30T14:48:25.632301,2026-07-30T14:48:25.632303,MK001430,REG001528,26,55,81,A+,9,36.0,4.0,4.0,PASS
2026-07-30T14:48:25.632312,2026-07-30T14:48:25.632315,MK001431,REG001529,26,56,82,A+,9,36.0,4.0,4.0,PASS
2026-07-30T14:48:25.632324,2026-07-30T14:48:25.632326,MK001432,REG001530,26,61,87,A+,9,36.0,4.0,4.0,PASS
2026-07-30T14:48:25.632335,2026-07-30T14:48:25.632338,MK001433,REG001531,23,60,83,A+,9,36.0,4.0,4.0,PASS
2026-07-30T14:48:25.632347,2026-07-30T14:48:25.632350,MK001434,REG001532,24,60,84,A+,9,36.0,4.0,4.0,PASS
2026-07-30T14:48:25.632359,2026-07-30T14:48:25.632362,MK001435,REG001533,21,46,67,B+,7,28.0,4.0,4.0,PASS
2026-07-30T14:48:25.632371,2026-07-30T14:48:25.632373,MK001436,REG001534,19,54,73,A,8,32.0,4.0,4.0,PASS
2026-07-30T14:48:25.632382,2026-07-30T14:48:25.632385,MK001437,REG001535,17,51,68,B+,7,28.0,4.0,4.0,PASS
2026-07-30T14:48:25.632394,2026-07-30T14:48:25.632397,MK001438,REG001536,21,53,74,A,8,32.0,4.0,4.0,PASS
2026-07-30T14:48:25.632407,2026-07-30T14:48:25.632409,MK001439,REG001537,25,55,80,A+,9,36.0,4.0,4.0,PASS
2026-07-30T14:48:25.632418,2026-07-30T14:48:25.632421,MK001440,REG001538,24,62,86,A+,9,36.0,4.0,4.0,PASS
2026-07-30T14:48:25.632430,2026-07-30T14:48:25.632432,MK001441,REG001539,24,57,81,A+,9,36.0,4.0,4.0,PASS
2026-07-30T14:48:25.632441,2026-07-30T14:48:25.632444,MK001442,REG001540,26,58,84,A+,9,36.0,4.0,4.0,PASS
2026-07-30T14:48:25.632453,2026-07-30T14:48:25.632456,MK001443,REG001541,26,58,84,A+,9,36.0,4.0,4.0,PASS
2026-07-30T14:48:25.632465,2026-07-30T14:48:25.632468,MK001444,REG001542,23,55,78,A,8,32.0,4.0,4.0,PASS
2026-07-30T14:48:25.632477,2026-07-30T14:48:25.632479,MK001445,REG001543,26,57,83,A+,9,36.0,4.0,4.0,PASS
2026-07-30T14:48:25.632488,2026-07-30T14:48:25.632491,MK001446,REG001544,23,58,81,A+,9,36.0,4.0,4.0,PASS
2026-07-30T14:48:25.632501,2026-07-30T14:48:25.632503,MK001447,REG001545,26,58,84,A+,9,36.0,4.0,4.0,PASS
2026-07-30T14:48:25.632512,2026-07-30T14:48:25.632515,MK001448,REG001546,24,56,80,A+,9,36.0,4.0,4.0,PASS
2026-07-30T14:48:25.632525,2026-07-30T14:48:25.632528,MK001449,REG001547,26,58,84,A+,9,36.0,4.0,4.0,PASS
2026-07-30T14:48:25.632537,2026-07-30T14:48:25.632539,MK001450,REG001548,22,62,84,A+,9,36.0,4.0,4.0,PASS
2026-07-30T14:48:25.632554,2026-07-30T14:48:25.632556,MK001451,REG001549,24,55,79,A,8,32.0,4.0,4.0,PASS
2026-07-30T14:48:25.632566,2026-07-30T14:48:25.632569,MK001452,REG001550,26,55,81,A+,9,36.0,4.0,4.0,PASS
2026-07-30T14:48:25.632583,2026-07-30T14:48:25.632585,MK001453,REG001551,23,56,79,A,8,32.0,4.0,4.0,PASS
2026-07-30T14:48:25.632595,2026-07-30T14:48:25.632598,MK001454,REG001552,23,57,80,A+,9,36.0,4.0,4.0,PASS
2026-07-30T14:48:25.632608,2026-07-30T14:48:25.632610,MK001455,REG001553,11,41,52,B,6,24.0,4.0,4.0,PASS
2026-07-30T14:48:25.632620,2026-07-30T14:48:25.632623,MK001456,REG001554,11,31,42,P,4,16.0,4.0,4.0,PASS
2026-07-30T14:48:25.632634,2026-07-30T14:48:25.632636,MK001457,REG001555,15,42,57,B,6,24.0,4.0,4.0,PASS
2026-07-30T14:48:25.632646,2026-07-30T14:48:25.632649,MK001458,REG001556,13,31,44,P,4,16.0,4.0,4.0,PASS
2026-07-30T14:48:25.632659,2026-07-30T14:48:25.632661,MK001459,REG001557,17,50,67,B+,7,28.0,4.0,4.0,PASS
2026-07-30T14:48:25.632671,2026-07-30T14:48:25.632674,MK001460,REG001558,16,50,66,B+,7,28.0,4.0,4.0,PASS
2026-07-30T14:48:25.632683,2026-07-30T14:48:25.632686,MK001461,REG001559,21,50,71,A,8,32.0,4.0,4.0,PASS
2026-07-30T14:48:25.632695,2026-07-30T14:48:25.632712,MK001462,REG001560,17,52,69,B+,7,28.0,4.0,4.0,PASS
2026-07-30T14:48:25.632740,2026-07-30T14:48:25.632743,MK001463,REG001561,18,46,64,B+,7,28.0,4.0,4.0,PASS
2026-07-30T14:48:25.632753,2026-07-30T14:48:25.632756,MK001464,REG001562,17,52,69,B+,7,28.0,4.0,4.0,PASS
2026-07-30T14:48:25.632765,2026-07-30T14:48:25.632768,MK001465,REG001563,16,51,67,B+,7,28.0,4.0,4.0,PASS
2026-07-30T14:48:25.632778,2026-07-30T14:48:25.632780,MK001466,REG001564,21,45,66,B+,7,28.0,4.0,4.0,PASS
2026-07-30T14:48:25.632791,2026-07-30T14:48:25.632793,MK001467,REG001565,20,54,74,A,8,32.0,4.0,4.0,PASS
2026-07-30T14:48:25.632808,2026-07-30T14:48:25.632811,MK001468,REG001566,18,51,69,B+,7,28.0,4.0,4.0,PASS
2026-07-30T14:48:25.632821,2026-07-30T14:48:25.632823,MK001469,REG001567,18,50,68,B+,7,28.0,4.0,4.0,PASS
2026-07-30T14:48:25.632833,2026-07-30T14:48:25.632835,MK001470,REG001568,18,50,68,B+,7,28.0,4.0,4.0,PASS
2026-07-30T14:48:25.632848,2026-07-30T14:48:25.632851,MK001471,REG001569,18,54,72,A,8,32.0,4.0,4.0,PASS
2026-07-30T14:48:25.632861,2026-07-30T14:48:25.632864,MK001472,REG001571,20,48,68,B+,7,28.0,4.0,4.0,PASS
2026-07-30T14:48:25.632872,2026-07-30T14:48:25.632875,MK001473,REG001572,20,46,66,B+,7,28.0,4.0,4.0,PASS
2026-07-30T14:48:25.632887,2026-07-30T14:48:25.632890,MK001474,REG001573,16,46,62,B+,7,28.0,4.0,4.0,PASS
2026-07-30T14:48:25.632899,2026-07-30T14:48:25.632902,MK001475,REG001574,16,50,66,B+,7,28.0,4.0,4.0,PASS
2026-07-30T14:48:25.632911,2026-07-30T14:48:25.632917,MK001476,REG001575,19,46,65,B+,7,28.0,4.0,4.0,PASS
2026-07-30T14:48:25.632927,2026-07-30T14:48:25.632930,MK001477,REG001577,25,55,80,A+,9,36.0,4.0,4.0,PASS
2026-07-30T14:48:25.632939,2026-07-30T14:48:25.632942,MK001478,REG001578,23,57,80,A+,9,36.0,4.0,4.0,PASS
2026-07-30T14:48:25.632951,2026-07-30T14:48:25.632953,MK001479,REG001579,22,62,84,A+,9,36.0,4.0,4.0,PASS
2026-07-30T14:48:25.632962,2026-07-30T14:48:25.632965,MK001480,REG001580,24,58,82,A+,9,36.0,4.0,4.0,PASS
2026-07-30T14:48:25.632978,2026-07-30T14:48:25.632981,MK001481,REG001581,27,70,97,O,10,40.0,4.0,4.0,PASS
2026-07-30T14:48:25.632991,2026-07-30T14:48:25.632994,MK001482,REG001582,30,70,100,O,10,40.0,4.0,4.0,PASS
2026-07-30T14:48:25.633003,2026-07-30T14:48:25.633006,MK001483,REG001583,27,70,97,O,10,40.0,4.0,4.0,PASS
2026-07-30T14:48:25.633015,2026-07-30T14:48:25.633017,MK001484,REG001584,27,63,90,O,10,40.0,4.0,4.0,PASS
2026-07-30T14:48:25.633027,2026-07-30T14:48:25.633030,MK001485,REG001585,19,51,70,A,8,32.0,4.0,4.0,PASS
2026-07-30T14:48:25.633039,2026-07-30T14:48:25.633042,MK001486,REG001587,20,45,65,B+,7,28.0,4.0,4.0,PASS
2026-07-30T14:48:25.633051,2026-07-30T14:48:25.633054,MK001487,REG001588,17,47,64,B+,7,28.0,4.0,4.0,PASS
2026-07-30T14:48:25.633064,2026-07-30T14:48:25.633067,MK001488,REG001589,16,53,69,B+,7,28.0,4.0,4.0,PASS
2026-07-30T14:48:25.633080,2026-07-30T14:48:25.633083,MK001489,REG001590,19,45,64,B+,7,28.0,4.0,4.0,PASS
2026-07-30T14:48:25.633092,2026-07-30T14:48:25.633095,MK001490,REG001591,16,52,68,B+,7,28.0,4.0,4.0,PASS
2026-07-30T14:48:25.633104,2026-07-30T14:48:25.633107,MK001491,REG001592,21,53,74,A,8,32.0,4.0,4.0,PASS
2026-07-30T14:48:25.633119,2026-07-30T14:48:25.633121,MK001492,REG001593,14,43,57,B,6,24.0,4.0,4.0,PASS
2026-07-30T14:48:25.633131,2026-07-30T14:48:25.633134,MK001493,REG001594,17,40,57,B,6,24.0,4.0,4.0,PASS
2026-07-30T14:48:25.633143,2026-07-30T14:48:25.633145,MK001494,REG001595,12,42,54,B,6,24.0,4.0,4.0,PASS
2026-07-30T14:48:25.633155,2026-07-30T14:48:25.633157,MK001495,REG001596,12,46,58,B,6,24.0,4.0,4.0,PASS
2026-07-30T14:48:25.633167,2026-07-30T14:48:25.633170,MK001496,REG001598,18,50,68,B+,7,28.0,4.0,4.0,PASS
2026-07-30T14:48:25.633180,2026-07-30T14:48:25.633183,MK001497,REG001599,17,50,67,B+,7,28.0,4.0,4.0,PASS
2026-07-30T14:48:25.633192,2026-07-30T14:48:25.633195,MK001498,REG001601,21,46,67,B+,7,28.0,4.0,4.0,PASS
2026-07-30T14:48:25.633204,2026-07-30T14:48:25.633207,MK001499,REG001602,19,52,71,A,8,32.0,4.0,4.0,PASS
2026-07-30T14:48:25.633216,2026-07-30T14:48:25.633219,MK001500,REG001603,17,46,63,B+,7,28.0,4.0,4.0,PASS
2026-07-30T14:48:25.633228,2026-07-30T14:48:25.633230,MK001501,REG001604,16,45,61,B+,7,28.0,4.0,4.0,PASS
2026-07-30T14:48:25.633245,2026-07-30T14:48:25.633248,MK001502,REG001605,23,61,84,A+,9,36.0,4.0,4.0,PASS
2026-07-30T14:48:25.633257,2026-07-30T14:48:25.633260,MK001503,REG001606,22,60,82,A+,9,36.0,4.0,4.0,PASS
2026-07-30T14:48:25.633269,2026-07-30T14:48:25.633272,MK001504,REG001607,22,61,83,A+,9,36.0,4.0,4.0,PASS
2026-07-30T14:48:25.633281,2026-07-30T14:48:25.633283,MK001505,REG001608,26,61,87,A+,9,36.0,4.0,4.0,PASS
2026-07-30T14:48:25.633293,2026-07-30T14:48:25.633296,MK001506,REG001609,28,67,95,O,10,40.0,4.0,4.0,PASS
2026-07-30T14:48:25.633305,2026-07-30T14:48:25.633308,MK001507,REG001610,27,68,95,O,10,40.0,4.0,4.0,PASS
2026-07-30T14:48:25.633317,2026-07-30T14:48:25.633319,MK001508,REG001611,29,64,93,O,10,40.0,4.0,4.0,PASS
2026-07-30T14:48:25.633332,2026-07-30T14:48:25.633335,MK001509,REG001612,30,64,94,O,10,40.0,4.0,4.0,PASS
2026-07-30T14:48:25.633346,2026-07-30T14:48:25.633349,MK001510,REG001613,16,52,68,B+,7,28.0,4.0,4.0,PASS
2026-07-30T14:48:25.633358,2026-07-30T14:48:25.633361,MK001511,REG001614,16,53,69,B+,7,28.0,4.0,4.0,PASS
2026-07-30T14:48:25.633371,2026-07-30T14:48:25.633374,MK001512,REG001616,20,46,66,B+,7,28.0,4.0,4.0,PASS
2026-07-30T14:48:25.633384,2026-07-30T14:48:25.633387,MK001513,REG001617,21,46,67,B+,7,28.0,4.0,4.0,PASS
2026-07-30T14:48:25.633396,2026-07-30T14:48:25.633399,MK001514,REG001618,16,47,63,B+,7,28.0,4.0,4.0,PASS
2026-07-30T14:48:25.633409,2026-07-30T14:48:25.633411,MK001515,REG001619,20,47,67,B+,7,28.0,4.0,4.0,PASS
2026-07-30T14:48:25.633420,2026-07-30T14:48:25.633423,MK001516,REG001620,16,48,64,B+,7,28.0,4.0,4.0,PASS
2026-07-30T14:48:25.633433,2026-07-30T14:48:25.633436,MK001517,REG001621,18,54,72,A,8,32.0,4.0,4.0,PASS
2026-07-30T14:48:25.633445,2026-07-30T14:48:25.633448,MK001518,REG001622,19,51,70,A,8,32.0,4.0,4.0,PASS
2026-07-30T14:48:25.633457,2026-07-30T14:48:25.633459,MK001519,REG001623,21,51,72,A,8,32.0,4.0,4.0,PASS
2026-07-30T14:48:25.633469,2026-07-30T14:48:25.633471,MK001520,REG001624,17,53,70,A,8,32.0,4.0,4.0,PASS
2026-07-30T14:48:25.633481,2026-07-30T14:48:25.633484,MK001521,REG001625,24,61,85,A+,9,36.0,4.0,4.0,PASS
2026-07-30T14:48:25.633493,2026-07-30T14:48:25.633495,MK001522,REG001626,26,57,83,A+,9,36.0,4.0,4.0,PASS
2026-07-30T14:48:25.633505,2026-07-30T14:48:25.633507,MK001523,REG001627,23,56,79,A,8,32.0,4.0,4.0,PASS
2026-07-30T14:48:25.633516,2026-07-30T14:48:25.633519,MK001524,REG001628,26,61,87,A+,9,36.0,4.0,4.0,PASS
2026-07-30T14:48:25.633530,2026-07-30T14:48:25.633532,MK001525,REG001629,18,48,66,B+,7,28.0,4.0,4.0,PASS
2026-07-30T14:48:25.633541,2026-07-30T14:48:25.633544,MK001526,REG001630,20,50,70,A,8,32.0,4.0,4.0,PASS
2026-07-30T14:48:25.633554,2026-07-30T14:48:25.633557,MK001527,REG001631,19,46,65,B+,7,28.0,4.0,4.0,PASS
2026-07-30T14:48:25.633572,2026-07-30T14:48:25.633575,MK001528,REG001632,19,46,65,B+,7,28.0,4.0,4.0,PASS
2026-07-30T14:48:25.633585,2026-07-30T14:48:25.633587,MK001529,REG001633,18,47,65,B+,7,28.0,4.0,4.0,PASS
2026-07-30T14:48:25.633596,2026-07-30T14:48:25.633599,MK001530,REG001634,18,50,68,B+,7,28.0,4.0,4.0,PASS
2026-07-30T14:48:25.633609,2026-07-30T14:48:25.633611,MK001531,REG001635,18,47,65,B+,7,28.0,4.0,4.0,PASS
2026-07-30T14:48:25.633623,2026-07-30T14:48:25.633626,MK001532,REG001637,27,65,92,O,10,40.0,4.0,4.0,PASS
2026-07-30T14:48:25.633635,2026-07-30T14:48:25.633637,MK001533,REG001638,27,70,97,O,10,40.0,4.0,4.0,PASS
2026-07-30T14:48:25.633647,2026-07-30T14:48:25.637286,MK001534,REG001639,27,64,91,O,10,40.0,4.0,4.0,PASS
2026-07-30T14:48:25.637345,2026-07-30T14:48:25.637349,MK001535,REG001640,29,69,98,O,10,40.0,4.0,4.0,PASS
2026-07-30T14:48:25.637364,2026-07-30T14:48:25.637367,MK001536,REG001641,25,61,86,A+,9,36.0,4.0,4.0,PASS
2026-07-30T14:48:25.637378,2026-07-30T14:48:25.637381,MK001537,REG001642,26,55,81,A+,9,36.0,4.0,4.0,PASS
2026-07-30T14:48:25.637408,2026-07-30T14:48:25.637412,MK001538,REG001643,25,62,87,A+,9,36.0,4.0,4.0,PASS
2026-07-30T14:48:25.637422,2026-07-30T14:48:25.637425,MK001539,REG001644,25,62,87,A+,9,36.0,4.0,4.0,PASS
2026-07-30T14:48:25.637435,2026-07-30T14:48:25.637438,MK001540,REG001645,21,50,71,A,8,32.0,4.0,4.0,PASS
2026-07-30T14:48:25.637448,2026-07-30T14:48:25.637451,MK001541,REG001646,20,45,65,B+,7,28.0,4.0,4.0,PASS
2026-07-30T14:48:25.637461,2026-07-30T14:48:25.637463,MK001542,REG001647,19,50,69,B+,7,28.0,4.0,4.0,PASS
2026-07-30T14:48:25.637473,2026-07-30T14:48:25.637476,MK001543,REG001648,17,45,62,B+,7,28.0,4.0,4.0,PASS
2026-07-30T14:48:25.637487,2026-07-30T14:48:25.637489,MK001544,REG001649,18,47,65,B+,7,28.0,4.0,4.0,PASS
2026-07-30T14:48:25.637499,2026-07-30T14:48:25.637502,MK001545,REG001650,16,53,69,B+,7,28.0,4.0,4.0,PASS
2026-07-30T14:48:25.637511,2026-07-30T14:48:25.637514,MK001546,REG001651,17,51,68,B+,7,28.0,4.0,4.0,PASS
2026-07-30T14:48:25.637524,2026-07-30T14:48:25.637526,MK001547,REG001652,19,48,67,B+,7,28.0,4.0,4.0,PASS
2026-07-30T14:48:25.637538,2026-07-30T14:48:25.637541,MK001548,REG001653,1,25,26,F,0,0.0,4.0,0.0,FAIL
2026-07-30T14:48:25.637551,2026-07-30T14:48:25.637554,MK001549,REG001654,7,27,34,F,0,0.0,4.0,0.0,FAIL
2026-07-30T14:48:25.637563,2026-07-30T14:48:25.637566,MK001550,REG001655,9,3,12,F,0,0.0,4.0,0.0,FAIL
2026-07-30T14:48:25.637576,2026-07-30T14:48:25.637579,MK001551,REG001656,3,27,30,F,0,0.0,4.0,0.0,FAIL
2026-07-30T14:48:25.637589,2026-07-30T14:48:25.637592,MK001552,REG001657,14,30,44,P,4,16.0,4.0,4.0,PASS
2026-07-30T14:48:25.637604,2026-07-30T14:48:25.637607,MK001553,REG001658,8,33,41,P,4,16.0,4.0,4.0,PASS
2026-07-30T14:48:25.637622,2026-07-30T14:48:25.637625,MK001554,REG001659,15,32,47,C,5,20.0,4.0,4.0,PASS
2026-07-30T14:48:25.637635,2026-07-30T14:48:25.637638,MK001555,REG001660,9,38,47,C,5,20.0,4.0,4.0,PASS
2026-07-30T14:48:25.637651,2026-07-30T14:48:25.637654,MK001556,REG001661,21,53,74,A,8,32.0,4.0,4.0,PASS
2026-07-30T14:48:25.637664,2026-07-30T14:48:25.637667,MK001557,REG001662,18,49,67,B+,7,28.0,4.0,4.0,PASS
2026-07-30T14:48:25.637676,2026-07-30T14:48:25.637679,MK001558,REG001663,17,54,71,A,8,32.0,4.0,4.0,PASS
2026-07-30T14:48:25.637689,2026-07-30T14:48:25.637691,MK001559,REG001664,20,50,70,A,8,32.0,4.0,4.0,PASS
2026-07-30T14:48:25.637716,2026-07-30T14:48:25.637723,MK001560,REG001665,25,59,84,A+,9,36.0,4.0,4.0,PASS
2026-07-30T14:48:25.637736,2026-07-30T14:48:25.637739,MK001561,REG001666,23,59,82,A+,9,36.0,4.0,4.0,PASS
2026-07-30T14:48:25.637749,2026-07-30T14:48:25.637752,MK001562,REG001667,26,57,83,A+,9,36.0,4.0,4.0,PASS
2026-07-30T14:48:25.637761,2026-07-30T14:48:25.637764,MK001563,REG001668,26,58,84,A+,9,36.0,4.0,4.0,PASS
2026-07-30T14:48:25.637774,2026-07-30T14:48:25.637776,MK001564,REG001669,19,47,66,B+,7,28.0,4.0,4.0,PASS
2026-07-30T14:48:25.637786,2026-07-30T14:48:25.637789,MK001565,REG001670,16,48,64,B+,7,28.0,4.0,4.0,PASS
2026-07-30T14:48:25.637803,2026-07-30T14:48:25.637805,MK001566,REG001671,20,53,73,A,8,32.0,4.0,4.0,PASS
2026-07-30T14:48:25.637816,2026-07-30T14:48:25.637819,MK001567,REG001672,18,49,67,B+,7,28.0,4.0,4.0,PASS
2026-07-30T14:48:25.637829,2026-07-30T14:48:25.637831,MK001568,REG001673,16,42,58,B,6,24.0,4.0,4.0,PASS
2026-07-30T14:48:25.637841,2026-07-30T14:48:25.637844,MK001569,REG001674,16,46,62,B+,7,28.0,4.0,4.0,PASS
2026-07-30T14:48:25.637853,2026-07-30T14:48:25.637856,MK001570,REG001675,17,48,65,B+,7,28.0,4.0,4.0,PASS
2026-07-30T14:48:25.637866,2026-07-30T14:48:25.637868,MK001571,REG001677,16,46,62,B+,7,28.0,4.0,4.0,PASS
2026-07-30T14:48:25.637878,2026-07-30T14:48:25.637881,MK001572,REG001678,16,54,70,A,8,32.0,4.0,4.0,PASS
2026-07-30T14:48:25.637890,2026-07-30T14:48:25.637893,MK001573,REG001679,21,45,66,B+,7,28.0,4.0,4.0,PASS
2026-07-30T14:48:25.637902,2026-07-30T14:48:25.637905,MK001574,REG001680,18,51,69,B+,7,28.0,4.0,4.0,PASS
2026-07-30T14:48:25.637915,2026-07-30T14:48:25.637918,MK001575,REG001682,20,54,74,A,8,32.0,4.0,4.0,PASS
2026-07-30T14:48:25.637927,2026-07-30T14:48:25.637930,MK001576,REG001683,16,52,68,B+,7,28.0,4.0,4.0,PASS
2026-07-30T14:48:25.637939,2026-07-30T14:48:25.637942,MK001577,REG001684,16,45,61,B+,7,28.0,4.0,4.0,PASS
2026-07-30T14:48:25.637952,2026-07-30T14:48:25.637955,MK001578,REG001685,21,45,66,B+,7,28.0,4.0,4.0,PASS
2026-07-30T14:48:25.637964,2026-07-30T14:48:25.637970,MK001579,REG001686,16,50,66,B+,7,28.0,4.0,4.0,PASS
2026-07-30T14:48:25.637980,2026-07-30T14:48:25.637983,MK001580,REG001687,19,50,69,B+,7,28.0,4.0,4.0,PASS
2026-07-30T14:48:25.637992,2026-07-30T14:48:25.637995,MK001581,REG001688,21,54,75,A,8,32.0,4.0,4.0,PASS
2026-07-30T14:48:25.638005,2026-07-30T14:48:25.638007,MK001582,REG001689,24,58,82,A+,9,36.0,4.0,4.0,PASS
2026-07-30T14:48:25.638017,2026-07-30T14:48:25.638020,MK001583,REG001690,24,56,80,A+,9,36.0,4.0,4.0,PASS
2026-07-30T14:48:25.638030,2026-07-30T14:48:25.638032,MK001584,REG001691,23,59,82,A+,9,36.0,4.0,4.0,PASS
2026-07-30T14:48:25.638042,2026-07-30T14:48:25.638044,MK001585,REG001692,25,57,82,A+,9,36.0,4.0,4.0,PASS
2026-07-30T14:48:25.638063,2026-07-30T14:48:25.638066,MK001586,REG001693,18,53,71,A,8,32.0,4.0,4.0,PASS
2026-07-30T14:48:25.638075,2026-07-30T14:48:25.638078,MK001587,REG001694,17,51,68,B+,7,28.0,4.0,4.0,PASS
2026-07-30T14:48:25.638089,2026-07-30T14:48:25.638096,MK001588,REG001695,21,53,74,A,8,32.0,4.0,4.0,PASS
2026-07-30T14:48:25.638120,2026-07-30T14:48:25.638123,MK001589,REG001696,19,51,70,A,8,32.0,4.0,4.0,PASS
2026-07-30T14:48:25.638134,2026-07-30T14:48:25.638136,MK001590,REG001697,25,58,83,A+,9,36.0,4.0,4.0,PASS
2026-07-30T14:48:25.638146,2026-07-30T14:48:25.638149,MK001591,REG001698,24,60,84,A+,9,36.0,4.0,4.0,PASS
2026-07-30T14:48:25.638158,2026-07-30T14:48:25.638161,MK001592,REG001699,24,61,85,A+,9,36.0,4.0,4.0,PASS
2026-07-30T14:48:25.638170,2026-07-30T14:48:25.638173,MK001593,REG001700,23,61,84,A+,9,36.0,4.0,4.0,PASS
2026-07-30T14:48:25.638187,2026-07-30T14:48:25.638190,MK001594,REG001701,23,61,84,A+,9,36.0,4.0,4.0,PASS
2026-07-30T14:48:25.638200,2026-07-30T14:48:25.638203,MK001595,REG001702,22,56,78,A,8,32.0,4.0,4.0,PASS
2026-07-30T14:48:25.638216,2026-07-30T14:48:25.638219,MK001596,REG001703,23,61,84,A+,9,36.0,4.0,4.0,PASS
2026-07-30T14:48:25.638229,2026-07-30T14:48:25.638231,MK001597,REG001704,25,57,82,A+,9,36.0,4.0,4.0,PASS
2026-07-30T14:48:25.638241,2026-07-30T14:48:25.638244,MK001598,REG001705,22,62,84,A+,9,36.0,4.0,4.0,PASS
2026-07-30T14:48:25.638253,2026-07-30T14:48:25.638256,MK001599,REG001706,24,55,79,A,8,32.0,4.0,4.0,PASS
2026-07-30T14:48:25.638266,2026-07-30T14:48:25.638268,MK001600,REG001707,24,60,84,A+,9,36.0,4.0,4.0,PASS
2026-07-30T14:48:25.638278,2026-07-30T14:48:25.638280,MK001601,REG001708,24,60,84,A+,9,36.0,4.0,4.0,PASS
2026-07-30T14:48:25.638290,2026-07-30T14:48:25.638292,MK001602,REG001709,23,58,81,A+,9,36.0,4.0,4.0,PASS
2026-07-30T14:48:25.638302,2026-07-30T14:48:25.638304,MK001603,REG001710,23,58,81,A+,9,36.0,4.0,4.0,PASS
2026-07-30T14:48:25.638314,2026-07-30T14:48:25.638317,MK001604,REG001711,26,58,84,A+,9,36.0,4.0,4.0,PASS
2026-07-30T14:48:25.638330,2026-07-30T14:48:25.638333,MK001605,REG001712,22,61,83,A+,9,36.0,4.0,4.0,PASS
2026-07-30T14:48:25.638342,2026-07-30T14:48:25.638345,MK001606,REG001713,20,48,68,B+,7,28.0,4.0,4.0,PASS
2026-07-30T14:48:25.638355,2026-07-30T14:48:25.638357,MK001607,REG001714,20,52,72,A,8,32.0,4.0,4.0,PASS
2026-07-30T14:48:25.638367,2026-07-30T14:48:25.638370,MK001608,REG001715,18,45,63,B+,7,28.0,4.0,4.0,PASS
2026-07-30T14:48:25.638379,2026-07-30T14:48:25.638382,MK001609,REG001716,21,49,70,A,8,32.0,4.0,4.0,PASS
2026-07-30T14:48:25.638406,2026-07-30T14:48:25.638409,MK001610,REG001717,23,61,84,A+,9,36.0,4.0,4.0,PASS
2026-07-30T14:48:25.638418,2026-07-30T14:48:25.638421,MK001611,REG001718,26,61,87,A+,9,36.0,4.0,4.0,PASS
2026-07-30T14:48:25.638431,2026-07-30T14:48:25.638434,MK001612,REG001719,22,58,80,A+,9,36.0,4.0,4.0,PASS
2026-07-30T14:48:25.638444,2026-07-30T14:48:25.638447,MK001613,REG001720,22,61,83,A+,9,36.0,4.0,4.0,PASS
2026-07-30T14:48:25.638457,2026-07-30T14:48:25.638460,MK001614,REG001721,18,50,68,B+,7,28.0,4.0,4.0,PASS
2026-07-30T14:48:25.638469,2026-07-30T14:48:25.638472,MK001615,REG001722,20,48,68,B+,7,28.0,4.0,4.0,PASS
2026-07-30T14:48:25.638482,2026-07-30T14:48:25.638485,MK001616,REG001723,18,45,63,B+,7,28.0,4.0,4.0,PASS
2026-07-30T14:48:25.638495,2026-07-30T14:48:25.638498,MK001617,REG001724,20,48,68,B+,7,28.0,4.0,4.0,PASS
2026-07-30T14:48:25.638507,2026-07-30T14:48:25.638510,MK001618,REG001725,23,62,85,A+,9,36.0,4.0,4.0,PASS
2026-07-30T14:48:25.638520,2026-07-30T14:48:25.638523,MK001619,REG001726,25,60,85,A+,9,36.0,4.0,4.0,PASS
2026-07-30T14:48:25.638536,2026-07-30T14:48:25.638539,MK001620,REG001727,26,60,86,A+,9,36.0,4.0,4.0,PASS
2026-07-30T14:48:25.638549,2026-07-30T14:48:25.638552,MK001621,REG001728,24,56,80,A+,9,36.0,4.0,4.0,PASS
2026-07-30T14:48:25.638566,2026-07-30T14:48:25.638569,MK001622,REG001729,8,36,44,P,4,16.0,4.0,4.0,PASS
2026-07-30T14:48:25.638580,2026-07-30T14:48:25.638583,MK001623,REG001730,14,41,55,B,6,24.0,4.0,4.0,PASS
2026-07-30T14:48:25.638594,2026-07-30T14:48:25.638597,MK001624,REG001731,11,36,47,C,5,20.0,4.0,4.0,PASS
2026-07-30T14:48:25.638607,2026-07-30T14:48:25.638610,MK001625,REG001732,11,41,52,B,6,24.0,4.0,4.0,PASS
2026-07-30T14:48:25.638620,2026-07-30T14:48:25.638623,MK001626,REG001733,17,45,62,B+,7,28.0,4.0,4.0,PASS
2026-07-30T14:48:25.638633,2026-07-30T14:48:25.638636,MK001627,REG001734,16,42,58,B,6,24.0,4.0,4.0,PASS
2026-07-30T14:48:25.638646,2026-07-30T14:48:25.638649,MK001628,REG001735,16,48,64,B+,7,28.0,4.0,4.0,PASS
2026-07-30T14:48:25.638659,2026-07-30T14:48:25.638662,MK001629,REG001736,13,45,58,B,6,24.0,4.0,4.0,PASS
2026-07-30T14:48:25.638672,2026-07-30T14:48:25.638675,MK001630,REG001737,20,53,73,A,8,32.0,4.0,4.0,PASS
2026-07-30T14:48:25.638689,2026-07-30T14:48:25.638693,MK001631,REG001738,16,48,64,B+,7,28.0,4.0,4.0,PASS
2026-07-30T14:48:25.638726,2026-07-30T14:48:25.638733,MK001632,REG001739,17,52,69,B+,7,28.0,4.0,4.0,PASS
2026-07-30T14:48:25.638745,2026-07-30T14:48:25.638748,MK001633,REG001740,20,54,74,A,8,32.0,4.0,4.0,PASS
2026-07-30T14:48:25.638759,2026-07-30T14:48:25.638762,MK001634,REG001741,16,40,56,B,6,24.0,4.0,4.0,PASS
2026-07-30T14:48:25.638772,2026-07-30T14:48:25.638775,MK001635,REG001743,12,44,56,B,6,24.0,4.0,4.0,PASS
2026-07-30T14:48:25.638785,2026-07-30T14:48:25.638788,MK001636,REG001744,16,48,64,B+,7,28.0,4.0,4.0,PASS
2026-07-30T14:48:25.638799,2026-07-30T14:48:25.638802,MK001637,REG001747,4,11,15,F,0,0.0,4.0,0.0,FAIL
2026-07-30T14:48:25.638812,2026-07-30T14:48:25.638815,MK001638,REG001748,0,10,10,F,0,0.0,4.0,0.0,FAIL
2026-07-30T14:48:25.638826,2026-07-30T14:48:25.638828,MK001639,REG001749,18,54,72,A,8,32.0,4.0,4.0,PASS
2026-07-30T14:48:25.638838,2026-07-30T14:48:25.638841,MK001640,REG001750,19,48,67,B+,7,28.0,4.0,4.0,PASS
2026-07-30T14:48:25.638852,2026-07-30T14:48:25.638854,MK001641,REG001751,20,46,66,B+,7,28.0,4.0,4.0,PASS
2026-07-30T14:48:25.638864,2026-07-30T14:48:25.638867,MK001642,REG001752,19,53,72,A,8,32.0,4.0,4.0,PASS
2026-07-30T14:48:25.638877,2026-07-30T14:48:25.638880,MK001643,REG001753,23,62,85,A+,9,36.0,4.0,4.0,PASS
2026-07-30T14:48:25.638890,2026-07-30T14:48:25.638893,MK001644,REG001754,25,60,85,A+,9,36.0,4.0,4.0,PASS
2026-07-30T14:48:25.638903,2026-07-30T14:48:25.638906,MK001645,REG001755,26,62,88,A+,9,36.0,4.0,4.0,PASS
2026-07-30T14:48:25.638915,2026-07-30T14:48:25.638918,MK001646,REG001756,23,60,83,A+,9,36.0,4.0,4.0,PASS
2026-07-30T14:48:25.638928,2026-07-30T14:48:25.638931,MK001647,REG001757,17,52,69,B+,7,28.0,4.0,4.0,PASS
2026-07-30T14:48:25.638941,2026-07-30T14:48:25.638944,MK001648,REG001758,19,47,66,B+,7,28.0,4.0,4.0,PASS
2026-07-30T14:48:25.638954,2026-07-30T14:48:25.638956,MK001649,REG001759,21,49,70,A,8,32.0,4.0,4.0,PASS
2026-07-30T14:48:25.638967,2026-07-30T14:48:25.638969,MK001650,REG001760,16,50,66,B+,7,28.0,4.0,4.0,PASS
2026-07-30T14:48:25.638984,2026-07-30T14:48:25.638987,MK001651,REG001762,2,32,34,F,0,0.0,4.0,0.0,FAIL
2026-07-30T14:48:25.639016,2026-07-30T14:48:25.639019,MK001652,REG001763,10,10,20,F,0,0.0,4.0,0.0,FAIL
2026-07-30T14:48:25.639030,2026-07-30T14:48:25.639033,MK001653,REG001764,4,31,35,F,0,0.0,4.0,0.0,FAIL
2026-07-30T14:48:25.639043,2026-07-30T14:48:25.639046,MK001654,REG001765,14,35,49,C,5,20.0,4.0,4.0,PASS
2026-07-30T14:48:25.639056,2026-07-30T14:48:25.639059,MK001655,REG001767,8,34,42,P,4,16.0,4.0,4.0,PASS
2026-07-30T14:48:25.639073,2026-07-30T14:48:25.639076,MK001656,REG001769,20,46,66,B+,7,28.0,4.0,4.0,PASS
2026-07-30T14:48:25.639086,2026-07-30T14:48:25.639089,MK001657,REG001770,16,51,67,B+,7,28.0,4.0,4.0,PASS
2026-07-30T14:48:25.639131,2026-07-30T14:48:25.639138,MK001658,REG001772,18,53,71,A,8,32.0,4.0,4.0,PASS
2026-07-30T14:48:25.639158,2026-07-30T14:48:25.639162,MK001659,REG001773,21,47,68,B+,7,28.0,4.0,4.0,PASS
2026-07-30T14:48:25.639178,2026-07-30T14:48:25.639184,MK001660,REG001775,16,53,69,B+,7,28.0,4.0,4.0,PASS
2026-07-30T14:48:25.639200,2026-07-30T14:48:25.639204,MK001661,REG001776,21,50,71,A,8,32.0,4.0,4.0,PASS
2026-07-30T14:48:25.639219,2026-07-30T14:48:25.639223,MK001662,REG001777,28,67,95,O,10,40.0,4.0,4.0,PASS
2026-07-30T14:48:25.639238,2026-07-30T14:48:25.639242,MK001663,REG001778,28,66,94,O,10,40.0,4.0,4.0,PASS
2026-07-30T14:48:25.639257,2026-07-30T14:48:25.639262,MK001664,REG001779,30,69,99,O,10,40.0,4.0,4.0,PASS
2026-07-30T14:48:25.639278,2026-07-30T14:48:25.639282,MK001665,REG001780,27,70,97,O,10,40.0,4.0,4.0,PASS
2026-07-30T14:48:25.639314,2026-07-30T14:48:25.639322,MK001666,REG001781,21,52,73,A,8,32.0,4.0,4.0,PASS
2026-07-30T14:48:25.639340,2026-07-30T14:48:25.639345,MK001667,REG001782,21,45,66,B+,7,28.0,4.0,4.0,PASS
2026-07-30T14:48:25.639364,2026-07-30T14:48:25.639369,MK001668,REG001784,21,53,74,A,8,32.0,4.0,4.0,PASS
2026-07-30T14:48:25.639385,2026-07-30T14:48:25.639389,MK001669,REG001785,28,68,96,O,10,40.0,4.0,4.0,PASS
2026-07-30T14:48:25.639407,2026-07-30T14:48:25.639411,MK001670,REG001786,29,66,95,O,10,40.0,4.0,4.0,PASS
2026-07-30T14:48:25.639428,2026-07-30T14:48:25.639432,MK001671,REG001787,27,68,95,O,10,40.0,4.0,4.0,PASS
2026-07-30T14:48:25.639466,2026-07-30T14:48:25.639490,MK001672,REG001788,30,69,99,O,10,40.0,4.0,4.0,PASS
2026-07-30T14:48:25.639510,2026-07-30T14:48:25.639514,MK001673,REG001789,14,33,47,C,5,20.0,4.0,4.0,PASS
2026-07-30T14:48:25.639532,2026-07-30T14:48:25.639536,MK001674,REG001791,13,39,52,B,6,24.0,4.0,4.0,PASS
2026-07-30T14:48:25.639553,2026-07-30T14:48:25.639557,MK001675,REG001792,10,37,47,C,5,20.0,4.0,4.0,PASS
2026-07-30T14:48:25.639573,2026-07-30T14:48:25.639579,MK001676,REG001793,16,51,67,B+,7,28.0,4.0,4.0,PASS
2026-07-30T14:48:25.639597,2026-07-30T14:48:25.639602,MK001677,REG001794,17,47,64,B+,7,28.0,4.0,4.0,PASS
2026-07-30T14:48:25.639619,2026-07-30T14:48:25.639623,MK001678,REG001795,21,50,71,A,8,32.0,4.0,4.0,PASS
2026-07-30T14:48:25.639655,2026-07-30T14:48:25.639662,MK001679,REG001796,21,45,66,B+,7,28.0,4.0,4.0,PASS
2026-07-30T14:48:25.639681,2026-07-30T14:48:25.639685,MK001680,REG001798,1,2,3,F,0,0.0,4.0,0.0,FAIL
2026-07-30T14:48:25.639740,2026-07-30T14:48:25.639754,MK001681,REG001799,10,26,36,F,0,0.0,4.0,0.0,FAIL
2026-07-30T14:48:25.639771,2026-07-30T14:48:25.639774,MK001682,REG001800,7,35,42,P,4,16.0,4.0,4.0,PASS
2026-07-30T14:48:25.639785,2026-07-30T14:48:25.639787,MK001683,REG001801,21,47,68,B+,7,28.0,4.0,4.0,PASS
2026-07-30T14:48:25.639801,2026-07-30T14:48:25.639804,MK001684,REG001802,16,47,63,B+,7,28.0,4.0,4.0,PASS
2026-07-30T14:48:25.639815,2026-07-30T14:48:25.639817,MK001685,REG001803,17,52,69,B+,7,28.0,4.0,4.0,PASS
2026-07-30T14:48:25.639827,2026-07-30T14:48:25.639830,MK001686,REG001804,17,53,70,A,8,32.0,4.0,4.0,PASS
2026-07-30T14:48:25.639840,2026-07-30T14:48:25.639843,MK001687,REG001805,19,45,64,B+,7,28.0,4.0,4.0,PASS
2026-07-30T14:48:25.639853,2026-07-30T14:48:25.639856,MK001688,REG001806,20,49,69,B+,7,28.0,4.0,4.0,PASS
2026-07-30T14:48:25.639866,2026-07-30T14:48:25.639869,MK001689,REG001807,19,46,65,B+,7,28.0,4.0,4.0,PASS
2026-07-30T14:48:25.639878,2026-07-30T14:48:25.639881,MK001690,REG001808,21,47,68,B+,7,28.0,4.0,4.0,PASS
2026-07-30T14:48:25.639891,2026-07-30T14:48:25.639894,MK001691,REG001809,21,45,66,B+,7,28.0,4.0,4.0,PASS
2026-07-30T14:48:25.639904,2026-07-30T14:48:25.639907,MK001692,REG001810,19,49,68,B+,7,28.0,4.0,4.0,PASS
2026-07-30T14:48:25.639916,2026-07-30T14:48:25.639919,MK001693,REG001811,19,50,69,B+,7,28.0,4.0,4.0,PASS
2026-07-30T14:48:25.639946,2026-07-30T14:48:25.639949,MK001694,REG001812,20,54,74,A,8,32.0,4.0,4.0,PASS
2026-07-30T14:48:25.639959,2026-07-30T14:48:25.639962,MK001695,REG001813,20,47,67,B+,7,28.0,4.0,4.0,PASS
2026-07-30T14:48:25.639972,2026-07-30T14:48:25.639975,MK001696,REG001814,19,52,71,A,8,32.0,4.0,4.0,PASS
2026-07-30T14:48:25.639985,2026-07-30T14:48:25.639988,MK001697,REG001815,19,46,65,B+,7,28.0,4.0,4.0,PASS
2026-07-30T14:48:25.639998,2026-07-30T14:48:25.640001,MK001698,REG001816,19,48,67,B+,7,28.0,4.0,4.0,PASS
2026-07-30T14:48:25.640011,2026-07-30T14:48:25.640014,MK001699,REG001817,12,43,55,B,6,24.0,4.0,4.0,PASS
2026-07-30T14:48:25.640040,2026-07-30T14:48:25.640045,MK001700,REG001818,16,43,59,B,6,24.0,4.0,4.0,PASS
2026-07-30T14:48:25.640072,2026-07-30T14:48:25.640080,MK001701,REG001819,14,41,55,B,6,24.0,4.0,4.0,PASS
2026-07-30T14:48:25.640106,2026-07-30T14:48:25.640110,MK001702,REG001820,12,47,59,B,6,24.0,4.0,4.0,PASS
2026-07-30T14:48:25.640121,2026-07-30T14:48:25.640124,MK001703,REG001821,20,45,65,B+,7,28.0,4.0,4.0,PASS
2026-07-30T14:48:25.640134,2026-07-30T14:48:25.640137,MK001704,REG001822,17,51,68,B+,7,28.0,4.0,4.0,PASS
2026-07-30T14:48:25.640147,2026-07-30T14:48:25.640150,MK001705,REG001823,19,50,69,B+,7,28.0,4.0,4.0,PASS
2026-07-30T14:48:25.640160,2026-07-30T14:48:25.640162,MK001706,REG001824,16,53,69,B+,7,28.0,4.0,4.0,PASS
2026-07-30T14:48:25.640181,2026-07-30T14:48:25.640184,MK001707,REG001825,12,45,57,B,6,24.0,4.0,4.0,PASS
2026-07-30T14:48:25.640195,2026-07-30T14:48:25.640198,MK001708,REG001826,12,42,54,B,6,24.0,4.0,4.0,PASS
2026-07-30T14:48:25.640208,2026-07-30T14:48:25.640210,MK001709,REG001827,15,41,56,B,6,24.0,4.0,4.0,PASS
2026-07-30T14:48:25.640220,2026-07-30T14:48:25.640223,MK001710,REG001828,13,47,60,B+,7,28.0,4.0,4.0,PASS
2026-07-30T14:48:25.640236,2026-07-30T14:48:25.640239,MK001711,REG001829,26,59,85,A+,9,36.0,4.0,4.0,PASS
2026-07-30T14:48:25.640252,2026-07-30T14:48:25.640254,MK001712,REG001830,23,58,81,A+,9,36.0,4.0,4.0,PASS
2026-07-30T14:48:25.640264,2026-07-30T14:48:25.640267,MK001713,REG001831,22,57,79,A,8,32.0,4.0,4.0,PASS
2026-07-30T14:48:25.640277,2026-07-30T14:48:25.640280,MK001714,REG001832,24,60,84,A+,9,36.0,4.0,4.0,PASS
2026-07-30T14:48:25.640290,2026-07-30T14:48:25.640293,MK001715,REG001833,12,42,54,B,6,24.0,4.0,4.0,PASS
2026-07-30T14:48:25.640303,2026-07-30T14:48:25.640305,MK001716,REG001834,15,43,58,B,6,24.0,4.0,4.0,PASS
2026-07-30T14:48:25.640315,2026-07-30T14:48:25.640318,MK001717,REG001835,17,42,59,B,6,24.0,4.0,4.0,PASS
2026-07-30T14:48:25.640328,2026-07-30T14:48:25.640331,MK001718,REG001836,15,47,62,B+,7,28.0,4.0,4.0,PASS
2026-07-30T14:48:25.640341,2026-07-30T14:48:25.640344,MK001719,REG001837,11,31,42,P,4,16.0,4.0,4.0,PASS
2026-07-30T14:48:25.640354,2026-07-30T14:48:25.640357,MK001720,REG001838,10,33,43,P,4,16.0,4.0,4.0,PASS
2026-07-30T14:48:25.640367,2026-07-30T14:48:25.640370,MK001721,REG001839,10,37,47,C,5,20.0,4.0,4.0,PASS
2026-07-30T14:48:25.640380,2026-07-30T14:48:25.640383,MK001722,REG001840,14,31,45,C,5,20.0,4.0,4.0,PASS
2026-07-30T14:48:25.640393,2026-07-30T14:48:25.640395,MK001723,REG001841,24,61,85,A+,9,36.0,4.0,4.0,PASS
2026-07-30T14:48:25.640409,2026-07-30T14:48:25.640412,MK001724,REG001842,26,55,81,A+,9,36.0,4.0,4.0,PASS
2026-07-30T14:48:25.640422,2026-07-30T14:48:25.640425,MK001725,REG001843,23,60,83,A+,9,36.0,4.0,4.0,PASS
2026-07-30T14:48:25.640435,2026-07-30T14:48:25.640438,MK001726,REG001844,24,58,82,A+,9,36.0,4.0,4.0,PASS
2026-07-30T14:48:25.640448,2026-07-30T14:48:25.640450,MK001727,REG001845,14,43,57,B,6,24.0,4.0,4.0,PASS
2026-07-30T14:48:25.640460,2026-07-30T14:48:25.640463,MK001728,REG001846,18,41,59,B,6,24.0,4.0,4.0,PASS
2026-07-30T14:48:25.640473,2026-07-30T14:48:25.640476,MK001729,REG001847,16,47,63,B+,7,28.0,4.0,4.0,PASS
2026-07-30T14:48:25.640486,2026-07-30T14:48:25.640488,MK001730,REG001848,17,44,61,B+,7,28.0,4.0,4.0,PASS
2026-07-30T14:48:25.640499,2026-07-30T14:48:25.640502,MK001731,REG001850,15,43,58,B,6,24.0,4.0,4.0,PASS
2026-07-30T14:48:25.640511,2026-07-30T14:48:25.640514,MK001732,REG001851,16,47,63,B+,7,28.0,4.0,4.0,PASS
2026-07-30T14:48:25.640529,2026-07-30T14:48:25.640532,MK001733,REG001852,15,41,56,B,6,24.0,4.0,4.0,PASS
2026-07-30T14:48:25.640542,2026-07-30T14:48:25.640545,MK001734,REG001853,20,47,67,B+,7,28.0,4.0,4.0,PASS
2026-07-30T14:48:25.640565,2026-07-30T14:48:25.640568,MK001735,REG001854,19,54,73,A,8,32.0,4.0,4.0,PASS
2026-07-30T14:48:25.640579,2026-07-30T14:48:25.640582,MK001736,REG001855,16,51,67,B+,7,28.0,4.0,4.0,PASS
2026-07-30T14:48:25.640592,2026-07-30T14:48:25.640595,MK001737,REG001856,18,50,68,B+,7,28.0,4.0,4.0,PASS
2026-07-30T14:48:25.640605,2026-07-30T14:48:25.640608,MK001738,REG001857,27,67,94,O,10,40.0,4.0,4.0,PASS
2026-07-30T14:48:25.640618,2026-07-30T14:48:25.640620,MK001739,REG001858,27,69,96,O,10,40.0,4.0,4.0,PASS
2026-07-30T14:48:25.640630,2026-07-30T14:48:25.640633,MK001740,REG001859,30,63,93,O,10,40.0,4.0,4.0,PASS
2026-07-30T14:48:25.640643,2026-07-30T14:48:25.640646,MK001741,REG001860,30,69,99,O,10,40.0,4.0,4.0,PASS
2026-07-30T14:48:25.640656,2026-07-30T14:48:25.640659,MK001742,REG001861,24,58,82,A+,9,36.0,4.0,4.0,PASS
2026-07-30T14:48:25.640669,2026-07-30T14:48:25.640671,MK001743,REG001862,26,58,84,A+,9,36.0,4.0,4.0,PASS
2026-07-30T14:48:25.640681,2026-07-30T14:48:25.640684,MK001744,REG001863,26,58,84,A+,9,36.0,4.0,4.0,PASS
2026-07-30T14:48:25.640694,2026-07-30T14:48:25.640696,MK001745,REG001864,22,61,83,A+,9,36.0,4.0,4.0,PASS
2026-07-30T14:48:25.640715,2026-07-30T14:48:25.640718,MK001746,REG001865,24,56,80,A+,9,36.0,4.0,4.0,PASS
2026-07-30T14:48:25.640728,2026-07-30T14:48:25.640731,MK001747,REG001866,22,59,81,A+,9,36.0,4.0,4.0,PASS
2026-07-30T14:48:25.640745,2026-07-30T14:48:25.640748,MK001748,REG001867,23,55,78,A,8,32.0,4.0,4.0,PASS
2026-07-30T14:48:25.640759,2026-07-30T14:48:25.640762,MK001749,REG001868,23,56,79,A,8,32.0,4.0,4.0,PASS
2026-07-30T14:48:25.640773,2026-07-30T14:48:25.640775,MK001750,REG001869,22,59,81,A+,9,36.0,4.0,4.0,PASS
2026-07-30T14:48:25.640785,2026-07-30T14:48:25.640788,MK001751,REG001870,24,62,86,A+,9,36.0,4.0,4.0,PASS
2026-07-30T14:48:25.640797,2026-07-30T14:48:25.640800,MK001752,REG001871,24,62,86,A+,9,36.0,4.0,4.0,PASS
2026-07-30T14:48:25.640810,2026-07-30T14:48:25.640812,MK001753,REG001872,22,58,80,A+,9,36.0,4.0,4.0,PASS
2026-07-30T14:48:25.640823,2026-07-30T14:48:25.640826,MK001754,REG001873,15,42,57,B,6,24.0,4.0,4.0,PASS
2026-07-30T14:48:25.640836,2026-07-30T14:48:25.640839,MK001755,REG001874,15,33,48,C,5,20.0,4.0,4.0,PASS
2026-07-30T14:48:25.640849,2026-07-30T14:48:25.640852,MK001756,REG001875,9,34,43,P,4,16.0,4.0,4.0,PASS
2026-07-30T14:48:25.640862,2026-07-30T14:48:25.640865,MK001757,REG001876,11,35,46,C,5,20.0,4.0,4.0,PASS
2026-07-30T14:48:25.640878,2026-07-30T14:48:25.640882,MK001758,REG001877,19,47,66,B+,7,28.0,4.0,4.0,PASS
2026-07-30T14:48:25.640891,2026-07-30T14:48:25.640894,MK001759,REG001878,20,54,74,A,8,32.0,4.0,4.0,PASS
2026-07-30T14:48:25.640904,2026-07-30T14:48:25.640907,MK001760,REG001879,19,49,68,B+,7,28.0,4.0,4.0,PASS
2026-07-30T14:48:25.640917,2026-07-30T14:48:25.640920,MK001761,REG001880,16,51,67,B+,7,28.0,4.0,4.0,PASS
2026-07-30T14:48:25.640930,2026-07-30T14:48:25.640932,MK001762,REG001881,29,66,95,O,10,40.0,4.0,4.0,PASS
2026-07-30T14:48:25.640942,2026-07-30T14:48:25.640945,MK001763,REG001882,30,66,96,O,10,40.0,4.0,4.0,PASS
2026-07-30T14:48:25.640958,2026-07-30T14:48:25.640961,MK001764,REG001883,28,63,91,O,10,40.0,4.0,4.0,PASS
2026-07-30T14:48:25.640971,2026-07-30T14:48:25.640974,MK001765,REG001884,27,63,90,O,10,40.0,4.0,4.0,PASS
2026-07-30T14:48:25.640985,2026-07-30T14:48:25.640988,MK001766,REG001886,14,33,47,C,5,20.0,4.0,4.0,PASS
2026-07-30T14:48:25.641016,2026-07-30T14:48:25.641024,MK001767,REG001888,15,31,46,C,5,20.0,4.0,4.0,PASS
2026-07-30T14:48:25.641048,2026-07-30T14:48:25.641052,MK001768,REG001889,16,54,70,A,8,32.0,4.0,4.0,PASS
2026-07-30T14:48:25.641067,2026-07-30T14:48:25.641072,MK001769,REG001890,19,45,64,B+,7,28.0,4.0,4.0,PASS
2026-07-30T14:48:25.641086,2026-07-30T14:48:25.641091,MK001770,REG001891,21,53,74,A,8,32.0,4.0,4.0,PASS
2026-07-30T14:48:25.641105,2026-07-30T14:48:25.641109,MK001771,REG001892,20,45,65,B+,7,28.0,4.0,4.0,PASS
2026-07-30T14:48:25.641124,2026-07-30T14:48:25.641128,MK001772,REG001893,20,48,68,B+,7,28.0,4.0,4.0,PASS
2026-07-30T14:48:25.641144,2026-07-30T14:48:25.641149,MK001773,REG001894,19,49,68,B+,7,28.0,4.0,4.0,PASS
2026-07-30T14:48:25.641164,2026-07-30T14:48:25.641168,MK001774,REG001895,17,52,69,B+,7,28.0,4.0,4.0,PASS
2026-07-30T14:48:25.641182,2026-07-30T14:48:25.641185,MK001775,REG001896,20,54,74,A,8,32.0,4.0,4.0,PASS
2026-07-30T14:48:25.641201,2026-07-30T14:48:25.641205,MK001776,REG001897,16,51,67,B+,7,28.0,4.0,4.0,PASS
2026-07-30T14:48:25.641220,2026-07-30T14:48:25.641224,MK001777,REG001898,16,51,67,B+,7,28.0,4.0,4.0,PASS
2026-07-30T14:48:25.641241,2026-07-30T14:48:25.641245,MK001778,REG001899,19,54,73,A,8,32.0,4.0,4.0,PASS
2026-07-30T14:48:25.641259,2026-07-30T14:48:25.641262,MK001779,REG001900,16,53,69,B+,7,28.0,4.0,4.0,PASS
2026-07-30T14:48:25.641275,2026-07-30T14:48:25.641278,MK001780,REG001902,24,57,81,A+,9,36.0,4.0,4.0,PASS
2026-07-30T14:48:25.641290,2026-07-30T14:48:25.641293,MK001781,REG001903,26,56,82,A+,9,36.0,4.0,4.0,PASS
2026-07-30T14:48:25.641308,2026-07-30T14:48:25.641312,MK001782,REG001904,25,62,87,A+,9,36.0,4.0,4.0,PASS
2026-07-30T14:48:25.641330,2026-07-30T14:48:25.641344,MK001783,REG001905,22,58,80,A+,9,36.0,4.0,4.0,PASS
2026-07-30T14:48:25.641384,2026-07-30T14:48:25.641388,MK001784,REG001906,23,61,84,A+,9,36.0,4.0,4.0,PASS
2026-07-30T14:48:25.641403,2026-07-30T14:48:25.641406,MK001785,REG001907,22,62,84,A+,9,36.0,4.0,4.0,PASS
2026-07-30T14:48:25.641422,2026-07-30T14:48:25.641426,MK001786,REG001908,25,62,87,A+,9,36.0,4.0,4.0,PASS
2026-07-30T14:48:25.641442,2026-07-30T14:48:25.641446,MK001787,REG001909,17,40,57,B,6,24.0,4.0,4.0,PASS
2026-07-30T14:48:25.641460,2026-07-30T14:48:25.641463,MK001788,REG001911,13,46,59,B,6,24.0,4.0,4.0,PASS
2026-07-30T14:48:25.641476,2026-07-30T14:48:25.641479,MK001789,REG001912,14,47,61,B+,7,28.0,4.0,4.0,PASS
2026-07-30T14:48:25.641495,2026-07-30T14:48:25.641499,MK001790,REG001913,9,42,51,B,6,24.0,4.0,4.0,PASS
2026-07-30T14:48:25.641512,2026-07-30T14:48:25.641516,MK001791,REG001915,15,31,46,C,5,20.0,4.0,4.0,PASS
2026-07-30T14:48:25.641534,2026-07-30T14:48:25.641538,MK001792,REG001916,12,42,54,B,6,24.0,4.0,4.0,PASS
2026-07-30T14:48:25.641553,2026-07-30T14:48:25.641556,MK001793,REG001917,10,31,41,P,4,16.0,4.0,4.0,PASS
2026-07-30T14:48:25.641569,2026-07-30T14:48:25.641572,MK001794,REG001918,12,39,51,B,6,24.0,4.0,4.0,PASS
2026-07-30T14:48:25.641585,2026-07-30T14:48:25.641588,MK001795,REG001919,15,39,54,B,6,24.0,4.0,4.0,PASS
2026-07-30T14:48:25.641600,2026-07-30T14:48:25.641603,MK001796,REG001920,11,39,50,B,6,24.0,4.0,4.0,PASS
2026-07-30T14:48:25.641624,2026-07-30T14:48:25.641629,MK001797,REG001921,10,31,41,P,4,16.0,4.0,4.0,PASS
2026-07-30T14:48:25.641651,2026-07-30T14:48:25.641656,MK001798,REG001922,11,36,47,C,5,20.0,4.0,4.0,PASS
2026-07-30T14:48:25.641677,2026-07-30T14:48:25.641682,MK001799,REG001923,8,35,43,P,4,16.0,4.0,4.0,PASS
2026-07-30T14:48:25.641713,2026-07-30T14:48:25.641721,MK001800,REG001924,9,32,41,P,4,16.0,4.0,4.0,PASS
2026-07-30T14:48:25.641736,2026-07-30T14:48:25.641739,MK001801,REG001925,18,42,60,B+,7,28.0,4.0,4.0,PASS
2026-07-30T14:48:25.641749,2026-07-30T14:48:25.641751,MK001802,REG001926,17,47,64,B+,7,28.0,4.0,4.0,PASS
2026-07-30T14:48:25.641761,2026-07-30T14:48:25.641764,MK001803,REG001927,15,43,58,B,6,24.0,4.0,4.0,PASS
2026-07-30T14:48:25.641774,2026-07-30T14:48:25.641777,MK001804,REG001928,12,48,60,B+,7,28.0,4.0,4.0,PASS
2026-07-30T14:48:25.641788,2026-07-30T14:48:25.641790,MK001805,REG001929,28,68,96,O,10,40.0,4.0,4.0,PASS
2026-07-30T14:48:25.641800,2026-07-30T14:48:25.641802,MK001806,REG001930,28,64,92,O,10,40.0,4.0,4.0,PASS
2026-07-30T14:48:25.641812,2026-07-30T14:48:25.641815,MK001807,REG001931,28,67,95,O,10,40.0,4.0,4.0,PASS
2026-07-30T14:48:25.641825,2026-07-30T14:48:25.641827,MK001808,REG001932,29,66,95,O,10,40.0,4.0,4.0,PASS
2026-07-30T14:48:25.641842,2026-07-30T14:48:25.641845,MK001809,REG001933,27,64,91,O,10,40.0,4.0,4.0,PASS
2026-07-30T14:48:25.641854,2026-07-30T14:48:25.641857,MK001810,REG001934,27,65,92,O,10,40.0,4.0,4.0,PASS
2026-07-30T14:48:25.641869,2026-07-30T14:48:25.641872,MK001811,REG001935,30,65,95,O,10,40.0,4.0,4.0,PASS
2026-07-30T14:48:25.641882,2026-07-30T14:48:25.641885,MK001812,REG001937,24,62,86,A+,9,36.0,4.0,4.0,PASS
2026-07-30T14:48:25.641895,2026-07-30T14:48:25.641897,MK001813,REG001938,25,58,83,A+,9,36.0,4.0,4.0,PASS
2026-07-30T14:48:25.641906,2026-07-30T14:48:25.641909,MK001814,REG001939,24,59,83,A+,9,36.0,4.0,4.0,PASS
2026-07-30T14:48:25.641918,2026-07-30T14:48:25.641921,MK001815,REG001940,22,59,81,A+,9,36.0,4.0,4.0,PASS
2026-07-30T14:48:25.641931,2026-07-30T14:48:25.641934,MK001816,REG001941,22,57,79,A,8,32.0,4.0,4.0,PASS
2026-07-30T14:48:25.641943,2026-07-30T14:48:25.641946,MK001817,REG001943,26,62,88,A+,9,36.0,4.0,4.0,PASS
2026-07-30T14:48:25.641955,2026-07-30T14:48:25.641958,MK001818,REG001944,26,55,81,A+,9,36.0,4.0,4.0,PASS
2026-07-30T14:48:25.641968,2026-07-30T14:48:25.641970,MK001819,REG001945,13,47,60,B+,7,28.0,4.0,4.0,PASS
2026-07-30T14:48:25.641983,2026-07-30T14:48:25.641986,MK001820,REG001946,17,47,64,B+,7,28.0,4.0,4.0,PASS
2026-07-30T14:48:25.641996,2026-07-30T14:48:25.641999,MK001821,REG001947,17,45,62,B+,7,28.0,4.0,4.0,PASS
2026-07-30T14:48:25.642008,2026-07-30T14:48:25.642011,MK001822,REG001948,18,46,64,B+,7,28.0,4.0,4.0,PASS
2026-07-30T14:48:25.642020,2026-07-30T14:48:25.642023,MK001823,REG001949,27,64,91,O,10,40.0,4.0,4.0,PASS
2026-07-30T14:48:25.642032,2026-07-30T14:48:25.642035,MK001824,REG001950,30,68,98,O,10,40.0,4.0,4.0,PASS
2026-07-30T14:48:25.642044,2026-07-30T14:48:25.642047,MK001825,REG001951,29,69,98,O,10,40.0,4.0,4.0,PASS
2026-07-30T14:48:25.642056,2026-07-30T14:48:25.642059,MK001826,REG001952,28,68,96,O,10,40.0,4.0,4.0,PASS
2026-07-30T14:48:25.642068,2026-07-30T14:48:25.642071,MK001827,REG001953,26,61,87,A+,9,36.0,4.0,4.0,PASS
2026-07-30T14:48:25.642080,2026-07-30T14:48:25.642083,MK001828,REG001954,23,58,81,A+,9,36.0,4.0,4.0,PASS
2026-07-30T14:48:25.642092,2026-07-30T14:48:25.642095,MK001829,REG001955,25,60,85,A+,9,36.0,4.0,4.0,PASS
2026-07-30T14:48:25.642104,2026-07-30T14:48:25.642107,MK001830,REG001956,25,61,86,A+,9,36.0,4.0,4.0,PASS
2026-07-30T14:48:25.642116,2026-07-30T14:48:25.642119,MK001831,REG001957,24,57,81,A+,9,36.0,4.0,4.0,PASS
2026-07-30T14:48:25.642128,2026-07-30T14:48:25.642131,MK001832,REG001958,25,60,85,A+,9,36.0,4.0,4.0,PASS
2026-07-30T14:48:25.642140,2026-07-30T14:48:25.642143,MK001833,REG001959,23,58,81,A+,9,36.0,4.0,4.0,PASS
2026-07-30T14:48:25.642152,2026-07-30T14:48:25.642154,MK001834,REG001960,22,61,83,A+,9,36.0,4.0,4.0,PASS
2026-07-30T14:48:25.642168,2026-07-30T14:48:25.642171,MK001835,REG001961,30,65,95,O,10,40.0,4.0,4.0,PASS
2026-07-30T14:48:25.642180,2026-07-30T14:48:25.642183,MK001836,REG001962,28,69,97,O,10,40.0,4.0,4.0,PASS
2026-07-30T14:48:25.642193,2026-07-30T14:48:25.642195,MK001837,REG001963,27,66,93,O,10,40.0,4.0,4.0,PASS
2026-07-30T14:48:25.642204,2026-07-30T14:48:25.642207,MK001838,REG001964,28,66,94,O,10,40.0,4.0,4.0,PASS
2026-07-30T14:48:25.642216,2026-07-30T14:48:25.642219,MK001839,REG001965,27,66,93,O,10,40.0,4.0,4.0,PASS
2026-07-30T14:48:25.642229,2026-07-30T14:48:25.642231,MK001840,REG001966,28,63,91,O,10,40.0,4.0,4.0,PASS
2026-07-30T14:48:25.642241,2026-07-30T14:48:25.642243,MK001841,REG001967,29,65,94,O,10,40.0,4.0,4.0,PASS
2026-07-30T14:48:25.642252,2026-07-30T14:48:25.642255,MK001842,REG001968,28,68,96,O,10,40.0,4.0,4.0,PASS
2026-07-30T14:48:25.642265,2026-07-30T14:48:25.642268,MK001843,REG001969,29,63,92,O,10,40.0,4.0,4.0,PASS
2026-07-30T14:48:25.642277,2026-07-30T14:48:25.642279,MK001844,REG001970,30,63,93,O,10,40.0,4.0,4.0,PASS
2026-07-30T14:48:25.642289,2026-07-30T14:48:25.642292,MK001845,REG001972,28,69,97,O,10,40.0,4.0,4.0,PASS
2026-07-30T14:48:25.642303,2026-07-30T14:48:25.642310,MK001846,REG001973,17,41,58,B,6,24.0,4.0,4.0,PASS
2026-07-30T14:48:25.642339,2026-07-30T14:48:25.642343,MK001847,REG001974,15,45,60,B+,7,28.0,4.0,4.0,PASS
2026-07-30T14:48:25.642357,2026-07-30T14:48:25.642361,MK001848,REG001975,17,45,62,B+,7,28.0,4.0,4.0,PASS
2026-07-30T14:48:25.642371,2026-07-30T14:48:25.642373,MK001849,REG001976,15,48,63,B+,7,28.0,4.0,4.0,PASS
2026-07-30T14:48:25.642384,2026-07-30T14:48:25.642387,MK001850,REG001977,0,12,12,F,0,0.0,4.0,0.0,FAIL
2026-07-30T14:48:25.642396,2026-07-30T14:48:25.642399,MK001851,REG001978,4,34,38,F,0,0.0,4.0,0.0,FAIL
2026-07-30T14:48:25.642412,2026-07-30T14:48:25.642415,MK001852,REG001979,1,34,35,F,0,0.0,4.0,0.0,FAIL
2026-07-30T14:48:25.642425,2026-07-30T14:48:25.642428,MK001853,REG001981,18,45,63,B+,7,28.0,4.0,4.0,PASS
2026-07-30T14:48:25.642437,2026-07-30T14:48:25.642440,MK001854,REG001982,16,54,70,A,8,32.0,4.0,4.0,PASS
2026-07-30T14:48:25.642449,2026-07-30T14:48:25.642452,MK001855,REG001984,19,46,65,B+,7,28.0,4.0,4.0,PASS
2026-07-30T14:48:25.642462,2026-07-30T14:48:25.642465,MK001856,REG001987,9,31,40,P,4,16.0,4.0,4.0,PASS
2026-07-30T14:48:25.642474,2026-07-30T14:48:25.642477,MK001857,REG001988,11,41,52,B,6,24.0,4.0,4.0,PASS
2026-07-30T14:48:25.642486,2026-07-30T14:48:25.642489,MK001858,REG001989,25,58,83,A+,9,36.0,4.0,4.0,PASS
2026-07-30T14:48:25.642498,2026-07-30T14:48:25.642501,MK001859,REG001990,22,56,78,A,8,32.0,4.0,4.0,PASS
2026-07-30T14:48:25.642515,2026-07-30T14:48:25.642518,MK001860,REG001991,25,57,82,A+,9,36.0,4.0,4.0,PASS
2026-07-30T14:48:25.642527,2026-07-30T14:48:25.642530,MK001861,REG001992,22,60,82,A+,9,36.0,4.0,4.0,PASS
2026-07-30T14:48:25.642540,2026-07-30T14:48:25.642543,MK001862,REG001994,6,9,15,F,0,0.0,4.0,0.0,FAIL
2026-07-30T14:48:25.642555,2026-07-30T14:48:25.642558,MK001863,REG001996,0,16,16,F,0,0.0,4.0,0.0,FAIL
2026-07-30T14:48:25.642569,2026-07-30T14:48:25.642572,MK001864,REG001997,26,57,83,A+,9,36.0,4.0,4.0,PASS
2026-07-30T14:48:25.642581,2026-07-30T14:48:25.642584,MK001865,REG001998,22,60,82,A+,9,36.0,4.0,4.0,PASS
2026-07-30T14:48:25.642593,2026-07-30T14:48:25.642596,MK001866,REG001999,24,56,80,A+,9,36.0,4.0,4.0,PASS
2026-07-30T14:48:25.642605,2026-07-30T14:48:25.642608,MK001867,REG002000,24,62,86,A+,9,36.0,4.0,4.0,PASS
