created_at,updated_at,registration_id,student_id,course_offering_id,mentor_id,registration_status,is_repeat,attendance_percentage,assignment_completion,lms_activity_score
2026-07-30T21:22:50.604864,2026-07-30T21:22:50.604886,REG000001,ST000001,CO000025,MN000010,REGISTERED,False,83,63,73
2026-07-30T21:22:50.604925,2026-07-30T21:22:50.604931,REG000002,ST000001,CO000026,MN000011,REGISTERED,False,74,64,70
2026-07-30T21:22:50.604943,2026-07-30T21:22:50.604945,REG000003,ST000001,CO000027,MN000012,REGISTERED,False,67,63,62
2026-07-30T21:22:50.604955,2026-07-30T21:22:50.604958,REG000004,ST000001,CO000028,MN000013,REGISTERED,False,76,80,64
2026-07-30T21:22:50.604977,2026-07-30T21:22:50.604983,REG000005,ST000002,CO000025,MN000010,REGISTERED,False,69,73,55
2026-07-30T21:22:50.605005,2026-07-30T21:22:50.605009,REG000006,ST000002,CO000026,MN000011,REGISTERED,False,84,75,73
2026-07-30T21:22:50.605027,2026-07-30T21:22:50.605033,REG000007,ST000002,CO000027,MN000012,REGISTERED,False,85,76,72
2026-07-30T21:22:50.605042,2026-07-30T21:22:50.605044,REG000008,ST000002,CO000028,MN000013,REGISTERED,False,78,64,70
2026-07-30T21:22:50.605053,2026-07-30T21:22:50.605055,REG000009,ST000003,CO000025,MN000010,REGISTERED,False,74,74,68
2026-07-30T21:22:50.605065,2026-07-30T21:22:50.605067,REG000010,ST000003,CO000026,MN000011,REGISTERED,False,67,66,69
2026-07-30T21:22:50.605075,2026-07-30T21:22:50.605089,REG000011,ST000003,CO000027,MN000012,REGISTERED,False,84,73,77
2026-07-30T21:22:50.605119,2026-07-30T21:22:50.605125,REG000012,ST000003,CO000028,MN000013,REGISTERED,False,73,60,63
2026-07-30T21:22:50.605142,2026-07-30T21:22:50.605146,REG000013,ST000004,CO000025,MN000010,REGISTERED,False,84,78,74
2026-07-30T21:22:50.605154,2026-07-30T21:22:50.605156,REG000014,ST000004,CO000026,MN000011,REGISTERED,False,83,73,73
2026-07-30T21:22:50.605163,2026-07-30T21:22:50.605166,REG000015,ST000004,CO000027,MN000012,REGISTERED,False,72,67,80
2026-07-30T21:22:50.605173,2026-07-30T21:22:50.605176,REG000016,ST000004,CO000028,MN000013,REGISTERED,False,80,62,72
2026-07-30T21:22:50.605184,2026-07-30T21:22:50.605187,REG000017,ST000005,CO000025,MN000010,REGISTERED,False,84,76,82
2026-07-30T21:22:50.605199,2026-07-30T21:22:50.605202,REG000018,ST000005,CO000026,MN000011,REGISTERED,False,89,75,84
2026-07-30T21:22:50.605209,2026-07-30T21:22:50.605211,REG000019,ST000005,CO000027,MN000012,REGISTERED,False,95,88,91
2026-07-30T21:22:50.605219,2026-07-30T21:22:50.605221,REG000020,ST000005,CO000028,MN000013,REGISTERED,False,84,87,92
2026-07-30T21:22:50.605230,2026-07-30T21:22:50.605232,REG000021,ST000006,CO000025,MN000010,REGISTERED,False,81,78,72
2026-07-30T21:22:50.605240,2026-07-30T21:22:50.605242,REG000022,ST000006,CO000026,MN000011,REGISTERED,False,95,75,84
2026-07-30T21:22:50.605250,2026-07-30T21:22:50.605252,REG000023,ST000006,CO000027,MN000012,REGISTERED,False,88,88,83
2026-07-30T21:22:50.605260,2026-07-30T21:22:50.605262,REG000024,ST000006,CO000028,MN000013,REGISTERED,False,94,90,91
2026-07-30T21:22:50.605271,2026-07-30T21:22:50.605273,REG000025,ST000007,CO000025,MN000010,REGISTERED,False,89,80,81
2026-07-30T21:22:50.605281,2026-07-30T21:22:50.605284,REG000026,ST000007,CO000026,MN000011,REGISTERED,False,87,81,77
2026-07-30T21:22:50.605295,2026-07-30T21:22:50.605297,REG000027,ST000007,CO000027,MN000012,REGISTERED,False,84,85,84
2026-07-30T21:22:50.605306,2026-07-30T21:22:50.605308,REG000028,ST000007,CO000028,MN000013,REGISTERED,False,91,78,85
2026-07-30T21:22:50.605316,2026-07-30T21:22:50.605319,REG000029,ST000008,CO000025,MN000010,CANCELLED,False,83,84,80
2026-07-30T21:22:50.605329,2026-07-30T21:22:50.605334,REG000030,ST000008,CO000026,MN000011,REGISTERED,False,95,78,92
2026-07-30T21:22:50.605344,2026-07-30T21:22:50.605347,REG000031,ST000008,CO000027,MN000012,REGISTERED,False,95,75,81
2026-07-30T21:22:50.605359,2026-07-30T21:22:50.605364,REG000032,ST000008,CO000028,MN000013,REGISTERED,False,88,81,78
2026-07-30T21:22:50.605391,2026-07-30T21:22:50.605396,REG000033,ST000009,CO000025,MN000010,REGISTERED,False,68,65,53
2026-07-30T21:22:50.605416,2026-07-30T21:22:50.605421,REG000034,ST000009,CO000026,MN000011,REGISTERED,False,85,80,76
2026-07-30T21:22:50.605433,2026-07-30T21:22:50.605437,REG000035,ST000009,CO000027,MN000012,CANCELLED,False,79,62,67
2026-07-30T21:22:50.605449,2026-07-30T21:22:50.605453,REG000036,ST000009,CO000028,MN000013,REGISTERED,False,74,68,62
2026-07-30T21:22:50.605481,2026-07-30T21:22:50.605487,REG000037,ST000010,CO000025,MN000010,REGISTERED,False,85,78,79
2026-07-30T21:22:50.605541,2026-07-30T21:22:50.605556,REG000038,ST000010,CO000026,MN000011,REGISTERED,False,77,75,72
2026-07-30T21:22:50.605579,2026-07-30T21:22:50.605583,REG000039,ST000010,CO000027,MN000012,REGISTERED,False,73,68,77
2026-07-30T21:22:50.605596,2026-07-30T21:22:50.605599,REG000040,ST000010,CO000028,MN000013,REGISTERED,False,85,76,72
2026-07-30T21:22:50.605618,2026-07-30T21:22:50.605623,REG000041,ST000011,CO000025,MN000010,REGISTERED,False,46,48,42
2026-07-30T21:22:50.605639,2026-07-30T21:22:50.605642,REG000042,ST000011,CO000026,MN000011,REGISTERED,False,53,50,48
2026-07-30T21:22:50.605653,2026-07-30T21:22:50.605657,REG000043,ST000011,CO000027,MN000012,CANCELLED,False,59,50,44
2026-07-30T21:22:50.605670,2026-07-30T21:22:50.605674,REG000044,ST000011,CO000028,MN000013,REGISTERED,False,41,39,49
2026-07-30T21:22:50.605690,2026-07-30T21:22:50.605694,REG000045,ST000012,CO000025,MN000010,REGISTERED,False,95,76,92
2026-07-30T21:22:50.605708,2026-07-30T21:22:50.605711,REG000046,ST000012,CO000026,MN000011,REGISTERED,False,93,82,90
2026-07-30T21:22:50.605720,2026-07-30T21:22:50.605724,REG000047,ST000012,CO000027,MN000012,REGISTERED,False,87,79,86
2026-07-30T21:22:50.605733,2026-07-30T21:22:50.605736,REG000048,ST000012,CO000028,MN000013,REGISTERED,False,89,83,75
2026-07-30T21:22:50.605766,2026-07-30T21:22:50.605770,REG000049,ST000013,CO000025,MN000010,REGISTERED,False,98,98,87
2026-07-30T21:22:50.605782,2026-07-30T21:22:50.605786,REG000050,ST000013,CO000026,MN000011,REGISTERED,False,100,91,96
2026-07-30T21:22:50.605797,2026-07-30T21:22:50.605801,REG000051,ST000013,CO000027,MN000012,REGISTERED,False,100,98,98
2026-07-30T21:22:50.605815,2026-07-30T21:22:50.605819,REG000052,ST000013,CO000028,MN000013,REGISTERED,False,100,98,85
2026-07-30T21:22:50.605836,2026-07-30T21:22:50.605841,REG000053,ST000014,CO000025,MN000010,REGISTERED,False,89,76,81
2026-07-30T21:22:50.605859,2026-07-30T21:22:50.605864,REG000054,ST000014,CO000026,MN000011,REGISTERED,True,91,86,89
2026-07-30T21:22:50.605877,2026-07-30T21:22:50.605880,REG000055,ST000014,CO000027,MN000012,REGISTERED,False,84,87,83
2026-07-30T21:22:50.605895,2026-07-30T21:22:50.605899,REG000056,ST000014,CO000028,MN000013,REGISTERED,False,92,87,77
2026-07-30T21:22:50.605917,2026-07-30T21:22:50.605920,REG000057,ST000015,CO000025,MN000010,REGISTERED,False,66,63,55
2026-07-30T21:22:50.605932,2026-07-30T21:22:50.605936,REG000058,ST000015,CO000026,MN000011,REGISTERED,False,69,61,65
2026-07-30T21:22:50.605948,2026-07-30T21:22:50.605953,REG000059,ST000015,CO000027,MN000012,REGISTERED,False,84,74,71
2026-07-30T21:22:50.605963,2026-07-30T21:22:50.605966,REG000060,ST000015,CO000028,MN000013,REGISTERED,False,77,78,78
2026-07-30T21:22:50.605980,2026-07-30T21:22:50.605984,REG000061,ST000016,CO000025,MN000010,REGISTERED,False,82,77,75
2026-07-30T21:22:50.605994,2026-07-30T21:22:50.606011,REG000062,ST000016,CO000026,MN000011,REGISTERED,False,83,71,74
2026-07-30T21:22:50.606023,2026-07-30T21:22:50.606027,REG000063,ST000016,CO000027,MN000012,REGISTERED,False,70,60,70
2026-07-30T21:22:50.606038,2026-07-30T21:22:50.606042,REG000064,ST000016,CO000028,MN000013,REGISTERED,False,67,63,67
2026-07-30T21:22:50.606055,2026-07-30T21:22:50.606059,REG000065,ST000017,CO000025,MN000010,REGISTERED,False,52,37,48
2026-07-30T21:22:50.606076,2026-07-30T21:22:50.606081,REG000066,ST000017,CO000026,MN000011,REGISTERED,False,55,47,42
2026-07-30T21:22:50.606093,2026-07-30T21:22:50.606095,REG000067,ST000017,CO000027,MN000012,REGISTERED,False,58,45,47
2026-07-30T21:22:50.606131,2026-07-30T21:22:50.606135,REG000068,ST000017,CO000028,MN000013,CANCELLED,False,60,49,49
2026-07-30T21:22:50.606154,2026-07-30T21:22:50.606158,REG000069,ST000018,CO000025,MN000010,REGISTERED,False,93,92,95
2026-07-30T21:22:50.606169,2026-07-30T21:22:50.606172,REG000070,ST000018,CO000026,MN000011,REGISTERED,False,93,91,94
2026-07-30T21:22:50.606181,2026-07-30T21:22:50.606184,REG000071,ST000018,CO000027,MN000012,REGISTERED,False,96,91,85
2026-07-30T21:22:50.606194,2026-07-30T21:22:50.606197,REG000072,ST000018,CO000028,MN000013,REGISTERED,False,97,92,87
2026-07-30T21:22:50.606207,2026-07-30T21:22:50.606210,REG000073,ST000019,CO000025,MN000010,REGISTERED,False,80,70,77
2026-07-30T21:22:50.606218,2026-07-30T21:22:50.606221,REG000074,ST000019,CO000026,MN000011,REGISTERED,False,69,64,76
2026-07-30T21:22:50.606230,2026-07-30T21:22:50.606232,REG000075,ST000019,CO000027,MN000012,REGISTERED,False,69,63,58
2026-07-30T21:22:50.606241,2026-07-30T21:22:50.606244,REG000076,ST000019,CO000028,MN000013,REGISTERED,False,67,70,67
2026-07-30T21:22:50.606254,2026-07-30T21:22:50.606257,REG000077,ST000020,CO000025,MN000010,REGISTERED,False,69,59,62
2026-07-30T21:22:50.606267,2026-07-30T21:22:50.606270,REG000078,ST000020,CO000026,MN000011,REGISTERED,False,69,67,59
2026-07-30T21:22:50.606279,2026-07-30T21:22:50.606282,REG000079,ST000020,CO000027,MN000012,REGISTERED,False,64,59,59
2026-07-30T21:22:50.606291,2026-07-30T21:22:50.606294,REG000080,ST000020,CO000028,MN000013,REGISTERED,False,66,67,54
2026-07-30T21:22:50.606304,2026-07-30T21:22:50.606307,REG000081,ST000021,CO000025,MN000010,REGISTERED,True,42,40,32
2026-07-30T21:22:50.606316,2026-07-30T21:22:50.606319,REG000082,ST000021,CO000026,MN000011,REGISTERED,False,40,42,40
2026-07-30T21:22:50.606328,2026-07-30T21:22:50.606331,REG000083,ST000021,CO000027,MN000012,REGISTERED,False,48,38,42
2026-07-30T21:22:50.606365,2026-07-30T21:22:50.606371,REG000084,ST000021,CO000028,MN000013,REGISTERED,False,62,59,48
2026-07-30T21:22:50.606397,2026-07-30T21:22:50.606400,REG000085,ST000022,CO000025,MN000010,REGISTERED,False,98,99,90
2026-07-30T21:22:50.606410,2026-07-30T21:22:50.606412,REG000086,ST000022,CO000026,MN000011,REGISTERED,False,92,96,87
2026-07-30T21:22:50.606422,2026-07-30T21:22:50.606425,REG000087,ST000022,CO000027,MN000012,REGISTERED,False,97,92,100
2026-07-30T21:22:50.606438,2026-07-30T21:22:50.606441,REG000088,ST000022,CO000028,MN000013,REGISTERED,False,96,92,96
2026-07-30T21:22:50.606452,2026-07-30T21:22:50.606454,REG000089,ST000023,CO000025,MN000010,REGISTERED,False,71,62,68
2026-07-30T21:22:50.606463,2026-07-30T21:22:50.606466,REG000090,ST000023,CO000026,MN000011,REGISTERED,False,85,65,71
2026-07-30T21:22:50.606478,2026-07-30T21:22:50.606482,REG000091,ST000023,CO000027,MN000012,REGISTERED,False,73,70,78
2026-07-30T21:22:50.606492,2026-07-30T21:22:50.606499,REG000092,ST000023,CO000028,MN000013,REGISTERED,False,78,68,75
2026-07-30T21:22:50.606521,2026-07-30T21:22:50.606529,REG000093,ST000024,CO000025,MN000010,REGISTERED,False,97,95,90
2026-07-30T21:22:50.606542,2026-07-30T21:22:50.606545,REG000094,ST000024,CO000026,MN000011,REGISTERED,False,90,93,88
2026-07-30T21:22:50.606554,2026-07-30T21:22:50.606557,REG000095,ST000024,CO000027,MN000012,REGISTERED,False,94,96,98
2026-07-30T21:22:50.606566,2026-07-30T21:22:50.606569,REG000096,ST000024,CO000028,MN000013,REGISTERED,False,91,95,85
2026-07-30T21:22:50.606589,2026-07-30T21:22:50.606594,REG000097,ST000025,CO000025,MN000010,REGISTERED,False,40,32,32
2026-07-30T21:22:50.606616,2026-07-30T21:22:50.606620,REG000098,ST000025,CO000026,MN000011,REGISTERED,False,43,26,34
2026-07-30T21:22:50.606630,2026-07-30T21:22:50.606633,REG000099,ST000025,CO000027,MN000012,CANCELLED,False,46,45,31
2026-07-30T21:22:50.606652,2026-07-30T21:22:50.606657,REG000100,ST000025,CO000028,MN000013,REGISTERED,False,39,22,26
2026-07-30T21:22:50.606681,2026-07-30T21:22:50.606685,REG000101,ST000026,CO000025,MN000010,REGISTERED,True,20,23,5
2026-07-30T21:22:50.606695,2026-07-30T21:22:50.606697,REG000102,ST000026,CO000026,MN000011,CANCELLED,False,33,28,25
2026-07-30T21:22:50.606706,2026-07-30T21:22:50.606712,REG000103,ST000026,CO000027,MN000012,CANCELLED,False,22,20,29
2026-07-30T21:22:50.606731,2026-07-30T21:22:50.606736,REG000104,ST000026,CO000028,MN000013,REGISTERED,False,46,33,34
2026-07-30T21:22:50.606753,2026-07-30T21:22:50.606757,REG000105,ST000027,CO000025,MN000010,REGISTERED,False,92,80,82
2026-07-30T21:22:50.606773,2026-07-30T21:22:50.606777,REG000106,ST000027,CO000026,MN000011,REGISTERED,False,95,80,80
2026-07-30T21:22:50.606791,2026-07-30T21:22:50.606796,REG000107,ST000027,CO000027,MN000012,REGISTERED,False,84,81,71
2026-07-30T21:22:50.606810,2026-07-30T21:22:50.606814,REG000108,ST000027,CO000028,MN000013,REGISTERED,False,82,81,90
2026-07-30T21:22:50.606830,2026-07-30T21:22:50.606835,REG000109,ST000028,CO000025,MN000010,REGISTERED,False,75,65,70
2026-07-30T21:22:50.606851,2026-07-30T21:22:50.606856,REG000110,ST000028,CO000026,MN000011,REGISTERED,False,85,65,76
2026-07-30T21:22:50.606870,2026-07-30T21:22:50.606874,REG000111,ST000028,CO000027,MN000012,REGISTERED,False,67,61,66
2026-07-30T21:22:50.606888,2026-07-30T21:22:50.606892,REG000112,ST000028,CO000028,MN000013,REGISTERED,False,69,67,70
2026-07-30T21:22:50.606909,2026-07-30T21:22:50.606920,REG000113,ST000029,CO000025,MN000010,REGISTERED,False,94,93,91
2026-07-30T21:22:50.606936,2026-07-30T21:22:50.606940,REG000114,ST000029,CO000026,MN000011,REGISTERED,False,99,96,87
2026-07-30T21:22:50.606955,2026-07-30T21:22:50.606960,REG000115,ST000029,CO000027,MN000012,REGISTERED,False,90,93,91
2026-07-30T21:22:50.606976,2026-07-30T21:22:50.606981,REG000116,ST000029,CO000028,MN000013,REGISTERED,False,97,90,98
2026-07-30T21:22:50.606999,2026-07-30T21:22:50.607005,REG000117,ST000030,CO000025,MN000010,REGISTERED,False,80,81,78
2026-07-30T21:22:50.607022,2026-07-30T21:22:50.607027,REG000118,ST000030,CO000026,MN000011,REGISTERED,False,84,78,73
2026-07-30T21:22:50.607044,2026-07-30T21:22:50.607048,REG000119,ST000030,CO000027,MN000012,REGISTERED,False,85,79,92
2026-07-30T21:22:50.607062,2026-07-30T21:22:50.607067,REG000120,ST000030,CO000028,MN000013,REGISTERED,False,81,86,81
2026-07-30T21:22:50.607085,2026-07-30T21:22:50.607090,REG000121,ST000031,CO000025,MN000010,REGISTERED,False,83,77,81
2026-07-30T21:22:50.607120,2026-07-30T21:22:50.607127,REG000122,ST000031,CO000026,MN000011,REGISTERED,False,86,79,84
2026-07-30T21:22:50.607144,2026-07-30T21:22:50.607148,REG000123,ST000031,CO000027,MN000012,REGISTERED,False,92,88,85
2026-07-30T21:22:50.607168,2026-07-30T21:22:50.607177,REG000124,ST000031,CO000028,MN000013,REGISTERED,False,81,85,81
2026-07-30T21:22:50.607192,2026-07-30T21:22:50.607196,REG000125,ST000032,CO000025,MN000010,REGISTERED,False,70,61,64
2026-07-30T21:22:50.607209,2026-07-30T21:22:50.607213,REG000126,ST000032,CO000026,MN000011,REGISTERED,False,70,66,59
2026-07-30T21:22:50.607230,2026-07-30T21:22:50.607235,REG000127,ST000032,CO000027,MN000012,REGISTERED,False,64,63,62
2026-07-30T21:22:50.607250,2026-07-30T21:22:50.607255,REG000128,ST000032,CO000028,MN000013,REGISTERED,False,74,65,60
2026-07-30T21:22:50.607272,2026-07-30T21:22:50.607277,REG000129,ST000033,CO000025,MN000010,REGISTERED,False,69,64,57
2026-07-30T21:22:50.607293,2026-07-30T21:22:50.607298,REG000130,ST000033,CO000026,MN000011,REGISTERED,False,83,80,74
2026-07-30T21:22:50.607354,2026-07-30T21:22:50.607359,REG000131,ST000033,CO000027,MN000012,REGISTERED,False,78,67,70
2026-07-30T21:22:50.607374,2026-07-30T21:22:50.607379,REG000132,ST000033,CO000028,MN000013,REGISTERED,False,77,71,77
2026-07-30T21:22:50.607423,2026-07-30T21:22:50.607431,REG000133,ST000034,CO000025,MN000010,REGISTERED,False,76,70,66
2026-07-30T21:22:50.607454,2026-07-30T21:22:50.607460,REG000134,ST000034,CO000026,MN000011,REGISTERED,False,78,65,71
2026-07-30T21:22:50.607480,2026-07-30T21:22:50.607486,REG000135,ST000034,CO000027,MN000012,REGISTERED,False,82,70,76
2026-07-30T21:22:50.607509,2026-07-30T21:22:50.607517,REG000136,ST000034,CO000028,MN000013,REGISTERED,False,74,77,69
2026-07-30T21:22:50.607542,2026-07-30T21:22:50.607548,REG000137,ST000036,CO000025,MN000010,REGISTERED,False,76,69,78
2026-07-30T21:22:50.607568,2026-07-30T21:22:50.607574,REG000138,ST000036,CO000026,MN000011,REGISTERED,False,65,69,70
2026-07-30T21:22:50.607595,2026-07-30T21:22:50.607615,REG000139,ST000036,CO000027,MN000012,REGISTERED,False,65,64,55
2026-07-30T21:22:50.607658,2026-07-30T21:22:50.607666,REG000140,ST000036,CO000028,MN000013,REGISTERED,False,83,79,79
2026-07-30T21:22:50.607701,2026-07-30T21:22:50.607708,REG000141,ST000037,CO000025,MN000010,REGISTERED,False,81,64,70
2026-07-30T21:22:50.607732,2026-07-30T21:22:50.607740,REG000142,ST000037,CO000026,MN000011,REGISTERED,False,84,77,73
2026-07-30T21:22:50.607765,2026-07-30T21:22:50.607773,REG000143,ST000037,CO000027,MN000012,REGISTERED,False,73,63,79
2026-07-30T21:22:50.607800,2026-07-30T21:22:50.607807,REG000144,ST000037,CO000028,MN000013,REGISTERED,False,78,66,80
2026-07-30T21:22:50.607833,2026-07-30T21:22:50.607840,REG000145,ST000038,CO000025,MN000010,REGISTERED,False,77,78,62
2026-07-30T21:22:50.607864,2026-07-30T21:22:50.607873,REG000146,ST000038,CO000026,MN000011,REGISTERED,False,74,64,66
2026-07-30T21:22:50.607896,2026-07-30T21:22:50.607904,REG000147,ST000038,CO000027,MN000012,CANCELLED,False,79,64,72
2026-07-30T21:22:50.607927,2026-07-30T21:22:50.607935,REG000148,ST000038,CO000028,MN000013,REGISTERED,False,65,61,62
2026-07-30T21:22:50.607962,2026-07-30T21:22:50.607969,REG000149,ST000039,CO000025,MN000010,CANCELLED,False,75,63,61
2026-07-30T21:22:50.607993,2026-07-30T21:22:50.608000,REG000150,ST000039,CO000026,MN000011,REGISTERED,False,65,54,65
2026-07-30T21:22:50.608023,2026-07-30T21:22:50.608030,REG000151,ST000039,CO000027,MN000012,REGISTERED,False,64,63,64
2026-07-30T21:22:50.608052,2026-07-30T21:22:50.608059,REG000152,ST000039,CO000028,MN000013,REGISTERED,False,68,65,65
2026-07-30T21:22:50.608083,2026-07-30T21:22:50.608089,REG000153,ST000040,CO000025,MN000010,REGISTERED,True,53,54,39
2026-07-30T21:22:50.608129,2026-07-30T21:22:50.608137,REG000154,ST000040,CO000026,MN000011,REGISTERED,False,60,59,45
2026-07-30T21:22:50.608167,2026-07-30T21:22:50.608174,REG000155,ST000040,CO000027,MN000012,REGISTERED,False,41,36,41
2026-07-30T21:22:50.608197,2026-07-30T21:22:50.608204,REG000156,ST000040,CO000028,MN000013,REGISTERED,False,54,51,46
2026-07-30T21:22:50.608228,2026-07-30T21:22:50.608235,REG000157,ST000041,CO000025,MN000010,REGISTERED,False,65,64,65
2026-07-30T21:22:50.608258,2026-07-30T21:22:50.608265,REG000158,ST000041,CO000026,MN000011,REGISTERED,False,83,68,72
2026-07-30T21:22:50.608288,2026-07-30T21:22:50.608295,REG000159,ST000041,CO000027,MN000012,REGISTERED,False,80,63,69
2026-07-30T21:22:50.608318,2026-07-30T21:22:50.608325,REG000160,ST000041,CO000028,MN000013,REGISTERED,False,79,80,67
2026-07-30T21:22:50.608349,2026-07-30T21:22:50.608356,REG000161,ST000042,CO000025,MN000010,REGISTERED,False,90,94,100
2026-07-30T21:22:50.608379,2026-07-30T21:22:50.608385,REG000162,ST000042,CO000026,MN000011,REGISTERED,False,100,90,90
2026-07-30T21:22:50.608408,2026-07-30T21:22:50.608415,REG000163,ST000042,CO000027,MN000012,REGISTERED,False,91,91,98
2026-07-30T21:22:50.608444,2026-07-30T21:22:50.608456,REG000164,ST000042,CO000028,MN000013,REGISTERED,False,97,93,87
2026-07-30T21:22:50.608481,2026-07-30T21:22:50.608488,REG000165,ST000043,CO000025,MN000010,REGISTERED,False,63,51,54
2026-07-30T21:22:50.608511,2026-07-30T21:22:50.608517,REG000166,ST000043,CO000026,MN000011,CANCELLED,False,67,68,58
2026-07-30T21:22:50.608540,2026-07-30T21:22:50.608547,REG000167,ST000043,CO000027,MN000012,REGISTERED,False,60,51,63
2026-07-30T21:22:50.608569,2026-07-30T21:22:50.608576,REG000168,ST000043,CO000028,MN000013,REGISTERED,False,61,56,53
2026-07-30T21:22:50.608600,2026-07-30T21:22:50.608608,REG000169,ST000044,CO000025,MN000010,REGISTERED,False,99,94,98
2026-07-30T21:22:50.608631,2026-07-30T21:22:50.608638,REG000170,ST000044,CO000026,MN000011,REGISTERED,False,94,90,94
2026-07-30T21:22:50.608677,2026-07-30T21:22:50.608682,REG000171,ST000044,CO000027,MN000012,REGISTERED,False,91,96,100
2026-07-30T21:22:50.608698,2026-07-30T21:22:50.608703,REG000172,ST000044,CO000028,MN000013,REGISTERED,False,94,96,95
2026-07-30T21:22:50.608720,2026-07-30T21:22:50.608725,REG000173,ST000045,CO000025,MN000010,REGISTERED,True,20,25,10
2026-07-30T21:22:50.608742,2026-07-30T21:22:50.608747,REG000174,ST000045,CO000026,MN000011,REGISTERED,True,32,26,30
2026-07-30T21:22:50.608763,2026-07-30T21:22:50.608768,REG000175,ST000045,CO000027,MN000012,CANCELLED,False,32,26,33
2026-07-30T21:22:50.608784,2026-07-30T21:22:50.608789,REG000176,ST000045,CO000028,MN000013,REGISTERED,False,34,39,20
2026-07-30T21:22:50.608806,2026-07-30T21:22:50.608811,REG000177,ST000046,CO000025,MN000010,REGISTERED,False,74,66,73
2026-07-30T21:22:50.608826,2026-07-30T21:22:50.608831,REG000178,ST000046,CO000026,MN000011,REGISTERED,False,85,70,70
2026-07-30T21:22:50.608848,2026-07-30T21:22:50.608853,REG000179,ST000046,CO000027,MN000012,REGISTERED,False,65,63,52
2026-07-30T21:22:50.608869,2026-07-30T21:22:50.608874,REG000180,ST000046,CO000028,MN000013,REGISTERED,True,78,70,72
2026-07-30T21:22:50.608893,2026-07-30T21:22:50.608898,REG000181,ST000047,CO000025,MN000010,REGISTERED,False,83,86,83
2026-07-30T21:22:50.608914,2026-07-30T21:22:50.608919,REG000182,ST000047,CO000026,MN000011,REGISTERED,False,83,83,81
2026-07-30T21:22:50.608935,2026-07-30T21:22:50.608941,REG000183,ST000047,CO000027,MN000012,REGISTERED,False,80,77,82
2026-07-30T21:22:50.608957,2026-07-30T21:22:50.608962,REG000184,ST000047,CO000028,MN000013,REGISTERED,False,82,80,92
2026-07-30T21:22:50.608980,2026-07-30T21:22:50.608985,REG000185,ST000048,CO000025,MN000010,REGISTERED,False,69,54,62
2026-07-30T21:22:50.609001,2026-07-30T21:22:50.609006,REG000186,ST000048,CO000026,MN000011,REGISTERED,False,64,56,49
2026-07-30T21:22:50.609022,2026-07-30T21:22:50.609028,REG000187,ST000048,CO000027,MN000012,REGISTERED,True,64,68,59
2026-07-30T21:22:50.609045,2026-07-30T21:22:50.609050,REG000188,ST000048,CO000028,MN000013,REGISTERED,False,60,50,50
2026-07-30T21:22:50.609067,2026-07-30T21:22:50.609072,REG000189,ST000049,CO000025,MN000010,REGISTERED,False,74,61,71
2026-07-30T21:22:50.609093,2026-07-30T21:22:50.609111,REG000190,ST000049,CO000026,MN000011,REGISTERED,False,80,80,67
2026-07-30T21:22:50.609129,2026-07-30T21:22:50.609134,REG000191,ST000049,CO000027,MN000012,REGISTERED,False,79,74,75
2026-07-30T21:22:50.609150,2026-07-30T21:22:50.609155,REG000192,ST000049,CO000028,MN000013,REGISTERED,False,69,67,70
2026-07-30T21:22:50.609173,2026-07-30T21:22:50.609178,REG000193,ST000050,CO000025,MN000010,CANCELLED,False,70,63,59
2026-07-30T21:22:50.609195,2026-07-30T21:22:50.609200,REG000194,ST000050,CO000026,MN000011,CANCELLED,False,79,70,80
2026-07-30T21:22:50.609216,2026-07-30T21:22:50.609221,REG000195,ST000050,CO000027,MN000012,REGISTERED,False,71,65,64
2026-07-30T21:22:50.609244,2026-07-30T21:22:50.609264,REG000196,ST000050,CO000028,MN000013,REGISTERED,False,82,79,76
2026-07-30T21:22:50.609282,2026-07-30T21:22:50.609287,REG000197,ST000051,CO000025,MN000010,REGISTERED,False,53,52,45
2026-07-30T21:22:50.609303,2026-07-30T21:22:50.609308,REG000198,ST000051,CO000026,MN000011,REGISTERED,False,47,52,47
2026-07-30T21:22:50.609324,2026-07-30T21:22:50.609329,REG000199,ST000051,CO000027,MN000012,REGISTERED,False,40,44,28
2026-07-30T21:22:50.609345,2026-07-30T21:22:50.609350,REG000200,ST000051,CO000028,MN000013,REGISTERED,False,53,52,47
2026-07-30T21:22:50.609368,2026-07-30T21:22:50.609373,REG000201,ST000052,CO000025,MN000010,REGISTERED,False,91,89,82
2026-07-30T21:22:50.609390,2026-07-30T21:22:50.609395,REG000202,ST000052,CO000026,MN000011,REGISTERED,False,80,82,84
2026-07-30T21:22:50.609411,2026-07-30T21:22:50.609416,REG000203,ST000052,CO000027,MN000012,REGISTERED,False,81,84,76
2026-07-30T21:22:50.609432,2026-07-30T21:22:50.609437,REG000204,ST000052,CO000028,MN000013,REGISTERED,False,95,88,89
2026-07-30T21:22:50.609455,2026-07-30T21:22:50.609460,REG000205,ST000053,CO000025,MN000010,REGISTERED,False,56,58,45
2026-07-30T21:22:50.609476,2026-07-30T21:22:50.609481,REG000206,ST000053,CO000026,MN000011,CANCELLED,False,54,43,39
2026-07-30T21:22:50.609498,2026-07-30T21:22:50.609503,REG000207,ST000053,CO000027,MN000012,REGISTERED,False,55,57,48
2026-07-30T21:22:50.609519,2026-07-30T21:22:50.609524,REG000208,ST000053,CO000028,MN000013,REGISTERED,False,46,46,36
2026-07-30T21:22:50.609542,2026-07-30T21:22:50.609547,REG000209,ST000054,CO000025,MN000010,REGISTERED,False,81,73,68
2026-07-30T21:22:50.609564,2026-07-30T21:22:50.609569,REG000210,ST000054,CO000026,MN000011,REGISTERED,False,72,72,68
2026-07-30T21:22:50.609586,2026-07-30T21:22:50.609591,REG000211,ST000054,CO000027,MN000012,REGISTERED,False,79,65,65
2026-07-30T21:22:50.609608,2026-07-30T21:22:50.609626,REG000212,ST000054,CO000028,MN000013,REGISTERED,False,78,63,70
2026-07-30T21:22:50.609642,2026-07-30T21:22:50.609646,REG000213,ST000055,CO000025,MN000010,REGISTERED,True,38,24,29
2026-07-30T21:22:50.609662,2026-07-30T21:22:50.609666,REG000214,ST000055,CO000026,MN000011,REGISTERED,False,29,31,15
2026-07-30T21:22:50.609682,2026-07-30T21:22:50.609690,REG000215,ST000055,CO000027,MN000012,REGISTERED,True,50,44,35
2026-07-30T21:22:50.609706,2026-07-30T21:22:50.609711,REG000216,ST000055,CO000028,MN000013,CANCELLED,False,28,29,16
2026-07-30T21:22:50.609727,2026-07-30T21:22:50.609732,REG000217,ST000056,CO000025,MN000010,REGISTERED,False,83,78,78
2026-07-30T21:22:50.609748,2026-07-30T21:22:50.609752,REG000218,ST000056,CO000026,MN000011,REGISTERED,False,74,70,69
2026-07-30T21:22:50.609772,2026-07-30T21:22:50.609778,REG000219,ST000056,CO000027,MN000012,REGISTERED,True,74,69,66
2026-07-30T21:22:50.609794,2026-07-30T21:22:50.609798,REG000220,ST000056,CO000028,MN000013,REGISTERED,False,83,78,76
2026-07-30T21:22:50.609814,2026-07-30T21:22:50.609819,REG000221,ST000057,CO000025,MN000010,REGISTERED,False,67,67,65
2026-07-30T21:22:50.609835,2026-07-30T21:22:50.609839,REG000222,ST000057,CO000026,MN000011,REGISTERED,False,79,78,70
2026-07-30T21:22:50.609855,2026-07-30T21:22:50.609860,REG000223,ST000057,CO000027,MN000012,REGISTERED,False,75,66,74
2026-07-30T21:22:50.609875,2026-07-30T21:22:50.609880,REG000224,ST000057,CO000028,MN000013,REGISTERED,False,83,75,70
2026-07-30T21:22:50.609896,2026-07-30T21:22:50.609901,REG000225,ST000058,CO000025,MN000010,REGISTERED,False,84,70,70
2026-07-30T21:22:50.609916,2026-07-30T21:22:50.609921,REG000226,ST000058,CO000026,MN000011,REGISTERED,False,73,76,67
2026-07-30T21:22:50.609936,2026-07-30T21:22:50.609941,REG000227,ST000058,CO000027,MN000012,REGISTERED,False,79,62,66
2026-07-30T21:22:50.609960,2026-07-30T21:22:50.609965,REG000228,ST000058,CO000028,MN000013,REGISTERED,False,78,74,63
2026-07-30T21:22:50.609982,2026-07-30T21:22:50.609987,REG000229,ST000059,CO000025,MN000010,REGISTERED,False,73,58,63
2026-07-30T21:22:50.610002,2026-07-30T21:22:50.610007,REG000230,ST000059,CO000026,MN000011,REGISTERED,False,74,59,65
2026-07-30T21:22:50.610022,2026-07-30T21:22:50.610027,REG000231,ST000059,CO000027,MN000012,REGISTERED,False,68,51,55
2026-07-30T21:22:50.610042,2026-07-30T21:22:50.610046,REG000232,ST000059,CO000028,MN000013,CANCELLED,False,65,68,54
2026-07-30T21:22:50.610064,2026-07-30T21:22:50.610069,REG000233,ST000060,CO000025,MN000010,REGISTERED,False,80,77,78
2026-07-30T21:22:50.610085,2026-07-30T21:22:50.610090,REG000234,ST000060,CO000026,MN000011,REGISTERED,False,85,81,71
2026-07-30T21:22:50.610116,2026-07-30T21:22:50.610121,REG000235,ST000060,CO000027,MN000012,REGISTERED,False,83,86,70
2026-07-30T21:22:50.610137,2026-07-30T21:22:50.610141,REG000236,ST000060,CO000028,MN000013,REGISTERED,False,85,88,79
2026-07-30T21:22:50.610172,2026-07-30T21:22:50.610176,REG000237,ST000061,CO000025,MN000010,REGISTERED,False,100,100,85
2026-07-30T21:22:50.610192,2026-07-30T21:22:50.610197,REG000238,ST000061,CO000026,MN000011,REGISTERED,False,91,91,94
2026-07-30T21:22:50.610213,2026-07-30T21:22:50.610217,REG000239,ST000061,CO000027,MN000012,REGISTERED,False,93,96,100
2026-07-30T21:22:50.610233,2026-07-30T21:22:50.610237,REG000240,ST000061,CO000028,MN000013,REGISTERED,False,95,96,89
2026-07-30T21:22:50.610254,2026-07-30T21:22:50.610263,REG000241,ST000062,CO000025,MN000010,REGISTERED,False,50,55,42
2026-07-30T21:22:50.610280,2026-07-30T21:22:50.610285,REG000242,ST000062,CO000026,MN000011,REGISTERED,False,65,58,50
2026-07-30T21:22:50.610300,2026-07-30T21:22:50.610305,REG000243,ST000062,CO000027,MN000012,REGISTERED,False,40,43,43
2026-07-30T21:22:50.610321,2026-07-30T21:22:50.610326,REG000244,ST000062,CO000028,MN000013,REGISTERED,False,51,43,45
2026-07-30T21:22:50.610343,2026-07-30T21:22:50.610348,REG000245,ST000063,CO000025,MN000010,CANCELLED,False,81,76,71
2026-07-30T21:22:50.610365,2026-07-30T21:22:50.610369,REG000246,ST000063,CO000026,MN000011,REGISTERED,False,84,85,87
2026-07-30T21:22:50.610387,2026-07-30T21:22:50.610393,REG000247,ST000063,CO000027,MN000012,REGISTERED,False,86,88,82
2026-07-30T21:22:50.610411,2026-07-30T21:22:50.610417,REG000248,ST000063,CO000028,MN000013,REGISTERED,False,88,81,74
2026-07-30T21:22:50.610433,2026-07-30T21:22:50.610438,REG000249,ST000064,CO000025,MN000010,REGISTERED,False,79,60,66
2026-07-30T21:22:50.610454,2026-07-30T21:22:50.610458,REG000250,ST000064,CO000026,MN000011,REGISTERED,False,83,63,75
2026-07-30T21:22:50.610474,2026-07-30T21:22:50.610479,REG000251,ST000064,CO000027,MN000012,REGISTERED,False,80,61,72
2026-07-30T21:22:50.610494,2026-07-30T21:22:50.610498,REG000252,ST000064,CO000028,MN000013,REGISTERED,False,72,75,72
2026-07-30T21:22:50.610515,2026-07-30T21:22:50.610519,REG000253,ST000065,CO000025,MN000010,REGISTERED,False,54,55,47
2026-07-30T21:22:50.610536,2026-07-30T21:22:50.610540,REG000254,ST000065,CO000026,MN000011,REGISTERED,True,55,43,43
2026-07-30T21:22:50.610555,2026-07-30T21:22:50.610560,REG000255,ST000065,CO000027,MN000012,CANCELLED,False,64,49,49
2026-07-30T21:22:50.610575,2026-07-30T21:22:50.610579,REG000256,ST000065,CO000028,MN000013,REGISTERED,False,56,42,50
2026-07-30T21:22:50.610596,2026-07-30T21:22:50.610601,REG000257,ST000066,CO000025,MN000010,REGISTERED,False,60,65,63
2026-07-30T21:22:50.610616,2026-07-30T21:22:50.610621,REG000258,ST000066,CO000026,MN000011,REGISTERED,False,71,61,56
2026-07-30T21:22:50.610636,2026-07-30T21:22:50.610640,REG000259,ST000066,CO000027,MN000012,REGISTERED,False,74,69,62
2026-07-30T21:22:50.610660,2026-07-30T21:22:50.610665,REG000260,ST000066,CO000028,MN000013,REGISTERED,False,60,53,52
2026-07-30T21:22:50.610694,2026-07-30T21:22:50.610698,REG000261,ST000067,CO000025,MN000010,REGISTERED,False,41,44,31
2026-07-30T21:22:50.610710,2026-07-30T21:22:50.610714,REG000262,ST000067,CO000026,MN000011,REGISTERED,False,51,54,49
2026-07-30T21:22:50.610726,2026-07-30T21:22:50.610729,REG000263,ST000067,CO000027,MN000012,REGISTERED,False,61,58,49
2026-07-30T21:22:50.610740,2026-07-30T21:22:50.610743,REG000264,ST000067,CO000028,MN000013,REGISTERED,True,58,40,48
2026-07-30T21:22:50.610754,2026-07-30T21:22:50.610757,REG000265,ST000068,CO000025,MN000010,REGISTERED,True,81,67,74
2026-07-30T21:22:50.610768,2026-07-30T21:22:50.610775,REG000266,ST000068,CO000026,MN000011,REGISTERED,False,80,77,71
2026-07-30T21:22:50.610786,2026-07-30T21:22:50.610790,REG000267,ST000068,CO000027,MN000012,REGISTERED,False,65,61,74
2026-07-30T21:22:50.610801,2026-07-30T21:22:50.610804,REG000268,ST000068,CO000028,MN000013,REGISTERED,False,78,74,80
2026-07-30T21:22:50.610816,2026-07-30T21:22:50.610819,REG000269,ST000069,CO000025,MN000010,REGISTERED,False,93,85,78
2026-07-30T21:22:50.610831,2026-07-30T21:22:50.610834,REG000270,ST000069,CO000026,MN000011,REGISTERED,False,94,79,84
2026-07-30T21:22:50.610844,2026-07-30T21:22:50.610847,REG000271,ST000069,CO000027,MN000012,REGISTERED,False,90,80,79
2026-07-30T21:22:50.610857,2026-07-30T21:22:50.610861,REG000272,ST000069,CO000028,MN000013,REGISTERED,False,90,90,91
2026-07-30T21:22:50.610873,2026-07-30T21:22:50.610876,REG000273,ST000070,CO000025,MN000010,REGISTERED,False,98,96,100
2026-07-30T21:22:50.610887,2026-07-30T21:22:50.610890,REG000274,ST000070,CO000026,MN000011,REGISTERED,False,91,94,99
2026-07-30T21:22:50.610901,2026-07-30T21:22:50.610904,REG000275,ST000070,CO000027,MN000012,REGISTERED,False,91,90,85
2026-07-30T21:22:50.610915,2026-07-30T21:22:50.610919,REG000276,ST000070,CO000028,MN000013,REGISTERED,False,99,100,96
2026-07-30T21:22:50.610931,2026-07-30T21:22:50.610934,REG000277,ST000071,CO000025,MN000010,REGISTERED,False,70,74,59
2026-07-30T21:22:50.610944,2026-07-30T21:22:50.610947,REG000278,ST000071,CO000026,MN000011,REGISTERED,False,68,61,69
2026-07-30T21:22:50.610958,2026-07-30T21:22:50.610961,REG000279,ST000071,CO000027,MN000012,REGISTERED,False,81,69,75
2026-07-30T21:22:50.610972,2026-07-30T21:22:50.610975,REG000280,ST000071,CO000028,MN000013,REGISTERED,False,70,74,59
2026-07-30T21:22:50.610988,2026-07-30T21:22:50.610991,REG000281,ST000072,CO000025,MN000010,REGISTERED,False,83,76,89
2026-07-30T21:22:50.611006,2026-07-30T21:22:50.611010,REG000282,ST000072,CO000026,MN000011,REGISTERED,False,89,82,75
2026-07-30T21:22:50.611022,2026-07-30T21:22:50.611025,REG000283,ST000072,CO000027,MN000012,REGISTERED,False,95,88,84
2026-07-30T21:22:50.611036,2026-07-30T21:22:50.611039,REG000284,ST000072,CO000028,MN000013,REGISTERED,False,86,76,82
2026-07-30T21:22:50.611051,2026-07-30T21:22:50.611054,REG000285,ST000073,CO000025,MN000010,REGISTERED,False,81,61,72
2026-07-30T21:22:50.611065,2026-07-30T21:22:50.611069,REG000286,ST000073,CO000026,MN000011,CANCELLED,False,80,69,72
2026-07-30T21:22:50.611080,2026-07-30T21:22:50.611083,REG000287,ST000073,CO000027,MN000012,REGISTERED,False,67,68,68
2026-07-30T21:22:50.611094,2026-07-30T21:22:50.611107,REG000288,ST000073,CO000028,MN000013,REGISTERED,False,69,62,60
2026-07-30T21:22:50.611120,2026-07-30T21:22:50.611124,REG000289,ST000074,CO000025,MN000010,REGISTERED,False,83,76,70
2026-07-30T21:22:50.611135,2026-07-30T21:22:50.611138,REG000290,ST000074,CO000026,MN000011,REGISTERED,False,84,64,79
2026-07-30T21:22:50.611154,2026-07-30T21:22:50.611161,REG000291,ST000074,CO000027,MN000012,REGISTERED,False,70,73,64
2026-07-30T21:22:50.611207,2026-07-30T21:22:50.611211,REG000292,ST000074,CO000028,MN000013,REGISTERED,False,83,69,80
2026-07-30T21:22:50.611221,2026-07-30T21:22:50.611225,REG000293,ST000075,CO000025,MN000010,REGISTERED,True,65,65,51
2026-07-30T21:22:50.611234,2026-07-30T21:22:50.611237,REG000294,ST000075,CO000026,MN000011,REGISTERED,False,77,64,66
2026-07-30T21:22:50.611248,2026-07-30T21:22:50.611251,REG000295,ST000075,CO000027,MN000012,REGISTERED,False,84,64,80
2026-07-30T21:22:50.611262,2026-07-30T21:22:50.611265,REG000296,ST000075,CO000028,MN000013,REGISTERED,False,75,79,71
2026-07-30T21:22:50.611278,2026-07-30T21:22:50.611281,REG000297,ST000076,CO000025,MN000010,REGISTERED,False,73,65,72
2026-07-30T21:22:50.611293,2026-07-30T21:22:50.611296,REG000298,ST000076,CO000026,MN000011,REGISTERED,False,68,65,76
2026-07-30T21:22:50.611308,2026-07-30T21:22:50.611311,REG000299,ST000076,CO000027,MN000012,REGISTERED,False,79,77,76
2026-07-30T21:22:50.611321,2026-07-30T21:22:50.611325,REG000300,ST000076,CO000028,MN000013,REGISTERED,False,74,74,73
2026-07-30T21:22:50.611337,2026-07-30T21:22:50.611340,REG000301,ST000077,CO000025,MN000010,REGISTERED,False,72,54,65
2026-07-30T21:22:50.611350,2026-07-30T21:22:50.611353,REG000302,ST000077,CO000026,MN000011,REGISTERED,False,73,63,60
2026-07-30T21:22:50.611363,2026-07-30T21:22:50.611367,REG000303,ST000077,CO000027,MN000012,REGISTERED,False,63,62,61
2026-07-30T21:22:50.611377,2026-07-30T21:22:50.611381,REG000304,ST000077,CO000028,MN000013,REGISTERED,False,64,69,54
2026-07-30T21:22:50.611394,2026-07-30T21:22:50.611398,REG000305,ST000078,CO000025,MN000010,REGISTERED,False,61,54,48
2026-07-30T21:22:50.611410,2026-07-30T21:22:50.611414,REG000306,ST000078,CO000026,MN000011,REGISTERED,False,53,40,46
2026-07-30T21:22:50.611426,2026-07-30T21:22:50.611430,REG000307,ST000078,CO000027,MN000012,REGISTERED,False,41,36,39
2026-07-30T21:22:50.611442,2026-07-30T21:22:50.611446,REG000308,ST000078,CO000028,MN000013,REGISTERED,False,47,44,44
2026-07-30T21:22:50.611459,2026-07-30T21:22:50.611463,REG000309,ST000079,CO000025,MN000010,REGISTERED,False,32,31,18
2026-07-30T21:22:50.611475,2026-07-30T21:22:50.611479,REG000310,ST000079,CO000026,MN000011,REGISTERED,False,30,20,24
2026-07-30T21:22:50.611491,2026-07-30T21:22:50.611495,REG000311,ST000079,CO000027,MN000012,REGISTERED,False,31,30,27
2026-07-30T21:22:50.611507,2026-07-30T21:22:50.611511,REG000312,ST000079,CO000028,MN000013,REGISTERED,True,31,27,19
2026-07-30T21:22:50.611524,2026-07-30T21:22:50.611528,REG000313,ST000080,CO000025,MN000010,REGISTERED,False,83,81,81
2026-07-30T21:22:50.611540,2026-07-30T21:22:50.611544,REG000314,ST000080,CO000026,MN000011,REGISTERED,False,82,80,84
2026-07-30T21:22:50.611557,2026-07-30T21:22:50.611561,REG000315,ST000080,CO000027,MN000012,REGISTERED,False,88,86,84
2026-07-30T21:22:50.611573,2026-07-30T21:22:50.611577,REG000316,ST000080,CO000028,MN000013,REGISTERED,False,94,82,80
2026-07-30T21:22:50.611590,2026-07-30T21:22:50.611599,REG000317,ST000081,CO000025,MN000010,REGISTERED,True,54,59,42
2026-07-30T21:22:50.611612,2026-07-30T21:22:50.611616,REG000318,ST000081,CO000026,MN000011,REGISTERED,False,64,54,50
2026-07-30T21:22:50.611628,2026-07-30T21:22:50.611651,REG000319,ST000081,CO000027,MN000012,REGISTERED,False,51,56,49
2026-07-30T21:22:50.611670,2026-07-30T21:22:50.611675,REG000320,ST000081,CO000028,MN000013,REGISTERED,False,49,47,35
2026-07-30T21:22:50.611696,2026-07-30T21:22:50.611702,REG000321,ST000082,CO000025,MN000010,REGISTERED,False,83,77,79
2026-07-30T21:22:50.611722,2026-07-30T21:22:50.611727,REG000322,ST000082,CO000026,MN000011,REGISTERED,False,71,61,74
2026-07-30T21:22:50.611752,2026-07-30T21:22:50.611758,REG000323,ST000082,CO000027,MN000012,REGISTERED,False,68,68,62
2026-07-30T21:22:50.611778,2026-07-30T21:22:50.611784,REG000324,ST000082,CO000028,MN000013,REGISTERED,False,68,69,55
2026-07-30T21:22:50.611806,2026-07-30T21:22:50.611812,REG000325,ST000083,CO000025,MN000010,REGISTERED,False,71,69,80
2026-07-30T21:22:50.611832,2026-07-30T21:22:50.611838,REG000326,ST000083,CO000026,MN000011,REGISTERED,False,79,80,65
2026-07-30T21:22:50.611857,2026-07-30T21:22:50.611863,REG000327,ST000083,CO000027,MN000012,REGISTERED,False,73,64,62
2026-07-30T21:22:50.611881,2026-07-30T21:22:50.611887,REG000328,ST000083,CO000028,MN000013,REGISTERED,False,71,68,75
2026-07-30T21:22:50.611908,2026-07-30T21:22:50.611914,REG000329,ST000084,CO000025,MN000010,REGISTERED,False,81,75,84
2026-07-30T21:22:50.611933,2026-07-30T21:22:50.611939,REG000330,ST000084,CO000026,MN000011,REGISTERED,False,87,83,84
2026-07-30T21:22:50.611955,2026-07-30T21:22:50.611961,REG000331,ST000084,CO000027,MN000012,REGISTERED,False,83,87,75
2026-07-30T21:22:50.611978,2026-07-30T21:22:50.611985,REG000332,ST000084,CO000028,MN000013,REGISTERED,False,85,89,82
2026-07-30T21:22:50.612005,2026-07-30T21:22:50.612012,REG000333,ST000085,CO000025,MN000010,REGISTERED,False,88,89,84
2026-07-30T21:22:50.612031,2026-07-30T21:22:50.612037,REG000334,ST000085,CO000026,MN000011,REGISTERED,False,81,80,78
2026-07-30T21:22:50.612056,2026-07-30T21:22:50.612062,REG000335,ST000085,CO000027,MN000012,REGISTERED,False,90,75,78
2026-07-30T21:22:50.612081,2026-07-30T21:22:50.612087,REG000336,ST000085,CO000028,MN000013,REGISTERED,False,85,85,82
2026-07-30T21:22:50.612121,2026-07-30T21:22:50.612128,REG000337,ST000086,CO000025,MN000010,REGISTERED,False,83,78,75
2026-07-30T21:22:50.612147,2026-07-30T21:22:50.612154,REG000338,ST000086,CO000026,MN000011,REGISTERED,False,85,73,71
2026-07-30T21:22:50.612173,2026-07-30T21:22:50.612179,REG000339,ST000086,CO000027,MN000012,REGISTERED,False,79,69,76
2026-07-30T21:22:50.612197,2026-07-30T21:22:50.612202,REG000340,ST000086,CO000028,MN000013,REGISTERED,False,68,60,78
2026-07-30T21:22:50.612221,2026-07-30T21:22:50.612227,REG000341,ST000087,CO000025,MN000010,REGISTERED,False,95,90,94
2026-07-30T21:22:50.612246,2026-07-30T21:22:50.612251,REG000342,ST000087,CO000026,MN000011,REGISTERED,False,92,94,94
2026-07-30T21:22:50.612271,2026-07-30T21:22:50.612293,REG000343,ST000087,CO000027,MN000012,REGISTERED,False,98,92,95
2026-07-30T21:22:50.612314,2026-07-30T21:22:50.612320,REG000344,ST000087,CO000028,MN000013,REGISTERED,False,91,94,94
2026-07-30T21:22:50.612339,2026-07-30T21:22:50.612345,REG000345,ST000088,CO000025,MN000010,REGISTERED,False,90,95,99
2026-07-30T21:22:50.612370,2026-07-30T21:22:50.612377,REG000346,ST000088,CO000026,MN000011,REGISTERED,False,98,98,100
2026-07-30T21:22:50.612396,2026-07-30T21:22:50.612402,REG000347,ST000088,CO000027,MN000012,REGISTERED,False,92,96,98
2026-07-30T21:22:50.612422,2026-07-30T21:22:50.612428,REG000348,ST000088,CO000028,MN000013,REGISTERED,False,99,98,88
2026-07-30T21:22:50.612449,2026-07-30T21:22:50.612455,REG000349,ST000089,CO000025,MN000010,REGISTERED,False,32,31,22
2026-07-30T21:22:50.612474,2026-07-30T21:22:50.612481,REG000350,ST000089,CO000026,MN000011,REGISTERED,False,20,21,26
2026-07-30T21:22:50.612499,2026-07-30T21:22:50.612505,REG000351,ST000089,CO000027,MN000012,CANCELLED,False,33,28,29
2026-07-30T21:22:50.612525,2026-07-30T21:22:50.612531,REG000352,ST000089,CO000028,MN000013,CANCELLED,False,48,33,34
2026-07-30T21:22:50.612551,2026-07-30T21:22:50.612557,REG000353,ST000090,CO000025,MN000010,REGISTERED,False,66,67,75
2026-07-30T21:22:50.612577,2026-07-30T21:22:50.612583,REG000354,ST000090,CO000026,MN000011,REGISTERED,False,76,71,66
2026-07-30T21:22:50.612608,2026-07-30T21:22:50.612615,REG000355,ST000090,CO000027,MN000012,REGISTERED,False,74,62,59
2026-07-30T21:22:50.612650,2026-07-30T21:22:50.612655,REG000356,ST000090,CO000028,MN000013,REGISTERED,False,71,69,69
2026-07-30T21:22:50.612670,2026-07-30T21:22:50.612674,REG000357,ST000091,CO000025,MN000010,REGISTERED,False,80,80,76
2026-07-30T21:22:50.612689,2026-07-30T21:22:50.612693,REG000358,ST000091,CO000026,MN000011,REGISTERED,False,75,72,69
2026-07-30T21:22:50.612708,2026-07-30T21:22:50.612711,REG000359,ST000091,CO000027,MN000012,REGISTERED,False,76,67,76
2026-07-30T21:22:50.612725,2026-07-30T21:22:50.612728,REG000360,ST000091,CO000028,MN000013,REGISTERED,False,69,72,72
2026-07-30T21:22:50.612747,2026-07-30T21:22:50.612752,REG000361,ST000092,CO000025,MN000010,CANCELLED,False,82,79,77
2026-07-30T21:22:50.612766,2026-07-30T21:22:50.612771,REG000362,ST000092,CO000026,MN000011,REGISTERED,False,80,85,74
2026-07-30T21:22:50.612785,2026-07-30T21:22:50.612790,REG000363,ST000092,CO000027,MN000012,REGISTERED,False,83,78,75
2026-07-30T21:22:50.612804,2026-07-30T21:22:50.612809,REG000364,ST000092,CO000028,MN000013,REGISTERED,False,91,87,88
2026-07-30T21:22:50.612825,2026-07-30T21:22:50.612829,REG000365,ST000093,CO000025,MN000010,CANCELLED,False,60,60,59
2026-07-30T21:22:50.612844,2026-07-30T21:22:50.612849,REG000366,ST000093,CO000026,MN000011,REGISTERED,False,60,50,54
2026-07-30T21:22:50.612863,2026-07-30T21:22:50.612868,REG000367,ST000093,CO000027,MN000012,REGISTERED,False,59,56,58
2026-07-30T21:22:50.612882,2026-07-30T21:22:50.612891,REG000368,ST000093,CO000028,MN000013,REGISTERED,False,57,57,42
2026-07-30T21:22:50.612907,2026-07-30T21:22:50.612911,REG000369,ST000094,CO000025,MN000010,REGISTERED,False,84,83,74
2026-07-30T21:22:50.612926,2026-07-30T21:22:50.612930,REG000370,ST000094,CO000026,MN000011,REGISTERED,False,81,86,75
2026-07-30T21:22:50.612945,2026-07-30T21:22:50.612950,REG000371,ST000094,CO000027,MN000012,REGISTERED,False,83,84,80
2026-07-30T21:22:50.612964,2026-07-30T21:22:50.612969,REG000372,ST000094,CO000028,MN000013,REGISTERED,True,87,87,74
2026-07-30T21:22:50.612984,2026-07-30T21:22:50.612988,REG000373,ST000095,CO000025,MN000010,REGISTERED,False,43,25,34
2026-07-30T21:22:50.613001,2026-07-30T21:22:50.613005,REG000374,ST000095,CO000026,MN000011,CANCELLED,False,39,23,32
2026-07-30T21:22:50.613019,2026-07-30T21:22:50.613023,REG000375,ST000095,CO000027,MN000012,REGISTERED,True,37,33,31
2026-07-30T21:22:50.613036,2026-07-30T21:22:50.613040,REG000376,ST000095,CO000028,MN000013,REGISTERED,False,26,23,19
2026-07-30T21:22:50.613054,2026-07-30T21:22:50.613059,REG000377,ST000096,CO000025,MN000010,REGISTERED,False,82,68,70
2026-07-30T21:22:50.613073,2026-07-30T21:22:50.613077,REG000378,ST000096,CO000026,MN000011,REGISTERED,False,67,68,76
2026-07-30T21:22:50.613092,2026-07-30T21:22:50.613104,REG000379,ST000096,CO000027,MN000012,REGISTERED,True,79,75,76
2026-07-30T21:22:50.613120,2026-07-30T21:22:50.613124,REG000380,ST000096,CO000028,MN000013,REGISTERED,False,67,62,73
2026-07-30T21:22:50.613139,2026-07-30T21:22:50.613143,REG000381,ST000097,CO000025,MN000010,REGISTERED,False,88,85,85
2026-07-30T21:22:50.613156,2026-07-30T21:22:50.613160,REG000382,ST000097,CO000026,MN000011,REGISTERED,False,85,89,78
2026-07-30T21:22:50.613175,2026-07-30T21:22:50.613179,REG000383,ST000097,CO000027,MN000012,REGISTERED,False,89,89,76
2026-07-30T21:22:50.613193,2026-07-30T21:22:50.613197,REG000384,ST000097,CO000028,MN000013,REGISTERED,False,91,79,89
2026-07-30T21:22:50.613213,2026-07-30T21:22:50.613217,REG000385,ST000098,CO000025,MN000010,REGISTERED,False,74,70,63
2026-07-30T21:22:50.613231,2026-07-30T21:22:50.613236,REG000386,ST000098,CO000026,MN000011,REGISTERED,False,80,78,68
2026-07-30T21:22:50.613255,2026-07-30T21:22:50.613260,REG000387,ST000098,CO000027,MN000012,REGISTERED,False,69,67,64
2026-07-30T21:22:50.613275,2026-07-30T21:22:50.613279,REG000388,ST000098,CO000028,MN000013,REGISTERED,False,78,61,72
2026-07-30T21:22:50.613293,2026-07-30T21:22:50.613297,REG000389,ST000099,CO000025,MN000010,CANCELLED,False,41,42,28
2026-07-30T21:22:50.613309,2026-07-30T21:22:50.613313,REG000390,ST000099,CO000026,MN000011,REGISTERED,False,38,37,23
2026-07-30T21:22:50.613326,2026-07-30T21:22:50.613331,REG000391,ST000099,CO000027,MN000012,REGISTERED,True,29,26,30
2026-07-30T21:22:50.613343,2026-07-30T21:22:50.613348,REG000392,ST000099,CO000028,MN000013,REGISTERED,True,25,25,23
2026-07-30T21:22:50.613361,2026-07-30T21:22:50.613365,REG000393,ST000100,CO000025,MN000010,REGISTERED,False,68,62,65
2026-07-30T21:22:50.613383,2026-07-30T21:22:50.613387,REG000394,ST000100,CO000026,MN000011,REGISTERED,False,69,54,58
2026-07-30T21:22:50.613401,2026-07-30T21:22:50.613406,REG000395,ST000100,CO000027,MN000012,REGISTERED,False,72,60,62
2026-07-30T21:22:50.613419,2026-07-30T21:22:50.613423,REG000396,ST000100,CO000028,MN000013,CANCELLED,False,64,53,50
2026-07-30T21:22:50.613438,2026-07-30T21:22:50.613442,REG000397,ST000101,CO000025,MN000010,REGISTERED,False,66,66,54
2026-07-30T21:22:50.613455,2026-07-30T21:22:50.613459,REG000398,ST000101,CO000026,MN000011,REGISTERED,False,70,71,65
2026-07-30T21:22:50.613473,2026-07-30T21:22:50.613476,REG000399,ST000101,CO000027,MN000012,REGISTERED,False,72,63,77
2026-07-30T21:22:50.613489,2026-07-30T21:22:50.613493,REG000400,ST000101,CO000028,MN000013,REGISTERED,False,73,73,76
2026-07-30T21:22:50.613509,2026-07-30T21:22:50.613516,REG000401,ST000102,CO000025,MN000010,REGISTERED,False,84,79,74
2026-07-30T21:22:50.613529,2026-07-30T21:22:50.613533,REG000402,ST000102,CO000026,MN000011,REGISTERED,False,65,61,60
2026-07-30T21:22:50.613545,2026-07-30T21:22:50.613549,REG000403,ST000102,CO000027,MN000012,REGISTERED,False,70,61,55
2026-07-30T21:22:50.613562,2026-07-30T21:22:50.613566,REG000404,ST000102,CO000028,MN000013,REGISTERED,False,67,66,60
2026-07-30T21:22:50.613581,2026-07-30T21:22:50.613585,REG000405,ST000103,CO000025,MN000010,REGISTERED,False,95,95,85
2026-07-30T21:22:50.613599,2026-07-30T21:22:50.613604,REG000406,ST000103,CO000026,MN000011,REGISTERED,False,96,93,87
2026-07-30T21:22:50.613617,2026-07-30T21:22:50.613621,REG000407,ST000103,CO000027,MN000012,REGISTERED,False,90,92,93
2026-07-30T21:22:50.613635,2026-07-30T21:22:50.613639,REG000408,ST000103,CO000028,MN000013,REGISTERED,False,94,95,86
2026-07-30T21:22:50.613654,2026-07-30T21:22:50.613658,REG000409,ST000105,CO000025,MN000010,REGISTERED,False,67,64,67
2026-07-30T21:22:50.613689,2026-07-30T21:22:50.613693,REG000410,ST000105,CO000026,MN000011,REGISTERED,False,77,73,63
2026-07-30T21:22:50.613704,2026-07-30T21:22:50.613708,REG000411,ST000105,CO000027,MN000012,REGISTERED,False,68,71,73
2026-07-30T21:22:50.613719,2026-07-30T21:22:50.613723,REG000412,ST000105,CO000028,MN000013,REGISTERED,False,74,69,64
2026-07-30T21:22:50.613736,2026-07-30T21:22:50.613740,REG000413,ST000106,CO000025,MN000010,REGISTERED,False,82,79,79
2026-07-30T21:22:50.613751,2026-07-30T21:22:50.613755,REG000414,ST000106,CO000026,MN000011,REGISTERED,False,67,66,60
2026-07-30T21:22:50.613766,2026-07-30T21:22:50.613770,REG000415,ST000106,CO000027,MN000012,REGISTERED,False,65,68,67
2026-07-30T21:22:50.613781,2026-07-30T21:22:50.613785,REG000416,ST000106,CO000028,MN000013,REGISTERED,True,66,68,71
2026-07-30T21:22:50.613797,2026-07-30T21:22:50.613800,REG000417,ST000107,CO000025,MN000010,REGISTERED,False,85,77,80
2026-07-30T21:22:50.613816,2026-07-30T21:22:50.613820,REG000418,ST000107,CO000026,MN000011,REGISTERED,False,65,68,65
2026-07-30T21:22:50.613832,2026-07-30T21:22:50.613838,REG000419,ST000107,CO000027,MN000012,REGISTERED,False,72,76,58
2026-07-30T21:22:50.613851,2026-07-30T21:22:50.613854,REG000420,ST000107,CO000028,MN000013,REGISTERED,False,76,67,66
2026-07-30T21:22:50.613867,2026-07-30T21:22:50.613870,REG000421,ST000108,CO000025,MN000010,REGISTERED,False,42,28,33
2026-07-30T21:22:50.613882,2026-07-30T21:22:50.613885,REG000422,ST000108,CO000026,MN000011,REGISTERED,False,38,33,33
2026-07-30T21:22:50.613897,2026-07-30T21:22:50.613901,REG000423,ST000108,CO000027,MN000012,CANCELLED,False,47,32,32
2026-07-30T21:22:50.613912,2026-07-30T21:22:50.613916,REG000424,ST000108,CO000028,MN000013,CANCELLED,False,40,33,29
2026-07-30T21:22:50.613928,2026-07-30T21:22:50.613931,REG000425,ST000109,CO000025,MN000010,REGISTERED,False,46,44,34
2026-07-30T21:22:50.613943,2026-07-30T21:22:50.613946,REG000426,ST000109,CO000026,MN000011,REGISTERED,False,24,21,22
2026-07-30T21:22:50.613958,2026-07-30T21:22:50.613961,REG000427,ST000109,CO000027,MN000012,REGISTERED,False,30,25,34
2026-07-30T21:22:50.613972,2026-07-30T21:22:50.613976,REG000428,ST000109,CO000028,MN000013,REGISTERED,True,43,39,34
2026-07-30T21:22:50.613988,2026-07-30T21:22:50.613992,REG000429,ST000110,CO000025,MN000010,REGISTERED,False,92,80,77
2026-07-30T21:22:50.614004,2026-07-30T21:22:50.614008,REG000430,ST000110,CO000026,MN000011,REGISTERED,False,85,87,74
2026-07-30T21:22:50.614019,2026-07-30T21:22:50.614022,REG000431,ST000110,CO000027,MN000012,REGISTERED,False,92,79,79
2026-07-30T21:22:50.614036,2026-07-30T21:22:50.614040,REG000432,ST000110,CO000028,MN000013,REGISTERED,False,92,87,90
2026-07-30T21:22:50.614052,2026-07-30T21:22:50.614056,REG000433,ST000111,CO000025,MN000010,REGISTERED,False,78,71,70
2026-07-30T21:22:50.614067,2026-07-30T21:22:50.614070,REG000434,ST000111,CO000026,MN000011,REGISTERED,False,68,66,68
2026-07-30T21:22:50.614082,2026-07-30T21:22:50.614086,REG000435,ST000111,CO000027,MN000012,REGISTERED,False,80,72,73
2026-07-30T21:22:50.614106,2026-07-30T21:22:50.614110,REG000436,ST000111,CO000028,MN000013,REGISTERED,False,85,65,79
2026-07-30T21:22:50.614122,2026-07-30T21:22:50.614126,REG000437,ST000112,CO000025,MN000010,REGISTERED,False,72,57,57
2026-07-30T21:22:50.614138,2026-07-30T21:22:50.614141,REG000438,ST000112,CO000026,MN000011,REGISTERED,False,60,64,48
2026-07-30T21:22:50.614152,2026-07-30T21:22:50.614156,REG000439,ST000112,CO000027,MN000012,REGISTERED,False,55,57,55
2026-07-30T21:22:50.614167,2026-07-30T21:22:50.614170,REG000440,ST000112,CO000028,MN000013,REGISTERED,False,67,57,53
2026-07-30T21:22:50.614183,2026-07-30T21:22:50.614187,REG000441,ST000113,CO000025,MN000010,REGISTERED,False,84,75,80
2026-07-30T21:22:50.614198,2026-07-30T21:22:50.614202,REG000442,ST000113,CO000026,MN000011,REGISTERED,False,85,80,81
2026-07-30T21:22:50.614213,2026-07-30T21:22:50.614217,REG000443,ST000113,CO000027,MN000012,REGISTERED,False,92,80,85
2026-07-30T21:22:50.614228,2026-07-30T21:22:50.614232,REG000444,ST000113,CO000028,MN000013,REGISTERED,False,80,80,72
2026-07-30T21:22:50.614244,2026-07-30T21:22:50.614298,REG000445,ST000114,CO000025,MN000010,REGISTERED,False,98,92,92
2026-07-30T21:22:50.614313,2026-07-30T21:22:50.614317,REG000446,ST000114,CO000026,MN000011,REGISTERED,False,95,90,98
2026-07-30T21:22:50.614328,2026-07-30T21:22:50.614332,REG000447,ST000114,CO000027,MN000012,REGISTERED,False,92,95,100
2026-07-30T21:22:50.614343,2026-07-30T21:22:50.614347,REG000448,ST000114,CO000028,MN000013,REGISTERED,False,96,95,95
2026-07-30T21:22:50.614360,2026-07-30T21:22:50.614364,REG000449,ST000115,CO000025,MN000010,REGISTERED,False,87,82,81
2026-07-30T21:22:50.614379,2026-07-30T21:22:50.614383,REG000450,ST000115,CO000026,MN000011,REGISTERED,False,84,75,71
2026-07-30T21:22:50.614395,2026-07-30T21:22:50.614398,REG000451,ST000115,CO000027,MN000012,REGISTERED,False,81,77,78
2026-07-30T21:22:50.614409,2026-07-30T21:22:50.614413,REG000452,ST000115,CO000028,MN000013,REGISTERED,False,89,81,78
2026-07-30T21:22:50.614425,2026-07-30T21:22:50.614429,REG000453,ST000116,CO000025,MN000010,REGISTERED,False,47,37,50
2026-07-30T21:22:50.614440,2026-07-30T21:22:50.614444,REG000454,ST000116,CO000026,MN000011,REGISTERED,True,59,44,47
2026-07-30T21:22:50.614455,2026-07-30T21:22:50.614459,REG000455,ST000116,CO000027,MN000012,REGISTERED,False,40,41,42
2026-07-30T21:22:50.614471,2026-07-30T21:22:50.614474,REG000456,ST000116,CO000028,MN000013,REGISTERED,False,43,37,47
2026-07-30T21:22:50.614487,2026-07-30T21:22:50.614491,REG000457,ST000117,CO000025,MN000010,REGISTERED,False,83,71,75
2026-07-30T21:22:50.614502,2026-07-30T21:22:50.614506,REG000458,ST000117,CO000026,MN000011,REGISTERED,False,72,64,68
2026-07-30T21:22:50.614517,2026-07-30T21:22:50.614520,REG000459,ST000117,CO000027,MN000012,REGISTERED,False,69,65,78
2026-07-30T21:22:50.614532,2026-07-30T21:22:50.614536,REG000460,ST000117,CO000028,MN000013,REGISTERED,False,71,68,58
2026-07-30T21:22:50.614548,2026-07-30T21:22:50.614552,REG000461,ST000118,CO000025,MN000010,REGISTERED,False,69,70,66
2026-07-30T21:22:50.614563,2026-07-30T21:22:50.614567,REG000462,ST000118,CO000026,MN000011,REGISTERED,False,77,61,69
2026-07-30T21:22:50.614579,2026-07-30T21:22:50.614582,REG000463,ST000118,CO000027,MN000012,REGISTERED,False,82,69,77
2026-07-30T21:22:50.614606,2026-07-30T21:22:50.614609,REG000464,ST000118,CO000028,MN000013,REGISTERED,False,82,68,70
2026-07-30T21:22:50.614621,2026-07-30T21:22:50.614625,REG000465,ST000119,CO000025,MN000010,REGISTERED,False,82,70,72
2026-07-30T21:22:50.614637,2026-07-30T21:22:50.614640,REG000466,ST000119,CO000026,MN000011,REGISTERED,False,84,71,74
2026-07-30T21:22:50.614651,2026-07-30T21:22:50.614655,REG000467,ST000119,CO000027,MN000012,REGISTERED,False,65,67,52
2026-07-30T21:22:50.614666,2026-07-30T21:22:50.614669,REG000468,ST000119,CO000028,MN000013,REGISTERED,False,76,78,75
2026-07-30T21:22:50.614681,2026-07-30T21:22:50.614685,REG000469,ST000120,CO000025,MN000010,REGISTERED,False,64,57,50
2026-07-30T21:22:50.614696,2026-07-30T21:22:50.614704,REG000470,ST000120,CO000026,MN000011,REGISTERED,False,40,36,43
2026-07-30T21:22:50.614716,2026-07-30T21:22:50.614720,REG000471,ST000120,CO000027,MN000012,REGISTERED,True,48,47,35
2026-07-30T21:22:50.614731,2026-07-30T21:22:50.614735,REG000472,ST000120,CO000028,MN000013,REGISTERED,False,59,40,44
2026-07-30T21:22:50.614747,2026-07-30T21:22:50.614751,REG000473,ST000121,CO000025,MN000010,REGISTERED,False,81,78,86
2026-07-30T21:22:50.614767,2026-07-30T21:22:50.614771,REG000474,ST000121,CO000026,MN000011,REGISTERED,False,87,83,84
2026-07-30T21:22:50.614782,2026-07-30T21:22:50.614785,REG000475,ST000121,CO000027,MN000012,CANCELLED,False,88,88,73
2026-07-30T21:22:50.614797,2026-07-30T21:22:50.614800,REG000476,ST000121,CO000028,MN000013,REGISTERED,False,82,84,90
2026-07-30T21:22:50.614812,2026-07-30T21:22:50.614816,REG000477,ST000122,CO000025,MN000010,REGISTERED,False,76,73,79
2026-07-30T21:22:50.615009,2026-07-30T21:22:50.615014,REG000478,ST000122,CO000026,MN000011,REGISTERED,False,75,65,68
2026-07-30T21:22:50.615026,2026-07-30T21:22:50.615029,REG000479,ST000122,CO000027,MN000012,REGISTERED,False,67,68,71
2026-07-30T21:22:50.615041,2026-07-30T21:22:50.615045,REG000480,ST000122,CO000028,MN000013,REGISTERED,False,65,63,75
2026-07-30T21:22:50.615057,2026-07-30T21:22:50.615060,REG000481,ST000123,CO000025,MN000010,REGISTERED,False,94,83,86
2026-07-30T21:22:50.615076,2026-07-30T21:22:50.615080,REG000482,ST000123,CO000026,MN000011,REGISTERED,False,90,80,81
2026-07-30T21:22:50.615092,2026-07-30T21:22:50.615095,REG000483,ST000123,CO000027,MN000012,REGISTERED,False,80,76,81
2026-07-30T21:22:50.615120,2026-07-30T21:22:50.615124,REG000484,ST000123,CO000028,MN000013,REGISTERED,False,87,80,77
2026-07-30T21:22:50.615136,2026-07-30T21:22:50.615140,REG000485,ST000124,CO000025,MN000010,REGISTERED,False,81,64,72
2026-07-30T21:22:50.615151,2026-07-30T21:22:50.615154,REG000486,ST000124,CO000026,MN000011,REGISTERED,False,82,67,74
2026-07-30T21:22:50.615165,2026-07-30T21:22:50.615169,REG000487,ST000124,CO000027,MN000012,REGISTERED,False,68,70,55
2026-07-30T21:22:50.615179,2026-07-30T21:22:50.615183,REG000488,ST000124,CO000028,MN000013,REGISTERED,False,73,71,58
2026-07-30T21:22:50.615195,2026-07-30T21:22:50.615198,REG000489,ST000125,CO000025,MN000010,REGISTERED,False,84,74,73
2026-07-30T21:22:50.615209,2026-07-30T21:22:50.615212,REG000490,ST000125,CO000026,MN000011,REGISTERED,False,66,60,65
2026-07-30T21:22:50.615223,2026-07-30T21:22:50.615226,REG000491,ST000125,CO000027,MN000012,REGISTERED,False,72,70,66
2026-07-30T21:22:50.615238,2026-07-30T21:22:50.615241,REG000492,ST000125,CO000028,MN000013,REGISTERED,False,81,69,71
2026-07-30T21:22:50.615254,2026-07-30T21:22:50.615258,REG000493,ST000126,CO000025,MN000010,REGISTERED,False,73,64,58
2026-07-30T21:22:50.615269,2026-07-30T21:22:50.615273,REG000494,ST000126,CO000026,MN000011,REGISTERED,False,63,68,60
2026-07-30T21:22:50.615285,2026-07-30T21:22:50.615288,REG000495,ST000126,CO000027,MN000012,REGISTERED,False,55,50,57
2026-07-30T21:22:50.615304,2026-07-30T21:22:50.615308,REG000496,ST000126,CO000028,MN000013,REGISTERED,False,65,70,59
2026-07-30T21:22:50.615319,2026-07-30T21:22:50.615322,REG000497,ST000127,CO000025,MN000010,REGISTERED,False,91,84,78
2026-07-30T21:22:50.615333,2026-07-30T21:22:50.615336,REG000498,ST000127,CO000026,MN000011,REGISTERED,False,95,78,90
2026-07-30T21:22:50.615348,2026-07-30T21:22:50.615351,REG000499,ST000127,CO000027,MN000012,REGISTERED,False,87,89,75
2026-07-30T21:22:50.615361,2026-07-30T21:22:50.615364,REG000500,ST000127,CO000028,MN000013,REGISTERED,False,88,77,92
2026-07-30T21:22:50.615376,2026-07-30T21:22:50.615380,REG000501,ST000128,CO000025,MN000010,REGISTERED,False,93,81,85
2026-07-30T21:22:50.615392,2026-07-30T21:22:50.615395,REG000502,ST000128,CO000026,MN000011,REGISTERED,False,95,86,85
2026-07-30T21:22:50.615408,2026-07-30T21:22:50.615411,REG000503,ST000128,CO000027,MN000012,REGISTERED,False,91,77,80
2026-07-30T21:22:50.615423,2026-07-30T21:22:50.615427,REG000504,ST000128,CO000028,MN000013,REGISTERED,False,93,77,89
2026-07-30T21:22:50.615439,2026-07-30T21:22:50.615443,REG000505,ST000129,CO000025,MN000010,REGISTERED,False,67,64,64
2026-07-30T21:22:50.615454,2026-07-30T21:22:50.615458,REG000506,ST000129,CO000026,MN000011,REGISTERED,False,85,67,79
2026-07-30T21:22:50.615469,2026-07-30T21:22:50.615472,REG000507,ST000129,CO000027,MN000012,REGISTERED,False,66,69,60
2026-07-30T21:22:50.615484,2026-07-30T21:22:50.615487,REG000508,ST000129,CO000028,MN000013,CANCELLED,False,70,63,67
2026-07-30T21:22:50.615498,2026-07-30T21:22:50.615502,REG000509,ST000130,CO000025,MN000010,REGISTERED,False,90,87,91
2026-07-30T21:22:50.615511,2026-07-30T21:22:50.615515,REG000510,ST000130,CO000026,MN000011,REGISTERED,False,93,76,78
2026-07-30T21:22:50.615526,2026-07-30T21:22:50.615529,REG000511,ST000130,CO000027,MN000012,REGISTERED,False,85,80,91
2026-07-30T21:22:50.615540,2026-07-30T21:22:50.615544,REG000512,ST000130,CO000028,MN000013,REGISTERED,False,82,80,84
2026-07-30T21:22:50.615556,2026-07-30T21:22:50.615559,REG000513,ST000131,CO000025,MN000010,REGISTERED,False,70,69,55
2026-07-30T21:22:50.615575,2026-07-30T21:22:50.615579,REG000514,ST000131,CO000026,MN000011,REGISTERED,False,84,75,78
2026-07-30T21:22:50.615591,2026-07-30T21:22:50.615594,REG000515,ST000131,CO000027,MN000012,REGISTERED,False,85,74,72
2026-07-30T21:22:50.615606,2026-07-30T21:22:50.615609,REG000516,ST000131,CO000028,MN000013,CANCELLED,False,65,62,59
2026-07-30T21:22:50.615638,2026-07-30T21:22:50.615641,REG000517,ST000132,CO000025,MN000010,REGISTERED,False,76,71,72
2026-07-30T21:22:50.615652,2026-07-30T21:22:50.615655,REG000518,ST000132,CO000026,MN000011,REGISTERED,False,78,71,77
2026-07-30T21:22:50.615666,2026-07-30T21:22:50.615670,REG000519,ST000132,CO000027,MN000012,REGISTERED,False,68,70,77
2026-07-30T21:22:50.615681,2026-07-30T21:22:50.615684,REG000520,ST000132,CO000028,MN000013,REGISTERED,False,81,80,68
2026-07-30T21:22:50.615696,2026-07-30T21:22:50.615704,REG000521,ST000133,CO000025,MN000010,REGISTERED,False,80,84,87
2026-07-30T21:22:50.615718,2026-07-30T21:22:50.615722,REG000522,ST000133,CO000026,MN000011,REGISTERED,False,92,85,84
2026-07-30T21:22:50.615733,2026-07-30T21:22:50.615736,REG000523,ST000133,CO000027,MN000012,REGISTERED,False,94,83,85
2026-07-30T21:22:50.615747,2026-07-30T21:22:50.615751,REG000524,ST000133,CO000028,MN000013,REGISTERED,False,81,79,83
2026-07-30T21:22:50.615763,2026-07-30T21:22:50.615766,REG000525,ST000134,CO000025,MN000010,REGISTERED,False,76,62,65
2026-07-30T21:22:50.615777,2026-07-30T21:22:50.615781,REG000526,ST000134,CO000026,MN000011,REGISTERED,False,72,67,77
2026-07-30T21:22:50.615792,2026-07-30T21:22:50.615795,REG000527,ST000134,CO000027,MN000012,REGISTERED,False,66,62,56
2026-07-30T21:22:50.615805,2026-07-30T21:22:50.615808,REG000528,ST000134,CO000028,MN000013,REGISTERED,False,82,70,67
2026-07-30T21:22:50.615819,2026-07-30T21:22:50.615822,REG000529,ST000135,CO000025,MN000010,REGISTERED,False,64,59,65
2026-07-30T21:22:50.615832,2026-07-30T21:22:50.615835,REG000530,ST000135,CO000026,MN000011,CANCELLED,False,66,69,62
2026-07-30T21:22:50.615846,2026-07-30T21:22:50.615850,REG000531,ST000135,CO000027,MN000012,REGISTERED,False,73,59,58
2026-07-30T21:22:50.615861,2026-07-30T21:22:50.615864,REG000532,ST000135,CO000028,MN000013,REGISTERED,False,72,65,57
2026-07-30T21:22:50.615876,2026-07-30T21:22:50.615879,REG000533,ST000136,CO000025,MN000010,REGISTERED,False,90,88,92
2026-07-30T21:22:50.615891,2026-07-30T21:22:50.615894,REG000534,ST000136,CO000026,MN000011,REGISTERED,False,87,78,78
2026-07-30T21:22:50.615904,2026-07-30T21:22:50.615908,REG000535,ST000136,CO000027,MN000012,REGISTERED,False,86,76,79
2026-07-30T21:22:50.615918,2026-07-30T21:22:50.615921,REG000536,ST000136,CO000028,MN000013,REGISTERED,False,89,80,77
2026-07-30T21:22:50.615937,2026-07-30T21:22:50.615941,REG000537,ST000137,CO000025,MN000010,REGISTERED,False,86,87,73
2026-07-30T21:22:50.615952,2026-07-30T21:22:50.615955,REG000538,ST000137,CO000026,MN000011,REGISTERED,False,83,88,91
2026-07-30T21:22:50.615966,2026-07-30T21:22:50.615969,REG000539,ST000137,CO000027,MN000012,REGISTERED,False,88,87,89
2026-07-30T21:22:50.615980,2026-07-30T21:22:50.615983,REG000540,ST000137,CO000028,MN000013,REGISTERED,False,85,77,82
2026-07-30T21:22:50.615994,2026-07-30T21:22:50.615997,REG000541,ST000138,CO000025,MN000010,REGISTERED,True,73,70,69
2026-07-30T21:22:50.616007,2026-07-30T21:22:50.616009,REG000542,ST000138,CO000026,MN000011,REGISTERED,False,72,77,77
2026-07-30T21:22:50.616019,2026-07-30T21:22:50.616022,REG000543,ST000138,CO000027,MN000012,REGISTERED,False,77,76,68
2026-07-30T21:22:50.616031,2026-07-30T21:22:50.616035,REG000544,ST000138,CO000028,MN000013,CANCELLED,False,75,79,71
2026-07-30T21:22:50.616050,2026-07-30T21:22:50.616053,REG000545,ST000139,CO000025,MN000010,REGISTERED,False,92,91,88
2026-07-30T21:22:50.616065,2026-07-30T21:22:50.616068,REG000546,ST000139,CO000026,MN000011,REGISTERED,False,97,92,100
2026-07-30T21:22:50.616079,2026-07-30T21:22:50.616085,REG000547,ST000139,CO000027,MN000012,REGISTERED,False,99,92,87
2026-07-30T21:22:50.616105,2026-07-30T21:22:50.616109,REG000548,ST000139,CO000028,MN000013,REGISTERED,False,91,91,96
2026-07-30T21:22:50.616122,2026-07-30T21:22:50.616125,REG000549,ST000140,CO000025,MN000010,REGISTERED,False,40,39,32
2026-07-30T21:22:50.616136,2026-07-30T21:22:50.616139,REG000550,ST000140,CO000026,MN000011,REGISTERED,False,34,39,22
2026-07-30T21:22:50.616150,2026-07-30T21:22:50.616153,REG000551,ST000140,CO000027,MN000012,CANCELLED,False,44,26,30
2026-07-30T21:22:50.616164,2026-07-30T21:22:50.616167,REG000552,ST000140,CO000028,MN000013,REGISTERED,False,26,20,27
2026-07-30T21:22:50.616179,2026-07-30T21:22:50.616182,REG000553,ST000141,CO000025,MN000010,REGISTERED,False,84,83,82
2026-07-30T21:22:50.616193,2026-07-30T21:22:50.616197,REG000554,ST000141,CO000026,MN000011,REGISTERED,False,93,80,84
2026-07-30T21:22:50.616207,2026-07-30T21:22:50.616211,REG000555,ST000141,CO000027,MN000012,REGISTERED,False,86,82,83
2026-07-30T21:22:50.616222,2026-07-30T21:22:50.616225,REG000556,ST000141,CO000028,MN000013,REGISTERED,False,83,78,71
2026-07-30T21:22:50.616236,2026-07-30T21:22:50.616240,REG000557,ST000142,CO000025,MN000010,REGISTERED,False,66,66,55
2026-07-30T21:22:50.616251,2026-07-30T21:22:50.616254,REG000558,ST000142,CO000026,MN000011,REGISTERED,False,73,64,75
2026-07-30T21:22:50.616266,2026-07-30T21:22:50.616269,REG000559,ST000142,CO000027,MN000012,REGISTERED,False,80,72,79
2026-07-30T21:22:50.616280,2026-07-30T21:22:50.616283,REG000560,ST000142,CO000028,MN000013,REGISTERED,False,67,65,62
2026-07-30T21:22:50.616295,2026-07-30T21:22:50.616298,REG000561,ST000143,CO000025,MN000010,REGISTERED,False,57,60,49
2026-07-30T21:22:50.616309,2026-07-30T21:22:50.616312,REG000562,ST000143,CO000026,MN000011,CANCELLED,False,75,60,61
2026-07-30T21:22:50.616323,2026-07-30T21:22:50.616326,REG000563,ST000143,CO000027,MN000012,REGISTERED,False,55,60,56
2026-07-30T21:22:50.616337,2026-07-30T21:22:50.616340,REG000564,ST000143,CO000028,MN000013,REGISTERED,False,58,62,43
2026-07-30T21:22:50.616352,2026-07-30T21:22:50.616356,REG000565,ST000144,CO000025,MN000010,REGISTERED,False,82,82,86
2026-07-30T21:22:50.616366,2026-07-30T21:22:50.616370,REG000566,ST000144,CO000026,MN000011,REGISTERED,False,86,90,82
2026-07-30T21:22:50.616381,2026-07-30T21:22:50.616384,REG000567,ST000144,CO000027,MN000012,REGISTERED,False,82,81,77
2026-07-30T21:22:50.616395,2026-07-30T21:22:50.616398,REG000568,ST000144,CO000028,MN000013,REGISTERED,False,81,79,79
2026-07-30T21:22:50.616410,2026-07-30T21:22:50.616413,REG000569,ST000145,CO000025,MN000010,REGISTERED,False,98,100,95
2026-07-30T21:22:50.616424,2026-07-30T21:22:50.616428,REG000570,ST000145,CO000026,MN000011,REGISTERED,False,90,93,87
2026-07-30T21:22:50.616438,2026-07-30T21:22:50.616442,REG000571,ST000145,CO000027,MN000012,REGISTERED,False,91,96,87
2026-07-30T21:22:50.616452,2026-07-30T21:22:50.616459,REG000572,ST000145,CO000028,MN000013,REGISTERED,False,93,91,92
2026-07-30T21:22:50.616472,2026-07-30T21:22:50.616475,REG000573,ST000146,CO000025,MN000010,REGISTERED,False,94,99,95
2026-07-30T21:22:50.616486,2026-07-30T21:22:50.616490,REG000574,ST000146,CO000026,MN000011,REGISTERED,False,94,97,93
2026-07-30T21:22:50.616501,2026-07-30T21:22:50.616504,REG000575,ST000146,CO000027,MN000012,REGISTERED,False,90,90,95
2026-07-30T21:22:50.616515,2026-07-30T21:22:50.616518,REG000576,ST000146,CO000028,MN000013,REGISTERED,False,90,90,85
2026-07-30T21:22:50.616533,2026-07-30T21:22:50.616537,REG000577,ST000147,CO000025,MN000010,REGISTERED,False,94,90,92
2026-07-30T21:22:50.616548,2026-07-30T21:22:50.616552,REG000578,ST000147,CO000026,MN000011,REGISTERED,False,89,85,89
2026-07-30T21:22:50.616562,2026-07-30T21:22:50.616565,REG000579,ST000147,CO000027,MN000012,REGISTERED,False,84,87,82
2026-07-30T21:22:50.616575,2026-07-30T21:22:50.616578,REG000580,ST000147,CO000028,MN000013,REGISTERED,False,94,86,86
2026-07-30T21:22:50.616591,2026-07-30T21:22:50.616594,REG000581,ST000148,CO000025,MN000010,REGISTERED,False,100,90,87
2026-07-30T21:22:50.616603,2026-07-30T21:22:50.616607,REG000582,ST000148,CO000026,MN000011,REGISTERED,False,97,91,92
2026-07-30T21:22:50.616618,2026-07-30T21:22:50.616621,REG000583,ST000148,CO000027,MN000012,REGISTERED,False,94,95,86
2026-07-30T21:22:50.616632,2026-07-30T21:22:50.616635,REG000584,ST000148,CO000028,MN000013,REGISTERED,False,90,94,90
2026-07-30T21:22:50.616645,2026-07-30T21:22:50.616648,REG000585,ST000149,CO000025,MN000010,REGISTERED,False,22,23,7
2026-07-30T21:22:50.616658,2026-07-30T21:22:50.616661,REG000586,ST000149,CO000026,MN000011,CANCELLED,False,28,22,15
2026-07-30T21:22:50.616670,2026-07-30T21:22:50.616673,REG000587,ST000149,CO000027,MN000012,REGISTERED,False,32,36,30
2026-07-30T21:22:50.616683,2026-07-30T21:22:50.616687,REG000588,ST000149,CO000028,MN000013,REGISTERED,False,36,38,30
2026-07-30T21:22:50.616699,2026-07-30T21:22:50.616702,REG000589,ST000150,CO000025,MN000010,REGISTERED,False,93,84,82
2026-07-30T21:22:50.616713,2026-07-30T21:22:50.616717,REG000590,ST000150,CO000026,MN000011,REGISTERED,False,80,75,87
2026-07-30T21:22:50.616727,2026-07-30T21:22:50.616730,REG000591,ST000150,CO000027,MN000012,REGISTERED,False,91,89,83
2026-07-30T21:22:50.616741,2026-07-30T21:22:50.616745,REG000592,ST000150,CO000028,MN000013,REGISTERED,False,80,77,72
2026-07-30T21:22:50.616756,2026-07-30T21:22:50.616759,REG000593,ST000151,CO000025,MN000010,REGISTERED,False,55,51,40
2026-07-30T21:22:50.616771,2026-07-30T21:22:50.616775,REG000594,ST000151,CO000026,MN000011,REGISTERED,False,60,64,46
2026-07-30T21:22:50.616785,2026-07-30T21:22:50.616789,REG000595,ST000151,CO000027,MN000012,REGISTERED,False,66,61,61
2026-07-30T21:22:50.616799,2026-07-30T21:22:50.616803,REG000596,ST000151,CO000028,MN000013,REGISTERED,False,63,50,59
2026-07-30T21:22:50.616815,2026-07-30T21:22:50.616818,REG000597,ST000152,CO000025,MN000010,REGISTERED,False,80,72,67
2026-07-30T21:22:50.616832,2026-07-30T21:22:50.616836,REG000598,ST000152,CO000026,MN000011,REGISTERED,False,72,66,74
2026-07-30T21:22:50.616846,2026-07-30T21:22:50.616850,REG000599,ST000152,CO000027,MN000012,REGISTERED,False,84,72,78
2026-07-30T21:22:50.616868,2026-07-30T21:22:50.616873,REG000600,ST000152,CO000028,MN000013,REGISTERED,False,75,79,79
2026-07-30T21:22:50.616898,2026-07-30T21:22:50.616904,REG000601,ST000154,CO000025,MN000010,CANCELLED,False,49,45,34
2026-07-30T21:22:50.616917,2026-07-30T21:22:50.616921,REG000602,ST000154,CO000026,MN000011,REGISTERED,True,48,39,33
2026-07-30T21:22:50.616930,2026-07-30T21:22:50.616933,REG000603,ST000154,CO000027,MN000012,CANCELLED,False,21,22,20
2026-07-30T21:22:50.616942,2026-07-30T21:22:50.616945,REG000604,ST000154,CO000028,MN000013,REGISTERED,False,20,21,28
2026-07-30T21:22:50.616954,2026-07-30T21:22:50.616957,REG000605,ST000155,CO000025,MN000010,CANCELLED,False,55,51,62
2026-07-30T21:22:50.616968,2026-07-30T21:22:50.616971,REG000606,ST000155,CO000026,MN000011,REGISTERED,False,61,54,57
2026-07-30T21:22:50.616982,2026-07-30T21:22:50.616985,REG000607,ST000155,CO000027,MN000012,REGISTERED,False,75,69,60
2026-07-30T21:22:50.616996,2026-07-30T21:22:50.617001,REG000608,ST000155,CO000028,MN000013,REGISTERED,False,59,50,61
2026-07-30T21:22:50.617021,2026-07-30T21:22:50.617026,REG000609,ST000156,CO000025,MN000010,REGISTERED,False,79,63,66
2026-07-30T21:22:50.617038,2026-07-30T21:22:50.617042,REG000610,ST000156,CO000026,MN000011,REGISTERED,False,67,64,72
2026-07-30T21:22:50.617055,2026-07-30T21:22:50.617058,REG000611,ST000156,CO000027,MN000012,REGISTERED,False,84,75,75
2026-07-30T21:22:50.617071,2026-07-30T21:22:50.617074,REG000612,ST000156,CO000028,MN000013,REGISTERED,False,74,63,73
2026-07-30T21:22:50.617088,2026-07-30T21:22:50.617091,REG000613,ST000157,CO000025,MN000010,REGISTERED,False,98,90,94
2026-07-30T21:22:50.617113,2026-07-30T21:22:50.617117,REG000614,ST000157,CO000026,MN000011,REGISTERED,False,90,91,86
2026-07-30T21:22:50.617130,2026-07-30T21:22:50.617133,REG000615,ST000157,CO000027,MN000012,REGISTERED,False,100,98,85
2026-07-30T21:22:50.617146,2026-07-30T21:22:50.617149,REG000616,ST000157,CO000028,MN000013,REGISTERED,False,95,90,91
2026-07-30T21:22:50.617163,2026-07-30T21:22:50.617167,REG000617,ST000158,CO000025,MN000010,REGISTERED,False,83,75,78
2026-07-30T21:22:50.617179,2026-07-30T21:22:50.617182,REG000618,ST000158,CO000026,MN000011,REGISTERED,True,93,84,82
2026-07-30T21:22:50.617195,2026-07-30T21:22:50.617198,REG000619,ST000158,CO000027,MN000012,REGISTERED,False,92,79,82
2026-07-30T21:22:50.617211,2026-07-30T21:22:50.617215,REG000620,ST000158,CO000028,MN000013,REGISTERED,False,82,84,92
2026-07-30T21:22:50.617229,2026-07-30T21:22:50.617233,REG000621,ST000159,CO000025,MN000010,REGISTERED,False,65,60,65
2026-07-30T21:22:50.617245,2026-07-30T21:22:50.617249,REG000622,ST000159,CO000026,MN000011,REGISTERED,False,71,75,74
2026-07-30T21:22:50.617261,2026-07-30T21:22:50.617267,REG000623,ST000159,CO000027,MN000012,REGISTERED,False,66,67,63
2026-07-30T21:22:50.617280,2026-07-30T21:22:50.617284,REG000624,ST000159,CO000028,MN000013,REGISTERED,False,69,65,77
2026-07-30T21:22:50.617298,2026-07-30T21:22:50.617301,REG000625,ST000160,CO000025,MN000010,REGISTERED,True,57,52,47
2026-07-30T21:22:50.617313,2026-07-30T21:22:50.617317,REG000626,ST000160,CO000026,MN000011,REGISTERED,False,45,39,45
2026-07-30T21:22:50.617329,2026-07-30T21:22:50.617333,REG000627,ST000160,CO000027,MN000012,REGISTERED,False,64,49,49
2026-07-30T21:22:50.617345,2026-07-30T21:22:50.617349,REG000628,ST000160,CO000028,MN000013,REGISTERED,False,61,58,47
2026-07-30T21:22:50.617363,2026-07-30T21:22:50.617367,REG000629,ST000161,CO000025,MN000010,REGISTERED,False,82,75,86
2026-07-30T21:22:50.617379,2026-07-30T21:22:50.617382,REG000630,ST000161,CO000026,MN000011,REGISTERED,False,94,78,84
2026-07-30T21:22:50.617395,2026-07-30T21:22:50.617399,REG000631,ST000161,CO000027,MN000012,REGISTERED,False,89,76,80
2026-07-30T21:22:50.617412,2026-07-30T21:22:50.617415,REG000632,ST000161,CO000028,MN000013,REGISTERED,False,92,80,80
2026-07-30T21:22:50.617429,2026-07-30T21:22:50.617432,REG000633,ST000162,CO000025,MN000010,REGISTERED,False,69,70,62
2026-07-30T21:22:50.617444,2026-07-30T21:22:50.617448,REG000634,ST000162,CO000026,MN000011,REGISTERED,False,66,57,60
2026-07-30T21:22:50.617460,2026-07-30T21:22:50.617464,REG000635,ST000162,CO000027,MN000012,REGISTERED,False,59,52,59
2026-07-30T21:22:50.617476,2026-07-30T21:22:50.617480,REG000636,ST000162,CO000028,MN000013,REGISTERED,False,57,57,58
2026-07-30T21:22:50.617493,2026-07-30T21:22:50.617497,REG000637,ST000163,CO000025,MN000010,REGISTERED,False,85,78,71
2026-07-30T21:22:50.617510,2026-07-30T21:22:50.617513,REG000638,ST000163,CO000026,MN000011,REGISTERED,False,87,86,80
2026-07-30T21:22:50.617526,2026-07-30T21:22:50.617529,REG000639,ST000163,CO000027,MN000012,REGISTERED,False,87,84,78
2026-07-30T21:22:50.617543,2026-07-30T21:22:50.617546,REG000640,ST000163,CO000028,MN000013,REGISTERED,False,90,81,78
2026-07-30T21:22:50.617562,2026-07-30T21:22:50.617566,REG000641,ST000164,CO000025,MN000010,REGISTERED,False,91,89,86
2026-07-30T21:22:50.617592,2026-07-30T21:22:50.617596,REG000642,ST000164,CO000026,MN000011,REGISTERED,False,82,84,91
2026-07-30T21:22:50.617609,2026-07-30T21:22:50.617613,REG000643,ST000164,CO000027,MN000012,REGISTERED,False,86,77,92
2026-07-30T21:22:50.617626,2026-07-30T21:22:50.617629,REG000644,ST000164,CO000028,MN000013,REGISTERED,False,81,82,86
2026-07-30T21:22:50.617643,2026-07-30T21:22:50.617647,REG000645,ST000165,CO000025,MN000010,REGISTERED,False,79,70,78
2026-07-30T21:22:50.617661,2026-07-30T21:22:50.617664,REG000646,ST000165,CO000026,MN000011,CANCELLED,False,67,72,63
2026-07-30T21:22:50.617677,2026-07-30T21:22:50.617681,REG000647,ST000165,CO000027,MN000012,REGISTERED,False,85,73,78
2026-07-30T21:22:50.617694,2026-07-30T21:22:50.617697,REG000648,ST000165,CO000028,MN000013,REGISTERED,True,69,64,71
2026-07-30T21:22:50.617712,2026-07-30T21:22:50.617718,REG000649,ST000166,CO000025,MN000010,REGISTERED,False,72,66,62
2026-07-30T21:22:50.617731,2026-07-30T21:22:50.617735,REG000650,ST000166,CO000026,MN000011,REGISTERED,True,58,63,44
2026-07-30T21:22:50.617748,2026-07-30T21:22:50.617751,REG000651,ST000166,CO000027,MN000012,REGISTERED,False,61,50,65
2026-07-30T21:22:50.617764,2026-07-30T21:22:50.617768,REG000652,ST000166,CO000028,MN000013,REGISTERED,False,74,54,64
2026-07-30T21:22:50.617782,2026-07-30T21:22:50.617785,REG000653,ST000167,CO000025,MN000010,REGISTERED,False,85,65,79
2026-07-30T21:22:50.617798,2026-07-30T21:22:50.617802,REG000654,ST000167,CO000026,MN000011,REGISTERED,False,79,68,73
2026-07-30T21:22:50.617815,2026-07-30T21:22:50.617818,REG000655,ST000167,CO000027,MN000012,REGISTERED,False,82,70,76
2026-07-30T21:22:50.617831,2026-07-30T21:22:50.617835,REG000656,ST000167,CO000028,MN000013,REGISTERED,False,68,69,63
2026-07-30T21:22:50.617849,2026-07-30T21:22:50.617853,REG000657,ST000168,CO000025,MN000010,REGISTERED,False,74,78,67
2026-07-30T21:22:50.617866,2026-07-30T21:22:50.617869,REG000658,ST000168,CO000026,MN000011,REGISTERED,False,71,74,77
2026-07-30T21:22:50.617882,2026-07-30T21:22:50.617885,REG000659,ST000168,CO000027,MN000012,REGISTERED,False,69,74,73
2026-07-30T21:22:50.617899,2026-07-30T21:22:50.617902,REG000660,ST000168,CO000028,MN000013,REGISTERED,False,67,60,61
2026-07-30T21:22:50.617916,2026-07-30T21:22:50.617920,REG000661,ST000169,CO000025,MN000010,REGISTERED,False,75,60,63
2026-07-30T21:22:50.617933,2026-07-30T21:22:50.617936,REG000662,ST000169,CO000026,MN000011,REGISTERED,True,55,60,58
2026-07-30T21:22:50.617949,2026-07-30T21:22:50.617952,REG000663,ST000169,CO000027,MN000012,CANCELLED,False,57,50,46
2026-07-30T21:22:50.617965,2026-07-30T21:22:50.617969,REG000664,ST000169,CO000028,MN000013,REGISTERED,False,62,60,55
2026-07-30T21:22:50.617986,2026-07-30T21:22:50.617989,REG000665,ST000170,CO000025,MN000010,REGISTERED,False,81,66,74
2026-07-30T21:22:50.618002,2026-07-30T21:22:50.618006,REG000666,ST000170,CO000026,MN000011,REGISTERED,False,82,71,68
2026-07-30T21:22:50.618019,2026-07-30T21:22:50.618022,REG000667,ST000170,CO000027,MN000012,REGISTERED,False,67,71,54
2026-07-30T21:22:50.618035,2026-07-30T21:22:50.618039,REG000668,ST000170,CO000028,MN000013,REGISTERED,False,69,60,79
2026-07-30T21:22:50.618052,2026-07-30T21:22:50.618056,REG000669,ST000171,CO000025,MN000010,REGISTERED,False,72,68,74
2026-07-30T21:22:50.618069,2026-07-30T21:22:50.618072,REG000670,ST000171,CO000026,MN000011,REGISTERED,False,73,75,59
2026-07-30T21:22:50.618086,2026-07-30T21:22:50.618089,REG000671,ST000171,CO000027,MN000012,REGISTERED,False,79,67,79
2026-07-30T21:22:50.618110,2026-07-30T21:22:50.618112,REG000672,ST000171,CO000028,MN000013,REGISTERED,False,75,68,62
2026-07-30T21:22:50.618120,2026-07-30T21:22:50.618122,REG000673,ST000172,CO000025,MN000010,REGISTERED,False,98,95,90
2026-07-30T21:22:50.618131,2026-07-30T21:22:50.618135,REG000674,ST000172,CO000026,MN000011,REGISTERED,False,96,94,98
2026-07-30T21:22:50.618142,2026-07-30T21:22:50.618144,REG000675,ST000172,CO000027,MN000012,REGISTERED,False,97,98,94
2026-07-30T21:22:50.618149,2026-07-30T21:22:50.618151,REG000676,ST000172,CO000028,MN000013,REGISTERED,False,95,90,87
2026-07-30T21:22:50.618160,2026-07-30T21:22:50.618162,REG000677,ST000173,CO000025,MN000010,REGISTERED,False,80,61,70
2026-07-30T21:22:50.618168,2026-07-30T21:22:50.618170,REG000678,ST000173,CO000026,MN000011,REGISTERED,False,66,71,51
2026-07-30T21:22:50.618175,2026-07-30T21:22:50.618177,REG000679,ST000173,CO000027,MN000012,CANCELLED,False,83,67,69
2026-07-30T21:22:50.618183,2026-07-30T21:22:50.618185,REG000680,ST000173,CO000028,MN000013,REGISTERED,False,74,67,67
2026-07-30T21:22:50.618191,2026-07-30T21:22:50.618193,REG000681,ST000174,CO000025,MN000010,REGISTERED,False,83,87,87
2026-07-30T21:22:50.618199,2026-07-30T21:22:50.618201,REG000682,ST000174,CO000026,MN000011,REGISTERED,False,90,82,87
2026-07-30T21:22:50.618207,2026-07-30T21:22:50.618209,REG000683,ST000174,CO000027,MN000012,REGISTERED,False,83,86,88
2026-07-30T21:22:50.618214,2026-07-30T21:22:50.618216,REG000684,ST000174,CO000028,MN000013,REGISTERED,False,92,88,84
2026-07-30T21:22:50.618223,2026-07-30T21:22:50.618224,REG000685,ST000175,CO000025,MN000010,REGISTERED,False,81,71,78
2026-07-30T21:22:50.618230,2026-07-30T21:22:50.618232,REG000686,ST000175,CO000026,MN000011,REGISTERED,False,73,76,70
2026-07-30T21:22:50.618238,2026-07-30T21:22:50.618240,REG000687,ST000175,CO000027,MN000012,REGISTERED,True,73,61,67
2026-07-30T21:22:50.618246,2026-07-30T21:22:50.618248,REG000688,ST000175,CO000028,MN000013,REGISTERED,False,79,64,77
2026-07-30T21:22:50.618254,2026-07-30T21:22:50.618256,REG000689,ST000176,CO000025,MN000010,REGISTERED,True,20,24,5
2026-07-30T21:22:50.618262,2026-07-30T21:22:50.618264,REG000690,ST000176,CO000026,MN000011,REGISTERED,False,48,41,35
2026-07-30T21:22:50.618271,2026-07-30T21:22:50.618273,REG000691,ST000176,CO000027,MN000012,REGISTERED,False,45,25,30
2026-07-30T21:22:50.618278,2026-07-30T21:22:50.618280,REG000692,ST000176,CO000028,MN000013,CANCELLED,False,33,21,19
2026-07-30T21:22:50.618286,2026-07-30T21:22:50.618288,REG000693,ST000177,CO000025,MN000010,REGISTERED,False,78,68,64
2026-07-30T21:22:50.618294,2026-07-30T21:22:50.618296,REG000694,ST000177,CO000026,MN000011,REGISTERED,False,75,77,70
2026-07-30T21:22:50.618302,2026-07-30T21:22:50.618304,REG000695,ST000177,CO000027,MN000012,REGISTERED,False,82,65,79
2026-07-30T21:22:50.618309,2026-07-30T21:22:50.618311,REG000696,ST000177,CO000028,MN000013,REGISTERED,False,82,64,78
2026-07-30T21:22:50.618318,2026-07-30T21:22:50.618320,REG000697,ST000178,CO000025,MN000010,REGISTERED,False,89,86,87
2026-07-30T21:22:50.618325,2026-07-30T21:22:50.618327,REG000698,ST000178,CO000026,MN000011,REGISTERED,False,80,78,74
2026-07-30T21:22:50.618333,2026-07-30T21:22:50.618335,REG000699,ST000178,CO000027,MN000012,REGISTERED,False,88,77,73
2026-07-30T21:22:50.618347,2026-07-30T21:22:50.618349,REG000700,ST000178,CO000028,MN000013,REGISTERED,False,90,83,89
2026-07-30T21:22:50.618355,2026-07-30T21:22:50.618357,REG000701,ST000179,CO000025,MN000010,REGISTERED,False,72,61,60
2026-07-30T21:22:50.618363,2026-07-30T21:22:50.618365,REG000702,ST000179,CO000026,MN000011,REGISTERED,False,78,74,69
2026-07-30T21:22:50.618370,2026-07-30T21:22:50.618372,REG000703,ST000179,CO000027,MN000012,REGISTERED,False,67,65,68
2026-07-30T21:22:50.618380,2026-07-30T21:22:50.618382,REG000704,ST000179,CO000028,MN000013,REGISTERED,False,78,64,72
2026-07-30T21:22:50.618389,2026-07-30T21:22:50.618391,REG000705,ST000180,CO000025,MN000010,REGISTERED,False,93,97,95
2026-07-30T21:22:50.618397,2026-07-30T21:22:50.618398,REG000706,ST000180,CO000026,MN000011,REGISTERED,False,95,94,99
2026-07-30T21:22:50.618404,2026-07-30T21:22:50.618406,REG000707,ST000180,CO000027,MN000012,REGISTERED,False,97,96,100
2026-07-30T21:22:50.618412,2026-07-30T21:22:50.618414,REG000708,ST000180,CO000028,MN000013,REGISTERED,False,92,97,92
2026-07-30T21:22:50.618420,2026-07-30T21:22:50.618422,REG000709,ST000181,CO000025,MN000010,REGISTERED,False,90,92,99
2026-07-30T21:22:50.618428,2026-07-30T21:22:50.618430,REG000710,ST000181,CO000026,MN000011,REGISTERED,False,96,97,85
2026-07-30T21:22:50.618435,2026-07-30T21:22:50.618437,REG000711,ST000181,CO000027,MN000012,REGISTERED,False,99,96,96
2026-07-30T21:22:50.618443,2026-07-30T21:22:50.618445,REG000712,ST000181,CO000028,MN000013,REGISTERED,False,97,93,91
2026-07-30T21:22:50.618452,2026-07-30T21:22:50.618453,REG000713,ST000182,CO000025,MN000010,REGISTERED,False,85,88,75
2026-07-30T21:22:50.618459,2026-07-30T21:22:50.618461,REG000714,ST000182,CO000026,MN000011,REGISTERED,False,83,88,73
2026-07-30T21:22:50.618467,2026-07-30T21:22:50.618468,REG000715,ST000182,CO000027,MN000012,REGISTERED,False,84,79,70
2026-07-30T21:22:50.618475,2026-07-30T21:22:50.618476,REG000716,ST000182,CO000028,MN000013,REGISTERED,False,92,88,90
2026-07-30T21:22:50.618483,2026-07-30T21:22:50.618485,REG000717,ST000183,CO000025,MN000010,CANCELLED,False,23,20,22
2026-07-30T21:22:50.618491,2026-07-30T21:22:50.618493,REG000718,ST000183,CO000026,MN000011,REGISTERED,False,36,36,30
2026-07-30T21:22:50.618498,2026-07-30T21:22:50.618500,REG000719,ST000183,CO000027,MN000012,REGISTERED,False,24,28,24
2026-07-30T21:22:50.618506,2026-07-30T21:22:50.618508,REG000720,ST000183,CO000028,MN000013,REGISTERED,False,25,30,26
2026-07-30T21:22:50.618514,2026-07-30T21:22:50.618516,REG000721,ST000184,CO000025,MN000010,REGISTERED,True,55,36,44
2026-07-30T21:22:50.618526,2026-07-30T21:22:50.618531,REG000722,ST000184,CO000026,MN000011,CANCELLED,False,41,35,33
2026-07-30T21:22:50.618541,2026-07-30T21:22:50.618544,REG000723,ST000184,CO000027,MN000012,REGISTERED,False,49,38,50
2026-07-30T21:22:50.618553,2026-07-30T21:22:50.618556,REG000724,ST000184,CO000028,MN000013,REGISTERED,False,56,43,50
2026-07-30T21:22:50.618568,2026-07-30T21:22:50.618575,REG000725,ST000185,CO000025,MN000010,REGISTERED,False,82,77,80
2026-07-30T21:22:50.618586,2026-07-30T21:22:50.618590,REG000726,ST000185,CO000026,MN000011,REGISTERED,False,79,74,74
2026-07-30T21:22:50.618603,2026-07-30T21:22:50.618609,REG000727,ST000185,CO000027,MN000012,CANCELLED,False,73,71,64
2026-07-30T21:22:50.618639,2026-07-30T21:22:50.618644,REG000728,ST000185,CO000028,MN000013,REGISTERED,False,83,71,68
2026-07-30T21:22:50.618668,2026-07-30T21:22:50.618674,REG000729,ST000186,CO000025,MN000010,REGISTERED,False,50,48,38
2026-07-30T21:22:50.618693,2026-07-30T21:22:50.618697,REG000730,ST000186,CO000026,MN000011,REGISTERED,True,65,52,50
2026-07-30T21:22:50.618713,2026-07-30T21:22:50.618717,REG000731,ST000186,CO000027,MN000012,REGISTERED,True,52,37,43
2026-07-30T21:22:50.618731,2026-07-30T21:22:50.618736,REG000732,ST000186,CO000028,MN000013,REGISTERED,False,41,46,49
2026-07-30T21:22:50.618745,2026-07-30T21:22:50.618748,REG000733,ST000187,CO000025,MN000010,REGISTERED,False,85,72,79
2026-07-30T21:22:50.618754,2026-07-30T21:22:50.618756,REG000734,ST000187,CO000026,MN000011,REGISTERED,False,81,78,73
2026-07-30T21:22:50.618762,2026-07-30T21:22:50.618764,REG000735,ST000187,CO000027,MN000012,REGISTERED,False,76,61,73
2026-07-30T21:22:50.618773,2026-07-30T21:22:50.618775,REG000736,ST000187,CO000028,MN000013,REGISTERED,False,75,70,78
2026-07-30T21:22:50.618783,2026-07-30T21:22:50.618785,REG000737,ST000188,CO000025,MN000010,CANCELLED,False,27,32,15
2026-07-30T21:22:50.618790,2026-07-30T21:22:50.618792,REG000738,ST000188,CO000026,MN000011,CANCELLED,False,23,22,8
2026-07-30T21:22:50.618798,2026-07-30T21:22:50.618800,REG000739,ST000188,CO000027,MN000012,CANCELLED,False,30,30,28
2026-07-30T21:22:50.618807,2026-07-30T21:22:50.618808,REG000740,ST000188,CO000028,MN000013,REGISTERED,False,41,33,32
2026-07-30T21:22:50.618815,2026-07-30T21:22:50.618817,REG000741,ST000189,CO000025,MN000010,REGISTERED,False,97,100,86
2026-07-30T21:22:50.618823,2026-07-30T21:22:50.618825,REG000742,ST000189,CO000026,MN000011,REGISTERED,False,100,94,94
2026-07-30T21:22:50.618831,2026-07-30T21:22:50.618833,REG000743,ST000189,CO000027,MN000012,REGISTERED,False,93,90,89
2026-07-30T21:22:50.618839,2026-07-30T21:22:50.618841,REG000744,ST000189,CO000028,MN000013,REGISTERED,False,98,99,99
2026-07-30T21:22:50.618848,2026-07-30T21:22:50.618850,REG000745,ST000190,CO000025,MN000010,REGISTERED,False,84,78,76
2026-07-30T21:22:50.618856,2026-07-30T21:22:50.618858,REG000746,ST000190,CO000026,MN000011,CANCELLED,False,82,79,74
2026-07-30T21:22:50.618864,2026-07-30T21:22:50.618866,REG000747,ST000190,CO000027,MN000012,REGISTERED,False,66,66,57
2026-07-30T21:22:50.618880,2026-07-30T21:22:50.618884,REG000748,ST000190,CO000028,MN000013,REGISTERED,False,78,60,70
2026-07-30T21:22:50.618895,2026-07-30T21:22:50.618899,REG000749,ST000191,CO000025,MN000010,REGISTERED,False,40,38,41
2026-07-30T21:22:50.618910,2026-07-30T21:22:50.618913,REG000750,ST000191,CO000026,MN000011,REGISTERED,False,60,42,49
2026-07-30T21:22:50.618925,2026-07-30T21:22:50.618933,REG000751,ST000191,CO000027,MN000012,CANCELLED,False,44,38,47
2026-07-30T21:22:50.618944,2026-07-30T21:22:50.618947,REG000752,ST000191,CO000028,MN000013,REGISTERED,False,65,59,50
2026-07-30T21:22:50.618963,2026-07-30T21:22:50.618965,REG000753,ST000192,CO000025,MN000010,REGISTERED,False,63,67,48
2026-07-30T21:22:50.618972,2026-07-30T21:22:50.618974,REG000754,ST000192,CO000026,MN000011,REGISTERED,False,65,56,57
2026-07-30T21:22:50.618980,2026-07-30T21:22:50.618982,REG000755,ST000192,CO000027,MN000012,REGISTERED,False,66,63,63
2026-07-30T21:22:50.618988,2026-07-30T21:22:50.618990,REG000756,ST000192,CO000028,MN000013,CANCELLED,False,62,53,58
2026-07-30T21:22:50.618996,2026-07-30T21:22:50.618998,REG000757,ST000193,CO000025,MN000010,REGISTERED,False,85,89,77
2026-07-30T21:22:50.619005,2026-07-30T21:22:50.619006,REG000758,ST000193,CO000026,MN000011,REGISTERED,False,95,78,88
2026-07-30T21:22:50.619013,2026-07-30T21:22:50.619015,REG000759,ST000193,CO000027,MN000012,REGISTERED,False,90,85,89
2026-07-30T21:22:50.619021,2026-07-30T21:22:50.619023,REG000760,ST000193,CO000028,MN000013,REGISTERED,False,87,77,83
2026-07-30T21:22:50.619030,2026-07-30T21:22:50.619032,REG000761,ST000194,CO000025,MN000010,REGISTERED,True,69,65,63
2026-07-30T21:22:50.619040,2026-07-30T21:22:50.619042,REG000762,ST000194,CO000026,MN000011,REGISTERED,False,84,80,80
2026-07-30T21:22:50.619048,2026-07-30T21:22:50.619050,REG000763,ST000194,CO000027,MN000012,REGISTERED,False,83,76,76
2026-07-30T21:22:50.619056,2026-07-30T21:22:50.619058,REG000764,ST000194,CO000028,MN000013,REGISTERED,False,69,74,54
2026-07-30T21:22:50.619065,2026-07-30T21:22:50.619067,REG000765,ST000195,CO000025,MN000010,REGISTERED,False,72,67,65
2026-07-30T21:22:50.619073,2026-07-30T21:22:50.619075,REG000766,ST000195,CO000026,MN000011,REGISTERED,False,67,67,71
2026-07-30T21:22:50.619081,2026-07-30T21:22:50.619083,REG000767,ST000195,CO000027,MN000012,CANCELLED,False,75,70,76
2026-07-30T21:22:50.619093,2026-07-30T21:22:50.619095,REG000768,ST000195,CO000028,MN000013,REGISTERED,False,80,74,78
2026-07-30T21:22:50.619117,2026-07-30T21:22:50.619120,REG000769,ST000196,CO000025,MN000010,REGISTERED,False,75,56,64
2026-07-30T21:22:50.619126,2026-07-30T21:22:50.619128,REG000770,ST000196,CO000026,MN000011,REGISTERED,False,71,63,57
2026-07-30T21:22:50.619134,2026-07-30T21:22:50.619136,REG000771,ST000196,CO000027,MN000012,REGISTERED,False,60,53,52
2026-07-30T21:22:50.619143,2026-07-30T21:22:50.619144,REG000772,ST000196,CO000028,MN000013,REGISTERED,True,61,56,59
2026-07-30T21:22:50.619151,2026-07-30T21:22:50.619153,REG000773,ST000197,CO000025,MN000010,REGISTERED,False,41,45,42
2026-07-30T21:22:50.619159,2026-07-30T21:22:50.619161,REG000774,ST000197,CO000026,MN000011,REGISTERED,False,64,57,49
2026-07-30T21:22:50.619167,2026-07-30T21:22:50.619169,REG000775,ST000197,CO000027,MN000012,CANCELLED,False,58,50,46
2026-07-30T21:22:50.619175,2026-07-30T21:22:50.619180,REG000776,ST000197,CO000028,MN000013,CANCELLED,False,43,44,34
2026-07-30T21:22:50.619187,2026-07-30T21:22:50.619189,REG000777,ST000198,CO000025,MN000010,REGISTERED,False,74,67,59
2026-07-30T21:22:50.619195,2026-07-30T21:22:50.619197,REG000778,ST000198,CO000026,MN000011,REGISTERED,False,73,56,64
2026-07-30T21:22:50.619203,2026-07-30T21:22:50.619205,REG000779,ST000198,CO000027,MN000012,REGISTERED,False,73,67,65
2026-07-30T21:22:50.619211,2026-07-30T21:22:50.619213,REG000780,ST000198,CO000028,MN000013,REGISTERED,False,67,56,58
2026-07-30T21:22:50.619220,2026-07-30T21:22:50.619222,REG000781,ST000199,CO000025,MN000010,CANCELLED,False,40,23,26
2026-07-30T21:22:50.619228,2026-07-30T21:22:50.619230,REG000782,ST000199,CO000026,MN000011,REGISTERED,True,45,42,30
2026-07-30T21:22:50.619236,2026-07-30T21:22:50.619238,REG000783,ST000199,CO000027,MN000012,REGISTERED,True,31,21,29
2026-07-30T21:22:50.619244,2026-07-30T21:22:50.619245,REG000784,ST000199,CO000028,MN000013,CANCELLED,False,21,20,16
2026-07-30T21:22:50.619252,2026-07-30T21:22:50.619254,REG000785,ST000200,CO000025,MN000010,REGISTERED,False,80,68,65
2026-07-30T21:22:50.619260,2026-07-30T21:22:50.619262,REG000786,ST000200,CO000026,MN000011,REGISTERED,False,69,61,79
2026-07-30T21:22:50.619268,2026-07-30T21:22:50.619270,REG000787,ST000200,CO000027,MN000012,REGISTERED,False,68,62,75
2026-07-30T21:22:50.619276,2026-07-30T21:22:50.619278,REG000788,ST000200,CO000028,MN000013,REGISTERED,False,80,69,65
2026-07-30T21:22:50.619285,2026-07-30T21:22:50.619287,REG000789,ST000201,CO000025,MN000010,REGISTERED,False,81,69,66
2026-07-30T21:22:50.619293,2026-07-30T21:22:50.619295,REG000790,ST000201,CO000026,MN000011,REGISTERED,False,80,66,73
2026-07-30T21:22:50.619301,2026-07-30T21:22:50.619303,REG000791,ST000201,CO000027,MN000012,REGISTERED,False,79,73,72
2026-07-30T21:22:50.619311,2026-07-30T21:22:50.619313,REG000792,ST000201,CO000028,MN000013,REGISTERED,False,81,74,74
2026-07-30T21:22:50.619320,2026-07-30T21:22:50.619322,REG000793,ST000202,CO000025,MN000010,REGISTERED,False,46,49,39
2026-07-30T21:22:50.619328,2026-07-30T21:22:50.619330,REG000794,ST000202,CO000026,MN000011,REGISTERED,False,56,59,47
2026-07-30T21:22:50.619336,2026-07-30T21:22:50.619338,REG000795,ST000202,CO000027,MN000012,REGISTERED,False,61,54,50
2026-07-30T21:22:50.619344,2026-07-30T21:22:50.619346,REG000796,ST000202,CO000028,MN000013,REGISTERED,True,64,54,49
2026-07-30T21:22:50.619353,2026-07-30T21:22:50.619355,REG000797,ST000203,CO000025,MN000010,REGISTERED,False,75,65,64
2026-07-30T21:22:50.619361,2026-07-30T21:22:50.619363,REG000798,ST000203,CO000026,MN000011,REGISTERED,False,85,73,70
2026-07-30T21:22:50.619371,2026-07-30T21:22:50.619373,REG000799,ST000203,CO000027,MN000012,REGISTERED,False,81,62,79
2026-07-30T21:22:50.619380,2026-07-30T21:22:50.619382,REG000800,ST000203,CO000028,MN000013,REGISTERED,False,73,66,76
2026-07-30T21:22:50.619389,2026-07-30T21:22:50.619391,REG000801,ST000204,CO000025,MN000010,REGISTERED,False,73,67,62
2026-07-30T21:22:50.619399,2026-07-30T21:22:50.619401,REG000802,ST000204,CO000026,MN000011,REGISTERED,False,70,66,63
2026-07-30T21:22:50.619407,2026-07-30T21:22:50.619409,REG000803,ST000204,CO000027,MN000012,REGISTERED,False,59,61,50
2026-07-30T21:22:50.619415,2026-07-30T21:22:50.619417,REG000804,ST000204,CO000028,MN000013,REGISTERED,False,65,62,52
2026-07-30T21:22:50.619424,2026-07-30T21:22:50.619426,REG000805,ST000205,CO000025,MN000010,REGISTERED,False,83,69,69
2026-07-30T21:22:50.619432,2026-07-30T21:22:50.619434,REG000806,ST000205,CO000026,MN000011,REGISTERED,False,66,61,54
2026-07-30T21:22:50.619440,2026-07-30T21:22:50.619442,REG000807,ST000205,CO000027,MN000012,REGISTERED,False,77,80,75
2026-07-30T21:22:50.619448,2026-07-30T21:22:50.619450,REG000808,ST000205,CO000028,MN000013,REGISTERED,False,67,64,65
2026-07-30T21:22:50.619456,2026-07-30T21:22:50.619458,REG000809,ST000206,CO000025,MN000010,CANCELLED,False,40,27,29
2026-07-30T21:22:50.619464,2026-07-30T21:22:50.619466,REG000810,ST000206,CO000026,MN000011,CANCELLED,False,34,23,24
2026-07-30T21:22:50.619472,2026-07-30T21:22:50.619474,REG000811,ST000206,CO000027,MN000012,CANCELLED,False,24,29,31
2026-07-30T21:22:50.619480,2026-07-30T21:22:50.619482,REG000812,ST000206,CO000028,MN000013,REGISTERED,False,28,28,26
2026-07-30T21:22:50.619489,2026-07-30T21:22:50.619491,REG000813,ST000207,CO000025,MN000010,REGISTERED,True,43,43,29
2026-07-30T21:22:50.619497,2026-07-30T21:22:50.619499,REG000814,ST000207,CO000026,MN000011,REGISTERED,False,42,29,34
2026-07-30T21:22:50.619505,2026-07-30T21:22:50.619507,REG000815,ST000207,CO000027,MN000012,CANCELLED,False,32,31,23
2026-07-30T21:22:50.619513,2026-07-30T21:22:50.619515,REG000816,ST000207,CO000028,MN000013,CANCELLED,False,39,43,24
2026-07-30T21:22:50.619521,2026-07-30T21:22:50.619523,REG000817,ST000208,CO000025,MN000010,REGISTERED,False,80,80,75
2026-07-30T21:22:50.619529,2026-07-30T21:22:50.619531,REG000818,ST000208,CO000026,MN000011,REGISTERED,False,74,70,69
2026-07-30T21:22:50.619537,2026-07-30T21:22:50.619539,REG000819,ST000208,CO000027,MN000012,REGISTERED,False,68,66,69
2026-07-30T21:22:50.619545,2026-07-30T21:22:50.619547,REG000820,ST000208,CO000028,MN000013,REGISTERED,False,77,73,77
2026-07-30T21:22:50.619554,2026-07-30T21:22:50.619556,REG000821,ST000209,CO000025,MN000010,REGISTERED,False,87,76,82
2026-07-30T21:22:50.619562,2026-07-30T21:22:50.619564,REG000822,ST000209,CO000026,MN000011,REGISTERED,False,82,79,77
2026-07-30T21:22:50.619570,2026-07-30T21:22:50.619572,REG000823,ST000209,CO000027,MN000012,REGISTERED,False,88,83,90
2026-07-30T21:22:50.619578,2026-07-30T21:22:50.619580,REG000824,ST000209,CO000028,MN000013,REGISTERED,False,84,79,77
2026-07-30T21:22:50.619587,2026-07-30T21:22:50.619589,REG000825,ST000210,CO000025,MN000010,REGISTERED,False,83,65,77
2026-07-30T21:22:50.619595,2026-07-30T21:22:50.619597,REG000826,ST000210,CO000026,MN000011,REGISTERED,False,79,70,68
2026-07-30T21:22:50.619603,2026-07-30T21:22:50.619607,REG000827,ST000210,CO000027,MN000012,REGISTERED,False,68,67,76
2026-07-30T21:22:50.619613,2026-07-30T21:22:50.619615,REG000828,ST000210,CO000028,MN000013,REGISTERED,False,79,73,78
2026-07-30T21:22:50.619622,2026-07-30T21:22:50.619624,REG000829,ST000211,CO000025,MN000010,REGISTERED,False,83,74,80
2026-07-30T21:22:50.619630,2026-07-30T21:22:50.619632,REG000830,ST000211,CO000026,MN000011,REGISTERED,False,75,77,73
2026-07-30T21:22:50.619640,2026-07-30T21:22:50.619642,REG000831,ST000211,CO000027,MN000012,REGISTERED,False,67,66,69
2026-07-30T21:22:50.619661,2026-07-30T21:22:50.619663,REG000832,ST000211,CO000028,MN000013,REGISTERED,False,79,73,74
2026-07-30T21:22:50.619670,2026-07-30T21:22:50.619671,REG000833,ST000212,CO000025,MN000010,REGISTERED,False,86,76,82
2026-07-30T21:22:50.619677,2026-07-30T21:22:50.619679,REG000834,ST000212,CO000026,MN000011,REGISTERED,False,82,77,74
2026-07-30T21:22:50.619684,2026-07-30T21:22:50.619686,REG000835,ST000212,CO000027,MN000012,REGISTERED,False,93,75,81
2026-07-30T21:22:50.619691,2026-07-30T21:22:50.619693,REG000836,ST000212,CO000028,MN000013,REGISTERED,False,82,75,72
2026-07-30T21:22:50.619700,2026-07-30T21:22:50.619702,REG000837,ST000213,CO000025,MN000010,REGISTERED,False,23,24,26
2026-07-30T21:22:50.619708,2026-07-30T21:22:50.619710,REG000838,ST000213,CO000026,MN000011,REGISTERED,False,27,22,17
2026-07-30T21:22:50.619715,2026-07-30T21:22:50.619717,REG000839,ST000213,CO000027,MN000012,REGISTERED,True,31,31,23
2026-07-30T21:22:50.619722,2026-07-30T21:22:50.619724,REG000840,ST000213,CO000028,MN000013,REGISTERED,True,22,20,24
2026-07-30T21:22:50.619731,2026-07-30T21:22:50.619733,REG000841,ST000214,CO000025,MN000010,REGISTERED,False,78,61,69
2026-07-30T21:22:50.619738,2026-07-30T21:22:50.619740,REG000842,ST000214,CO000026,MN000011,REGISTERED,False,79,60,64
2026-07-30T21:22:50.619746,2026-07-30T21:22:50.619747,REG000843,ST000214,CO000027,MN000012,REGISTERED,False,74,69,80
2026-07-30T21:22:50.619753,2026-07-30T21:22:50.619755,REG000844,ST000214,CO000028,MN000013,REGISTERED,False,69,69,75
2026-07-30T21:22:50.619761,2026-07-30T21:22:50.619763,REG000845,ST000215,CO000025,MN000010,REGISTERED,False,60,51,50
2026-07-30T21:22:50.619769,2026-07-30T21:22:50.619770,REG000846,ST000215,CO000026,MN000011,REGISTERED,False,67,66,58
2026-07-30T21:22:50.619776,2026-07-30T21:22:50.619778,REG000847,ST000215,CO000027,MN000012,REGISTERED,False,62,56,61
2026-07-30T21:22:50.619783,2026-07-30T21:22:50.619785,REG000848,ST000215,CO000028,MN000013,REGISTERED,True,58,57,60
2026-07-30T21:22:50.619791,2026-07-30T21:22:50.619793,REG000849,ST000216,CO000025,MN000010,REGISTERED,False,82,84,72
2026-07-30T21:22:50.619799,2026-07-30T21:22:50.619801,REG000850,ST000216,CO000026,MN000011,REGISTERED,False,85,88,71
2026-07-30T21:22:50.619806,2026-07-30T21:22:50.619808,REG000851,ST000216,CO000027,MN000012,REGISTERED,False,81,80,76
2026-07-30T21:22:50.619814,2026-07-30T21:22:50.619815,REG000852,ST000216,CO000028,MN000013,REGISTERED,False,83,83,89
2026-07-30T21:22:50.619822,2026-07-30T21:22:50.619826,REG000853,ST000217,CO000025,MN000010,REGISTERED,False,61,58,61
2026-07-30T21:22:50.619832,2026-07-30T21:22:50.619833,REG000854,ST000217,CO000026,MN000011,REGISTERED,False,62,67,61
2026-07-30T21:22:50.619839,2026-07-30T21:22:50.619841,REG000855,ST000217,CO000027,MN000012,REGISTERED,False,62,61,54
2026-07-30T21:22:50.619848,2026-07-30T21:22:50.619850,REG000856,ST000217,CO000028,MN000013,REGISTERED,False,60,51,54
2026-07-30T21:22:50.619856,2026-07-30T21:22:50.619858,REG000857,ST000218,CO000025,MN000010,REGISTERED,False,96,91,91
2026-07-30T21:22:50.619864,2026-07-30T21:22:50.619866,REG000858,ST000218,CO000026,MN000011,REGISTERED,False,98,93,96
2026-07-30T21:22:50.619871,2026-07-30T21:22:50.619873,REG000859,ST000218,CO000027,MN000012,REGISTERED,False,93,96,95
2026-07-30T21:22:50.619878,2026-07-30T21:22:50.619880,REG000860,ST000218,CO000028,MN000013,REGISTERED,False,96,98,90
2026-07-30T21:22:50.619886,2026-07-30T21:22:50.619888,REG000861,ST000219,CO000025,MN000010,REGISTERED,False,77,64,67
2026-07-30T21:22:50.619895,2026-07-30T21:22:50.619897,REG000862,ST000219,CO000026,MN000011,REGISTERED,False,85,73,72
2026-07-30T21:22:50.619905,2026-07-30T21:22:50.619907,REG000863,ST000219,CO000027,MN000012,REGISTERED,False,76,67,79
2026-07-30T21:22:50.619913,2026-07-30T21:22:50.619914,REG000864,ST000219,CO000028,MN000013,REGISTERED,False,78,68,71
2026-07-30T21:22:50.619920,2026-07-30T21:22:50.619922,REG000865,ST000220,CO000025,MN000010,REGISTERED,False,59,46,48
2026-07-30T21:22:50.619928,2026-07-30T21:22:50.619929,REG000866,ST000220,CO000026,MN000011,REGISTERED,False,48,42,47
2026-07-30T21:22:50.619935,2026-07-30T21:22:50.619937,REG000867,ST000220,CO000027,MN000012,REGISTERED,False,61,50,47
2026-07-30T21:22:50.619942,2026-07-30T21:22:50.619944,REG000868,ST000220,CO000028,MN000013,CANCELLED,False,62,48,50
2026-07-30T21:22:50.619950,2026-07-30T21:22:50.619952,REG000869,ST000221,CO000025,MN000010,REGISTERED,False,92,83,89
2026-07-30T21:22:50.619957,2026-07-30T21:22:50.619959,REG000870,ST000221,CO000026,MN000011,REGISTERED,False,84,86,86
2026-07-30T21:22:50.619965,2026-07-30T21:22:50.619967,REG000871,ST000221,CO000027,MN000012,REGISTERED,False,92,80,92
2026-07-30T21:22:50.619972,2026-07-30T21:22:50.619974,REG000872,ST000221,CO000028,MN000013,REGISTERED,False,80,81,80
2026-07-30T21:22:50.619980,2026-07-30T21:22:50.619982,REG000873,ST000222,CO000025,MN000010,REGISTERED,False,64,51,61
2026-07-30T21:22:50.619987,2026-07-30T21:22:50.619989,REG000874,ST000222,CO000026,MN000011,REGISTERED,False,62,65,48
2026-07-30T21:22:50.619995,2026-07-30T21:22:50.619996,REG000875,ST000222,CO000027,MN000012,REGISTERED,True,69,50,64
2026-07-30T21:22:50.620002,2026-07-30T21:22:50.620004,REG000876,ST000222,CO000028,MN000013,REGISTERED,False,74,59,61
2026-07-30T21:22:50.620010,2026-07-30T21:22:50.620012,REG000877,ST000223,CO000025,MN000010,REGISTERED,True,39,28,27
2026-07-30T21:22:50.620017,2026-07-30T21:22:50.620021,REG000878,ST000223,CO000026,MN000011,CANCELLED,False,37,39,24
2026-07-30T21:22:50.620027,2026-07-30T21:22:50.620028,REG000879,ST000223,CO000027,MN000012,CANCELLED,False,42,41,27
2026-07-30T21:22:50.620034,2026-07-30T21:22:50.620036,REG000880,ST000223,CO000028,MN000013,REGISTERED,True,27,32,28
2026-07-30T21:22:50.620042,2026-07-30T21:22:50.620044,REG000881,ST000224,CO000025,MN000010,REGISTERED,False,22,27,18
2026-07-30T21:22:50.620049,2026-07-30T21:22:50.620051,REG000882,ST000224,CO000026,MN000011,CANCELLED,False,25,22,21
2026-07-30T21:22:50.620056,2026-07-30T21:22:50.620058,REG000883,ST000224,CO000027,MN000012,REGISTERED,False,31,33,32
2026-07-30T21:22:50.620064,2026-07-30T21:22:50.620065,REG000884,ST000224,CO000028,MN000013,CANCELLED,False,49,40,35
2026-07-30T21:22:50.620071,2026-07-30T21:22:50.620073,REG000885,ST000225,CO000025,MN000010,REGISTERED,False,76,77,68
2026-07-30T21:22:50.620079,2026-07-30T21:22:50.620081,REG000886,ST000225,CO000026,MN000011,REGISTERED,False,75,74,65
2026-07-30T21:22:50.620086,2026-07-30T21:22:50.620088,REG000887,ST000225,CO000027,MN000012,REGISTERED,False,85,75,71
2026-07-30T21:22:50.620094,2026-07-30T21:22:50.620095,REG000888,ST000225,CO000028,MN000013,REGISTERED,False,81,67,75
2026-07-30T21:22:50.620115,2026-07-30T21:22:50.620117,REG000889,ST000226,CO000025,MN000010,REGISTERED,False,78,75,66
2026-07-30T21:22:50.620123,2026-07-30T21:22:50.620125,REG000890,ST000226,CO000026,MN000011,REGISTERED,False,74,75,70
2026-07-30T21:22:50.620130,2026-07-30T21:22:50.620132,REG000891,ST000226,CO000027,MN000012,REGISTERED,False,77,73,77
2026-07-30T21:22:50.620138,2026-07-30T21:22:50.620139,REG000892,ST000226,CO000028,MN000013,REGISTERED,False,65,60,61
2026-07-30T21:22:50.620145,2026-07-30T21:22:50.620147,REG000893,ST000227,CO000025,MN000010,REGISTERED,False,69,73,67
2026-07-30T21:22:50.620153,2026-07-30T21:22:50.620154,REG000894,ST000227,CO000026,MN000011,REGISTERED,False,84,66,77
2026-07-30T21:22:50.620162,2026-07-30T21:22:50.620164,REG000895,ST000227,CO000027,MN000012,REGISTERED,False,65,62,53
2026-07-30T21:22:50.620170,2026-07-30T21:22:50.620172,REG000896,ST000227,CO000028,MN000013,REGISTERED,False,71,68,74
2026-07-30T21:22:50.620178,2026-07-30T21:22:50.620180,REG000897,ST000228,CO000025,MN000010,REGISTERED,False,44,47,42
2026-07-30T21:22:50.620185,2026-07-30T21:22:50.620187,REG000898,ST000228,CO000026,MN000011,REGISTERED,False,41,46,45
2026-07-30T21:22:50.620193,2026-07-30T21:22:50.620194,REG000899,ST000228,CO000027,MN000012,REGISTERED,True,53,38,45
2026-07-30T21:22:50.620200,2026-07-30T21:22:50.620202,REG000900,ST000228,CO000028,MN000013,CANCELLED,False,46,44,47
2026-07-30T21:22:50.620208,2026-07-30T21:22:50.620210,REG000901,ST000229,CO000025,MN000010,REGISTERED,False,43,45,50
2026-07-30T21:22:50.620215,2026-07-30T21:22:50.620217,REG000902,ST000229,CO000026,MN000011,REGISTERED,False,46,46,38
2026-07-30T21:22:50.620222,2026-07-30T21:22:50.620224,REG000903,ST000229,CO000027,MN000012,REGISTERED,True,45,45,36
2026-07-30T21:22:50.620232,2026-07-30T21:22:50.620234,REG000904,ST000229,CO000028,MN000013,REGISTERED,False,49,48,42
2026-07-30T21:22:50.620241,2026-07-30T21:22:50.620242,REG000905,ST000230,CO000025,MN000010,REGISTERED,True,79,77,69
2026-07-30T21:22:50.620248,2026-07-30T21:22:50.620250,REG000906,ST000230,CO000026,MN000011,REGISTERED,False,74,67,73
2026-07-30T21:22:50.620255,2026-07-30T21:22:50.620257,REG000907,ST000230,CO000027,MN000012,REGISTERED,False,71,72,60
2026-07-30T21:22:50.620262,2026-07-30T21:22:50.620264,REG000908,ST000230,CO000028,MN000013,REGISTERED,False,66,68,52
2026-07-30T21:22:50.620270,2026-07-30T21:22:50.620272,REG000909,ST000231,CO000025,MN000010,CANCELLED,False,43,47,49
2026-07-30T21:22:50.620278,2026-07-30T21:22:50.620279,REG000910,ST000231,CO000026,MN000011,REGISTERED,False,48,53,33
2026-07-30T21:22:50.620285,2026-07-30T21:22:50.620287,REG000911,ST000231,CO000027,MN000012,REGISTERED,False,44,38,36
2026-07-30T21:22:50.620292,2026-07-30T21:22:50.620294,REG000912,ST000231,CO000028,MN000013,REGISTERED,False,51,46,45
2026-07-30T21:22:50.620300,2026-07-30T21:22:50.620302,REG000913,ST000232,CO000025,MN000010,REGISTERED,False,91,84,89
2026-07-30T21:22:50.620307,2026-07-30T21:22:50.620309,REG000914,ST000232,CO000026,MN000011,REGISTERED,False,84,75,87
2026-07-30T21:22:50.620315,2026-07-30T21:22:50.620317,REG000915,ST000232,CO000027,MN000012,REGISTERED,False,81,79,71
2026-07-30T21:22:50.620322,2026-07-30T21:22:50.620324,REG000916,ST000232,CO000028,MN000013,REGISTERED,False,94,85,86
2026-07-30T21:22:50.620331,2026-07-30T21:22:50.620332,REG000917,ST000233,CO000025,MN000010,REGISTERED,False,73,68,59
2026-07-30T21:22:50.620338,2026-07-30T21:22:50.620340,REG000918,ST000233,CO000026,MN000011,REGISTERED,False,67,71,73
2026-07-30T21:22:50.620346,2026-07-30T21:22:50.620348,REG000919,ST000233,CO000027,MN000012,REGISTERED,False,66,67,71
2026-07-30T21:22:50.620355,2026-07-30T21:22:50.620357,REG000920,ST000233,CO000028,MN000013,REGISTERED,False,67,63,75
2026-07-30T21:22:50.620363,2026-07-30T21:22:50.620365,REG000921,ST000234,CO000025,MN000010,REGISTERED,False,84,75,92
2026-07-30T21:22:50.620371,2026-07-30T21:22:50.620373,REG000922,ST000234,CO000026,MN000011,REGISTERED,False,88,84,92
2026-07-30T21:22:50.620378,2026-07-30T21:22:50.620380,REG000923,ST000234,CO000027,MN000012,REGISTERED,False,81,77,91
2026-07-30T21:22:50.620386,2026-07-30T21:22:50.620387,REG000924,ST000234,CO000028,MN000013,REGISTERED,False,95,82,91
2026-07-30T21:22:50.620393,2026-07-30T21:22:50.620395,REG000925,ST000235,CO000025,MN000010,REGISTERED,False,53,42,44
2026-07-30T21:22:50.620403,2026-07-30T21:22:50.620405,REG000926,ST000235,CO000026,MN000011,REGISTERED,False,42,38,45
2026-07-30T21:22:50.620410,2026-07-30T21:22:50.620412,REG000927,ST000235,CO000027,MN000012,REGISTERED,False,43,44,43
2026-07-30T21:22:50.620418,2026-07-30T21:22:50.620419,REG000928,ST000235,CO000028,MN000013,REGISTERED,False,60,54,45
2026-07-30T21:22:50.620426,2026-07-30T21:22:50.620430,REG000929,ST000236,CO000025,MN000010,REGISTERED,False,69,73,65
2026-07-30T21:22:50.620436,2026-07-30T21:22:50.620438,REG000930,ST000236,CO000026,MN000011,REGISTERED,False,80,74,69
2026-07-30T21:22:50.620443,2026-07-30T21:22:50.620445,REG000931,ST000236,CO000027,MN000012,REGISTERED,False,74,62,66
2026-07-30T21:22:50.620451,2026-07-30T21:22:50.620452,REG000932,ST000236,CO000028,MN000013,REGISTERED,False,80,71,65
2026-07-30T21:22:50.620458,2026-07-30T21:22:50.620460,REG000933,ST000237,CO000025,MN000010,REGISTERED,False,52,40,47
2026-07-30T21:22:50.620466,2026-07-30T21:22:50.620467,REG000934,ST000237,CO000026,MN000011,REGISTERED,False,42,35,27
2026-07-30T21:22:50.620473,2026-07-30T21:22:50.620475,REG000935,ST000237,CO000027,MN000012,REGISTERED,False,46,49,44
2026-07-30T21:22:50.620480,2026-07-30T21:22:50.620482,REG000936,ST000237,CO000028,MN000013,REGISTERED,False,44,45,49
2026-07-30T21:22:50.620488,2026-07-30T21:22:50.620490,REG000937,ST000238,CO000025,MN000010,REGISTERED,False,78,62,69
2026-07-30T21:22:50.620495,2026-07-30T21:22:50.620497,REG000938,ST000238,CO000026,MN000011,REGISTERED,False,72,67,57
2026-07-30T21:22:50.620503,2026-07-30T21:22:50.620504,REG000939,ST000238,CO000027,MN000012,REGISTERED,False,77,76,68
2026-07-30T21:22:50.620510,2026-07-30T21:22:50.620512,REG000940,ST000238,CO000028,MN000013,REGISTERED,False,79,63,80
2026-07-30T21:22:50.620518,2026-07-30T21:22:50.620520,REG000941,ST000239,CO000025,MN000010,CANCELLED,False,36,27,32
2026-07-30T21:22:50.620525,2026-07-30T21:22:50.620527,REG000942,ST000239,CO000026,MN000011,CANCELLED,False,39,37,24
2026-07-30T21:22:50.620532,2026-07-30T21:22:50.620534,REG000943,ST000239,CO000027,MN000012,CANCELLED,False,30,32,28
2026-07-30T21:22:50.620540,2026-07-30T21:22:50.620541,REG000944,ST000239,CO000028,MN000013,REGISTERED,False,23,23,33
2026-07-30T21:22:50.620547,2026-07-30T21:22:50.620549,REG000945,ST000240,CO000025,MN000010,REGISTERED,False,71,65,67
2026-07-30T21:22:50.620555,2026-07-30T21:22:50.620557,REG000946,ST000240,CO000026,MN000011,CANCELLED,False,77,78,80
2026-07-30T21:22:50.620562,2026-07-30T21:22:50.620564,REG000947,ST000240,CO000027,MN000012,REGISTERED,False,71,72,70
2026-07-30T21:22:50.620569,2026-07-30T21:22:50.620571,REG000948,ST000240,CO000028,MN000013,REGISTERED,False,71,66,68
2026-07-30T21:22:50.620577,2026-07-30T21:22:50.620579,REG000949,ST000241,CO000025,MN000010,REGISTERED,False,67,65,61
2026-07-30T21:22:50.620584,2026-07-30T21:22:50.620586,REG000950,ST000241,CO000026,MN000011,REGISTERED,False,75,56,65
2026-07-30T21:22:50.620592,2026-07-30T21:22:50.620594,REG000951,ST000241,CO000027,MN000012,REGISTERED,False,57,55,42
2026-07-30T21:22:50.620599,2026-07-30T21:22:50.620601,REG000952,ST000241,CO000028,MN000013,REGISTERED,False,56,54,50
2026-07-30T21:22:50.620607,2026-07-30T21:22:50.620609,REG000953,ST000242,CO000025,MN000010,REGISTERED,False,64,52,63
2026-07-30T21:22:50.620615,2026-07-30T21:22:50.620616,REG000954,ST000242,CO000026,MN000011,REGISTERED,False,74,63,64
2026-07-30T21:22:50.620622,2026-07-30T21:22:50.620626,REG000955,ST000242,CO000027,MN000012,REGISTERED,False,63,60,48
2026-07-30T21:22:50.620633,2026-07-30T21:22:50.620634,REG000956,ST000242,CO000028,MN000013,REGISTERED,False,55,58,62
2026-07-30T21:22:50.620641,2026-07-30T21:22:50.620642,REG000957,ST000243,CO000025,MN000010,REGISTERED,False,78,79,76
2026-07-30T21:22:50.620650,2026-07-30T21:22:50.620652,REG000958,ST000243,CO000026,MN000011,REGISTERED,False,66,62,57
2026-07-30T21:22:50.620658,2026-07-30T21:22:50.620660,REG000959,ST000243,CO000027,MN000012,REGISTERED,False,65,60,50
2026-07-30T21:22:50.620665,2026-07-30T21:22:50.620667,REG000960,ST000243,CO000028,MN000013,REGISTERED,False,85,71,70
2026-07-30T21:22:50.620673,2026-07-30T21:22:50.620675,REG000961,ST000244,CO000025,MN000010,CANCELLED,False,70,75,75
2026-07-30T21:22:50.620680,2026-07-30T21:22:50.620682,REG000962,ST000244,CO000026,MN000011,REGISTERED,False,65,66,59
2026-07-30T21:22:50.620688,2026-07-30T21:22:50.620689,REG000963,ST000244,CO000027,MN000012,REGISTERED,False,74,78,77
2026-07-30T21:22:50.620695,2026-07-30T21:22:50.620697,REG000964,ST000244,CO000028,MN000013,REGISTERED,False,70,75,76
2026-07-30T21:22:50.620703,2026-07-30T21:22:50.620705,REG000965,ST000245,CO000025,MN000010,REGISTERED,False,89,87,87
2026-07-30T21:22:50.620710,2026-07-30T21:22:50.620712,REG000966,ST000245,CO000026,MN000011,REGISTERED,False,90,89,78
2026-07-30T21:22:50.620718,2026-07-30T21:22:50.620720,REG000967,ST000245,CO000027,MN000012,REGISTERED,False,87,81,82
2026-07-30T21:22:50.620725,2026-07-30T21:22:50.620727,REG000968,ST000245,CO000028,MN000013,REGISTERED,False,89,75,82
2026-07-30T21:22:50.620733,2026-07-30T21:22:50.620735,REG000969,ST000246,CO000025,MN000010,REGISTERED,False,61,53,59
2026-07-30T21:22:50.620741,2026-07-30T21:22:50.620742,REG000970,ST000246,CO000026,MN000011,REGISTERED,False,64,69,63
2026-07-30T21:22:50.620748,2026-07-30T21:22:50.620750,REG000971,ST000246,CO000027,MN000012,REGISTERED,False,57,52,56
2026-07-30T21:22:50.620755,2026-07-30T21:22:50.620757,REG000972,ST000246,CO000028,MN000013,REGISTERED,False,55,55,46
2026-07-30T21:22:50.620763,2026-07-30T21:22:50.620765,REG000973,ST000247,CO000025,MN000010,REGISTERED,False,77,63,66
2026-07-30T21:22:50.620771,2026-07-30T21:22:50.620773,REG000974,ST000247,CO000026,MN000011,REGISTERED,False,83,63,80
2026-07-30T21:22:50.620778,2026-07-30T21:22:50.620780,REG000975,ST000247,CO000027,MN000012,REGISTERED,False,73,74,60
2026-07-30T21:22:50.620786,2026-07-30T21:22:50.620787,REG000976,ST000247,CO000028,MN000013,REGISTERED,False,82,77,67
2026-07-30T21:22:50.620794,2026-07-30T21:22:50.620796,REG000977,ST000248,CO000025,MN000010,REGISTERED,False,88,87,90
2026-07-30T21:22:50.620801,2026-07-30T21:22:50.620803,REG000978,ST000248,CO000026,MN000011,REGISTERED,False,84,87,88
2026-07-30T21:22:50.620808,2026-07-30T21:22:50.620810,REG000979,ST000248,CO000027,MN000012,REGISTERED,False,90,85,78
2026-07-30T21:22:50.620816,2026-07-30T21:22:50.620819,REG000980,ST000248,CO000028,MN000013,REGISTERED,False,85,88,92
2026-07-30T21:22:50.620826,2026-07-30T21:22:50.620828,REG000981,ST000249,CO000025,MN000010,REGISTERED,False,80,60,71
2026-07-30T21:22:50.620833,2026-07-30T21:22:50.620835,REG000982,ST000249,CO000026,MN000011,REGISTERED,False,72,74,69
2026-07-30T21:22:50.620841,2026-07-30T21:22:50.620842,REG000983,ST000249,CO000027,MN000012,REGISTERED,False,71,62,70
2026-07-30T21:22:50.620852,2026-07-30T21:22:50.620854,REG000984,ST000249,CO000028,MN000013,CANCELLED,False,65,65,69
2026-07-30T21:22:50.620860,2026-07-30T21:22:50.620862,REG000985,ST000250,CO000025,MN000010,REGISTERED,True,51,46,47
2026-07-30T21:22:50.620868,2026-07-30T21:22:50.620869,REG000986,ST000250,CO000026,MN000011,REGISTERED,False,48,51,41
2026-07-30T21:22:50.620875,2026-07-30T21:22:50.620877,REG000987,ST000250,CO000027,MN000012,REGISTERED,False,57,59,44
2026-07-30T21:22:50.620882,2026-07-30T21:22:50.620884,REG000988,ST000250,CO000028,MN000013,REGISTERED,False,42,40,28
2026-07-30T21:22:50.620890,2026-07-30T21:22:50.620892,REG000989,ST000251,CO000025,MN000010,REGISTERED,False,63,58,49
2026-07-30T21:22:50.620899,2026-07-30T21:22:50.620901,REG000990,ST000251,CO000026,MN000011,REGISTERED,False,55,56,41
2026-07-30T21:22:50.620907,2026-07-30T21:22:50.620909,REG000991,ST000251,CO000027,MN000012,REGISTERED,True,46,51,45
2026-07-30T21:22:50.620914,2026-07-30T21:22:50.620916,REG000992,ST000251,CO000028,MN000013,REGISTERED,False,46,46,31
2026-07-30T21:22:50.620922,2026-07-30T21:22:50.620924,REG000993,ST000252,CO000025,MN000010,REGISTERED,True,56,57,58
2026-07-30T21:22:50.620930,2026-07-30T21:22:50.620932,REG000994,ST000252,CO000026,MN000011,REGISTERED,False,75,68,63
2026-07-30T21:22:50.620938,2026-07-30T21:22:50.620939,REG000995,ST000252,CO000027,MN000012,REGISTERED,False,59,61,58
2026-07-30T21:22:50.620945,2026-07-30T21:22:50.620947,REG000996,ST000252,CO000028,MN000013,REGISTERED,False,58,50,46
2026-07-30T21:22:50.620953,2026-07-30T21:22:50.620955,REG000997,ST000253,CO000025,MN000010,REGISTERED,True,28,23,31
2026-07-30T21:22:50.620960,2026-07-30T21:22:50.620962,REG000998,ST000253,CO000026,MN000011,REGISTERED,True,37,21,30
2026-07-30T21:22:50.620968,2026-07-30T21:22:50.620969,REG000999,ST000253,CO000027,MN000012,REGISTERED,True,22,20,28
2026-07-30T21:22:50.620975,2026-07-30T21:22:50.620977,REG001000,ST000253,CO000028,MN000013,REGISTERED,True,49,44,35
2026-07-30T21:22:50.620983,2026-07-30T21:22:50.620985,REG001001,ST000254,CO000025,MN000010,REGISTERED,False,78,62,79
2026-07-30T21:22:50.620990,2026-07-30T21:22:50.620992,REG001002,ST000254,CO000026,MN000011,REGISTERED,False,85,76,72
2026-07-30T21:22:50.620998,2026-07-30T21:22:50.620999,REG001003,ST000254,CO000027,MN000012,REGISTERED,False,74,71,62
2026-07-30T21:22:50.621005,2026-07-30T21:22:50.621007,REG001004,ST000254,CO000028,MN000013,REGISTERED,False,80,69,77
2026-07-30T21:22:50.621013,2026-07-30T21:22:50.621015,REG001005,ST000255,CO000025,MN000010,REGISTERED,True,71,58,58
2026-07-30T21:22:50.621022,2026-07-30T21:22:50.621024,REG001006,ST000255,CO000026,MN000011,CANCELLED,False,61,66,52
2026-07-30T21:22:50.621030,2026-07-30T21:22:50.621032,REG001007,ST000255,CO000027,MN000012,REGISTERED,False,72,66,58
2026-07-30T21:22:50.621037,2026-07-30T21:22:50.621039,REG001008,ST000255,CO000028,MN000013,CANCELLED,False,69,55,62
2026-07-30T21:22:50.621045,2026-07-30T21:22:50.621047,REG001009,ST000256,CO000025,MN000010,REGISTERED,False,88,84,90
2026-07-30T21:22:50.621053,2026-07-30T21:22:50.621054,REG001010,ST000256,CO000026,MN000011,REGISTERED,False,94,79,80
2026-07-30T21:22:50.621060,2026-07-30T21:22:50.621062,REG001011,ST000256,CO000027,MN000012,REGISTERED,False,82,75,77
2026-07-30T21:22:50.621067,2026-07-30T21:22:50.621069,REG001012,ST000256,CO000028,MN000013,REGISTERED,False,81,86,76
2026-07-30T21:22:50.621076,2026-07-30T21:22:50.621078,REG001013,ST000257,CO000025,MN000010,REGISTERED,False,56,53,51
2026-07-30T21:22:50.621085,2026-07-30T21:22:50.621086,REG001014,ST000257,CO000026,MN000011,REGISTERED,True,59,52,58
2026-07-30T21:22:50.621092,2026-07-30T21:22:50.621094,REG001015,ST000257,CO000027,MN000012,REGISTERED,False,60,60,61
2026-07-30T21:22:50.621115,2026-07-30T21:22:50.621119,REG001016,ST000257,CO000028,MN000013,REGISTERED,False,66,51,57
2026-07-30T21:22:50.621130,2026-07-30T21:22:50.621132,REG001017,ST000258,CO000025,MN000010,REGISTERED,False,60,52,65
2026-07-30T21:22:50.621142,2026-07-30T21:22:50.621146,REG001018,ST000258,CO000026,MN000011,REGISTERED,False,66,70,62
2026-07-30T21:22:50.621158,2026-07-30T21:22:50.621161,REG001019,ST000258,CO000027,MN000012,REGISTERED,False,75,55,65
2026-07-30T21:22:50.621170,2026-07-30T21:22:50.621173,REG001020,ST000258,CO000028,MN000013,REGISTERED,False,71,52,64
2026-07-30T21:22:50.621184,2026-07-30T21:22:50.621187,REG001021,ST000259,CO000025,MN000010,CANCELLED,False,56,60,48
2026-07-30T21:22:50.621202,2026-07-30T21:22:50.621205,REG001022,ST000259,CO000026,MN000011,REGISTERED,False,40,45,41
2026-07-30T21:22:50.621216,2026-07-30T21:22:50.621219,REG001023,ST000259,CO000027,MN000012,REGISTERED,False,48,49,46
2026-07-30T21:22:50.621229,2026-07-30T21:22:50.621233,REG001024,ST000259,CO000028,MN000013,REGISTERED,False,61,42,46
2026-07-30T21:22:50.621242,2026-07-30T21:22:50.621245,REG001025,ST000260,CO000025,MN000010,REGISTERED,True,72,67,65
2026-07-30T21:22:50.621253,2026-07-30T21:22:50.621256,REG001026,ST000260,CO000026,MN000011,REGISTERED,False,62,63,55
2026-07-30T21:22:50.621264,2026-07-30T21:22:50.621267,REG001027,ST000260,CO000027,MN000012,REGISTERED,False,70,68,64
2026-07-30T21:22:50.621276,2026-07-30T21:22:50.621279,REG001028,ST000260,CO000028,MN000013,REGISTERED,False,58,50,63
2026-07-30T21:22:50.621289,2026-07-30T21:22:50.621292,REG001029,ST000261,CO000025,MN000010,REGISTERED,False,55,57,63
2026-07-30T21:22:50.621300,2026-07-30T21:22:50.621303,REG001030,ST000261,CO000026,MN000011,REGISTERED,False,67,50,61
2026-07-30T21:22:50.621312,2026-07-30T21:22:50.621318,REG001031,ST000261,CO000027,MN000012,REGISTERED,True,67,62,59
2026-07-30T21:22:50.621328,2026-07-30T21:22:50.621330,REG001032,ST000261,CO000028,MN000013,REGISTERED,False,74,69,61
2026-07-30T21:22:50.621340,2026-07-30T21:22:50.621343,REG001033,ST000262,CO000025,MN000010,REGISTERED,True,64,44,49
2026-07-30T21:22:50.621352,2026-07-30T21:22:50.621356,REG001034,ST000262,CO000026,MN000011,REGISTERED,False,44,49,46
2026-07-30T21:22:50.621368,2026-07-30T21:22:50.621371,REG001035,ST000262,CO000027,MN000012,REGISTERED,False,57,44,44
2026-07-30T21:22:50.621385,2026-07-30T21:22:50.621390,REG001036,ST000262,CO000028,MN000013,REGISTERED,True,58,50,43
2026-07-30T21:22:50.621406,2026-07-30T21:22:50.621410,REG001037,ST000263,CO000025,MN000010,REGISTERED,False,71,69,68
2026-07-30T21:22:50.621419,2026-07-30T21:22:50.621422,REG001038,ST000263,CO000026,MN000011,REGISTERED,False,68,72,69
2026-07-30T21:22:50.621431,2026-07-30T21:22:50.621433,REG001039,ST000263,CO000027,MN000012,REGISTERED,False,72,73,63
2026-07-30T21:22:50.621445,2026-07-30T21:22:50.621447,REG001040,ST000263,CO000028,MN000013,REGISTERED,False,76,70,72
2026-07-30T21:22:50.621463,2026-07-30T21:22:50.621466,REG001041,ST000264,CO000025,MN000010,REGISTERED,False,86,76,92
2026-07-30T21:22:50.621478,2026-07-30T21:22:50.621482,REG001042,ST000264,CO000026,MN000011,REGISTERED,False,86,84,77
2026-07-30T21:22:50.621498,2026-07-30T21:22:50.621502,REG001043,ST000264,CO000027,MN000012,REGISTERED,False,82,80,86
2026-07-30T21:22:50.621516,2026-07-30T21:22:50.621521,REG001044,ST000264,CO000028,MN000013,REGISTERED,False,93,75,87
2026-07-30T21:22:50.621539,2026-07-30T21:22:50.621542,REG001045,ST000265,CO000025,MN000010,REGISTERED,False,78,71,66
2026-07-30T21:22:50.621550,2026-07-30T21:22:50.621553,REG001046,ST000265,CO000026,MN000011,REGISTERED,False,76,63,74
2026-07-30T21:22:50.621569,2026-07-30T21:22:50.621575,REG001047,ST000265,CO000027,MN000012,REGISTERED,False,82,80,72
2026-07-30T21:22:50.621583,2026-07-30T21:22:50.621585,REG001048,ST000265,CO000028,MN000013,REGISTERED,False,67,68,57
2026-07-30T21:22:50.621592,2026-07-30T21:22:50.621594,REG001049,ST000266,CO000025,MN000010,REGISTERED,False,66,67,64
2026-07-30T21:22:50.621600,2026-07-30T21:22:50.621602,REG001050,ST000266,CO000026,MN000011,REGISTERED,False,75,70,60
2026-07-30T21:22:50.621608,2026-07-30T21:22:50.621609,REG001051,ST000266,CO000027,MN000012,REGISTERED,False,75,68,62
2026-07-30T21:22:50.621634,2026-07-30T21:22:50.621641,REG001052,ST000266,CO000028,MN000013,REGISTERED,False,62,65,57
2026-07-30T21:22:50.621676,2026-07-30T21:22:50.621680,REG001053,ST000267,CO000025,MN000010,REGISTERED,False,96,94,96
2026-07-30T21:22:50.621693,2026-07-30T21:22:50.621696,REG001054,ST000267,CO000026,MN000011,REGISTERED,False,93,91,99
2026-07-30T21:22:50.621708,2026-07-30T21:22:50.621712,REG001055,ST000267,CO000027,MN000012,REGISTERED,False,91,95,99
2026-07-30T21:22:50.621725,2026-07-30T21:22:50.621729,REG001056,ST000267,CO000028,MN000013,REGISTERED,False,95,91,96
2026-07-30T21:22:50.621745,2026-07-30T21:22:50.621756,REG001057,ST000268,CO000025,MN000010,REGISTERED,False,73,75,79
2026-07-30T21:22:50.621770,2026-07-30T21:22:50.621774,REG001058,ST000268,CO000026,MN000011,REGISTERED,False,67,69,70
2026-07-30T21:22:50.621786,2026-07-30T21:22:50.621790,REG001059,ST000268,CO000027,MN000012,REGISTERED,False,79,77,68
2026-07-30T21:22:50.621802,2026-07-30T21:22:50.621805,REG001060,ST000268,CO000028,MN000013,REGISTERED,False,76,71,78
2026-07-30T21:22:50.621826,2026-07-30T21:22:50.621829,REG001061,ST000269,CO000025,MN000010,REGISTERED,False,41,37,27
2026-07-30T21:22:50.621842,2026-07-30T21:22:50.621846,REG001062,ST000269,CO000026,MN000011,REGISTERED,False,43,40,50
2026-07-30T21:22:50.621858,2026-07-30T21:22:50.621861,REG001063,ST000269,CO000027,MN000012,REGISTERED,True,64,54,50
2026-07-30T21:22:50.621876,2026-07-30T21:22:50.621879,REG001064,ST000269,CO000028,MN000013,REGISTERED,False,55,37,46
2026-07-30T21:22:50.621896,2026-07-30T21:22:50.621900,REG001065,ST000270,CO000025,MN000010,REGISTERED,False,100,96,91
2026-07-30T21:22:50.621913,2026-07-30T21:22:50.621916,REG001066,ST000270,CO000026,MN000011,REGISTERED,False,96,96,91
2026-07-30T21:22:50.621932,2026-07-30T21:22:50.621939,REG001067,ST000270,CO000027,MN000012,REGISTERED,False,96,90,96
2026-07-30T21:22:50.621974,2026-07-30T21:22:50.621982,REG001068,ST000270,CO000028,MN000013,REGISTERED,False,96,99,100
2026-07-30T21:22:50.622030,2026-07-30T21:22:50.622044,REG001069,ST000271,CO000025,MN000010,REGISTERED,False,80,83,89
2026-07-30T21:22:50.622080,2026-07-30T21:22:50.622093,REG001070,ST000271,CO000026,MN000011,REGISTERED,False,95,75,85
2026-07-30T21:22:50.622221,2026-07-30T21:22:50.622235,REG001071,ST000271,CO000027,MN000012,REGISTERED,False,91,84,83
2026-07-30T21:22:50.622259,2026-07-30T21:22:50.622265,REG001072,ST000271,CO000028,MN000013,REGISTERED,False,94,81,92
2026-07-30T21:22:50.622283,2026-07-30T21:22:50.622288,REG001073,ST000272,CO000025,MN000010,REGISTERED,False,78,69,67
2026-07-30T21:22:50.622314,2026-07-30T21:22:50.622325,REG001074,ST000272,CO000026,MN000011,REGISTERED,False,80,68,73
2026-07-30T21:22:50.622354,2026-07-30T21:22:50.622364,REG001075,ST000272,CO000027,MN000012,REGISTERED,False,84,68,73
2026-07-30T21:22:50.622397,2026-07-30T21:22:50.622412,REG001076,ST000272,CO000028,MN000013,REGISTERED,False,82,79,74
2026-07-30T21:22:50.622443,2026-07-30T21:22:50.622448,REG001077,ST000273,CO000025,MN000010,REGISTERED,False,95,99,96
2026-07-30T21:22:50.622464,2026-07-30T21:22:50.622468,REG001078,ST000273,CO000026,MN000011,REGISTERED,False,94,92,96
2026-07-30T21:22:50.622492,2026-07-30T21:22:50.622497,REG001079,ST000273,CO000027,MN000012,REGISTERED,False,93,93,87
2026-07-30T21:22:50.622522,2026-07-30T21:22:50.622529,REG001080,ST000273,CO000028,MN000013,REGISTERED,False,98,96,85
2026-07-30T21:22:50.622553,2026-07-30T21:22:50.622562,REG001081,ST000274,CO000025,MN000010,REGISTERED,False,71,66,57
2026-07-30T21:22:50.622584,2026-07-30T21:22:50.622624,REG001082,ST000274,CO000026,MN000011,REGISTERED,False,66,68,62
2026-07-30T21:22:50.622659,2026-07-30T21:22:50.622667,REG001083,ST000274,CO000027,MN000012,REGISTERED,False,76,75,75
2026-07-30T21:22:50.622694,2026-07-30T21:22:50.622703,REG001084,ST000274,CO000028,MN000013,REGISTERED,False,82,68,77
2026-07-30T21:22:50.622740,2026-07-30T21:22:50.622749,REG001085,ST000275,CO000025,MN000010,REGISTERED,False,49,38,41
2026-07-30T21:22:50.622779,2026-07-30T21:22:50.622787,REG001086,ST000275,CO000026,MN000011,REGISTERED,False,65,45,50
2026-07-30T21:22:50.622816,2026-07-30T21:22:50.622825,REG001087,ST000275,CO000027,MN000012,REGISTERED,False,49,37,35
2026-07-30T21:22:50.622853,2026-07-30T21:22:50.622860,REG001088,ST000275,CO000028,MN000013,REGISTERED,True,54,49,47
2026-07-30T21:22:50.622892,2026-07-30T21:22:50.622901,REG001089,ST000276,CO000025,MN000010,CANCELLED,False,68,63,68
2026-07-30T21:22:50.622931,2026-07-30T21:22:50.622938,REG001090,ST000276,CO000026,MN000011,CANCELLED,False,82,64,72
2026-07-30T21:22:50.622970,2026-07-30T21:22:50.622979,REG001091,ST000276,CO000027,MN000012,CANCELLED,False,79,65,72
2026-07-30T21:22:50.623006,2026-07-30T21:22:50.623014,REG001092,ST000276,CO000028,MN000013,REGISTERED,False,80,69,71
2026-07-30T21:22:50.623046,2026-07-30T21:22:50.623054,REG001093,ST000277,CO000025,MN000010,REGISTERED,False,57,51,64
2026-07-30T21:22:50.623082,2026-07-30T21:22:50.623091,REG001094,ST000277,CO000026,MN000011,REGISTERED,False,71,56,61
2026-07-30T21:22:50.623143,2026-07-30T21:22:50.623153,REG001095,ST000277,CO000027,MN000012,REGISTERED,True,55,60,55
2026-07-30T21:22:50.623183,2026-07-30T21:22:50.623191,REG001096,ST000277,CO000028,MN000013,REGISTERED,False,57,62,56
2026-07-30T21:22:50.623223,2026-07-30T21:22:50.623231,REG001097,ST000278,CO000025,MN000010,REGISTERED,False,70,66,67
2026-07-30T21:22:50.623260,2026-07-30T21:22:50.623268,REG001098,ST000278,CO000026,MN000011,REGISTERED,False,72,70,63
2026-07-30T21:22:50.623299,2026-07-30T21:22:50.623306,REG001099,ST000278,CO000027,MN000012,REGISTERED,False,79,63,78
2026-07-30T21:22:50.623334,2026-07-30T21:22:50.623342,REG001100,ST000278,CO000028,MN000013,REGISTERED,False,74,75,76
2026-07-30T21:22:50.623373,2026-07-30T21:22:50.623380,REG001101,ST000279,CO000025,MN000010,REGISTERED,False,84,69,70
2026-07-30T21:22:50.623410,2026-07-30T21:22:50.623418,REG001102,ST000279,CO000026,MN000011,REGISTERED,False,72,61,57
2026-07-30T21:22:50.623445,2026-07-30T21:22:50.623452,REG001103,ST000279,CO000027,MN000012,REGISTERED,False,69,64,76
2026-07-30T21:22:50.623480,2026-07-30T21:22:50.623487,REG001104,ST000279,CO000028,MN000013,REGISTERED,False,83,67,80
2026-07-30T21:22:50.623523,2026-07-30T21:22:50.623533,REG001105,ST000280,CO000025,MN000010,REGISTERED,True,63,51,59
2026-07-30T21:22:50.623562,2026-07-30T21:22:50.623570,REG001106,ST000280,CO000026,MN000011,REGISTERED,False,63,67,57
2026-07-30T21:22:50.623615,2026-07-30T21:22:50.623624,REG001107,ST000280,CO000027,MN000012,CANCELLED,False,66,70,53
2026-07-30T21:22:50.623673,2026-07-30T21:22:50.623683,REG001108,ST000280,CO000028,MN000013,REGISTERED,True,71,66,64
2026-07-30T21:22:50.623707,2026-07-30T21:22:50.623712,REG001109,ST000281,CO000025,MN000010,REGISTERED,False,89,87,86
2026-07-30T21:22:50.623735,2026-07-30T21:22:50.623741,REG001110,ST000281,CO000026,MN000011,REGISTERED,False,88,78,91
2026-07-30T21:22:50.623767,2026-07-30T21:22:50.623773,REG001111,ST000281,CO000027,MN000012,REGISTERED,False,80,84,73
2026-07-30T21:22:50.623791,2026-07-30T21:22:50.623798,REG001112,ST000281,CO000028,MN000013,CANCELLED,False,87,89,88
2026-07-30T21:22:50.623816,2026-07-30T21:22:50.623823,REG001113,ST000282,CO000025,MN000010,REGISTERED,False,58,63,52
2026-07-30T21:22:50.623841,2026-07-30T21:22:50.623846,REG001114,ST000282,CO000026,MN000011,REGISTERED,False,69,66,55
2026-07-30T21:22:50.623863,2026-07-30T21:22:50.623868,REG001115,ST000282,CO000027,MN000012,REGISTERED,False,58,60,51
2026-07-30T21:22:50.623887,2026-07-30T21:22:50.623892,REG001116,ST000282,CO000028,MN000013,CANCELLED,False,62,52,59
2026-07-30T21:22:50.623919,2026-07-30T21:22:50.623925,REG001117,ST000283,CO000025,MN000010,REGISTERED,False,65,55,50
2026-07-30T21:22:50.623944,2026-07-30T21:22:50.623949,REG001118,ST000283,CO000026,MN000011,REGISTERED,False,43,40,48
2026-07-30T21:22:50.623967,2026-07-30T21:22:50.623973,REG001119,ST000283,CO000027,MN000012,REGISTERED,True,58,60,47
2026-07-30T21:22:50.623991,2026-07-30T21:22:50.623996,REG001120,ST000283,CO000028,MN000013,REGISTERED,False,44,45,30
2026-07-30T21:22:50.624016,2026-07-30T21:22:50.624022,REG001121,ST000284,CO000025,MN000010,REGISTERED,False,81,62,78
2026-07-30T21:22:50.624040,2026-07-30T21:22:50.624046,REG001122,ST000284,CO000026,MN000011,REGISTERED,False,68,70,71
2026-07-30T21:22:50.624064,2026-07-30T21:22:50.624070,REG001123,ST000284,CO000027,MN000012,REGISTERED,False,65,69,58
2026-07-30T21:22:50.624138,2026-07-30T21:22:50.624148,REG001124,ST000284,CO000028,MN000013,REGISTERED,False,79,79,75
2026-07-30T21:22:50.624184,2026-07-30T21:22:50.624193,REG001125,ST000285,CO000025,MN000010,REGISTERED,False,91,95,86
2026-07-30T21:22:50.624220,2026-07-30T21:22:50.624229,REG001126,ST000285,CO000026,MN000011,REGISTERED,False,100,99,87
2026-07-30T21:22:50.624250,2026-07-30T21:22:50.624256,REG001127,ST000285,CO000027,MN000012,REGISTERED,False,97,97,92
2026-07-30T21:22:50.624281,2026-07-30T21:22:50.624288,REG001128,ST000285,CO000028,MN000013,REGISTERED,False,95,100,95
2026-07-30T21:22:50.624313,2026-07-30T21:22:50.624321,REG001129,ST000286,CO000025,MN000010,REGISTERED,True,33,20,34
2026-07-30T21:22:50.624342,2026-07-30T21:22:50.624350,REG001130,ST000286,CO000026,MN000011,REGISTERED,False,40,39,31
2026-07-30T21:22:50.624373,2026-07-30T21:22:50.624380,REG001131,ST000286,CO000027,MN000012,REGISTERED,False,20,24,21
2026-07-30T21:22:50.624401,2026-07-30T21:22:50.624407,REG001132,ST000286,CO000028,MN000013,CANCELLED,False,29,22,26
2026-07-30T21:22:50.624435,2026-07-30T21:22:50.624453,REG001133,ST000287,CO000025,MN000010,REGISTERED,False,86,82,92
2026-07-30T21:22:50.624479,2026-07-30T21:22:50.624491,REG001134,ST000287,CO000026,MN000011,REGISTERED,False,87,88,86
2026-07-30T21:22:50.624542,2026-07-30T21:22:50.624549,REG001135,ST000287,CO000027,MN000012,REGISTERED,False,80,79,90
2026-07-30T21:22:50.624571,2026-07-30T21:22:50.624578,REG001136,ST000287,CO000028,MN000013,REGISTERED,False,87,81,80
2026-07-30T21:22:50.624617,2026-07-30T21:22:50.624627,REG001137,ST000288,CO000025,MN000010,REGISTERED,False,92,78,84
2026-07-30T21:22:50.624650,2026-07-30T21:22:50.624656,REG001138,ST000288,CO000026,MN000011,REGISTERED,False,86,77,88
2026-07-30T21:22:50.624679,2026-07-30T21:22:50.624686,REG001139,ST000288,CO000027,MN000012,REGISTERED,False,81,85,71
2026-07-30T21:22:50.624706,2026-07-30T21:22:50.624711,REG001140,ST000288,CO000028,MN000013,REGISTERED,False,84,82,92
2026-07-30T21:22:50.624731,2026-07-30T21:22:50.624737,REG001141,ST000289,CO000025,MN000010,REGISTERED,True,45,37,39
2026-07-30T21:22:50.624755,2026-07-30T21:22:50.624761,REG001142,ST000289,CO000026,MN000011,REGISTERED,False,44,42,34
2026-07-30T21:22:50.624779,2026-07-30T21:22:50.624785,REG001143,ST000289,CO000027,MN000012,CANCELLED,False,50,50,41
2026-07-30T21:22:50.624804,2026-07-30T21:22:50.624810,REG001144,ST000289,CO000028,MN000013,CANCELLED,False,50,39,44
2026-07-30T21:22:50.624829,2026-07-30T21:22:50.624835,REG001145,ST000290,CO000025,MN000010,REGISTERED,False,89,78,81
2026-07-30T21:22:50.624853,2026-07-30T21:22:50.624859,REG001146,ST000290,CO000026,MN000011,REGISTERED,False,82,77,80
2026-07-30T21:22:50.624877,2026-07-30T21:22:50.624882,REG001147,ST000290,CO000027,MN000012,REGISTERED,False,83,79,92
2026-07-30T21:22:50.624901,2026-07-30T21:22:50.624907,REG001148,ST000290,CO000028,MN000013,REGISTERED,False,88,85,79
2026-07-30T21:22:50.624933,2026-07-30T21:22:50.624939,REG001149,ST000291,CO000025,MN000010,REGISTERED,False,91,81,86
2026-07-30T21:22:50.624957,2026-07-30T21:22:50.624962,REG001150,ST000291,CO000026,MN000011,REGISTERED,False,81,86,80
2026-07-30T21:22:50.624980,2026-07-30T21:22:50.624985,REG001151,ST000291,CO000027,MN000012,REGISTERED,False,83,83,77
2026-07-30T21:22:50.625004,2026-07-30T21:22:50.625009,REG001152,ST000291,CO000028,MN000013,REGISTERED,False,92,90,90
2026-07-30T21:22:50.625029,2026-07-30T21:22:50.625034,REG001153,ST000292,CO000025,MN000010,REGISTERED,False,88,85,75
2026-07-30T21:22:50.625051,2026-07-30T21:22:50.625057,REG001154,ST000292,CO000026,MN000011,REGISTERED,False,80,83,79
2026-07-30T21:22:50.625075,2026-07-30T21:22:50.625080,REG001155,ST000292,CO000027,MN000012,REGISTERED,False,88,79,87
2026-07-30T21:22:50.625111,2026-07-30T21:22:50.625118,REG001156,ST000292,CO000028,MN000013,REGISTERED,False,90,77,79
2026-07-30T21:22:50.625139,2026-07-30T21:22:50.625144,REG001157,ST000293,CO000025,MN000010,REGISTERED,False,88,83,84
2026-07-30T21:22:50.625163,2026-07-30T21:22:50.625168,REG001158,ST000293,CO000026,MN000011,REGISTERED,False,83,86,90
2026-07-30T21:22:50.625187,2026-07-30T21:22:50.625198,REG001159,ST000293,CO000027,MN000012,REGISTERED,False,80,84,80
2026-07-30T21:22:50.625219,2026-07-30T21:22:50.625224,REG001160,ST000293,CO000028,MN000013,REGISTERED,False,94,85,80
2026-07-30T21:22:50.625244,2026-07-30T21:22:50.625250,REG001161,ST000294,CO000025,MN000010,REGISTERED,False,50,40,35
2026-07-30T21:22:50.625268,2026-07-30T21:22:50.625273,REG001162,ST000294,CO000026,MN000011,REGISTERED,False,44,26,35
2026-07-30T21:22:50.625291,2026-07-30T21:22:50.625296,REG001163,ST000294,CO000027,MN000012,CANCELLED,False,23,25,30
2026-07-30T21:22:50.625313,2026-07-30T21:22:50.625318,REG001164,ST000294,CO000028,MN000013,CANCELLED,False,40,45,32
2026-07-30T21:22:50.625338,2026-07-30T21:22:50.625343,REG001165,ST000295,CO000025,MN000010,REGISTERED,False,74,78,59
2026-07-30T21:22:50.625362,2026-07-30T21:22:50.625367,REG001166,ST000295,CO000026,MN000011,REGISTERED,False,71,61,62
2026-07-30T21:22:50.625385,2026-07-30T21:22:50.625391,REG001167,ST000295,CO000027,MN000012,REGISTERED,False,75,76,73
2026-07-30T21:22:50.625409,2026-07-30T21:22:50.625415,REG001168,ST000295,CO000028,MN000013,CANCELLED,False,66,70,53
2026-07-30T21:22:50.625434,2026-07-30T21:22:50.625440,REG001169,ST000296,CO000025,MN000010,REGISTERED,False,63,64,62
2026-07-30T21:22:50.625458,2026-07-30T21:22:50.625464,REG001170,ST000296,CO000026,MN000011,REGISTERED,False,57,59,57
2026-07-30T21:22:50.625482,2026-07-30T21:22:50.625488,REG001171,ST000296,CO000027,MN000012,REGISTERED,False,68,50,63
2026-07-30T21:22:50.625506,2026-07-30T21:22:50.625512,REG001172,ST000296,CO000028,MN000013,REGISTERED,False,61,51,48
2026-07-30T21:22:50.625532,2026-07-30T21:22:50.625537,REG001173,ST000297,CO000025,MN000010,REGISTERED,False,87,76,77
2026-07-30T21:22:50.625554,2026-07-30T21:22:50.625559,REG001174,ST000297,CO000026,MN000011,REGISTERED,False,80,84,88
2026-07-30T21:22:50.625586,2026-07-30T21:22:50.625594,REG001175,ST000297,CO000027,MN000012,REGISTERED,False,81,81,77
2026-07-30T21:22:50.625631,2026-07-30T21:22:50.625640,REG001176,ST000297,CO000028,MN000013,REGISTERED,False,95,88,81
2026-07-30T21:22:50.625667,2026-07-30T21:22:50.625676,REG001177,ST000298,CO000025,MN000010,REGISTERED,False,76,80,67
2026-07-30T21:22:50.625941,2026-07-30T21:22:50.625951,REG001178,ST000298,CO000026,MN000011,REGISTERED,False,71,67,73
2026-07-30T21:22:50.625982,2026-07-30T21:22:50.625989,REG001179,ST000298,CO000027,MN000012,REGISTERED,False,67,63,77
2026-07-30T21:22:50.626025,2026-07-30T21:22:50.626032,REG001180,ST000298,CO000028,MN000013,REGISTERED,False,82,75,68
2026-07-30T21:22:50.626061,2026-07-30T21:22:50.626067,REG001181,ST000299,CO000025,MN000010,REGISTERED,False,41,42,47
2026-07-30T21:22:50.626092,2026-07-30T21:22:50.626115,REG001182,ST000299,CO000026,MN000011,REGISTERED,True,64,57,49
2026-07-30T21:22:50.626147,2026-07-30T21:22:50.626157,REG001183,ST000299,CO000027,MN000012,REGISTERED,False,53,44,46
2026-07-30T21:22:50.626183,2026-07-30T21:22:50.626198,REG001184,ST000299,CO000028,MN000013,REGISTERED,False,55,57,45
2026-07-30T21:22:50.626232,2026-07-30T21:22:50.626239,REG001185,ST000300,CO000025,MN000010,REGISTERED,False,95,78,81
2026-07-30T21:22:50.626266,2026-07-30T21:22:50.626271,REG001186,ST000300,CO000026,MN000011,REGISTERED,False,83,81,70
2026-07-30T21:22:50.626282,2026-07-30T21:22:50.626285,REG001187,ST000300,CO000027,MN000012,REGISTERED,False,80,77,89
2026-07-30T21:22:50.626295,2026-07-30T21:22:50.626298,REG001188,ST000300,CO000028,MN000013,REGISTERED,False,94,80,90
2026-07-30T21:22:50.626310,2026-07-30T21:22:50.626313,REG001189,ST000301,CO000025,MN000010,REGISTERED,False,94,90,80
2026-07-30T21:22:50.626323,2026-07-30T21:22:50.626327,REG001190,ST000301,CO000026,MN000011,REGISTERED,False,90,81,87
2026-07-30T21:22:50.626337,2026-07-30T21:22:50.626340,REG001191,ST000301,CO000027,MN000012,REGISTERED,False,91,78,84
2026-07-30T21:22:50.626350,2026-07-30T21:22:50.626353,REG001192,ST000301,CO000028,MN000013,REGISTERED,False,94,87,86
2026-07-30T21:22:50.626364,2026-07-30T21:22:50.626367,REG001193,ST000302,CO000025,MN000010,REGISTERED,False,93,82,84
2026-07-30T21:22:50.626378,2026-07-30T21:22:50.626381,REG001194,ST000302,CO000026,MN000011,REGISTERED,False,85,86,83
2026-07-30T21:22:50.626391,2026-07-30T21:22:50.626394,REG001195,ST000302,CO000027,MN000012,REGISTERED,False,84,75,79
2026-07-30T21:22:50.626404,2026-07-30T21:22:50.626407,REG001196,ST000302,CO000028,MN000013,REGISTERED,False,86,88,92
2026-07-30T21:22:50.626418,2026-07-30T21:22:50.626421,REG001197,ST000303,CO000025,MN000010,REGISTERED,False,91,85,79
2026-07-30T21:22:50.626431,2026-07-30T21:22:50.626435,REG001198,ST000303,CO000026,MN000011,REGISTERED,False,83,82,70
2026-07-30T21:22:50.626445,2026-07-30T21:22:50.626448,REG001199,ST000303,CO000027,MN000012,REGISTERED,False,94,84,88
2026-07-30T21:22:50.626458,2026-07-30T21:22:50.626461,REG001200,ST000303,CO000028,MN000013,REGISTERED,False,87,87,80
2026-07-30T21:22:50.626473,2026-07-30T21:22:50.626476,REG001201,ST000304,CO000025,MN000010,REGISTERED,False,61,64,62
2026-07-30T21:22:50.626486,2026-07-30T21:22:50.626489,REG001202,ST000304,CO000026,MN000011,REGISTERED,False,59,53,45
2026-07-30T21:22:50.626500,2026-07-30T21:22:50.626503,REG001203,ST000304,CO000027,MN000012,REGISTERED,False,73,55,62
2026-07-30T21:22:50.626513,2026-07-30T21:22:50.626516,REG001204,ST000304,CO000028,MN000013,REGISTERED,False,74,67,63
2026-07-30T21:22:50.626527,2026-07-30T21:22:50.626530,REG001205,ST000305,CO000025,MN000010,REGISTERED,False,65,59,50
2026-07-30T21:22:50.626540,2026-07-30T21:22:50.626543,REG001206,ST000305,CO000026,MN000011,REGISTERED,False,64,58,51
2026-07-30T21:22:50.626553,2026-07-30T21:22:50.626556,REG001207,ST000305,CO000027,MN000012,REGISTERED,True,70,57,62
2026-07-30T21:22:50.626567,2026-07-30T21:22:50.626570,REG001208,ST000305,CO000028,MN000013,REGISTERED,False,56,50,59
2026-07-30T21:22:50.626581,2026-07-30T21:22:50.626584,REG001209,ST000306,CO000025,MN000010,REGISTERED,False,75,61,62
2026-07-30T21:22:50.626601,2026-07-30T21:22:50.626604,REG001210,ST000306,CO000026,MN000011,REGISTERED,False,62,64,65
2026-07-30T21:22:50.626614,2026-07-30T21:22:50.626617,REG001211,ST000306,CO000027,MN000012,REGISTERED,True,65,60,57
2026-07-30T21:22:50.626631,2026-07-30T21:22:50.626635,REG001212,ST000306,CO000028,MN000013,REGISTERED,False,66,56,59
2026-07-30T21:22:50.626661,2026-07-30T21:22:50.626664,REG001213,ST000307,CO000025,MN000010,CANCELLED,False,43,40,35
2026-07-30T21:22:50.626671,2026-07-30T21:22:50.626673,REG001214,ST000307,CO000026,MN000011,REGISTERED,False,65,51,50
2026-07-30T21:22:50.626680,2026-07-30T21:22:50.626682,REG001215,ST000307,CO000027,MN000012,REGISTERED,True,41,36,29
2026-07-30T21:22:50.626689,2026-07-30T21:22:50.626691,REG001216,ST000307,CO000028,MN000013,REGISTERED,False,40,45,37
2026-07-30T21:22:50.626699,2026-07-30T21:22:50.626701,REG001217,ST000308,CO000025,MN000010,CANCELLED,False,70,68,61
2026-07-30T21:22:50.626708,2026-07-30T21:22:50.626711,REG001218,ST000308,CO000026,MN000011,REGISTERED,True,57,60,65
2026-07-30T21:22:50.626718,2026-07-30T21:22:50.626720,REG001219,ST000308,CO000027,MN000012,REGISTERED,False,72,57,62
2026-07-30T21:22:50.626727,2026-07-30T21:22:50.626730,REG001220,ST000308,CO000028,MN000013,REGISTERED,True,71,55,58
2026-07-30T21:22:50.626737,2026-07-30T21:22:50.626740,REG001221,ST000309,CO000025,MN000010,CANCELLED,False,31,29,31
2026-07-30T21:22:50.626747,2026-07-30T21:22:50.626749,REG001222,ST000309,CO000026,MN000011,REGISTERED,False,30,23,33
2026-07-30T21:22:50.626756,2026-07-30T21:22:50.626758,REG001223,ST000309,CO000027,MN000012,REGISTERED,False,50,31,35
2026-07-30T21:22:50.626765,2026-07-30T21:22:50.626768,REG001224,ST000309,CO000028,MN000013,REGISTERED,False,43,32,35
2026-07-30T21:22:50.626776,2026-07-30T21:22:50.626778,REG001225,ST000310,CO000025,MN000010,REGISTERED,False,75,62,73
2026-07-30T21:22:50.626785,2026-07-30T21:22:50.626787,REG001226,ST000310,CO000026,MN000011,REGISTERED,False,69,67,79
2026-07-30T21:22:50.626795,2026-07-30T21:22:50.626797,REG001227,ST000310,CO000027,MN000012,REGISTERED,False,83,78,70
2026-07-30T21:22:50.626804,2026-07-30T21:22:50.626808,REG001228,ST000310,CO000028,MN000013,REGISTERED,False,77,66,64
2026-07-30T21:22:50.626835,2026-07-30T21:22:50.626842,REG001229,ST000311,CO000025,MN000010,REGISTERED,False,88,89,76
2026-07-30T21:22:50.626860,2026-07-30T21:22:50.626864,REG001230,ST000311,CO000026,MN000011,REGISTERED,False,81,75,80
2026-07-30T21:22:50.626877,2026-07-30T21:22:50.626881,REG001231,ST000311,CO000027,MN000012,REGISTERED,False,94,77,83
2026-07-30T21:22:50.626896,2026-07-30T21:22:50.626901,REG001232,ST000311,CO000028,MN000013,REGISTERED,False,80,78,73
2026-07-30T21:22:50.626918,2026-07-30T21:22:50.626922,REG001233,ST000312,CO000025,MN000010,REGISTERED,False,90,94,100
2026-07-30T21:22:50.626937,2026-07-30T21:22:50.626941,REG001234,ST000312,CO000026,MN000011,REGISTERED,False,99,96,96
2026-07-30T21:22:50.626956,2026-07-30T21:22:50.626966,REG001235,ST000312,CO000027,MN000012,REGISTERED,False,94,91,97
2026-07-30T21:22:50.626980,2026-07-30T21:22:50.626984,REG001236,ST000312,CO000028,MN000013,REGISTERED,False,95,100,88
2026-07-30T21:22:50.626999,2026-07-30T21:22:50.627002,REG001237,ST000313,CO000025,MN000010,REGISTERED,False,44,45,34
2026-07-30T21:22:50.627014,2026-07-30T21:22:50.627019,REG001238,ST000313,CO000026,MN000011,REGISTERED,False,62,43,47
2026-07-30T21:22:50.627038,2026-07-30T21:22:50.627043,REG001239,ST000313,CO000027,MN000012,REGISTERED,False,62,58,47
2026-07-30T21:22:50.627058,2026-07-30T21:22:50.627062,REG001240,ST000313,CO000028,MN000013,REGISTERED,True,65,58,50
2026-07-30T21:22:50.627076,2026-07-30T21:22:50.627081,REG001241,ST000314,CO000025,MN000010,REGISTERED,False,87,90,75
2026-07-30T21:22:50.627093,2026-07-30T21:22:50.627107,REG001242,ST000314,CO000026,MN000011,REGISTERED,False,93,76,86
2026-07-30T21:22:50.627122,2026-07-30T21:22:50.627127,REG001243,ST000314,CO000027,MN000012,REGISTERED,False,94,82,83
2026-07-30T21:22:50.627150,2026-07-30T21:22:50.627154,REG001244,ST000314,CO000028,MN000013,REGISTERED,False,86,81,84
2026-07-30T21:22:50.627163,2026-07-30T21:22:50.627166,REG001245,ST000315,CO000025,MN000010,REGISTERED,False,57,51,53
2026-07-30T21:22:50.627174,2026-07-30T21:22:50.627177,REG001246,ST000315,CO000026,MN000011,REGISTERED,False,63,57,49
2026-07-30T21:22:50.627184,2026-07-30T21:22:50.627189,REG001247,ST000315,CO000027,MN000012,REGISTERED,False,70,67,55
2026-07-30T21:22:50.627207,2026-07-30T21:22:50.627212,REG001248,ST000315,CO000028,MN000013,REGISTERED,False,68,57,53
2026-07-30T21:22:50.627230,2026-07-30T21:22:50.627233,REG001249,ST000316,CO000025,MN000010,REGISTERED,False,92,89,86
2026-07-30T21:22:50.627241,2026-07-30T21:22:50.627243,REG001250,ST000316,CO000026,MN000011,REGISTERED,False,88,79,77
2026-07-30T21:22:50.627250,2026-07-30T21:22:50.627252,REG001251,ST000316,CO000027,MN000012,REGISTERED,False,80,75,77
2026-07-30T21:22:50.627260,2026-07-30T21:22:50.627262,REG001252,ST000316,CO000028,MN000013,REGISTERED,False,86,87,84
2026-07-30T21:22:50.627270,2026-07-30T21:22:50.627272,REG001253,ST000317,CO000025,MN000010,REGISTERED,True,81,66,73
2026-07-30T21:22:50.627279,2026-07-30T21:22:50.627282,REG001254,ST000317,CO000026,MN000011,REGISTERED,False,78,76,78
2026-07-30T21:22:50.627289,2026-07-30T21:22:50.627291,REG001255,ST000317,CO000027,MN000012,REGISTERED,False,73,70,75
2026-07-30T21:22:50.627298,2026-07-30T21:22:50.627301,REG001256,ST000317,CO000028,MN000013,REGISTERED,False,84,64,74
2026-07-30T21:22:50.627308,2026-07-30T21:22:50.627310,REG001257,ST000318,CO000025,MN000010,REGISTERED,False,66,51,65
2026-07-30T21:22:50.627318,2026-07-30T21:22:50.627320,REG001258,ST000318,CO000026,MN000011,REGISTERED,True,58,50,46
2026-07-30T21:22:50.627327,2026-07-30T21:22:50.627329,REG001259,ST000318,CO000027,MN000012,REGISTERED,False,59,58,52
2026-07-30T21:22:50.627336,2026-07-30T21:22:50.627339,REG001260,ST000318,CO000028,MN000013,REGISTERED,False,63,57,64
2026-07-30T21:22:50.627347,2026-07-30T21:22:50.627353,REG001261,ST000319,CO000025,MN000010,REGISTERED,False,73,53,59
2026-07-30T21:22:50.627360,2026-07-30T21:22:50.627363,REG001262,ST000319,CO000026,MN000011,REGISTERED,False,74,62,63
2026-07-30T21:22:50.627370,2026-07-30T21:22:50.627372,REG001263,ST000319,CO000027,MN000012,REGISTERED,False,65,51,57
2026-07-30T21:22:50.627379,2026-07-30T21:22:50.627381,REG001264,ST000319,CO000028,MN000013,REGISTERED,False,64,56,64
2026-07-30T21:22:50.627389,2026-07-30T21:22:50.627391,REG001265,ST000320,CO000025,MN000010,REGISTERED,False,81,67,80
2026-07-30T21:22:50.627398,2026-07-30T21:22:50.627401,REG001266,ST000320,CO000026,MN000011,REGISTERED,False,82,78,68
2026-07-30T21:22:50.627408,2026-07-30T21:22:50.627410,REG001267,ST000320,CO000027,MN000012,REGISTERED,False,67,72,60
2026-07-30T21:22:50.627417,2026-07-30T21:22:50.627419,REG001268,ST000320,CO000028,MN000013,REGISTERED,False,81,67,72
2026-07-30T21:22:50.627427,2026-07-30T21:22:50.627429,REG001269,ST000321,CO000025,MN000010,CANCELLED,False,56,54,48
2026-07-30T21:22:50.627436,2026-07-30T21:22:50.627439,REG001270,ST000321,CO000026,MN000011,REGISTERED,False,75,59,64
2026-07-30T21:22:50.627446,2026-07-30T21:22:50.627448,REG001271,ST000321,CO000027,MN000012,REGISTERED,False,74,63,60
2026-07-30T21:22:50.627455,2026-07-30T21:22:50.627457,REG001272,ST000321,CO000028,MN000013,REGISTERED,False,66,57,57
2026-07-30T21:22:50.627465,2026-07-30T21:22:50.627467,REG001273,ST000322,CO000025,MN000010,REGISTERED,False,63,66,57
2026-07-30T21:22:50.627475,2026-07-30T21:22:50.627477,REG001274,ST000322,CO000026,MN000011,REGISTERED,False,75,67,63
2026-07-30T21:22:50.627484,2026-07-30T21:22:50.627486,REG001275,ST000322,CO000027,MN000012,REGISTERED,False,57,52,48
2026-07-30T21:22:50.627496,2026-07-30T21:22:50.627498,REG001276,ST000322,CO000028,MN000013,REGISTERED,False,66,50,58
2026-07-30T21:22:50.627506,2026-07-30T21:22:50.627508,REG001277,ST000323,CO000025,MN000010,REGISTERED,False,68,63,55
2026-07-30T21:22:50.627515,2026-07-30T21:22:50.627518,REG001278,ST000323,CO000026,MN000011,REGISTERED,False,72,58,62
2026-07-30T21:22:50.627525,2026-07-30T21:22:50.627527,REG001279,ST000323,CO000027,MN000012,REGISTERED,False,69,60,57
2026-07-30T21:22:50.627534,2026-07-30T21:22:50.627536,REG001280,ST000323,CO000028,MN000013,REGISTERED,False,66,63,58
2026-07-30T21:22:50.627544,2026-07-30T21:22:50.627546,REG001281,ST000324,CO000025,MN000010,REGISTERED,False,94,76,83
2026-07-30T21:22:50.627553,2026-07-30T21:22:50.627556,REG001282,ST000324,CO000026,MN000011,REGISTERED,False,85,79,88
2026-07-30T21:22:50.627563,2026-07-30T21:22:50.627565,REG001283,ST000324,CO000027,MN000012,REGISTERED,False,91,76,88
2026-07-30T21:22:50.627572,2026-07-30T21:22:50.627574,REG001284,ST000324,CO000028,MN000013,REGISTERED,False,87,75,80
2026-07-30T21:22:50.627582,2026-07-30T21:22:50.627584,REG001285,ST000325,CO000025,MN000010,REGISTERED,False,74,65,61
2026-07-30T21:22:50.627596,2026-07-30T21:22:50.627601,REG001286,ST000325,CO000026,MN000011,REGISTERED,False,64,62,57
2026-07-30T21:22:50.627609,2026-07-30T21:22:50.627611,REG001287,ST000325,CO000027,MN000012,REGISTERED,False,65,55,61
2026-07-30T21:22:50.627618,2026-07-30T21:22:50.627620,REG001288,ST000325,CO000028,MN000013,CANCELLED,False,59,56,57
2026-07-30T21:22:50.627628,2026-07-30T21:22:50.627630,REG001289,ST000326,CO000025,MN000010,REGISTERED,False,82,77,72
2026-07-30T21:22:50.627638,2026-07-30T21:22:50.627640,REG001290,ST000326,CO000026,MN000011,REGISTERED,False,94,84,91
2026-07-30T21:22:50.627660,2026-07-30T21:22:50.627662,REG001291,ST000326,CO000027,MN000012,REGISTERED,False,90,79,78
2026-07-30T21:22:50.627668,2026-07-30T21:22:50.627670,REG001292,ST000326,CO000028,MN000013,REGISTERED,False,95,76,87
2026-07-30T21:22:50.627676,2026-07-30T21:22:50.627678,REG001293,ST000327,CO000025,MN000010,REGISTERED,False,81,79,73
2026-07-30T21:22:50.627684,2026-07-30T21:22:50.627686,REG001294,ST000327,CO000026,MN000011,REGISTERED,False,90,90,85
2026-07-30T21:22:50.627692,2026-07-30T21:22:50.627694,REG001295,ST000327,CO000027,MN000012,REGISTERED,False,92,77,88
2026-07-30T21:22:50.627700,2026-07-30T21:22:50.627702,REG001296,ST000327,CO000028,MN000013,REGISTERED,False,92,89,88
2026-07-30T21:22:50.627709,2026-07-30T21:22:50.627711,REG001297,ST000328,CO000025,MN000010,REGISTERED,False,73,70,60
2026-07-30T21:22:50.627717,2026-07-30T21:22:50.627719,REG001298,ST000328,CO000026,MN000011,REGISTERED,False,78,76,65
2026-07-30T21:22:50.627725,2026-07-30T21:22:50.627726,REG001299,ST000328,CO000027,MN000012,REGISTERED,False,85,67,75
2026-07-30T21:22:50.627733,2026-07-30T21:22:50.627734,REG001300,ST000328,CO000028,MN000013,REGISTERED,False,70,65,57
2026-07-30T21:22:50.627741,2026-07-30T21:22:50.627743,REG001301,ST000329,CO000025,MN000010,REGISTERED,False,65,70,64
2026-07-30T21:22:50.627751,2026-07-30T21:22:50.627753,REG001302,ST000329,CO000026,MN000011,REGISTERED,False,71,62,79
2026-07-30T21:22:50.627760,2026-07-30T21:22:50.627762,REG001303,ST000329,CO000027,MN000012,REGISTERED,False,78,60,76
2026-07-30T21:22:50.627768,2026-07-30T21:22:50.627770,REG001304,ST000329,CO000028,MN000013,CANCELLED,False,82,65,72
2026-07-30T21:22:50.627776,2026-07-30T21:22:50.627778,REG001305,ST000330,CO000025,MN000010,REGISTERED,False,93,94,86
2026-07-30T21:22:50.627784,2026-07-30T21:22:50.627786,REG001306,ST000330,CO000026,MN000011,REGISTERED,False,100,94,88
2026-07-30T21:22:50.627794,2026-07-30T21:22:50.627796,REG001307,ST000330,CO000027,MN000012,REGISTERED,False,92,94,92
2026-07-30T21:22:50.627803,2026-07-30T21:22:50.627805,REG001308,ST000330,CO000028,MN000013,REGISTERED,False,98,91,97
2026-07-30T21:22:50.627811,2026-07-30T21:22:50.627813,REG001309,ST000331,CO000025,MN000010,REGISTERED,False,81,73,78
2026-07-30T21:22:50.627819,2026-07-30T21:22:50.627821,REG001310,ST000331,CO000026,MN000011,REGISTERED,False,66,60,66
2026-07-30T21:22:50.627827,2026-07-30T21:22:50.627829,REG001311,ST000331,CO000027,MN000012,REGISTERED,False,80,68,80
2026-07-30T21:22:50.627837,2026-07-30T21:22:50.627839,REG001312,ST000331,CO000028,MN000013,REGISTERED,False,82,80,80
2026-07-30T21:22:50.627846,2026-07-30T21:22:50.627848,REG001313,ST000332,CO000025,MN000010,REGISTERED,False,91,96,99
2026-07-30T21:22:50.627854,2026-07-30T21:22:50.627856,REG001314,ST000332,CO000026,MN000011,REGISTERED,False,100,91,88
2026-07-30T21:22:50.627862,2026-07-30T21:22:50.627864,REG001315,ST000332,CO000027,MN000012,REGISTERED,False,92,97,98
2026-07-30T21:22:50.627870,2026-07-30T21:22:50.627871,REG001316,ST000332,CO000028,MN000013,REGISTERED,False,91,91,95
2026-07-30T21:22:50.627878,2026-07-30T21:22:50.627880,REG001317,ST000334,CO000025,MN000010,REGISTERED,False,86,82,91
2026-07-30T21:22:50.627886,2026-07-30T21:22:50.627888,REG001318,ST000334,CO000026,MN000011,REGISTERED,False,95,87,85
2026-07-30T21:22:50.627894,2026-07-30T21:22:50.627896,REG001319,ST000334,CO000027,MN000012,REGISTERED,False,84,83,73
2026-07-30T21:22:50.627902,2026-07-30T21:22:50.627904,REG001320,ST000334,CO000028,MN000013,REGISTERED,False,82,80,71
2026-07-30T21:22:50.627910,2026-07-30T21:22:50.627912,REG001321,ST000335,CO000025,MN000010,REGISTERED,False,65,60,73
2026-07-30T21:22:50.627918,2026-07-30T21:22:50.627920,REG001322,ST000335,CO000026,MN000011,REGISTERED,False,66,60,53
2026-07-30T21:22:50.627926,2026-07-30T21:22:50.627928,REG001323,ST000335,CO000027,MN000012,REGISTERED,False,77,66,62
2026-07-30T21:22:50.627934,2026-07-30T21:22:50.627936,REG001324,ST000335,CO000028,MN000013,REGISTERED,False,81,64,75
2026-07-30T21:22:50.627943,2026-07-30T21:22:50.627945,REG001325,ST000336,CO000025,MN000010,REGISTERED,True,58,50,46
2026-07-30T21:22:50.627951,2026-07-30T21:22:50.627952,REG001326,ST000336,CO000026,MN000011,REGISTERED,False,50,42,41
2026-07-30T21:22:50.627958,2026-07-30T21:22:50.627960,REG001327,ST000336,CO000027,MN000012,CANCELLED,False,55,60,41
2026-07-30T21:22:50.627966,2026-07-30T21:22:50.627968,REG001328,ST000336,CO000028,MN000013,REGISTERED,False,51,44,41
2026-07-30T21:22:50.627975,2026-07-30T21:22:50.627976,REG001329,ST000337,CO000025,MN000010,REGISTERED,False,91,96,100
2026-07-30T21:22:50.627983,2026-07-30T21:22:50.627985,REG001330,ST000337,CO000026,MN000011,REGISTERED,False,98,93,88
2026-07-30T21:22:50.627991,2026-07-30T21:22:50.627992,REG001331,ST000337,CO000027,MN000012,REGISTERED,False,97,91,95
2026-07-30T21:22:50.627999,2026-07-30T21:22:50.628001,REG001332,ST000337,CO000028,MN000013,REGISTERED,False,96,94,86
2026-07-30T21:22:50.628007,2026-07-30T21:22:50.628009,REG001333,ST000338,CO000025,MN000010,REGISTERED,False,80,74,69
2026-07-30T21:22:50.628015,2026-07-30T21:22:50.628017,REG001334,ST000338,CO000026,MN000011,REGISTERED,False,75,80,66
2026-07-30T21:22:50.628023,2026-07-30T21:22:50.628025,REG001335,ST000338,CO000027,MN000012,REGISTERED,False,71,61,73
2026-07-30T21:22:50.628031,2026-07-30T21:22:50.628033,REG001336,ST000338,CO000028,MN000013,REGISTERED,False,65,61,58
2026-07-30T21:22:50.628040,2026-07-30T21:22:50.628044,REG001337,ST000339,CO000025,MN000010,REGISTERED,False,80,68,73
2026-07-30T21:22:50.628050,2026-07-30T21:22:50.628052,REG001338,ST000339,CO000026,MN000011,REGISTERED,False,67,71,70
2026-07-30T21:22:50.628060,2026-07-30T21:22:50.628062,REG001339,ST000339,CO000027,MN000012,REGISTERED,False,85,79,77
2026-07-30T21:22:50.628068,2026-07-30T21:22:50.628070,REG001340,ST000339,CO000028,MN000013,REGISTERED,False,81,76,66
2026-07-30T21:22:50.628077,2026-07-30T21:22:50.628079,REG001341,ST000340,CO000025,MN000010,REGISTERED,False,73,67,64
2026-07-30T21:22:50.628085,2026-07-30T21:22:50.628087,REG001342,ST000340,CO000026,MN000011,REGISTERED,False,82,73,73
2026-07-30T21:22:50.628093,2026-07-30T21:22:50.628095,REG001343,ST000340,CO000027,MN000012,REGISTERED,False,75,67,69
2026-07-30T21:22:50.628114,2026-07-30T21:22:50.628116,REG001344,ST000340,CO000028,MN000013,REGISTERED,False,69,72,68
2026-07-30T21:22:50.628123,2026-07-30T21:22:50.628125,REG001345,ST000341,CO000025,MN000010,REGISTERED,False,68,62,59
2026-07-30T21:22:50.628131,2026-07-30T21:22:50.628132,REG001346,ST000341,CO000026,MN000011,REGISTERED,False,83,66,80
2026-07-30T21:22:50.628139,2026-07-30T21:22:50.628141,REG001347,ST000341,CO000027,MN000012,REGISTERED,False,77,61,77
2026-07-30T21:22:50.628147,2026-07-30T21:22:50.628148,REG001348,ST000341,CO000028,MN000013,REGISTERED,False,68,69,66
2026-07-30T21:22:50.628155,2026-07-30T21:22:50.628157,REG001349,ST000342,CO000025,MN000010,REGISTERED,False,63,58,49
2026-07-30T21:22:50.628163,2026-07-30T21:22:50.628165,REG001350,ST000342,CO000026,MN000011,REGISTERED,False,50,38,39
2026-07-30T21:22:50.628171,2026-07-30T21:22:50.628173,REG001351,ST000342,CO000027,MN000012,REGISTERED,False,64,46,49
2026-07-30T21:22:50.628179,2026-07-30T21:22:50.628181,REG001352,ST000342,CO000028,MN000013,REGISTERED,False,55,38,50
2026-07-30T21:22:50.628187,2026-07-30T21:22:50.628189,REG001353,ST000343,CO000025,MN000010,REGISTERED,False,78,68,64
2026-07-30T21:22:50.628195,2026-07-30T21:22:50.628197,REG001354,ST000343,CO000026,MN000011,REGISTERED,False,81,68,78
2026-07-30T21:22:50.628203,2026-07-30T21:22:50.628205,REG001355,ST000343,CO000027,MN000012,REGISTERED,False,81,79,77
2026-07-30T21:22:50.628211,2026-07-30T21:22:50.628213,REG001356,ST000343,CO000028,MN000013,REGISTERED,False,83,72,68
2026-07-30T21:22:50.628219,2026-07-30T21:22:50.628221,REG001357,ST000344,CO000025,MN000010,REGISTERED,False,82,83,84
2026-07-30T21:22:50.628227,2026-07-30T21:22:50.628229,REG001358,ST000344,CO000026,MN000011,REGISTERED,False,90,80,88
2026-07-30T21:22:50.628236,2026-07-30T21:22:50.628238,REG001359,ST000344,CO000027,MN000012,REGISTERED,False,92,80,82
2026-07-30T21:22:50.628244,2026-07-30T21:22:50.628246,REG001360,ST000344,CO000028,MN000013,REGISTERED,False,93,87,91
2026-07-30T21:22:50.628252,2026-07-30T21:22:50.628254,REG001361,ST000345,CO000025,MN000010,CANCELLED,False,83,71,80
2026-07-30T21:22:50.628260,2026-07-30T21:22:50.628262,REG001362,ST000345,CO000026,MN000011,REGISTERED,False,66,71,55
2026-07-30T21:22:50.628268,2026-07-30T21:22:50.628273,REG001363,ST000345,CO000027,MN000012,REGISTERED,False,73,72,73
2026-07-30T21:22:50.628279,2026-07-30T21:22:50.628281,REG001364,ST000345,CO000028,MN000013,REGISTERED,False,74,60,70
2026-07-30T21:22:50.628288,2026-07-30T21:22:50.628290,REG001365,ST000346,CO000025,MN000010,REGISTERED,False,41,43,29
2026-07-30T21:22:50.628298,2026-07-30T21:22:50.628300,REG001366,ST000346,CO000026,MN000011,REGISTERED,False,46,44,43
2026-07-30T21:22:50.628306,2026-07-30T21:22:50.628308,REG001367,ST000346,CO000027,MN000012,REGISTERED,False,58,54,50
2026-07-30T21:22:50.628314,2026-07-30T21:22:50.628315,REG001368,ST000346,CO000028,MN000013,REGISTERED,True,48,38,34
2026-07-30T21:22:50.628322,2026-07-30T21:22:50.628324,REG001369,ST000347,CO000025,MN000010,REGISTERED,False,72,60,67
2026-07-30T21:22:50.628330,2026-07-30T21:22:50.628332,REG001370,ST000347,CO000026,MN000011,REGISTERED,False,80,67,76
2026-07-30T21:22:50.628340,2026-07-30T21:22:50.628342,REG001371,ST000347,CO000027,MN000012,REGISTERED,False,66,70,62
2026-07-30T21:22:50.628348,2026-07-30T21:22:50.628350,REG001372,ST000347,CO000028,MN000013,REGISTERED,False,80,70,79
2026-07-30T21:22:50.628357,2026-07-30T21:22:50.628359,REG001373,ST000348,CO000025,MN000010,REGISTERED,False,84,89,78
2026-07-30T21:22:50.628365,2026-07-30T21:22:50.628366,REG001374,ST000348,CO000026,MN000011,REGISTERED,False,89,82,85
2026-07-30T21:22:50.628372,2026-07-30T21:22:50.628374,REG001375,ST000348,CO000027,MN000012,CANCELLED,False,80,82,71
2026-07-30T21:22:50.628381,2026-07-30T21:22:50.628382,REG001376,ST000348,CO000028,MN000013,REGISTERED,False,94,76,81
2026-07-30T21:22:50.628390,2026-07-30T21:22:50.628392,REG001377,ST000350,CO000025,MN000010,CANCELLED,False,43,39,35
2026-07-30T21:22:50.628398,2026-07-30T21:22:50.628400,REG001378,ST000350,CO000026,MN000011,REGISTERED,False,57,51,45
2026-07-30T21:22:50.628406,2026-07-30T21:22:50.628408,REG001379,ST000350,CO000027,MN000012,REGISTERED,False,43,48,41
2026-07-30T21:22:50.628414,2026-07-30T21:22:50.628416,REG001380,ST000350,CO000028,MN000013,REGISTERED,False,44,47,49
2026-07-30T21:22:50.628422,2026-07-30T21:22:50.628424,REG001381,ST000351,CO000025,MN000010,CANCELLED,False,48,41,45
2026-07-30T21:22:50.628430,2026-07-30T21:22:50.628432,REG001382,ST000351,CO000026,MN000011,REGISTERED,False,52,37,48
2026-07-30T21:22:50.628438,2026-07-30T21:22:50.628439,REG001383,ST000351,CO000027,MN000012,REGISTERED,False,41,39,50
2026-07-30T21:22:50.628445,2026-07-30T21:22:50.628447,REG001384,ST000351,CO000028,MN000013,REGISTERED,False,44,39,48
2026-07-30T21:22:50.628454,2026-07-30T21:22:50.628456,REG001385,ST000352,CO000025,MN000010,REGISTERED,False,70,63,72
2026-07-30T21:22:50.628462,2026-07-30T21:22:50.628463,REG001386,ST000352,CO000026,MN000011,CANCELLED,False,78,65,70
2026-07-30T21:22:50.628469,2026-07-30T21:22:50.628471,REG001387,ST000352,CO000027,MN000012,REGISTERED,False,74,64,67
2026-07-30T21:22:50.628477,2026-07-30T21:22:50.628481,REG001388,ST000352,CO000028,MN000013,REGISTERED,False,75,79,61
2026-07-30T21:22:50.628488,2026-07-30T21:22:50.628490,REG001389,ST000353,CO000025,MN000010,REGISTERED,False,85,75,81
2026-07-30T21:22:50.628496,2026-07-30T21:22:50.628498,REG001390,ST000353,CO000026,MN000011,REGISTERED,False,86,89,85
2026-07-30T21:22:50.628504,2026-07-30T21:22:50.628506,REG001391,ST000353,CO000027,MN000012,REGISTERED,False,88,79,86
2026-07-30T21:22:50.628512,2026-07-30T21:22:50.628514,REG001392,ST000353,CO000028,MN000013,REGISTERED,False,93,76,91
2026-07-30T21:22:50.628520,2026-07-30T21:22:50.628522,REG001393,ST000354,CO000025,MN000010,REGISTERED,False,69,65,73
2026-07-30T21:22:50.628528,2026-07-30T21:22:50.628530,REG001394,ST000354,CO000026,MN000011,CANCELLED,False,81,68,79
2026-07-30T21:22:50.628536,2026-07-30T21:22:50.628538,REG001395,ST000354,CO000027,MN000012,REGISTERED,False,79,80,78
2026-07-30T21:22:50.628544,2026-07-30T21:22:50.628546,REG001396,ST000354,CO000028,MN000013,REGISTERED,False,74,61,62
2026-07-30T21:22:50.628552,2026-07-30T21:22:50.628554,REG001397,ST000355,CO000025,MN000010,REGISTERED,False,70,73,79
2026-07-30T21:22:50.628560,2026-07-30T21:22:50.628562,REG001398,ST000355,CO000026,MN000011,REGISTERED,False,68,67,55
2026-07-30T21:22:50.628568,2026-07-30T21:22:50.628570,REG001399,ST000355,CO000027,MN000012,REGISTERED,False,71,72,58
2026-07-30T21:22:50.628576,2026-07-30T21:22:50.628578,REG001400,ST000355,CO000028,MN000013,REGISTERED,False,74,60,77
2026-07-30T21:22:50.628584,2026-07-30T21:22:50.628586,REG001401,ST000356,CO000025,MN000010,REGISTERED,False,91,94,85
2026-07-30T21:22:50.628592,2026-07-30T21:22:50.628594,REG001402,ST000356,CO000026,MN000011,REGISTERED,False,100,94,87
2026-07-30T21:22:50.628602,2026-07-30T21:22:50.628604,REG001403,ST000356,CO000027,MN000012,REGISTERED,False,97,90,86
2026-07-30T21:22:50.628611,2026-07-30T21:22:50.628613,REG001404,ST000356,CO000028,MN000013,REGISTERED,False,96,99,96
2026-07-30T21:22:50.628619,2026-07-30T21:22:50.628638,REG001405,ST000357,CO000025,MN000010,REGISTERED,False,82,77,78
2026-07-30T21:22:50.628644,2026-07-30T21:22:50.628646,REG001406,ST000357,CO000026,MN000011,REGISTERED,False,91,78,88
2026-07-30T21:22:50.628652,2026-07-30T21:22:50.628654,REG001407,ST000357,CO000027,MN000012,REGISTERED,False,83,83,89
2026-07-30T21:22:50.628660,2026-07-30T21:22:50.628662,REG001408,ST000357,CO000028,MN000013,REGISTERED,False,83,82,92
2026-07-30T21:22:50.628668,2026-07-30T21:22:50.628669,REG001409,ST000358,CO000025,MN000010,REGISTERED,False,93,91,93
2026-07-30T21:22:50.628676,2026-07-30T21:22:50.628677,REG001410,ST000358,CO000026,MN000011,REGISTERED,False,100,100,96
2026-07-30T21:22:50.628683,2026-07-30T21:22:50.628685,REG001411,ST000358,CO000027,MN000012,REGISTERED,False,91,91,98
2026-07-30T21:22:50.628691,2026-07-30T21:22:50.628693,REG001412,ST000358,CO000028,MN000013,REGISTERED,False,100,94,93
2026-07-30T21:22:50.628699,2026-07-30T21:22:50.628701,REG001413,ST000359,CO000025,MN000010,REGISTERED,False,75,60,63
2026-07-30T21:22:50.628713,2026-07-30T21:22:50.628715,REG001414,ST000359,CO000026,MN000011,REGISTERED,False,66,64,64
2026-07-30T21:22:50.628721,2026-07-30T21:22:50.628722,REG001415,ST000359,CO000027,MN000012,REGISTERED,False,76,64,70
2026-07-30T21:22:50.628728,2026-07-30T21:22:50.628730,REG001416,ST000359,CO000028,MN000013,REGISTERED,False,83,63,71
2026-07-30T21:22:50.628736,2026-07-30T21:22:50.628738,REG001417,ST000360,CO000025,MN000010,CANCELLED,False,79,66,75
2026-07-30T21:22:50.628744,2026-07-30T21:22:50.628746,REG001418,ST000360,CO000026,MN000011,REGISTERED,False,65,60,53
2026-07-30T21:22:50.628752,2026-07-30T21:22:50.628753,REG001419,ST000360,CO000027,MN000012,REGISTERED,False,73,76,72
2026-07-30T21:22:50.628759,2026-07-30T21:22:50.628761,REG001420,ST000360,CO000028,MN000013,REGISTERED,False,74,70,79
2026-07-30T21:22:50.628767,2026-07-30T21:22:50.628769,REG001421,ST000361,CO000025,MN000010,REGISTERED,False,44,45,35
2026-07-30T21:22:50.628775,2026-07-30T21:22:50.628777,REG001422,ST000361,CO000026,MN000011,CANCELLED,False,26,25,21
2026-07-30T21:22:50.628782,2026-07-30T21:22:50.628784,REG001423,ST000361,CO000027,MN000012,REGISTERED,False,27,23,30
2026-07-30T21:22:50.628790,2026-07-30T21:22:50.628792,REG001424,ST000361,CO000028,MN000013,REGISTERED,False,50,33,35
2026-07-30T21:22:50.628798,2026-07-30T21:22:50.628800,REG001425,ST000362,CO000025,MN000010,REGISTERED,False,94,92,93
2026-07-30T21:22:50.628806,2026-07-30T21:22:50.628808,REG001426,ST000362,CO000026,MN000011,REGISTERED,False,91,94,93
2026-07-30T21:22:50.628814,2026-07-30T21:22:50.628816,REG001427,ST000362,CO000027,MN000012,REGISTERED,False,94,90,96
2026-07-30T21:22:50.628821,2026-07-30T21:22:50.628823,REG001428,ST000362,CO000028,MN000013,REGISTERED,False,92,97,86
2026-07-30T21:22:50.628830,2026-07-30T21:22:50.628831,REG001429,ST000364,CO000025,MN000010,REGISTERED,False,93,76,87
2026-07-30T21:22:50.628840,2026-07-30T21:22:50.628842,REG001430,ST000364,CO000026,MN000011,REGISTERED,False,82,87,87
2026-07-30T21:22:50.628848,2026-07-30T21:22:50.628850,REG001431,ST000364,CO000027,MN000012,REGISTERED,False,85,88,75
2026-07-30T21:22:50.628856,2026-07-30T21:22:50.628858,REG001432,ST000364,CO000028,MN000013,REGISTERED,False,83,80,84
2026-07-30T21:22:50.628864,2026-07-30T21:22:50.628866,REG001433,ST000365,CO000025,MN000010,REGISTERED,False,26,24,35
2026-07-30T21:22:50.628874,2026-07-30T21:22:50.628876,REG001434,ST000365,CO000026,MN000011,REGISTERED,False,27,20,16
2026-07-30T21:22:50.628882,2026-07-30T21:22:50.628884,REG001435,ST000365,CO000027,MN000012,REGISTERED,False,26,29,25
2026-07-30T21:22:50.628890,2026-07-30T21:22:50.628892,REG001436,ST000365,CO000028,MN000013,REGISTERED,True,24,26,14
2026-07-30T21:22:50.628898,2026-07-30T21:22:50.628900,REG001437,ST000366,CO000025,MN000010,REGISTERED,True,82,66,73
2026-07-30T21:22:50.628906,2026-07-30T21:22:50.628907,REG001438,ST000366,CO000026,MN000011,REGISTERED,False,78,67,63
2026-07-30T21:22:50.628913,2026-07-30T21:22:50.628917,REG001439,ST000366,CO000027,MN000012,REGISTERED,False,69,62,55
2026-07-30T21:22:50.628923,2026-07-30T21:22:50.628925,REG001440,ST000366,CO000028,MN000013,REGISTERED,False,67,71,67
2026-07-30T21:22:50.628931,2026-07-30T21:22:50.628933,REG001441,ST000367,CO000025,MN000010,REGISTERED,False,61,50,49
2026-07-30T21:22:50.628939,2026-07-30T21:22:50.628941,REG001442,ST000367,CO000026,MN000011,REGISTERED,False,56,58,61
2026-07-30T21:22:50.628947,2026-07-30T21:22:50.628948,REG001443,ST000367,CO000027,MN000012,REGISTERED,False,57,59,49
2026-07-30T21:22:50.628954,2026-07-30T21:22:50.628956,REG001444,ST000367,CO000028,MN000013,REGISTERED,False,74,57,64
2026-07-30T21:22:50.628962,2026-07-30T21:22:50.628964,REG001445,ST000368,CO000025,MN000010,REGISTERED,False,21,22,25
2026-07-30T21:22:50.628970,2026-07-30T21:22:50.628972,REG001446,ST000368,CO000026,MN000011,REGISTERED,False,33,27,34
2026-07-30T21:22:50.628977,2026-07-30T21:22:50.628979,REG001447,ST000368,CO000027,MN000012,CANCELLED,False,47,39,35
2026-07-30T21:22:50.628985,2026-07-30T21:22:50.628987,REG001448,ST000368,CO000028,MN000013,REGISTERED,True,36,35,21
2026-07-30T21:22:50.628993,2026-07-30T21:22:50.628995,REG001449,ST000369,CO000025,MN000010,CANCELLED,False,36,27,21
2026-07-30T21:22:50.629000,2026-07-30T21:22:50.629002,REG001450,ST000369,CO000026,MN000011,REGISTERED,False,38,24,29
2026-07-30T21:22:50.629008,2026-07-30T21:22:50.629010,REG001451,ST000369,CO000027,MN000012,REGISTERED,False,45,45,33
2026-07-30T21:22:50.629015,2026-07-30T21:22:50.629017,REG001452,ST000369,CO000028,MN000013,CANCELLED,False,25,24,20
2026-07-30T21:22:50.629024,2026-07-30T21:22:50.629025,REG001453,ST000370,CO000025,MN000010,REGISTERED,False,87,87,79
2026-07-30T21:22:50.629031,2026-07-30T21:22:50.629033,REG001454,ST000370,CO000026,MN000011,REGISTERED,False,80,84,76
2026-07-30T21:22:50.629039,2026-07-30T21:22:50.629041,REG001455,ST000370,CO000027,MN000012,REGISTERED,False,80,75,73
2026-07-30T21:22:50.629046,2026-07-30T21:22:50.629048,REG001456,ST000370,CO000028,MN000013,REGISTERED,False,84,83,82
2026-07-30T21:22:50.629055,2026-07-30T21:22:50.629057,REG001457,ST000371,CO000025,MN000010,REGISTERED,True,24,23,33
2026-07-30T21:22:50.629063,2026-07-30T21:22:50.629064,REG001458,ST000371,CO000026,MN000011,REGISTERED,True,28,27,20
2026-07-30T21:22:50.629070,2026-07-30T21:22:50.629072,REG001459,ST000371,CO000027,MN000012,REGISTERED,True,20,22,14
2026-07-30T21:22:50.629078,2026-07-30T21:22:50.629079,REG001460,ST000371,CO000028,MN000013,CANCELLED,False,29,28,15
2026-07-30T21:22:50.629086,2026-07-30T21:22:50.629088,REG001461,ST000372,CO000025,MN000010,REGISTERED,False,76,75,79
2026-07-30T21:22:50.629093,2026-07-30T21:22:50.629095,REG001462,ST000372,CO000026,MN000011,REGISTERED,False,82,67,74
2026-07-30T21:22:50.629107,2026-07-30T21:22:50.629109,REG001463,ST000372,CO000027,MN000012,REGISTERED,True,78,61,69
2026-07-30T21:22:50.629114,2026-07-30T21:22:50.629116,REG001464,ST000372,CO000028,MN000013,REGISTERED,False,76,73,80
2026-07-30T21:22:50.629123,2026-07-30T21:22:50.629127,REG001465,ST000373,CO000025,MN000010,REGISTERED,False,55,55,57
2026-07-30T21:22:50.629137,2026-07-30T21:22:50.629139,REG001466,ST000373,CO000026,MN000011,REGISTERED,False,58,59,47
2026-07-30T21:22:50.629146,2026-07-30T21:22:50.629148,REG001467,ST000373,CO000027,MN000012,REGISTERED,False,63,55,57
2026-07-30T21:22:50.629154,2026-07-30T21:22:50.629155,REG001468,ST000373,CO000028,MN000013,REGISTERED,False,63,64,59
2026-07-30T21:22:50.629163,2026-07-30T21:22:50.629164,REG001469,ST000374,CO000025,MN000010,REGISTERED,False,84,65,75
2026-07-30T21:22:50.629170,2026-07-30T21:22:50.629172,REG001470,ST000374,CO000026,MN000011,CANCELLED,False,68,71,65
2026-07-30T21:22:50.629178,2026-07-30T21:22:50.629180,REG001471,ST000374,CO000027,MN000012,REGISTERED,False,72,67,67
2026-07-30T21:22:50.629186,2026-07-30T21:22:50.629187,REG001472,ST000374,CO000028,MN000013,REGISTERED,False,82,63,70
2026-07-30T21:22:50.629194,2026-07-30T21:22:50.629196,REG001473,ST000375,CO000025,MN000010,REGISTERED,False,71,76,74
2026-07-30T21:22:50.629201,2026-07-30T21:22:50.629203,REG001474,ST000375,CO000026,MN000011,REGISTERED,False,67,60,59
2026-07-30T21:22:50.629209,2026-07-30T21:22:50.629211,REG001475,ST000375,CO000027,MN000012,REGISTERED,False,72,64,63
2026-07-30T21:22:50.629217,2026-07-30T21:22:50.629218,REG001476,ST000375,CO000028,MN000013,REGISTERED,False,65,65,63
2026-07-30T21:22:50.629225,2026-07-30T21:22:50.629227,REG001477,ST000376,CO000025,MN000010,REGISTERED,True,55,42,41
2026-07-30T21:22:50.629233,2026-07-30T21:22:50.629235,REG001478,ST000376,CO000026,MN000011,REGISTERED,False,46,48,37
2026-07-30T21:22:50.629240,2026-07-30T21:22:50.629242,REG001479,ST000376,CO000027,MN000012,REGISTERED,False,65,60,50
2026-07-30T21:22:50.629248,2026-07-30T21:22:50.629250,REG001480,ST000376,CO000028,MN000013,REGISTERED,False,61,56,50
2026-07-30T21:22:50.629256,2026-07-30T21:22:50.629258,REG001481,ST000377,CO000025,MN000010,REGISTERED,False,75,64,62
2026-07-30T21:22:50.629264,2026-07-30T21:22:50.629266,REG001482,ST000377,CO000026,MN000011,REGISTERED,False,69,64,54
2026-07-30T21:22:50.629271,2026-07-30T21:22:50.629273,REG001483,ST000377,CO000027,MN000012,REGISTERED,False,57,61,60
2026-07-30T21:22:50.629279,2026-07-30T21:22:50.629281,REG001484,ST000377,CO000028,MN000013,REGISTERED,True,71,68,62
2026-07-30T21:22:50.629287,2026-07-30T21:22:50.629289,REG001485,ST000378,CO000025,MN000010,REGISTERED,False,61,53,53
2026-07-30T21:22:50.629295,2026-07-30T21:22:50.629297,REG001486,ST000378,CO000026,MN000011,REGISTERED,False,74,62,62
2026-07-30T21:22:50.629303,2026-07-30T21:22:50.629305,REG001487,ST000378,CO000027,MN000012,REGISTERED,False,72,68,63
2026-07-30T21:22:50.629311,2026-07-30T21:22:50.629312,REG001488,ST000378,CO000028,MN000013,REGISTERED,False,71,64,65
2026-07-30T21:22:50.629319,2026-07-30T21:22:50.629321,REG001489,ST000379,CO000025,MN000010,REGISTERED,False,84,77,69
2026-07-30T21:22:50.629327,2026-07-30T21:22:50.629330,REG001490,ST000379,CO000026,MN000011,REGISTERED,False,65,70,56
2026-07-30T21:22:50.629337,2026-07-30T21:22:50.629339,REG001491,ST000379,CO000027,MN000012,REGISTERED,False,76,69,65
2026-07-30T21:22:50.629345,2026-07-30T21:22:50.629346,REG001492,ST000379,CO000028,MN000013,CANCELLED,False,65,65,61
2026-07-30T21:22:50.629353,2026-07-30T21:22:50.629355,REG001493,ST000380,CO000025,MN000010,REGISTERED,False,63,58,50
2026-07-30T21:22:50.629363,2026-07-30T21:22:50.629365,REG001494,ST000380,CO000026,MN000011,REGISTERED,False,58,45,43
2026-07-30T21:22:50.629371,2026-07-30T21:22:50.629373,REG001495,ST000380,CO000027,MN000012,REGISTERED,False,62,50,47
2026-07-30T21:22:50.629379,2026-07-30T21:22:50.629381,REG001496,ST000380,CO000028,MN000013,REGISTERED,False,47,47,40
2026-07-30T21:22:50.629387,2026-07-30T21:22:50.629389,REG001497,ST000381,CO000025,MN000010,REGISTERED,False,65,63,68
2026-07-30T21:22:50.629397,2026-07-30T21:22:50.629399,REG001498,ST000381,CO000026,MN000011,REGISTERED,False,73,76,58
2026-07-30T21:22:50.629405,2026-07-30T21:22:50.629407,REG001499,ST000381,CO000027,MN000012,REGISTERED,False,79,68,70
2026-07-30T21:22:50.629413,2026-07-30T21:22:50.629415,REG001500,ST000381,CO000028,MN000013,REGISTERED,False,85,67,74
2026-07-30T21:22:50.629421,2026-07-30T21:22:50.629423,REG001501,ST000382,CO000025,MN000010,REGISTERED,True,57,49,43
2026-07-30T21:22:50.629429,2026-07-30T21:22:50.629431,REG001502,ST000382,CO000026,MN000011,REGISTERED,False,47,40,44
2026-07-30T21:22:50.629436,2026-07-30T21:22:50.629438,REG001503,ST000382,CO000027,MN000012,REGISTERED,False,50,55,45
2026-07-30T21:22:50.629444,2026-07-30T21:22:50.629446,REG001504,ST000382,CO000028,MN000013,REGISTERED,True,57,40,50
2026-07-30T21:22:50.629452,2026-07-30T21:22:50.629454,REG001505,ST000383,CO000025,MN000010,REGISTERED,False,98,93,95
2026-07-30T21:22:50.629460,2026-07-30T21:22:50.629462,REG001506,ST000383,CO000026,MN000011,REGISTERED,False,94,92,91
2026-07-30T21:22:50.629468,2026-07-30T21:22:50.629470,REG001507,ST000383,CO000027,MN000012,REGISTERED,False,99,94,94
2026-07-30T21:22:50.629476,2026-07-30T21:22:50.629478,REG001508,ST000383,CO000028,MN000013,REGISTERED,False,94,93,88
2026-07-30T21:22:50.629484,2026-07-30T21:22:50.629486,REG001509,ST000384,CO000025,MN000010,REGISTERED,False,84,80,80
2026-07-30T21:22:50.629492,2026-07-30T21:22:50.629494,REG001510,ST000384,CO000026,MN000011,REGISTERED,False,81,80,79
2026-07-30T21:22:50.629500,2026-07-30T21:22:50.629501,REG001511,ST000384,CO000027,MN000012,REGISTERED,False,80,63,77
2026-07-30T21:22:50.629507,2026-07-30T21:22:50.629509,REG001512,ST000384,CO000028,MN000013,REGISTERED,False,69,72,59
2026-07-30T21:22:50.629516,2026-07-30T21:22:50.629517,REG001513,ST000385,CO000025,MN000010,REGISTERED,False,95,81,80
2026-07-30T21:22:50.629523,2026-07-30T21:22:50.629525,REG001514,ST000385,CO000026,MN000011,REGISTERED,False,83,83,92
2026-07-30T21:22:50.629531,2026-07-30T21:22:50.629533,REG001515,ST000385,CO000027,MN000012,REGISTERED,False,83,76,87
2026-07-30T21:22:50.629541,2026-07-30T21:22:50.629543,REG001516,ST000385,CO000028,MN000013,REGISTERED,False,92,75,89
2026-07-30T21:22:50.629549,2026-07-30T21:22:50.629551,REG001517,ST000386,CO000025,MN000010,REGISTERED,False,68,68,72
2026-07-30T21:22:50.629557,2026-07-30T21:22:50.629559,REG001518,ST000386,CO000026,MN000011,REGISTERED,False,70,65,66
2026-07-30T21:22:50.629564,2026-07-30T21:22:50.629566,REG001519,ST000386,CO000027,MN000012,REGISTERED,False,85,65,79
2026-07-30T21:22:50.629572,2026-07-30T21:22:50.629574,REG001520,ST000386,CO000028,MN000013,REGISTERED,False,65,67,64
2026-07-30T21:22:50.629580,2026-07-30T21:22:50.629582,REG001521,ST000387,CO000025,MN000010,REGISTERED,False,84,83,72
2026-07-30T21:22:50.629588,2026-07-30T21:22:50.629590,REG001522,ST000387,CO000026,MN000011,REGISTERED,False,87,79,91
2026-07-30T21:22:50.629596,2026-07-30T21:22:50.629597,REG001523,ST000387,CO000027,MN000012,REGISTERED,False,92,89,88
2026-07-30T21:22:50.629603,2026-07-30T21:22:50.629605,REG001524,ST000387,CO000028,MN000013,REGISTERED,False,84,81,87
2026-07-30T21:22:50.629628,2026-07-30T21:22:50.629630,REG001525,ST000388,CO000025,MN000010,REGISTERED,False,95,86,81
2026-07-30T21:22:50.629635,2026-07-30T21:22:50.629637,REG001526,ST000388,CO000026,MN000011,REGISTERED,False,87,78,90
2026-07-30T21:22:50.629643,2026-07-30T21:22:50.629644,REG001527,ST000388,CO000027,MN000012,REGISTERED,False,83,75,76
2026-07-30T21:22:50.629650,2026-07-30T21:22:50.629652,REG001528,ST000388,CO000028,MN000013,REGISTERED,False,90,87,79
2026-07-30T21:22:50.629658,2026-07-30T21:22:50.629660,REG001529,ST000389,CO000025,MN000010,REGISTERED,False,69,74,79
2026-07-30T21:22:50.629668,2026-07-30T21:22:50.629670,REG001530,ST000389,CO000026,MN000011,REGISTERED,False,65,70,55
2026-07-30T21:22:50.629676,2026-07-30T21:22:50.629677,REG001531,ST000389,CO000027,MN000012,REGISTERED,False,81,72,72
2026-07-30T21:22:50.629683,2026-07-30T21:22:50.629685,REG001532,ST000389,CO000028,MN000013,REGISTERED,False,66,60,72
2026-07-30T21:22:50.629691,2026-07-30T21:22:50.629693,REG001533,ST000390,CO000025,MN000010,REGISTERED,False,68,66,65
2026-07-30T21:22:50.629698,2026-07-30T21:22:50.629700,REG001534,ST000390,CO000026,MN000011,REGISTERED,True,68,67,64
2026-07-30T21:22:50.629706,2026-07-30T21:22:50.629708,REG001535,ST000390,CO000027,MN000012,REGISTERED,False,72,77,59
2026-07-30T21:22:50.629713,2026-07-30T21:22:50.629715,REG001536,ST000390,CO000028,MN000013,REGISTERED,False,79,78,73
2026-07-30T21:22:50.629721,2026-07-30T21:22:50.629723,REG001537,ST000391,CO000025,MN000010,REGISTERED,False,35,35,35
2026-07-30T21:22:50.629729,2026-07-30T21:22:50.629731,REG001538,ST000391,CO000026,MN000011,REGISTERED,False,25,23,20
2026-07-30T21:22:50.629736,2026-07-30T21:22:50.629738,REG001539,ST000391,CO000027,MN000012,REGISTERED,False,37,37,28
2026-07-30T21:22:50.629743,2026-07-30T21:22:50.629745,REG001540,ST000391,CO000028,MN000013,REGISTERED,False,27,20,28
2026-07-30T21:22:50.629751,2026-07-30T21:22:50.629755,REG001541,ST000392,CO000025,MN000010,REGISTERED,True,66,63,57
2026-07-30T21:22:50.629761,2026-07-30T21:22:50.629763,REG001542,ST000392,CO000026,MN000011,REGISTERED,False,68,66,64
2026-07-30T21:22:50.629769,2026-07-30T21:22:50.629770,REG001543,ST000392,CO000027,MN000012,CANCELLED,False,57,56,56
2026-07-30T21:22:50.629776,2026-07-30T21:22:50.629778,REG001544,ST000392,CO000028,MN000013,REGISTERED,True,65,62,56
2026-07-30T21:22:50.629784,2026-07-30T21:22:50.629786,REG001545,ST000393,CO000025,MN000010,REGISTERED,False,69,63,56
2026-07-30T21:22:50.629791,2026-07-30T21:22:50.629793,REG001546,ST000393,CO000026,MN000011,REGISTERED,False,56,57,51
2026-07-30T21:22:50.629799,2026-07-30T21:22:50.629800,REG001547,ST000393,CO000027,MN000012,REGISTERED,False,57,52,54
2026-07-30T21:22:50.629806,2026-07-30T21:22:50.629808,REG001548,ST000393,CO000028,MN000013,REGISTERED,False,65,50,54
2026-07-30T21:22:50.629814,2026-07-30T21:22:50.629816,REG001549,ST000394,CO000025,MN000010,CANCELLED,False,49,44,41
2026-07-30T21:22:50.629821,2026-07-30T21:22:50.629823,REG001550,ST000394,CO000026,MN000011,REGISTERED,False,62,56,49
2026-07-30T21:22:50.629829,2026-07-30T21:22:50.629830,REG001551,ST000394,CO000027,MN000012,REGISTERED,False,58,38,47
2026-07-30T21:22:50.629836,2026-07-30T21:22:50.629838,REG001552,ST000394,CO000028,MN000013,REGISTERED,False,57,55,44
2026-07-30T21:22:50.629844,2026-07-30T21:22:50.629846,REG001553,ST000395,CO000025,MN000010,REGISTERED,False,71,63,58
2026-07-30T21:22:50.629852,2026-07-30T21:22:50.629853,REG001554,ST000395,CO000026,MN000011,REGISTERED,False,55,58,57
2026-07-30T21:22:50.629859,2026-07-30T21:22:50.629861,REG001555,ST000395,CO000027,MN000012,REGISTERED,False,55,55,52
2026-07-30T21:22:50.629866,2026-07-30T21:22:50.629868,REG001556,ST000395,CO000028,MN000013,REGISTERED,False,62,63,60
2026-07-30T21:22:50.629876,2026-07-30T21:22:50.629878,REG001557,ST000396,CO000025,MN000010,REGISTERED,False,22,21,23
2026-07-30T21:22:50.629884,2026-07-30T21:22:50.629886,REG001558,ST000396,CO000026,MN000011,REGISTERED,False,28,29,15
2026-07-30T21:22:50.629891,2026-07-30T21:22:50.629893,REG001559,ST000396,CO000027,MN000012,REGISTERED,False,38,38,28
2026-07-30T21:22:50.629899,2026-07-30T21:22:50.629900,REG001560,ST000396,CO000028,MN000013,CANCELLED,False,24,29,32
2026-07-30T21:22:50.629910,2026-07-30T21:22:50.629912,REG001561,ST000397,CO000025,MN000010,REGISTERED,False,78,72,71
2026-07-30T21:22:50.629918,2026-07-30T21:22:50.629920,REG001562,ST000397,CO000026,MN000011,REGISTERED,False,77,76,69
2026-07-30T21:22:50.629925,2026-07-30T21:22:50.629927,REG001563,ST000397,CO000027,MN000012,REGISTERED,False,68,69,71
2026-07-30T21:22:50.629933,2026-07-30T21:22:50.629935,REG001564,ST000397,CO000028,MN000013,REGISTERED,False,83,74,68
2026-07-30T21:22:50.629941,2026-07-30T21:22:50.629943,REG001565,ST000398,CO000025,MN000010,REGISTERED,False,71,65,68
2026-07-30T21:22:50.629948,2026-07-30T21:22:50.629950,REG001566,ST000398,CO000026,MN000011,REGISTERED,True,76,73,65
2026-07-30T21:22:50.629956,2026-07-30T21:22:50.629960,REG001567,ST000398,CO000027,MN000012,REGISTERED,True,81,61,78
2026-07-30T21:22:50.629966,2026-07-30T21:22:50.629968,REG001568,ST000398,CO000028,MN000013,REGISTERED,False,77,70,63
2026-07-30T21:22:50.629974,2026-07-30T21:22:50.629976,REG001569,ST000399,CO000025,MN000010,CANCELLED,False,37,26,32
2026-07-30T21:22:50.629981,2026-07-30T21:22:50.629983,REG001570,ST000399,CO000026,MN000011,REGISTERED,True,39,26,29
2026-07-30T21:22:50.629989,2026-07-30T21:22:50.629991,REG001571,ST000399,CO000027,MN000012,REGISTERED,False,40,40,29
2026-07-30T21:22:50.629996,2026-07-30T21:22:50.629998,REG001572,ST000399,CO000028,MN000013,REGISTERED,False,46,31,32
2026-07-30T21:22:50.630004,2026-07-30T21:22:50.630006,REG001573,ST000400,CO000025,MN000010,REGISTERED,False,32,37,30
2026-07-30T21:22:50.630012,2026-07-30T21:22:50.630014,REG001574,ST000400,CO000026,MN000011,REGISTERED,True,49,38,34
2026-07-30T21:22:50.630019,2026-07-30T21:22:50.630021,REG001575,ST000400,CO000027,MN000012,REGISTERED,True,50,35,35
2026-07-30T21:22:50.630026,2026-07-30T21:22:50.630028,REG001576,ST000400,CO000028,MN000013,CANCELLED,False,39,38,28
2026-07-30T21:22:50.630034,2026-07-30T21:22:50.630036,REG001577,ST000401,CO000025,MN000010,REGISTERED,True,64,53,50
2026-07-30T21:22:50.630042,2026-07-30T21:22:50.630043,REG001578,ST000401,CO000026,MN000011,REGISTERED,False,63,47,49
2026-07-30T21:22:50.630049,2026-07-30T21:22:50.630051,REG001579,ST000401,CO000027,MN000012,REGISTERED,False,63,46,50
2026-07-30T21:22:50.630056,2026-07-30T21:22:50.630058,REG001580,ST000401,CO000028,MN000013,REGISTERED,False,57,46,49
2026-07-30T21:22:50.630064,2026-07-30T21:22:50.630066,REG001581,ST000402,CO000025,MN000010,REGISTERED,True,67,70,57
2026-07-30T21:22:50.630072,2026-07-30T21:22:50.630073,REG001582,ST000402,CO000026,MN000011,REGISTERED,False,79,80,78
2026-07-30T21:22:50.630080,2026-07-30T21:22:50.630081,REG001583,ST000402,CO000027,MN000012,REGISTERED,False,73,65,72
2026-07-30T21:22:50.630087,2026-07-30T21:22:50.630089,REG001584,ST000402,CO000028,MN000013,REGISTERED,False,84,72,75
2026-07-30T21:22:50.630095,2026-07-30T21:22:50.630102,REG001585,ST000403,CO000025,MN000010,REGISTERED,False,82,73,70
2026-07-30T21:22:50.630109,2026-07-30T21:22:50.630110,REG001586,ST000403,CO000026,MN000011,REGISTERED,False,69,68,56
2026-07-30T21:22:50.630116,2026-07-30T21:22:50.630118,REG001587,ST000403,CO000027,MN000012,REGISTERED,False,66,63,57
2026-07-30T21:22:50.630123,2026-07-30T21:22:50.630125,REG001588,ST000403,CO000028,MN000013,REGISTERED,False,81,63,75
2026-07-30T21:22:50.630131,2026-07-30T21:22:50.630133,REG001589,ST000404,CO000025,MN000010,REGISTERED,False,94,84,92
2026-07-30T21:22:50.630139,2026-07-30T21:22:50.630140,REG001590,ST000404,CO000026,MN000011,REGISTERED,False,95,75,81
2026-07-30T21:22:50.630146,2026-07-30T21:22:50.630148,REG001591,ST000404,CO000027,MN000012,REGISTERED,False,84,87,90
2026-07-30T21:22:50.630154,2026-07-30T21:22:50.630157,REG001592,ST000404,CO000028,MN000013,REGISTERED,False,88,87,91
2026-07-30T21:22:50.630166,2026-07-30T21:22:50.630168,REG001593,ST000405,CO000025,MN000010,REGISTERED,False,70,61,79
2026-07-30T21:22:50.630174,2026-07-30T21:22:50.630175,REG001594,ST000405,CO000026,MN000011,REGISTERED,False,78,74,77
2026-07-30T21:22:50.630181,2026-07-30T21:22:50.630183,REG001595,ST000405,CO000027,MN000012,REGISTERED,False,74,79,66
2026-07-30T21:22:50.630188,2026-07-30T21:22:50.630190,REG001596,ST000405,CO000028,MN000013,CANCELLED,False,72,75,72
2026-07-30T21:22:50.630196,2026-07-30T21:22:50.630198,REG001597,ST000406,CO000025,MN000010,REGISTERED,False,73,63,76
2026-07-30T21:22:50.630204,2026-07-30T21:22:50.630205,REG001598,ST000406,CO000026,MN000011,REGISTERED,False,81,74,66
2026-07-30T21:22:50.630211,2026-07-30T21:22:50.630213,REG001599,ST000406,CO000027,MN000012,REGISTERED,False,80,74,80
2026-07-30T21:22:50.630218,2026-07-30T21:22:50.630220,REG001600,ST000406,CO000028,MN000013,REGISTERED,False,73,67,74
2026-07-30T21:22:50.630227,2026-07-30T21:22:50.630228,REG001601,ST000407,CO000025,MN000010,REGISTERED,False,73,69,77
2026-07-30T21:22:50.630234,2026-07-30T21:22:50.630236,REG001602,ST000407,CO000026,MN000011,REGISTERED,False,76,76,71
2026-07-30T21:22:50.630241,2026-07-30T21:22:50.630243,REG001603,ST000407,CO000027,MN000012,REGISTERED,False,68,72,73
2026-07-30T21:22:50.630249,2026-07-30T21:22:50.630251,REG001604,ST000407,CO000028,MN000013,REGISTERED,False,67,64,67
2026-07-30T21:22:50.630257,2026-07-30T21:22:50.630258,REG001605,ST000408,CO000025,MN000010,REGISTERED,True,51,40,46
2026-07-30T21:22:50.630264,2026-07-30T21:22:50.630266,REG001606,ST000408,CO000026,MN000011,CANCELLED,False,57,54,48
2026-07-30T21:22:50.630271,2026-07-30T21:22:50.630273,REG001607,ST000408,CO000027,MN000012,REGISTERED,False,62,52,49
2026-07-30T21:22:50.630279,2026-07-30T21:22:50.630281,REG001608,ST000408,CO000028,MN000013,REGISTERED,False,57,41,48
2026-07-30T21:22:50.630287,2026-07-30T21:22:50.630289,REG001609,ST000409,CO000025,MN000010,REGISTERED,False,60,59,50
2026-07-30T21:22:50.630294,2026-07-30T21:22:50.630296,REG001610,ST000409,CO000026,MN000011,REGISTERED,False,72,54,61
2026-07-30T21:22:50.630302,2026-07-30T21:22:50.630303,REG001611,ST000409,CO000027,MN000012,REGISTERED,False,58,57,64
2026-07-30T21:22:50.630309,2026-07-30T21:22:50.630311,REG001612,ST000409,CO000028,MN000013,REGISTERED,False,75,55,64
2026-07-30T21:22:50.630317,2026-07-30T21:22:50.630319,REG001613,ST000410,CO000025,MN000010,REGISTERED,False,79,76,74
2026-07-30T21:22:50.630324,2026-07-30T21:22:50.630326,REG001614,ST000410,CO000026,MN000011,REGISTERED,False,73,69,74
2026-07-30T21:22:50.630332,2026-07-30T21:22:50.630333,REG001615,ST000410,CO000027,MN000012,REGISTERED,False,73,75,79
2026-07-30T21:22:50.630339,2026-07-30T21:22:50.630341,REG001616,ST000410,CO000028,MN000013,REGISTERED,False,74,70,80
2026-07-30T21:22:50.630347,2026-07-30T21:22:50.630349,REG001617,ST000411,CO000025,MN000010,REGISTERED,False,80,79,77
2026-07-30T21:22:50.630357,2026-07-30T21:22:50.630359,REG001618,ST000411,CO000026,MN000011,CANCELLED,False,78,76,70
2026-07-30T21:22:50.630364,2026-07-30T21:22:50.630366,REG001619,ST000411,CO000027,MN000012,REGISTERED,False,73,74,76
2026-07-30T21:22:50.630372,2026-07-30T21:22:50.630374,REG001620,ST000411,CO000028,MN000013,REGISTERED,False,71,75,77
2026-07-30T21:22:50.630382,2026-07-30T21:22:50.630384,REG001621,ST000412,CO000025,MN000010,REGISTERED,False,70,66,61
2026-07-30T21:22:50.630389,2026-07-30T21:22:50.630391,REG001622,ST000412,CO000026,MN000011,REGISTERED,False,71,57,57
2026-07-30T21:22:50.630397,2026-07-30T21:22:50.630399,REG001623,ST000412,CO000027,MN000012,REGISTERED,False,60,60,57
2026-07-30T21:22:50.630404,2026-07-30T21:22:50.630406,REG001624,ST000412,CO000028,MN000013,CANCELLED,False,70,65,65
2026-07-30T21:22:50.630414,2026-07-30T21:22:50.630416,REG001625,ST000413,CO000025,MN000010,REGISTERED,False,31,28,16
2026-07-30T21:22:50.630422,2026-07-30T21:22:50.630424,REG001626,ST000413,CO000026,MN000011,REGISTERED,False,35,40,30
2026-07-30T21:22:50.630429,2026-07-30T21:22:50.630431,REG001627,ST000413,CO000027,MN000012,REGISTERED,False,36,20,22
2026-07-30T21:22:50.630437,2026-07-30T21:22:50.630438,REG001628,ST000413,CO000028,MN000013,REGISTERED,True,36,36,28
2026-07-30T21:22:50.630445,2026-07-30T21:22:50.630446,REG001629,ST000414,CO000025,MN000010,REGISTERED,False,91,77,92
2026-07-30T21:22:50.630452,2026-07-30T21:22:50.630454,REG001630,ST000414,CO000026,MN000011,REGISTERED,False,89,88,80
2026-07-30T21:22:50.630459,2026-07-30T21:22:50.630461,REG001631,ST000414,CO000027,MN000012,REGISTERED,False,93,82,92
2026-07-30T21:22:50.630467,2026-07-30T21:22:50.630468,REG001632,ST000414,CO000028,MN000013,REGISTERED,False,94,86,79
2026-07-30T21:22:50.630475,2026-07-30T21:22:50.630476,REG001633,ST000415,CO000025,MN000010,REGISTERED,False,66,66,51
2026-07-30T21:22:50.630482,2026-07-30T21:22:50.630484,REG001634,ST000415,CO000026,MN000011,REGISTERED,False,84,64,69
2026-07-30T21:22:50.630489,2026-07-30T21:22:50.630491,REG001635,ST000415,CO000027,MN000012,REGISTERED,False,68,66,70
2026-07-30T21:22:50.630497,2026-07-30T21:22:50.630499,REG001636,ST000415,CO000028,MN000013,REGISTERED,False,85,77,79
2026-07-30T21:22:50.630505,2026-07-30T21:22:50.630506,REG001637,ST000416,CO000025,MN000010,CANCELLED,False,50,43,35
2026-07-30T21:22:50.630512,2026-07-30T21:22:50.630514,REG001638,ST000416,CO000026,MN000011,REGISTERED,False,27,24,27
2026-07-30T21:22:50.630519,2026-07-30T21:22:50.630521,REG001639,ST000416,CO000027,MN000012,REGISTERED,False,21,20,9
2026-07-30T21:22:50.630527,2026-07-30T21:22:50.630529,REG001640,ST000416,CO000028,MN000013,REGISTERED,False,25,22,31
2026-07-30T21:22:50.630535,2026-07-30T21:22:50.630536,REG001641,ST000417,CO000025,MN000010,REGISTERED,False,84,77,70
2026-07-30T21:22:50.630542,2026-07-30T21:22:50.630544,REG001642,ST000417,CO000026,MN000011,REGISTERED,False,88,77,76
2026-07-30T21:22:50.630549,2026-07-30T21:22:50.630553,REG001643,ST000417,CO000027,MN000012,REGISTERED,False,83,81,80
2026-07-30T21:22:50.630559,2026-07-30T21:22:50.630561,REG001644,ST000417,CO000028,MN000013,REGISTERED,False,87,75,84
2026-07-30T21:22:50.630567,2026-07-30T21:22:50.630569,REG001645,ST000418,CO000025,MN000010,REGISTERED,False,74,60,79
2026-07-30T21:22:50.630575,2026-07-30T21:22:50.630577,REG001646,ST000418,CO000026,MN000011,REGISTERED,False,70,63,55
2026-07-30T21:22:50.630582,2026-07-30T21:22:50.630584,REG001647,ST000418,CO000027,MN000012,REGISTERED,False,72,70,70
2026-07-30T21:22:50.630590,2026-07-30T21:22:50.630592,REG001648,ST000418,CO000028,MN000013,REGISTERED,True,81,62,70
2026-07-30T21:22:50.630598,2026-07-30T21:22:50.630600,REG001649,ST000419,CO000025,MN000010,REGISTERED,False,94,82,88
2026-07-30T21:22:50.630605,2026-07-30T21:22:50.630607,REG001650,ST000419,CO000026,MN000011,REGISTERED,False,80,85,85
2026-07-30T21:22:50.630613,2026-07-30T21:22:50.630614,REG001651,ST000419,CO000027,MN000012,REGISTERED,False,95,77,92
2026-07-30T21:22:50.630620,2026-07-30T21:22:50.630622,REG001652,ST000419,CO000028,MN000013,REGISTERED,False,83,79,91
2026-07-30T21:22:50.630628,2026-07-30T21:22:50.630630,REG001653,ST000420,CO000025,MN000010,REGISTERED,False,83,75,82
2026-07-30T21:22:50.630635,2026-07-30T21:22:50.630637,REG001654,ST000420,CO000026,MN000011,REGISTERED,False,87,88,73
2026-07-30T21:22:50.630643,2026-07-30T21:22:50.630645,REG001655,ST000420,CO000027,MN000012,REGISTERED,False,88,76,91
2026-07-30T21:22:50.630650,2026-07-30T21:22:50.630652,REG001656,ST000420,CO000028,MN000013,REGISTERED,False,92,90,81
2026-07-30T21:22:50.630661,2026-07-30T21:22:50.630663,REG001657,ST000421,CO000025,MN000010,REGISTERED,False,69,65,60
2026-07-30T21:22:50.630669,2026-07-30T21:22:50.630671,REG001658,ST000421,CO000026,MN000011,REGISTERED,False,83,74,74
2026-07-30T21:22:50.630676,2026-07-30T21:22:50.630678,REG001659,ST000421,CO000027,MN000012,REGISTERED,False,80,60,73
2026-07-30T21:22:50.630684,2026-07-30T21:22:50.630686,REG001660,ST000421,CO000028,MN000013,REGISTERED,False,74,75,78
2026-07-30T21:22:50.630693,2026-07-30T21:22:50.630695,REG001661,ST000422,CO000025,MN000010,REGISTERED,False,61,60,55
2026-07-30T21:22:50.630701,2026-07-30T21:22:50.630703,REG001662,ST000422,CO000026,MN000011,REGISTERED,False,70,70,58
2026-07-30T21:22:50.630708,2026-07-30T21:22:50.630710,REG001663,ST000422,CO000027,MN000012,REGISTERED,False,68,67,56
2026-07-30T21:22:50.630716,2026-07-30T21:22:50.630717,REG001664,ST000422,CO000028,MN000013,REGISTERED,True,71,55,62
2026-07-30T21:22:50.630724,2026-07-30T21:22:50.630725,REG001665,ST000423,CO000025,MN000010,REGISTERED,False,92,88,78
2026-07-30T21:22:50.630731,2026-07-30T21:22:50.630733,REG001666,ST000423,CO000026,MN000011,REGISTERED,False,89,86,76
2026-07-30T21:22:50.630739,2026-07-30T21:22:50.630741,REG001667,ST000423,CO000027,MN000012,REGISTERED,False,88,85,75
2026-07-30T21:22:50.630746,2026-07-30T21:22:50.630748,REG001668,ST000423,CO000028,MN000013,REGISTERED,False,87,85,81
2026-07-30T21:22:50.630754,2026-07-30T21:22:50.630758,REG001669,ST000424,CO000025,MN000010,REGISTERED,False,93,88,85
2026-07-30T21:22:50.630764,2026-07-30T21:22:50.630766,REG001670,ST000424,CO000026,MN000011,REGISTERED,False,92,87,79
2026-07-30T21:22:50.630772,2026-07-30T21:22:50.630774,REG001671,ST000424,CO000027,MN000012,REGISTERED,False,92,79,85
2026-07-30T21:22:50.630779,2026-07-30T21:22:50.630781,REG001672,ST000424,CO000028,MN000013,REGISTERED,False,86,89,75
2026-07-30T21:22:50.630787,2026-07-30T21:22:50.630789,REG001673,ST000425,CO000025,MN000010,REGISTERED,True,56,51,45
2026-07-30T21:22:50.630795,2026-07-30T21:22:50.630796,REG001674,ST000425,CO000026,MN000011,REGISTERED,False,64,67,61
2026-07-30T21:22:50.630802,2026-07-30T21:22:50.630804,REG001675,ST000425,CO000027,MN000012,REGISTERED,True,67,60,62
2026-07-30T21:22:50.630809,2026-07-30T21:22:50.630811,REG001676,ST000425,CO000028,MN000013,CANCELLED,False,64,57,57
2026-07-30T21:22:50.630817,2026-07-30T21:22:50.630819,REG001677,ST000426,CO000025,MN000010,REGISTERED,False,48,41,38
2026-07-30T21:22:50.630824,2026-07-30T21:22:50.630826,REG001678,ST000426,CO000026,MN000011,REGISTERED,False,48,45,40
2026-07-30T21:22:50.630832,2026-07-30T21:22:50.630833,REG001679,ST000426,CO000027,MN000012,REGISTERED,False,58,50,44
2026-07-30T21:22:50.630839,2026-07-30T21:22:50.630841,REG001680,ST000426,CO000028,MN000013,REGISTERED,False,48,43,50
2026-07-30T21:22:50.630847,2026-07-30T21:22:50.630849,REG001681,ST000427,CO000025,MN000010,REGISTERED,True,83,75,73
2026-07-30T21:22:50.630854,2026-07-30T21:22:50.630856,REG001682,ST000427,CO000026,MN000011,REGISTERED,False,77,73,64
2026-07-30T21:22:50.630862,2026-07-30T21:22:50.630864,REG001683,ST000427,CO000027,MN000012,REGISTERED,False,71,70,76
2026-07-30T21:22:50.630869,2026-07-30T21:22:50.630871,REG001684,ST000427,CO000028,MN000013,REGISTERED,False,71,75,57
2026-07-30T21:22:50.630880,2026-07-30T21:22:50.630882,REG001685,ST000428,CO000025,MN000010,REGISTERED,True,41,39,35
2026-07-30T21:22:50.630888,2026-07-30T21:22:50.630890,REG001686,ST000428,CO000026,MN000011,REGISTERED,True,34,35,29
2026-07-30T21:22:50.630895,2026-07-30T21:22:50.630897,REG001687,ST000428,CO000027,MN000012,CANCELLED,False,20,22,30
2026-07-30T21:22:50.630905,2026-07-30T21:22:50.630907,REG001688,ST000428,CO000028,MN000013,REGISTERED,True,27,25,13
2026-07-30T21:22:50.630913,2026-07-30T21:22:50.630915,REG001689,ST000429,CO000025,MN000010,CANCELLED,False,74,69,61
2026-07-30T21:22:50.630920,2026-07-30T21:22:50.630922,REG001690,ST000429,CO000026,MN000011,REGISTERED,False,69,68,57
2026-07-30T21:22:50.630928,2026-07-30T21:22:50.630929,REG001691,ST000429,CO000027,MN000012,REGISTERED,False,56,57,56
2026-07-30T21:22:50.630935,2026-07-30T21:22:50.630937,REG001692,ST000429,CO000028,MN000013,CANCELLED,False,68,63,55
2026-07-30T21:22:50.630943,2026-07-30T21:22:50.630944,REG001693,ST000430,CO000025,MN000010,CANCELLED,False,52,50,48
2026-07-30T21:22:50.630950,2026-07-30T21:22:50.630954,REG001694,ST000430,CO000026,MN000011,REGISTERED,True,46,43,37
2026-07-30T21:22:50.630960,2026-07-30T21:22:50.630961,REG001695,ST000430,CO000027,MN000012,REGISTERED,False,51,42,37
2026-07-30T21:22:50.630967,2026-07-30T21:22:50.630969,REG001696,ST000430,CO000028,MN000013,REGISTERED,False,63,47,49
2026-07-30T21:22:50.630975,2026-07-30T21:22:50.630977,REG001697,ST000431,CO000025,MN000010,REGISTERED,False,68,66,77
2026-07-30T21:22:50.630982,2026-07-30T21:22:50.630984,REG001698,ST000431,CO000026,MN000011,REGISTERED,False,71,68,67
2026-07-30T21:22:50.630990,2026-07-30T21:22:50.630991,REG001699,ST000431,CO000027,MN000012,REGISTERED,False,70,64,69
2026-07-30T21:22:50.630997,2026-07-30T21:22:50.630999,REG001700,ST000431,CO000028,MN000013,REGISTERED,False,81,63,70
2026-07-30T21:22:50.631005,2026-07-30T21:22:50.631007,REG001701,ST000432,CO000025,MN000010,REGISTERED,False,74,55,62
2026-07-30T21:22:50.631013,2026-07-30T21:22:50.631014,REG001702,ST000432,CO000026,MN000011,REGISTERED,False,70,68,59
2026-07-30T21:22:50.631020,2026-07-30T21:22:50.631022,REG001703,ST000432,CO000027,MN000012,REGISTERED,False,66,54,63
2026-07-30T21:22:50.631027,2026-07-30T21:22:50.631029,REG001704,ST000432,CO000028,MN000013,REGISTERED,True,70,57,59
2026-07-30T21:22:50.631036,2026-07-30T21:22:50.631037,REG001705,ST000433,CO000025,MN000010,REGISTERED,False,57,37,43
2026-07-30T21:22:50.631043,2026-07-30T21:22:50.631045,REG001706,ST000433,CO000026,MN000011,REGISTERED,False,49,38,37
2026-07-30T21:22:50.631050,2026-07-30T21:22:50.631052,REG001707,ST000433,CO000027,MN000012,REGISTERED,False,62,45,49
2026-07-30T21:22:50.631058,2026-07-30T21:22:50.631060,REG001708,ST000433,CO000028,MN000013,REGISTERED,False,43,37,39
2026-07-30T21:22:50.631066,2026-07-30T21:22:50.631067,REG001709,ST000434,CO000025,MN000010,REGISTERED,False,52,39,44
2026-07-30T21:22:50.631073,2026-07-30T21:22:50.631075,REG001710,ST000434,CO000026,MN000011,CANCELLED,False,64,55,50
2026-07-30T21:22:50.631080,2026-07-30T21:22:50.631082,REG001711,ST000434,CO000027,MN000012,CANCELLED,False,55,41,48
2026-07-30T21:22:50.631088,2026-07-30T21:22:50.631089,REG001712,ST000434,CO000028,MN000013,REGISTERED,False,58,57,48
2026-07-30T21:22:50.631095,2026-07-30T21:22:50.631102,REG001713,ST000435,CO000025,MN000010,REGISTERED,False,80,82,72
2026-07-30T21:22:50.631108,2026-07-30T21:22:50.631110,REG001714,ST000435,CO000026,MN000011,REGISTERED,False,85,76,70
2026-07-30T21:22:50.631116,2026-07-30T21:22:50.631118,REG001715,ST000435,CO000027,MN000012,REGISTERED,False,92,87,80
2026-07-30T21:22:50.631123,2026-07-30T21:22:50.631125,REG001716,ST000435,CO000028,MN000013,REGISTERED,False,86,81,78
2026-07-30T21:22:50.631131,2026-07-30T21:22:50.631133,REG001717,ST000436,CO000025,MN000010,REGISTERED,False,64,55,64
2026-07-30T21:22:50.631139,2026-07-30T21:22:50.631141,REG001718,ST000436,CO000026,MN000011,REGISTERED,False,56,50,54
2026-07-30T21:22:50.631146,2026-07-30T21:22:50.631148,REG001719,ST000436,CO000027,MN000012,REGISTERED,False,60,52,60
2026-07-30T21:22:50.631157,2026-07-30T21:22:50.631159,REG001720,ST000436,CO000028,MN000013,CANCELLED,False,55,54,59
2026-07-30T21:22:50.631166,2026-07-30T21:22:50.631168,REG001721,ST000437,CO000025,MN000010,REGISTERED,False,91,90,81
2026-07-30T21:22:50.631174,2026-07-30T21:22:50.631176,REG001722,ST000437,CO000026,MN000011,REGISTERED,False,91,88,92
2026-07-30T21:22:50.631181,2026-07-30T21:22:50.631183,REG001723,ST000437,CO000027,MN000012,REGISTERED,False,91,82,79
2026-07-30T21:22:50.631189,2026-07-30T21:22:50.631190,REG001724,ST000437,CO000028,MN000013,REGISTERED,False,86,77,77
2026-07-30T21:22:50.631196,2026-07-30T21:22:50.631198,REG001725,ST000438,CO000025,MN000010,REGISTERED,False,85,80,87
2026-07-30T21:22:50.631204,2026-07-30T21:22:50.631206,REG001726,ST000438,CO000026,MN000011,REGISTERED,False,91,84,85
2026-07-30T21:22:50.631212,2026-07-30T21:22:50.631214,REG001727,ST000438,CO000027,MN000012,REGISTERED,False,92,82,89
2026-07-30T21:22:50.631220,2026-07-30T21:22:50.631222,REG001728,ST000438,CO000028,MN000013,REGISTERED,False,87,85,73
2026-07-30T21:22:50.631228,2026-07-30T21:22:50.631229,REG001729,ST000439,CO000025,MN000010,REGISTERED,False,80,70,80
2026-07-30T21:22:50.631235,2026-07-30T21:22:50.631237,REG001730,ST000439,CO000026,MN000011,REGISTERED,False,67,71,64
2026-07-30T21:22:50.631243,2026-07-30T21:22:50.631244,REG001731,ST000439,CO000027,MN000012,REGISTERED,False,67,71,67
2026-07-30T21:22:50.631250,2026-07-30T21:22:50.631252,REG001732,ST000439,CO000028,MN000013,REGISTERED,False,84,80,75
2026-07-30T21:22:50.631258,2026-07-30T21:22:50.631260,REG001733,ST000440,CO000025,MN000010,REGISTERED,False,90,82,91
2026-07-30T21:22:50.631265,2026-07-30T21:22:50.631267,REG001734,ST000440,CO000026,MN000011,REGISTERED,False,88,86,73
2026-07-30T21:22:50.631273,2026-07-30T21:22:50.631275,REG001735,ST000440,CO000027,MN000012,REGISTERED,False,93,75,78
2026-07-30T21:22:50.631280,2026-07-30T21:22:50.631282,REG001736,ST000440,CO000028,MN000013,REGISTERED,False,84,83,81
2026-07-30T21:22:50.631288,2026-07-30T21:22:50.631290,REG001737,ST000441,CO000025,MN000010,REGISTERED,False,94,93,86
2026-07-30T21:22:50.631295,2026-07-30T21:22:50.631297,REG001738,ST000441,CO000026,MN000011,REGISTERED,False,94,96,93
2026-07-30T21:22:50.631303,2026-07-30T21:22:50.631304,REG001739,ST000441,CO000027,MN000012,REGISTERED,False,94,94,99
2026-07-30T21:22:50.631310,2026-07-30T21:22:50.631312,REG001740,ST000441,CO000028,MN000013,REGISTERED,False,91,91,100
2026-07-30T21:22:50.631318,2026-07-30T21:22:50.631320,REG001741,ST000442,CO000025,MN000010,REGISTERED,False,74,64,60
2026-07-30T21:22:50.631326,2026-07-30T21:22:50.631327,REG001742,ST000442,CO000026,MN000011,REGISTERED,False,74,57,65
2026-07-30T21:22:50.631333,2026-07-30T21:22:50.631335,REG001743,ST000442,CO000027,MN000012,REGISTERED,False,69,65,57
2026-07-30T21:22:50.631341,2026-07-30T21:22:50.631342,REG001744,ST000442,CO000028,MN000013,REGISTERED,False,60,50,47
2026-07-30T21:22:50.631349,2026-07-30T21:22:50.631352,REG001745,ST000443,CO000025,MN000010,REGISTERED,True,66,64,56
2026-07-30T21:22:50.631358,2026-07-30T21:22:50.631360,REG001746,ST000443,CO000026,MN000011,REGISTERED,False,65,58,55
2026-07-30T21:22:50.631366,2026-07-30T21:22:50.631368,REG001747,ST000443,CO000027,MN000012,REGISTERED,False,55,54,60
2026-07-30T21:22:50.631373,2026-07-30T21:22:50.631375,REG001748,ST000443,CO000028,MN000013,REGISTERED,False,65,68,65
2026-07-30T21:22:50.631384,2026-07-30T21:22:50.631386,REG001749,ST000444,CO000025,MN000010,REGISTERED,False,95,91,91
2026-07-30T21:22:50.631392,2026-07-30T21:22:50.631393,REG001750,ST000444,CO000026,MN000011,REGISTERED,False,96,91,93
2026-07-30T21:22:50.631399,2026-07-30T21:22:50.631401,REG001751,ST000444,CO000027,MN000012,REGISTERED,False,99,97,86
2026-07-30T21:22:50.631408,2026-07-30T21:22:50.631410,REG001752,ST000444,CO000028,MN000013,REGISTERED,False,95,92,98
2026-07-30T21:22:50.631417,2026-07-30T21:22:50.631419,REG001753,ST000445,CO000025,MN000010,REGISTERED,False,81,84,83
2026-07-30T21:22:50.631424,2026-07-30T21:22:50.631426,REG001754,ST000445,CO000026,MN000011,REGISTERED,False,83,86,86
2026-07-30T21:22:50.631432,2026-07-30T21:22:50.631434,REG001755,ST000445,CO000027,MN000012,REGISTERED,False,80,83,89
2026-07-30T21:22:50.631439,2026-07-30T21:22:50.631441,REG001756,ST000445,CO000028,MN000013,REGISTERED,False,86,84,85
2026-07-30T21:22:50.631447,2026-07-30T21:22:50.631449,REG001757,ST000446,CO000025,MN000010,REGISTERED,False,77,61,64
2026-07-30T21:22:50.631455,2026-07-30T21:22:50.631457,REG001758,ST000446,CO000026,MN000011,REGISTERED,False,74,63,65
2026-07-30T21:22:50.631462,2026-07-30T21:22:50.631464,REG001759,ST000446,CO000027,MN000012,REGISTERED,False,81,70,69
2026-07-30T21:22:50.631470,2026-07-30T21:22:50.631471,REG001760,ST000446,CO000028,MN000013,REGISTERED,False,71,65,80
2026-07-30T21:22:50.631482,2026-07-30T21:22:50.631483,REG001761,ST000447,CO000025,MN000010,REGISTERED,False,77,75,71
2026-07-30T21:22:50.631489,2026-07-30T21:22:50.631491,REG001762,ST000447,CO000026,MN000011,REGISTERED,False,68,63,69
2026-07-30T21:22:50.631496,2026-07-30T21:22:50.631498,REG001763,ST000447,CO000027,MN000012,REGISTERED,False,74,68,60
2026-07-30T21:22:50.631504,2026-07-30T21:22:50.631505,REG001764,ST000447,CO000028,MN000013,REGISTERED,False,83,72,80
2026-07-30T21:22:50.631512,2026-07-30T21:22:50.631513,REG001765,ST000448,CO000025,MN000010,REGISTERED,True,69,70,62
2026-07-30T21:22:50.631519,2026-07-30T21:22:50.631521,REG001766,ST000448,CO000026,MN000011,REGISTERED,False,78,63,76
2026-07-30T21:22:50.631527,2026-07-30T21:22:50.631528,REG001767,ST000448,CO000027,MN000012,REGISTERED,False,79,61,64
2026-07-30T21:22:50.631534,2026-07-30T21:22:50.631536,REG001768,ST000448,CO000028,MN000013,REGISTERED,False,70,62,77
2026-07-30T21:22:50.631542,2026-07-30T21:22:50.631544,REG001769,ST000449,CO000025,MN000010,CANCELLED,False,81,79,66
2026-07-30T21:22:50.631550,2026-07-30T21:22:50.631551,REG001770,ST000449,CO000026,MN000011,CANCELLED,False,83,74,68
2026-07-30T21:22:50.631557,2026-07-30T21:22:50.631564,REG001771,ST000449,CO000027,MN000012,CANCELLED,False,80,68,80
2026-07-30T21:22:50.631570,2026-07-30T21:22:50.631572,REG001772,ST000449,CO000028,MN000013,REGISTERED,False,69,64,72
2026-07-30T21:22:50.631578,2026-07-30T21:22:50.631580,REG001773,ST000450,CO000025,MN000010,REGISTERED,False,62,46,49
2026-07-30T21:22:50.631585,2026-07-30T21:22:50.631587,REG001774,ST000450,CO000026,MN000011,REGISTERED,False,42,38,34
2026-07-30T21:22:50.631593,2026-07-30T21:22:50.631595,REG001775,ST000450,CO000027,MN000012,REGISTERED,False,41,42,42
2026-07-30T21:22:50.631600,2026-07-30T21:22:50.631602,REG001776,ST000450,CO000028,MN000013,REGISTERED,False,54,35,40
2026-07-30T21:22:50.631608,2026-07-30T21:22:50.631610,REG001777,ST000451,CO000025,MN000010,REGISTERED,False,68,52,56
2026-07-30T21:22:50.631615,2026-07-30T21:22:50.631617,REG001778,ST000451,CO000026,MN000011,REGISTERED,False,58,56,57
2026-07-30T21:22:50.631623,2026-07-30T21:22:50.631625,REG001779,ST000451,CO000027,MN000012,REGISTERED,False,72,53,64
2026-07-30T21:22:50.631630,2026-07-30T21:22:50.631632,REG001780,ST000451,CO000028,MN000013,REGISTERED,False,63,57,56
2026-07-30T21:22:50.631638,2026-07-30T21:22:50.631640,REG001781,ST000452,CO000025,MN000010,REGISTERED,False,61,49,46
2026-07-30T21:22:50.631646,2026-07-30T21:22:50.631647,REG001782,ST000452,CO000026,MN000011,REGISTERED,False,57,44,48
2026-07-30T21:22:50.631653,2026-07-30T21:22:50.631655,REG001783,ST000452,CO000027,MN000012,REGISTERED,True,50,53,50
2026-07-30T21:22:50.631663,2026-07-30T21:22:50.631665,REG001784,ST000452,CO000028,MN000013,REGISTERED,False,53,52,45
2026-07-30T21:22:50.631671,2026-07-30T21:22:50.631673,REG001785,ST000453,CO000025,MN000010,REGISTERED,False,86,75,78
2026-07-30T21:22:50.631679,2026-07-30T21:22:50.631680,REG001786,ST000453,CO000026,MN000011,REGISTERED,False,89,90,92
2026-07-30T21:22:50.631686,2026-07-30T21:22:50.631688,REG001787,ST000453,CO000027,MN000012,REGISTERED,False,83,80,83
2026-07-30T21:22:50.631694,2026-07-30T21:22:50.631695,REG001788,ST000453,CO000028,MN000013,REGISTERED,False,87,81,82
2026-07-30T21:22:50.631701,2026-07-30T21:22:50.631703,REG001789,ST000454,CO000025,MN000010,REGISTERED,False,86,87,72
2026-07-30T21:22:50.631709,2026-07-30T21:22:50.631711,REG001790,ST000454,CO000026,MN000011,REGISTERED,False,85,80,72
2026-07-30T21:22:50.631717,2026-07-30T21:22:50.631718,REG001791,ST000454,CO000027,MN000012,REGISTERED,False,89,77,83
2026-07-30T21:22:50.631724,2026-07-30T21:22:50.631726,REG001792,ST000454,CO000028,MN000013,REGISTERED,False,90,82,92
2026-07-30T21:22:50.631732,2026-07-30T21:22:50.631734,REG001793,ST000455,CO000025,MN000010,REGISTERED,False,82,83,70
2026-07-30T21:22:50.631740,2026-07-30T21:22:50.631742,REG001794,ST000455,CO000026,MN000011,REGISTERED,False,86,84,85
2026-07-30T21:22:50.631747,2026-07-30T21:22:50.631749,REG001795,ST000455,CO000027,MN000012,REGISTERED,False,81,83,86
2026-07-30T21:22:50.631755,2026-07-30T21:22:50.631758,REG001796,ST000455,CO000028,MN000013,REGISTERED,False,90,88,87
2026-07-30T21:22:50.631765,2026-07-30T21:22:50.631767,REG001797,ST000456,CO000025,MN000010,REGISTERED,False,77,79,74
2026-07-30T21:22:50.631772,2026-07-30T21:22:50.631774,REG001798,ST000456,CO000026,MN000011,REGISTERED,False,79,77,75
2026-07-30T21:22:50.631780,2026-07-30T21:22:50.631782,REG001799,ST000456,CO000027,MN000012,REGISTERED,False,72,71,66
2026-07-30T21:22:50.631787,2026-07-30T21:22:50.631789,REG001800,ST000456,CO000028,MN000013,REGISTERED,False,66,60,57
2026-07-30T21:22:50.631795,2026-07-30T21:22:50.631797,REG001801,ST000457,CO000025,MN000010,REGISTERED,False,60,61,65
2026-07-30T21:22:50.631803,2026-07-30T21:22:50.631805,REG001802,ST000457,CO000026,MN000011,REGISTERED,False,55,50,56
2026-07-30T21:22:50.631810,2026-07-30T21:22:50.631812,REG001803,ST000457,CO000027,MN000012,REGISTERED,False,69,57,62
2026-07-30T21:22:50.631818,2026-07-30T21:22:50.631820,REG001804,ST000457,CO000028,MN000013,REGISTERED,False,74,66,59
2026-07-30T21:22:50.631826,2026-07-30T21:22:50.631828,REG001805,ST000458,CO000025,MN000010,REGISTERED,False,67,70,68
2026-07-30T21:22:50.631833,2026-07-30T21:22:50.631835,REG001806,ST000458,CO000026,MN000011,REGISTERED,False,76,72,71
2026-07-30T21:22:50.631841,2026-07-30T21:22:50.631842,REG001807,ST000458,CO000027,MN000012,REGISTERED,False,78,68,78
2026-07-30T21:22:50.631848,2026-07-30T21:22:50.631850,REG001808,ST000458,CO000028,MN000013,REGISTERED,False,73,68,71
2026-07-30T21:22:50.631856,2026-07-30T21:22:50.631858,REG001809,ST000459,CO000025,MN000010,REGISTERED,False,92,83,88
2026-07-30T21:22:50.631863,2026-07-30T21:22:50.631865,REG001810,ST000459,CO000026,MN000011,REGISTERED,False,82,84,75
2026-07-30T21:22:50.631871,2026-07-30T21:22:50.631873,REG001811,ST000459,CO000027,MN000012,REGISTERED,False,85,80,71
2026-07-30T21:22:50.631881,2026-07-30T21:22:50.631883,REG001812,ST000459,CO000028,MN000013,REGISTERED,False,92,79,78
2026-07-30T21:22:50.631889,2026-07-30T21:22:50.631891,REG001813,ST000461,CO000025,MN000010,REGISTERED,True,66,64,65
2026-07-30T21:22:50.631896,2026-07-30T21:22:50.631898,REG001814,ST000461,CO000026,MN000011,REGISTERED,False,69,69,60
2026-07-30T21:22:50.631906,2026-07-30T21:22:50.631908,REG001815,ST000461,CO000027,MN000012,REGISTERED,False,78,79,65
2026-07-30T21:22:50.631914,2026-07-30T21:22:50.631916,REG001816,ST000461,CO000028,MN000013,REGISTERED,False,72,63,70
2026-07-30T21:22:50.631922,2026-07-30T21:22:50.631924,REG001817,ST000462,CO000025,MN000010,REGISTERED,False,66,70,70
2026-07-30T21:22:50.631929,2026-07-30T21:22:50.631931,REG001818,ST000462,CO000026,MN000011,REGISTERED,False,75,68,78
2026-07-30T21:22:50.631937,2026-07-30T21:22:50.631938,REG001819,ST000462,CO000027,MN000012,REGISTERED,False,67,68,72
2026-07-30T21:22:50.631944,2026-07-30T21:22:50.631946,REG001820,ST000462,CO000028,MN000013,REGISTERED,False,73,72,79
2026-07-30T21:22:50.631952,2026-07-30T21:22:50.631954,REG001821,ST000463,CO000025,MN000010,REGISTERED,False,85,85,90
2026-07-30T21:22:50.631961,2026-07-30T21:22:50.631963,REG001822,ST000463,CO000026,MN000011,REGISTERED,False,80,78,90
2026-07-30T21:22:50.631969,2026-07-30T21:22:50.631971,REG001823,ST000463,CO000027,MN000012,REGISTERED,False,89,89,77
2026-07-30T21:22:50.631976,2026-07-30T21:22:50.631978,REG001824,ST000463,CO000028,MN000013,REGISTERED,False,86,80,75
2026-07-30T21:22:50.631984,2026-07-30T21:22:50.631986,REG001825,ST000464,CO000025,MN000010,REGISTERED,False,47,47,41
2026-07-30T21:22:50.631992,2026-07-30T21:22:50.631994,REG001826,ST000464,CO000026,MN000011,REGISTERED,False,50,55,39
2026-07-30T21:22:50.631999,2026-07-30T21:22:50.632001,REG001827,ST000464,CO000027,MN000012,REGISTERED,True,65,49,50
2026-07-30T21:22:50.632007,2026-07-30T21:22:50.632008,REG001828,ST000464,CO000028,MN000013,REGISTERED,False,44,48,30
2026-07-30T21:22:50.632015,2026-07-30T21:22:50.632016,REG001829,ST000465,CO000025,MN000010,REGISTERED,False,83,63,69
2026-07-30T21:22:50.632022,2026-07-30T21:22:50.632024,REG001830,ST000465,CO000026,MN000011,REGISTERED,False,73,77,61
2026-07-30T21:22:50.632029,2026-07-30T21:22:50.632031,REG001831,ST000465,CO000027,MN000012,REGISTERED,False,73,67,60
2026-07-30T21:22:50.632037,2026-07-30T21:22:50.632039,REG001832,ST000465,CO000028,MN000013,REGISTERED,False,77,80,69
2026-07-30T21:22:50.632045,2026-07-30T21:22:50.632046,REG001833,ST000466,CO000025,MN000010,REGISTERED,False,67,72,61
2026-07-30T21:22:50.632052,2026-07-30T21:22:50.632054,REG001834,ST000466,CO000026,MN000011,REGISTERED,False,75,80,64
2026-07-30T21:22:50.632060,2026-07-30T21:22:50.632061,REG001835,ST000466,CO000027,MN000012,REGISTERED,False,74,74,63
2026-07-30T21:22:50.632067,2026-07-30T21:22:50.632069,REG001836,ST000466,CO000028,MN000013,CANCELLED,False,80,69,66
2026-07-30T21:22:50.632075,2026-07-30T21:22:50.632077,REG001837,ST000468,CO000025,MN000010,REGISTERED,False,96,95,88
2026-07-30T21:22:50.632082,2026-07-30T21:22:50.632084,REG001838,ST000468,CO000026,MN000011,REGISTERED,False,96,96,95
2026-07-30T21:22:50.632090,2026-07-30T21:22:50.632092,REG001839,ST000468,CO000027,MN000012,REGISTERED,False,90,90,95
2026-07-30T21:22:50.632102,2026-07-30T21:22:50.632104,REG001840,ST000468,CO000028,MN000013,REGISTERED,False,100,91,85
2026-07-30T21:22:50.632111,2026-07-30T21:22:50.632113,REG001841,ST000469,CO000025,MN000010,REGISTERED,False,81,81,88
2026-07-30T21:22:50.632118,2026-07-30T21:22:50.632120,REG001842,ST000469,CO000026,MN000011,REGISTERED,False,94,77,84
2026-07-30T21:22:50.632126,2026-07-30T21:22:50.632127,REG001843,ST000469,CO000027,MN000012,REGISTERED,False,83,77,75
2026-07-30T21:22:50.632133,2026-07-30T21:22:50.632135,REG001844,ST000469,CO000028,MN000013,REGISTERED,False,83,84,83
2026-07-30T21:22:50.632141,2026-07-30T21:22:50.632143,REG001845,ST000470,CO000025,MN000010,REGISTERED,False,72,65,60
2026-07-30T21:22:50.632149,2026-07-30T21:22:50.632150,REG001846,ST000470,CO000026,MN000011,REGISTERED,False,62,52,52
2026-07-30T21:22:50.632158,2026-07-30T21:22:50.632162,REG001847,ST000470,CO000027,MN000012,REGISTERED,False,62,52,59
2026-07-30T21:22:50.632168,2026-07-30T21:22:50.632170,REG001848,ST000470,CO000028,MN000013,REGISTERED,False,66,51,51
2026-07-30T21:22:50.632176,2026-07-30T21:22:50.632178,REG001849,ST000471,CO000025,MN000010,REGISTERED,False,69,52,54
2026-07-30T21:22:50.632183,2026-07-30T21:22:50.632185,REG001850,ST000471,CO000026,MN000011,REGISTERED,False,75,68,60
2026-07-30T21:22:50.632191,2026-07-30T21:22:50.632193,REG001851,ST000471,CO000027,MN000012,REGISTERED,False,74,70,59
2026-07-30T21:22:50.632198,2026-07-30T21:22:50.632200,REG001852,ST000471,CO000028,MN000013,REGISTERED,False,56,54,47
2026-07-30T21:22:50.632206,2026-07-30T21:22:50.632208,REG001853,ST000472,CO000025,MN000010,REGISTERED,False,61,44,46
2026-07-30T21:22:50.632214,2026-07-30T21:22:50.632215,REG001854,ST000472,CO000026,MN000011,REGISTERED,False,57,45,50
2026-07-30T21:22:50.632221,2026-07-30T21:22:50.632223,REG001855,ST000472,CO000027,MN000012,REGISTERED,True,61,52,46
2026-07-30T21:22:50.632229,2026-07-30T21:22:50.632230,REG001856,ST000472,CO000028,MN000013,REGISTERED,True,49,47,49
2026-07-30T21:22:50.632238,2026-07-30T21:22:50.632239,REG001857,ST000473,CO000025,MN000010,REGISTERED,False,83,76,76
2026-07-30T21:22:50.632245,2026-07-30T21:22:50.632247,REG001858,ST000473,CO000026,MN000011,REGISTERED,False,81,73,77
2026-07-30T21:22:50.632252,2026-07-30T21:22:50.632254,REG001859,ST000473,CO000027,MN000012,REGISTERED,False,80,64,65
2026-07-30T21:22:50.632260,2026-07-30T21:22:50.632262,REG001860,ST000473,CO000028,MN000013,REGISTERED,False,80,79,66
2026-07-30T21:22:50.632268,2026-07-30T21:22:50.632270,REG001861,ST000474,CO000025,MN000010,REGISTERED,False,49,42,47
2026-07-30T21:22:50.632276,2026-07-30T21:22:50.632277,REG001862,ST000474,CO000026,MN000011,REGISTERED,False,58,38,47
2026-07-30T21:22:50.632283,2026-07-30T21:22:50.632285,REG001863,ST000474,CO000027,MN000012,REGISTERED,False,59,39,45
2026-07-30T21:22:50.632290,2026-07-30T21:22:50.632292,REG001864,ST000474,CO000028,MN000013,REGISTERED,False,61,47,49
2026-07-30T21:22:50.632298,2026-07-30T21:22:50.632300,REG001865,ST000475,CO000025,MN000010,REGISTERED,False,91,89,85
2026-07-30T21:22:50.632306,2026-07-30T21:22:50.632308,REG001866,ST000475,CO000026,MN000011,REGISTERED,False,85,77,74
2026-07-30T21:22:50.632313,2026-07-30T21:22:50.632315,REG001867,ST000475,CO000027,MN000012,REGISTERED,False,92,80,90
2026-07-30T21:22:50.632321,2026-07-30T21:22:50.632323,REG001868,ST000475,CO000028,MN000013,REGISTERED,False,88,85,84
2026-07-30T21:22:50.632329,2026-07-30T21:22:50.632331,REG001869,ST000476,CO000025,MN000010,REGISTERED,False,79,63,76
2026-07-30T21:22:50.632336,2026-07-30T21:22:50.632338,REG001870,ST000476,CO000026,MN000011,REGISTERED,False,71,72,80
2026-07-30T21:22:50.632344,2026-07-30T21:22:50.632346,REG001871,ST000476,CO000027,MN000012,REGISTERED,True,73,70,75
2026-07-30T21:22:50.632351,2026-07-30T21:22:50.632353,REG001872,ST000476,CO000028,MN000013,REGISTERED,False,66,61,51
2026-07-30T21:22:50.632360,2026-07-30T21:22:50.632364,REG001873,ST000477,CO000025,MN000010,REGISTERED,False,84,67,74
2026-07-30T21:22:50.632370,2026-07-30T21:22:50.632372,REG001874,ST000477,CO000026,MN000011,REGISTERED,False,72,72,80
2026-07-30T21:22:50.632377,2026-07-30T21:22:50.632379,REG001875,ST000477,CO000027,MN000012,REGISTERED,False,66,65,75
2026-07-30T21:22:50.632387,2026-07-30T21:22:50.632389,REG001876,ST000477,CO000028,MN000013,REGISTERED,False,68,67,65
2026-07-30T21:22:50.632395,2026-07-30T21:22:50.632397,REG001877,ST000478,CO000025,MN000010,REGISTERED,False,67,61,64
2026-07-30T21:22:50.632471,2026-07-30T21:22:50.632473,REG001878,ST000478,CO000026,MN000011,REGISTERED,False,82,68,70
2026-07-30T21:22:50.632482,2026-07-30T21:22:50.632484,REG001879,ST000478,CO000027,MN000012,REGISTERED,False,74,62,64
2026-07-30T21:22:50.632490,2026-07-30T21:22:50.632492,REG001880,ST000478,CO000028,MN000013,REGISTERED,False,84,69,78
2026-07-30T21:22:50.632498,2026-07-30T21:22:50.632500,REG001881,ST000479,CO000025,MN000010,REGISTERED,False,82,80,77
2026-07-30T21:22:50.632506,2026-07-30T21:22:50.632508,REG001882,ST000479,CO000026,MN000011,REGISTERED,False,78,61,77
2026-07-30T21:22:50.632514,2026-07-30T21:22:50.632516,REG001883,ST000479,CO000027,MN000012,REGISTERED,False,79,60,74
2026-07-30T21:22:50.632521,2026-07-30T21:22:50.632523,REG001884,ST000479,CO000028,MN000013,REGISTERED,False,79,73,77
2026-07-30T21:22:50.632529,2026-07-30T21:22:50.632531,REG001885,ST000480,CO000025,MN000010,REGISTERED,False,77,77,71
2026-07-30T21:22:50.632537,2026-07-30T21:22:50.632539,REG001886,ST000480,CO000026,MN000011,REGISTERED,False,79,78,77
2026-07-30T21:22:50.632544,2026-07-30T21:22:50.632546,REG001887,ST000480,CO000027,MN000012,REGISTERED,False,66,68,58
2026-07-30T21:22:50.632552,2026-07-30T21:22:50.632554,REG001888,ST000480,CO000028,MN000013,REGISTERED,False,80,65,72
2026-07-30T21:22:50.632560,2026-07-30T21:22:50.632562,REG001889,ST000481,CO000025,MN000010,REGISTERED,False,84,85,82
2026-07-30T21:22:50.632567,2026-07-30T21:22:50.632569,REG001890,ST000481,CO000026,MN000011,REGISTERED,False,95,75,87
2026-07-30T21:22:50.632575,2026-07-30T21:22:50.632576,REG001891,ST000481,CO000027,MN000012,REGISTERED,False,90,80,91
2026-07-30T21:22:50.632582,2026-07-30T21:22:50.632584,REG001892,ST000481,CO000028,MN000013,REGISTERED,False,95,77,91
2026-07-30T21:22:50.632590,2026-07-30T21:22:50.632592,REG001893,ST000482,CO000025,MN000010,REGISTERED,False,66,63,64
2026-07-30T21:22:50.632597,2026-07-30T21:22:50.632599,REG001894,ST000482,CO000026,MN000011,REGISTERED,False,63,54,51
2026-07-30T21:22:50.632605,2026-07-30T21:22:50.632606,REG001895,ST000482,CO000027,MN000012,REGISTERED,False,58,59,43
2026-07-30T21:22:50.632612,2026-07-30T21:22:50.632614,REG001896,ST000482,CO000028,MN000013,REGISTERED,False,62,55,62
2026-07-30T21:22:50.632620,2026-07-30T21:22:50.632622,REG001897,ST000483,CO000025,MN000010,REGISTERED,False,95,79,91
2026-07-30T21:22:50.632627,2026-07-30T21:22:50.632631,REG001898,ST000483,CO000026,MN000011,REGISTERED,False,94,87,81
2026-07-30T21:22:50.632637,2026-07-30T21:22:50.632639,REG001899,ST000483,CO000027,MN000012,REGISTERED,False,82,87,75
2026-07-30T21:22:50.632645,2026-07-30T21:22:50.632647,REG001900,ST000483,CO000028,MN000013,REGISTERED,False,95,76,92
2026-07-30T21:22:50.632653,2026-07-30T21:22:50.632654,REG001901,ST000484,CO000025,MN000010,REGISTERED,True,71,57,57
2026-07-30T21:22:50.632660,2026-07-30T21:22:50.632662,REG001902,ST000484,CO000026,MN000011,REGISTERED,False,62,63,48
2026-07-30T21:22:50.632668,2026-07-30T21:22:50.632669,REG001903,ST000484,CO000027,MN000012,REGISTERED,False,74,68,62
2026-07-30T21:22:50.632675,2026-07-30T21:22:50.632677,REG001904,ST000484,CO000028,MN000013,REGISTERED,False,60,58,51
2026-07-30T21:22:50.632683,2026-07-30T21:22:50.632685,REG001905,ST000485,CO000025,MN000010,REGISTERED,False,67,62,60
2026-07-30T21:22:50.632690,2026-07-30T21:22:50.632692,REG001906,ST000485,CO000026,MN000011,REGISTERED,True,69,60,57
2026-07-30T21:22:50.632698,2026-07-30T21:22:50.632700,REG001907,ST000485,CO000027,MN000012,REGISTERED,False,73,73,60
2026-07-30T21:22:50.632705,2026-07-30T21:22:50.632707,REG001908,ST000485,CO000028,MN000013,REGISTERED,False,79,72,72
2026-07-30T21:22:50.632713,2026-07-30T21:22:50.632715,REG001909,ST000486,CO000025,MN000010,REGISTERED,False,58,46,44
2026-07-30T21:22:50.632721,2026-07-30T21:22:50.632722,REG001910,ST000486,CO000026,MN000011,REGISTERED,False,47,46,48
2026-07-30T21:22:50.632730,2026-07-30T21:22:50.632732,REG001911,ST000486,CO000027,MN000012,REGISTERED,False,45,48,31
2026-07-30T21:22:50.632738,2026-07-30T21:22:50.632740,REG001912,ST000486,CO000028,MN000013,REGISTERED,False,49,54,45
2026-07-30T21:22:50.632746,2026-07-30T21:22:50.632748,REG001913,ST000487,CO000025,MN000010,REGISTERED,False,95,77,80
2026-07-30T21:22:50.632754,2026-07-30T21:22:50.632755,REG001914,ST000487,CO000026,MN000011,REGISTERED,False,84,89,82
2026-07-30T21:22:50.632761,2026-07-30T21:22:50.632763,REG001915,ST000487,CO000027,MN000012,REGISTERED,False,87,79,76
2026-07-30T21:22:50.632769,2026-07-30T21:22:50.632771,REG001916,ST000487,CO000028,MN000013,REGISTERED,False,90,88,76
2026-07-30T21:22:50.632777,2026-07-30T21:22:50.632778,REG001917,ST000488,CO000025,MN000010,REGISTERED,False,39,21,32
2026-07-30T21:22:50.632784,2026-07-30T21:22:50.632786,REG001918,ST000488,CO000026,MN000011,REGISTERED,False,41,45,35
2026-07-30T21:22:50.632791,2026-07-30T21:22:50.632793,REG001919,ST000488,CO000027,MN000012,REGISTERED,True,26,21,18
2026-07-30T21:22:50.632799,2026-07-30T21:22:50.632801,REG001920,ST000488,CO000028,MN000013,REGISTERED,False,26,20,20
2026-07-30T21:22:50.632807,2026-07-30T21:22:50.632808,REG001921,ST000489,CO000025,MN000010,REGISTERED,False,68,64,58
2026-07-30T21:22:50.632814,2026-07-30T21:22:50.632816,REG001922,ST000489,CO000026,MN000011,CANCELLED,False,70,66,65
2026-07-30T21:22:50.632821,2026-07-30T21:22:50.632823,REG001923,ST000489,CO000027,MN000012,REGISTERED,False,72,63,58
2026-07-30T21:22:50.632831,2026-07-30T21:22:50.632833,REG001924,ST000489,CO000028,MN000013,REGISTERED,False,61,58,63
2026-07-30T21:22:50.632839,2026-07-30T21:22:50.632841,REG001925,ST000490,CO000025,MN000010,REGISTERED,False,81,80,71
2026-07-30T21:22:50.632847,2026-07-30T21:22:50.632848,REG001926,ST000490,CO000026,MN000011,REGISTERED,False,78,72,70
2026-07-30T21:22:50.632854,2026-07-30T21:22:50.632856,REG001927,ST000490,CO000027,MN000012,REGISTERED,False,72,71,62
2026-07-30T21:22:50.632862,2026-07-30T21:22:50.632863,REG001928,ST000490,CO000028,MN000013,REGISTERED,False,79,70,78
2026-07-30T21:22:50.632870,2026-07-30T21:22:50.632871,REG001929,ST000491,CO000025,MN000010,REGISTERED,False,62,57,50
2026-07-30T21:22:50.632877,2026-07-30T21:22:50.632879,REG001930,ST000491,CO000026,MN000011,REGISTERED,True,44,48,44
2026-07-30T21:22:50.632884,2026-07-30T21:22:50.632886,REG001931,ST000491,CO000027,MN000012,REGISTERED,False,63,52,50
2026-07-30T21:22:50.632892,2026-07-30T21:22:50.632894,REG001932,ST000491,CO000028,MN000013,REGISTERED,False,64,44,49
2026-07-30T21:22:50.632900,2026-07-30T21:22:50.632902,REG001933,ST000492,CO000025,MN000010,REGISTERED,False,96,90,93
2026-07-30T21:22:50.632907,2026-07-30T21:22:50.632909,REG001934,ST000492,CO000026,MN000011,REGISTERED,False,96,95,93
2026-07-30T21:22:50.632915,2026-07-30T21:22:50.632917,REG001935,ST000492,CO000027,MN000012,REGISTERED,False,96,97,98
2026-07-30T21:22:50.632922,2026-07-30T21:22:50.632924,REG001936,ST000492,CO000028,MN000013,REGISTERED,False,100,96,99
2026-07-30T21:22:50.632930,2026-07-30T21:22:50.632932,REG001937,ST000493,CO000025,MN000010,REGISTERED,False,87,81,85
2026-07-30T21:22:50.632938,2026-07-30T21:22:50.632940,REG001938,ST000493,CO000026,MN000011,REGISTERED,False,82,84,91
2026-07-30T21:22:50.632945,2026-07-30T21:22:50.632947,REG001939,ST000493,CO000027,MN000012,REGISTERED,False,86,79,83
2026-07-30T21:22:50.632955,2026-07-30T21:22:50.632957,REG001940,ST000493,CO000028,MN000013,REGISTERED,False,92,79,89
2026-07-30T21:22:50.632963,2026-07-30T21:22:50.632965,REG001941,ST000494,CO000025,MN000010,REGISTERED,False,82,76,80
2026-07-30T21:22:50.632973,2026-07-30T21:22:50.632975,REG001942,ST000494,CO000026,MN000011,REGISTERED,False,92,75,87
2026-07-30T21:22:50.632981,2026-07-30T21:22:50.632983,REG001943,ST000494,CO000027,MN000012,REGISTERED,False,89,88,85
2026-07-30T21:22:50.632989,2026-07-30T21:22:50.632990,REG001944,ST000494,CO000028,MN000013,REGISTERED,False,93,83,87
2026-07-30T21:22:50.632997,2026-07-30T21:22:50.632998,REG001945,ST000495,CO000025,MN000010,REGISTERED,False,45,40,38
2026-07-30T21:22:50.633004,2026-07-30T21:22:50.633006,REG001946,ST000495,CO000026,MN000011,REGISTERED,False,43,40,43
2026-07-30T21:22:50.633011,2026-07-30T21:22:50.633013,REG001947,ST000495,CO000027,MN000012,REGISTERED,True,52,56,39
2026-07-30T21:22:50.633019,2026-07-30T21:22:50.633020,REG001948,ST000495,CO000028,MN000013,REGISTERED,False,54,49,46
2026-07-30T21:22:50.633026,2026-07-30T21:22:50.633031,REG001949,ST000496,CO000025,MN000010,REGISTERED,False,80,64,76
2026-07-30T21:22:50.633037,2026-07-30T21:22:50.633039,REG001950,ST000496,CO000026,MN000011,REGISTERED,False,85,71,74
2026-07-30T21:22:50.633045,2026-07-30T21:22:50.633047,REG001951,ST000496,CO000027,MN000012,REGISTERED,False,79,67,75
2026-07-30T21:22:50.633052,2026-07-30T21:22:50.633054,REG001952,ST000496,CO000028,MN000013,REGISTERED,False,80,60,70
2026-07-30T21:22:50.633060,2026-07-30T21:22:50.633062,REG001953,ST000497,CO000025,MN000010,REGISTERED,False,57,59,56
2026-07-30T21:22:50.633068,2026-07-30T21:22:50.633069,REG001954,ST000497,CO000026,MN000011,REGISTERED,False,57,56,49
2026-07-30T21:22:50.633075,2026-07-30T21:22:50.633077,REG001955,ST000497,CO000027,MN000012,REGISTERED,False,75,55,63
2026-07-30T21:22:50.633083,2026-07-30T21:22:50.633085,REG001956,ST000497,CO000028,MN000013,REGISTERED,False,75,63,63
2026-07-30T21:22:50.633091,2026-07-30T21:22:50.633093,REG001957,ST000498,CO000025,MN000010,REGISTERED,False,90,76,79
2026-07-30T21:22:50.633103,2026-07-30T21:22:50.633105,REG001958,ST000498,CO000026,MN000011,REGISTERED,False,83,79,85
2026-07-30T21:22:50.633111,2026-07-30T21:22:50.633113,REG001959,ST000498,CO000027,MN000012,REGISTERED,False,81,86,73
2026-07-30T21:22:50.633118,2026-07-30T21:22:50.633120,REG001960,ST000498,CO000028,MN000013,REGISTERED,False,84,84,82
2026-07-30T21:22:50.633126,2026-07-30T21:22:50.633128,REG001961,ST000499,CO000025,MN000010,REGISTERED,False,72,76,75
2026-07-30T21:22:50.633134,2026-07-30T21:22:50.633135,REG001962,ST000499,CO000026,MN000011,REGISTERED,False,84,67,78
2026-07-30T21:22:50.633141,2026-07-30T21:22:50.633143,REG001963,ST000499,CO000027,MN000012,REGISTERED,False,76,74,75
2026-07-30T21:22:50.633148,2026-07-30T21:22:50.633150,REG001964,ST000499,CO000028,MN000013,CANCELLED,False,72,75,66
