student_id,gender,is_active,attendance_min,attendance_max,assignment_min,assignment_max,cie_min,cie_max,see_min,see_max,credits_registered,credits_earned,sgpa,cgpa,failed_courses,backlog_courses,semester_result,registration_status,is_repeat,attendance_percentage,assignment_completion,lms_activity_score,cie_marks,see_marks,total_marks,grade_letter,grade_point,credit_points,credits_earned_marks,result,dropout_risk,has_registration,has_marks,failed_course_risk,backlog_risk,attendance_risk,assignment_risk,lms_risk,cgpa_risk,repeat_course_risk,credit_completion_ratio
ST000001,0,True,65,85,60,80,10,24,30,58,16.0,16.0,7.0,7.0,0,0,2,1,0,83.0,63.0,73.0,12.0,42.0,54.0,2,6.0,24.0,4.0,1,1,1,1,0,0,0,0,0,0,0,1.0
ST000001,0,True,65,85,60,80,10,24,30,58,16.0,16.0,7.0,7.0,0,0,2,1,0,74.0,64.0,70.0,19.0,57.0,76.0,0,8.0,32.0,4.0,1,2,1,1,0,0,1,0,0,0,0,1.0
ST000001,0,True,65,85,60,80,10,24,30,58,16.0,16.0,7.0,7.0,0,0,2,1,0,67.0,63.0,62.0,23.0,50.0,73.0,0,8.0,32.0,4.0,1,2,1,1,0,0,1,0,0,0,0,1.0
ST000001,0,True,65,85,60,80,10,24,30,58,16.0,16.0,7.0,7.0,0,0,2,1,0,76.0,80.0,64.0,11.0,42.0,53.0,2,6.0,24.0,4.0,1,1,1,1,0,0,0,0,0,0,0,1.0
ST000002,1,True,65,85,60,80,10,24,30,58,16.0,16.0,7.0,7.0,0,0,2,1,0,69.0,73.0,55.0,20.0,42.0,62.0,3,7.0,28.0,4.0,1,2,1,1,0,0,1,0,0,0,0,1.0
ST000002,1,True,65,85,60,80,10,24,30,58,16.0,16.0,7.0,7.0,0,0,2,1,0,84.0,75.0,73.0,17.0,46.0,63.0,3,7.0,28.0,4.0,1,1,1,1,0,0,0,0,0,0,0,1.0
ST000002,1,True,65,85,60,80,10,24,30,58,16.0,16.0,7.0,7.0,0,0,2,1,0,85.0,76.0,72.0,23.0,30.0,53.0,2,6.0,24.0,4.0,1,1,1,1,0,0,0,0,0,0,0,1.0
ST000002,1,True,65,85,60,80,10,24,30,58,16.0,16.0,7.0,7.0,0,0,2,1,0,78.0,64.0,70.0,23.0,51.0,74.0,0,8.0,32.0,4.0,1,1,1,1,0,0,0,0,0,0,0,1.0
ST000003,1,True,65,85,60,80,10,24,30,58,16.0,16.0,6.5,6.5,0,0,2,1,0,74.0,74.0,68.0,15.0,33.0,48.0,4,5.0,20.0,4.0,1,2,1,1,0,0,1,0,0,0,0,1.0
ST000003,1,True,65,85,60,80,10,24,30,58,16.0,16.0,6.5,6.5,0,0,2,1,0,67.0,66.0,69.0,17.0,33.0,50.0,2,6.0,24.0,4.0,1,2,1,1,0,0,1,0,0,0,0,1.0
ST000003,1,True,65,85,60,80,10,24,30,58,16.0,16.0,6.5,6.5,0,0,2,1,0,84.0,73.0,77.0,15.0,49.0,64.0,3,7.0,28.0,4.0,1,1,1,1,0,0,0,0,0,0,0,1.0
ST000003,1,True,65,85,60,80,10,24,30,58,16.0,16.0,6.5,6.5,0,0,2,1,0,73.0,60.0,63.0,19.0,58.0,77.0,0,8.0,32.0,4.0,1,2,1,1,0,0,1,0,0,0,0,1.0
ST000004,1,True,65,85,60,80,10,24,30,58,16.0,16.0,6.5,6.5,0,0,2,1,0,84.0,78.0,74.0,12.0,45.0,57.0,2,6.0,24.0,4.0,1,1,1,1,0,0,0,0,0,0,0,1.0
ST000004,1,True,65,85,60,80,10,24,30,58,16.0,16.0,6.5,6.5,0,0,2,1,0,83.0,73.0,73.0,14.0,49.0,63.0,3,7.0,28.0,4.0,1,1,1,1,0,0,0,0,0,0,0,1.0
ST000004,1,True,65,85,60,80,10,24,30,58,16.0,16.0,6.5,6.5,0,0,2,1,0,72.0,67.0,80.0,14.0,40.0,54.0,2,6.0,24.0,4.0,1,2,1,1,0,0,1,0,0,0,0,1.0
ST000004,1,True,65,85,60,80,10,24,30,58,16.0,16.0,6.5,6.5,0,0,2,1,0,80.0,62.0,72.0,15.0,48.0,63.0,3,7.0,28.0,4.0,1,2,1,1,0,0,0,0,0,0,0,1.0
ST000005,0,True,80,95,75,90,18,28,45,65,16.0,16.0,8.25,8.25,0,0,2,1,0,84.0,76.0,82.0,28.0,51.0,79.0,0,8.0,32.0,4.0,1,1,1,1,0,0,0,0,0,0,0,1.0
ST000005,0,True,80,95,75,90,18,28,45,65,16.0,16.0,8.25,8.25,0,0,2,1,0,89.0,75.0,84.0,19.0,54.0,73.0,0,8.0,32.0,4.0,1,1,1,1,0,0,0,0,0,0,0,1.0
ST000005,0,True,80,95,75,90,18,28,45,65,16.0,16.0,8.25,8.25,0,0,2,1,0,95.0,88.0,91.0,26.0,59.0,85.0,1,9.0,36.0,4.0,1,1,1,1,0,0,0,0,0,0,0,1.0
ST000005,0,True,80,95,75,90,18,28,45,65,16.0,16.0,8.25,8.25,0,0,2,1,0,84.0,87.0,92.0,23.0,50.0,73.0,0,8.0,32.0,4.0,1,1,1,1,0,0,0,0,0,0,0,1.0
ST000006,1,True,80,95,75,90,18,28,45,65,16.0,16.0,8.0,8.0,0,0,2,1,0,81.0,78.0,72.0,26.0,49.0,75.0,0,8.0,32.0,4.0,1,1,1,1,0,0,0,0,0,0,0,1.0
ST000006,1,True,80,95,75,90,18,28,45,65,16.0,16.0,8.0,8.0,0,0,2,1,0,95.0,75.0,84.0,25.0,45.0,70.0,0,8.0,32.0,4.0,1,1,1,1,0,0,0,0,0,0,0,1.0
ST000006,1,True,80,95,75,90,18,28,45,65,16.0,16.0,8.0,8.0,0,0,2,1,0,88.0,88.0,83.0,19.0,60.0,79.0,0,8.0,32.0,4.0,1,1,1,1,0,0,0,0,0,0,0,1.0
ST000006,1,True,80,95,75,90,18,28,45,65,16.0,16.0,8.0,8.0,0,0,2,1,0,94.0,90.0,91.0,21.0,51.0,72.0,0,8.0,32.0,4.0,1,1,1,1,0,0,0,0,0,0,0,1.0
ST000007,0,True,80,95,75,90,18,28,45,65,16.0,16.0,8.0,8.0,0,0,2,1,0,89.0,80.0,81.0,24.0,51.0,75.0,0,8.0,32.0,4.0,1,1,1,1,0,0,0,0,0,0,0,1.0
ST000007,0,True,80,95,75,90,18,28,45,65,16.0,16.0,8.0,8.0,0,0,2,1,0,87.0,81.0,77.0,23.0,53.0,76.0,0,8.0,32.0,4.0,1,1,1,1,0,0,0,0,0,0,0,1.0
ST000007,0,True,80,95,75,90,18,28,45,65,16.0,16.0,8.0,8.0,0,0,2,1,0,84.0,85.0,84.0,22.0,54.0,76.0,0,8.0,32.0,4.0,1,1,1,1,0,0,0,0,0,0,0,1.0
ST000007,0,True,80,95,75,90,18,28,45,65,16.0,16.0,8.0,8.0,0,0,2,1,0,91.0,78.0,85.0,21.0,54.0,75.0,0,8.0,32.0,4.0,1,1,1,1,0,0,0,0,0,0,0,1.0
ST000008,0,True,80,95,75,90,18,28,45,65,12.0,12.0,8.0,8.0,0,0,2,0,0,83.0,84.0,80.0,18.0,46.0,63.0,8,7.0,28.0,4.0,2,1,1,0,0,0,0,0,0,0,0,0.0
ST000008,0,True,80,95,75,90,18,28,45,65,12.0,12.0,8.0,8.0,0,0,2,1,0,95.0,78.0,92.0,23.0,59.0,82.0,1,9.0,36.0,4.0,1,1,1,1,0,0,0,0,0,0,0,1.0
ST000008,0,True,80,95,75,90,18,28,45,65,12.0,12.0,8.0,8.0,0,0,2,1,0,95.0,75.0,81.0,26.0,50.0,76.0,0,8.0,32.0,4.0,1,1,1,1,0,0,0,0,0,0,0,1.0
ST000008,0,True,80,95,75,90,18,28,45,65,12.0,12.0,8.0,8.0,0,0,2,1,0,88.0,81.0,78.0,20.0,45.0,65.0,3,7.0,28.0,4.0,1,1,1,1,0,0,0,0,0,0,0,1.0
ST000009,1,True,65,85,60,80,10,24,30,58,12.0,12.0,7.33,7.33,0,0,2,1,0,68.0,65.0,53.0,20.0,55.0,75.0,0,8.0,32.0,4.0,1,2,1,1,0,0,1,0,0,0,0,1.0
ST000009,1,True,65,85,60,80,10,24,30,58,12.0,12.0,7.33,7.33,0,0,2,1,0,85.0,80.0,76.0,23.0,49.0,72.0,0,8.0,32.0,4.0,1,1,1,1,0,0,0,0,0,0,0,1.0
ST000009,1,True,65,85,60,80,10,24,30,58,12.0,12.0,7.33,7.33,0,0,2,0,0,79.0,62.0,67.0,18.0,46.0,63.0,8,7.0,28.0,4.0,2,1,1,0,0,0,0,0,0,0,0,0.0
ST000009,1,True,65,85,60,80,10,24,30,58,12.0,12.0,7.33,7.33,0,0,2,1,0,74.0,68.0,62.0,16.0,41.0,57.0,2,6.0,24.0,4.0,1,2,1,1,0,0,1,0,0,0,0,1.0
ST000010,0,True,65,85,60,80,10,24,30,58,16.0,16.0,6.75,6.75,0,0,2,1,0,85.0,78.0,79.0,21.0,33.0,54.0,2,6.0,24.0,4.0,1,1,1,1,0,0,0,0,0,0,0,1.0
ST000010,0,True,65,85,60,80,10,24,30,58,16.0,16.0,6.75,6.75,0,0,2,1,0,77.0,75.0,72.0,24.0,50.0,74.0,0,8.0,32.0,4.0,1,1,1,1,0,0,0,0,0,0,0,1.0
ST000010,0,True,65,85,60,80,10,24,30,58,16.0,16.0,6.75,6.75,0,0,2,1,0,73.0,68.0,77.0,11.0,42.0,53.0,2,6.0,24.0,4.0,1,2,1,1,0,0,1,0,0,0,0,1.0
ST000010,0,True,65,85,60,80,10,24,30,58,16.0,16.0,6.75,6.75,0,0,2,1,0,85.0,76.0,72.0,19.0,44.0,63.0,3,7.0,28.0,4.0,1,1,1,1,0,0,0,0,0,0,0,1.0
ST000011,0,True,40,65,35,60,4,16,15,40,12.0,12.0,4.0,4.0,0,0,2,1,0,46.0,48.0,42.0,9.0,34.0,43.0,7,4.0,16.0,4.0,1,2,1,1,0,0,1,1,1,1,0,1.0
ST000011,0,True,40,65,35,60,4,16,15,40,12.0,12.0,4.0,4.0,0,0,2,1,0,53.0,50.0,48.0,8.0,33.0,41.0,7,4.0,16.0,4.0,1,2,1,1,0,0,1,1,1,1,0,1.0
ST000011,0,True,40,65,35,60,4,16,15,40,12.0,12.0,4.0,4.0,0,0,2,0,0,59.0,50.0,44.0,18.0,46.0,63.0,8,7.0,28.0,4.0,2,2,1,0,0,0,1,1,1,1,0,0.0
ST000011,0,True,40,65,35,60,4,16,15,40,12.0,12.0,4.0,4.0,0,0,2,1,0,41.0,39.0,49.0,15.0,29.0,44.0,7,4.0,16.0,4.0,1,0,1,1,0,0,1,1,1,1,0,1.0
ST000012,1,True,80,95,75,90,18,28,45,65,16.0,16.0,8.5,8.5,0,0,2,1,0,95.0,76.0,92.0,28.0,63.0,91.0,6,10.0,40.0,4.0,1,1,1,1,0,0,0,0,0,0,0,1.0
ST000012,1,True,80,95,75,90,18,28,45,65,16.0,16.0,8.5,8.5,0,0,2,1,0,93.0,82.0,90.0,21.0,63.0,84.0,1,9.0,36.0,4.0,1,1,1,1,0,0,0,0,0,0,0,1.0
ST000012,1,True,80,95,75,90,18,28,45,65,16.0,16.0,8.5,8.5,0,0,2,1,0,87.0,79.0,86.0,18.0,58.0,76.0,0,8.0,32.0,4.0,1,1,1,1,0,0,0,0,0,0,0,1.0
ST000012,1,True,80,95,75,90,18,28,45,65,16.0,16.0,8.5,8.5,0,0,2,1,0,89.0,83.0,75.0,19.0,50.0,69.0,3,7.0,28.0,4.0,1,1,1,1,0,0,0,0,0,0,0,1.0
ST000013,0,True,90,100,90,100,24,30,55,70,16.0,16.0,9.75,9.75,0,0,2,1,0,98.0,98.0,87.0,27.0,64.0,91.0,6,10.0,40.0,4.0,1,1,1,1,0,0,0,0,0,0,0,1.0
ST000013,0,True,90,100,90,100,24,30,55,70,16.0,16.0,9.75,9.75,0,0,2,1,0,100.0,91.0,96.0,30.0,60.0,90.0,6,10.0,40.0,4.0,1,1,1,1,0,0,0,0,0,0,0,1.0
ST000013,0,True,90,100,90,100,24,30,55,70,16.0,16.0,9.75,9.75,0,0,2,1,0,100.0,98.0,98.0,26.0,57.0,83.0,1,9.0,36.0,4.0,1,1,1,1,0,0,0,0,0,0,0,1.0
ST000013,0,True,90,100,90,100,24,30,55,70,16.0,16.0,9.75,9.75,0,0,2,1,0,100.0,98.0,85.0,30.0,66.0,96.0,6,10.0,40.0,4.0,1,1,1,1,0,0,0,0,0,0,0,1.0
ST000014,0,True,80,95,75,90,18,28,45,65,16.0,16.0,8.5,8.5,0,0,2,1,0,89.0,76.0,81.0,27.0,55.0,82.0,1,9.0,36.0,4.0,1,1,1,1,0,0,0,0,0,0,0,1.0
ST000014,0,True,80,95,75,90,18,28,45,65,16.0,16.0,8.5,8.5,0,0,2,1,1,91.0,86.0,89.0,19.0,58.0,77.0,0,8.0,32.0,4.0,1,1,1,1,0,0,0,0,0,0,1,1.0
ST000014,0,True,80,95,75,90,18,28,45,65,16.0,16.0,8.5,8.5,0,0,2,1,0,84.0,87.0,83.0,26.0,58.0,84.0,1,9.0,36.0,4.0,1,1,1,1,0,0,0,0,0,0,0,1.0
ST000014,0,True,80,95,75,90,18,28,45,65,16.0,16.0,8.5,8.5,0,0,2,1,0,92.0,87.0,77.0,18.0,53.0,71.0,0,8.0,32.0,4.0,1,1,1,1,0,0,0,0,0,0,0,1.0
ST000015,1,True,65,85,60,80,10,24,30,58,16.0,16.0,7.0,7.0,0,0,2,1,0,66.0,63.0,55.0,15.0,53.0,68.0,3,7.0,28.0,4.0,1,2,1,1,0,0,1,0,0,0,0,1.0
ST000015,1,True,65,85,60,80,10,24,30,58,16.0,16.0,7.0,7.0,0,0,2,1,0,69.0,61.0,65.0,10.0,55.0,65.0,3,7.0,28.0,4.0,1,2,1,1,0,0,1,0,0,0,0,1.0
ST000015,1,True,65,85,60,80,10,24,30,58,16.0,16.0,7.0,7.0,0,0,2,1,0,84.0,74.0,71.0,16.0,34.0,50.0,2,6.0,24.0,4.0,1,1,1,1,0,0,0,0,0,0,0,1.0
ST000015,1,True,65,85,60,80,10,24,30,58,16.0,16.0,7.0,7.0,0,0,2,1,0,77.0,78.0,78.0,17.0,55.0,72.0,0,8.0,32.0,4.0,1,1,1,1,0,0,0,0,0,0,0,1.0
ST000016,0,True,65,85,60,80,10,24,30,58,16.0,16.0,6.25,6.25,0,0,2,1,0,82.0,77.0,75.0,12.0,32.0,44.0,7,4.0,16.0,4.0,1,1,1,1,0,0,0,0,0,1,0,1.0
ST000016,0,True,65,85,60,80,10,24,30,58,16.0,16.0,6.25,6.25,0,0,2,1,0,83.0,71.0,74.0,21.0,51.0,72.0,0,8.0,32.0,4.0,1,1,1,1,0,0,0,0,0,1,0,1.0
ST000016,0,True,65,85,60,80,10,24,30,58,16.0,16.0,6.25,6.25,0,0,2,1,0,70.0,60.0,70.0,15.0,50.0,65.0,3,7.0,28.0,4.0,1,2,1,1,0,0,1,0,0,1,0,1.0
ST000016,0,True,65,85,60,80,10,24,30,58,16.0,16.0,6.25,6.25,0,0,2,1,0,67.0,63.0,67.0,18.0,40.0,58.0,2,6.0,24.0,4.0,1,2,1,1,0,0,1,0,0,1,0,1.0
ST000017,1,True,40,65,35,60,4,16,15,40,12.0,4.0,1.67,1.67,2,2,3,1,0,52.0,37.0,48.0,4.0,35.0,39.0,5,0.0,0.0,0.0,0,0,1,1,1,1,1,1,1,1,0,0.0
ST000017,1,True,40,65,35,60,4,16,15,40,12.0,4.0,1.67,1.67,2,2,3,1,0,55.0,47.0,42.0,7.0,32.0,39.0,5,0.0,0.0,0.0,0,0,1,1,1,1,1,1,1,1,0,0.0
ST000017,1,True,40,65,35,60,4,16,15,40,12.0,4.0,1.67,1.67,2,2,3,1,0,58.0,45.0,47.0,9.0,36.0,45.0,4,5.0,20.0,4.0,1,0,1,1,0,1,1,1,1,1,0,1.0
ST000017,1,True,40,65,35,60,4,16,15,40,12.0,4.0,1.67,1.67,2,2,3,0,0,60.0,49.0,49.0,18.0,46.0,63.0,8,7.0,28.0,4.0,2,0,1,0,0,1,1,1,1,1,0,0.0
ST000018,1,True,90,100,90,100,24,30,55,70,16.0,16.0,9.0,9.0,0,0,2,1,0,93.0,92.0,95.0,30.0,57.0,87.0,1,9.0,36.0,4.0,1,1,1,1,0,0,0,0,0,0,0,1.0
ST000018,1,True,90,100,90,100,24,30,55,70,16.0,16.0,9.0,9.0,0,0,2,1,0,93.0,91.0,94.0,30.0,57.0,87.0,1,9.0,36.0,4.0,1,1,1,1,0,0,0,0,0,0,0,1.0
ST000018,1,True,90,100,90,100,24,30,55,70,16.0,16.0,9.0,9.0,0,0,2,1,0,96.0,91.0,85.0,24.0,58.0,82.0,1,9.0,36.0,4.0,1,1,1,1,0,0,0,0,0,0,0,1.0
ST000018,1,True,90,100,90,100,24,30,55,70,16.0,16.0,9.0,9.0,0,0,2,1,0,97.0,92.0,87.0,29.0,59.0,88.0,1,9.0,36.0,4.0,1,1,1,1,0,0,0,0,0,0,0,1.0
ST000019,0,True,65,85,60,80,10,24,30,58,16.0,16.0,7.0,7.0,0,0,2,1,0,80.0,70.0,77.0,24.0,30.0,54.0,2,6.0,24.0,4.0,1,1,1,1,0,0,0,0,0,0,0,1.0
ST000019,0,True,65,85,60,80,10,24,30,58,16.0,16.0,7.0,7.0,0,0,2,1,0,69.0,64.0,76.0,21.0,58.0,79.0,0,8.0,32.0,4.0,1,2,1,1,0,0,1,0,0,0,0,1.0
ST000019,0,True,65,85,60,80,10,24,30,58,16.0,16.0,7.0,7.0,0,0,2,1,0,69.0,63.0,58.0,12.0,40.0,52.0,2,6.0,24.0,4.0,1,2,1,1,0,0,1,0,0,0,0,1.0
ST000019,0,True,65,85,60,80,10,24,30,58,16.0,16.0,7.0,7.0,0,0,2,1,0,67.0,70.0,67.0,22.0,48.0,70.0,0,8.0,32.0,4.0,1,2,1,1,0,0,1,0,0,0,0,1.0
ST000020,1,True,55,75,50,70,8,20,25,50,16.0,16.0,6.75,6.75,0,0,2,1,0,69.0,59.0,62.0,17.0,42.0,59.0,2,6.0,24.0,4.0,1,2,1,1,0,0,1,1,0,0,0,1.0
ST000020,1,True,55,75,50,70,8,20,25,50,16.0,16.0,6.75,6.75,0,0,2,1,0,69.0,67.0,59.0,18.0,47.0,65.0,3,7.0,28.0,4.0,1,2,1,1,0,0,1,0,0,0,0,1.0
ST000020,1,True,55,75,50,70,8,20,25,50,16.0,16.0,6.75,6.75,0,0,2,1,0,64.0,59.0,59.0,17.0,48.0,65.0,3,7.0,28.0,4.0,1,2,1,1,0,0,1,1,0,0,0,1.0
ST000020,1,True,55,75,50,70,8,20,25,50,16.0,16.0,6.75,6.75,0,0,2,1,0,66.0,67.0,54.0,12.0,48.0,60.0,3,7.0,28.0,4.0,1,2,1,1,0,0,1,0,0,0,0,1.0
ST000021,0,True,40,65,35,60,4,16,15,40,16.0,12.0,3.5,3.5,1,1,3,1,1,42.0,40.0,32.0,9.0,40.0,49.0,4,5.0,20.0,4.0,1,0,1,1,0,1,1,1,1,1,1,1.0
ST000021,0,True,40,65,35,60,4,16,15,40,16.0,12.0,3.5,3.5,1,1,3,1,0,40.0,42.0,40.0,13.0,36.0,49.0,4,5.0,20.0,4.0,1,0,1,1,0,1,1,1,1,1,0,1.0
ST000021,0,True,40,65,35,60,4,16,15,40,16.0,12.0,3.5,3.5,1,1,3,1,0,48.0,38.0,42.0,14.0,17.0,31.0,5,0.0,0.0,0.0,0,0,1,1,1,1,1,1,1,1,0,0.0
ST000021,0,True,40,65,35,60,4,16,15,40,16.0,12.0,3.5,3.5,1,1,3,1,0,62.0,59.0,48.0,6.0,34.0,40.0,7,4.0,16.0,4.0,1,0,1,1,0,1,1,1,1,1,0,1.0
ST000022,0,True,90,100,90,100,24,30,55,70,16.0,16.0,9.0,9.0,0,0,2,1,0,98.0,99.0,90.0,28.0,65.0,93.0,6,10.0,40.0,4.0,1,1,1,1,0,0,0,0,0,0,0,1.0
ST000022,0,True,90,100,90,100,24,30,55,70,16.0,16.0,9.0,9.0,0,0,2,1,0,92.0,96.0,87.0,24.0,56.0,80.0,1,9.0,36.0,4.0,1,1,1,1,0,0,0,0,0,0,0,1.0
ST000022,0,True,90,100,90,100,24,30,55,70,16.0,16.0,9.0,9.0,0,0,2,1,0,97.0,92.0,100.0,26.0,59.0,85.0,1,9.0,36.0,4.0,1,1,1,1,0,0,0,0,0,0,0,1.0
ST000022,0,True,90,100,90,100,24,30,55,70,16.0,16.0,9.0,9.0,0,0,2,1,0,96.0,92.0,96.0,24.0,55.0,79.0,0,8.0,32.0,4.0,1,1,1,1,0,0,0,0,0,0,0,1.0
ST000023,0,True,65,85,60,80,10,24,30,58,16.0,16.0,6.25,6.25,0,0,2,1,0,71.0,62.0,68.0,10.0,40.0,50.0,2,6.0,24.0,4.0,1,2,1,1,0,0,1,0,0,1,0,1.0
ST000023,0,True,65,85,60,80,10,24,30,58,16.0,16.0,6.25,6.25,0,0,2,1,0,85.0,65.0,71.0,15.0,39.0,54.0,2,6.0,24.0,4.0,1,2,1,1,0,0,0,0,0,1,0,1.0
ST000023,0,True,65,85,60,80,10,24,30,58,16.0,16.0,6.25,6.25,0,0,2,1,0,73.0,70.0,78.0,10.0,38.0,48.0,4,5.0,20.0,4.0,1,2,1,1,0,0,1,0,0,1,0,1.0
ST000023,0,True,65,85,60,80,10,24,30,58,16.0,16.0,6.25,6.25,0,0,2,1,0,78.0,68.0,75.0,24.0,55.0,79.0,0,8.0,32.0,4.0,1,2,1,1,0,0,0,0,0,1,0,1.0
ST000024,1,True,90,100,90,100,24,30,55,70,16.0,16.0,9.5,9.5,0,0,2,1,0,97.0,95.0,90.0,26.0,65.0,91.0,6,10.0,40.0,4.0,1,1,1,1,0,0,0,0,0,0,0,1.0
ST000024,1,True,90,100,90,100,24,30,55,70,16.0,16.0,9.5,9.5,0,0,2,1,0,90.0,93.0,88.0,30.0,70.0,100.0,6,10.0,40.0,4.0,1,1,1,1,0,0,0,0,0,0,0,1.0
ST000024,1,True,90,100,90,100,24,30,55,70,16.0,16.0,9.5,9.5,0,0,2,1,0,94.0,96.0,98.0,25.0,55.0,80.0,1,9.0,36.0,4.0,1,1,1,1,0,0,0,0,0,0,0,1.0
ST000024,1,True,90,100,90,100,24,30,55,70,16.0,16.0,9.5,9.5,0,0,2,1,0,91.0,95.0,85.0,29.0,59.0,88.0,1,9.0,36.0,4.0,1,1,1,1,0,0,0,0,0,0,0,1.0
ST000025,1,True,20,50,20,45,0,12,0,30,12.0,0.0,0.0,0.0,3,3,0,1,0,40.0,32.0,32.0,0.0,12.0,12.0,5,0.0,0.0,0.0,0,0,1,1,1,1,1,1,1,1,0,0.0
ST000025,1,True,20,50,20,45,0,12,0,30,12.0,0.0,0.0,0.0,3,3,0,1,0,43.0,26.0,34.0,8.0,17.0,25.0,5,0.0,0.0,0.0,0,0,1,1,1,1,1,1,1,1,0,0.0
ST000025,1,True,20,50,20,45,0,12,0,30,12.0,0.0,0.0,0.0,3,3,0,0,0,46.0,45.0,31.0,18.0,46.0,63.0,8,7.0,28.0,4.0,2,0,1,0,0,1,1,1,1,1,0,0.0
ST000025,1,True,20,50,20,45,0,12,0,30,12.0,0.0,0.0,0.0,3,3,0,1,0,39.0,22.0,26.0,11.0,27.0,38.0,5,0.0,0.0,0.0,0,0,1,1,1,1,1,1,1,1,0,0.0
ST000026,0,True,20,50,20,45,0,12,0,30,8.0,0.0,0.0,0.0,2,2,3,1,1,20.0,23.0,5.0,12.0,10.0,22.0,5,0.0,0.0,0.0,0,0,1,1,1,1,1,1,1,1,1,0.0
ST000026,0,True,20,50,20,45,0,12,0,30,8.0,0.0,0.0,0.0,2,2,3,0,0,33.0,28.0,25.0,18.0,46.0,63.0,8,7.0,28.0,4.0,2,0,1,0,0,1,1,1,1,1,0,0.0
ST000026,0,True,20,50,20,45,0,12,0,30,8.0,0.0,0.0,0.0,2,2,3,0,0,22.0,20.0,29.0,18.0,46.0,63.0,8,7.0,28.0,4.0,2,0,1,0,0,1,1,1,1,1,0,0.0
ST000026,0,True,20,50,20,45,0,12,0,30,8.0,0.0,0.0,0.0,2,2,3,1,0,46.0,33.0,34.0,3.0,21.0,24.0,5,0.0,0.0,0.0,0,0,1,1,1,1,1,1,1,1,0,0.0
ST000027,1,True,80,95,75,90,18,28,45,65,16.0,16.0,8.25,8.25,0,0,2,1,0,92.0,80.0,82.0,23.0,49.0,72.0,0,8.0,32.0,4.0,1,1,1,1,0,0,0,0,0,0,0,1.0
ST000027,1,True,80,95,75,90,18,28,45,65,16.0,16.0,8.25,8.25,0,0,2,1,0,95.0,80.0,80.0,24.0,49.0,73.0,0,8.0,32.0,4.0,1,1,1,1,0,0,0,0,0,0,0,1.0
ST000027,1,True,80,95,75,90,18,28,45,65,16.0,16.0,8.25,8.25,0,0,2,1,0,84.0,81.0,71.0,21.0,53.0,74.0,0,8.0,32.0,4.0,1,1,1,1,0,0,0,0,0,0,0,1.0
ST000027,1,True,80,95,75,90,18,28,45,65,16.0,16.0,8.25,8.25,0,0,2,1,0,82.0,81.0,90.0,27.0,56.0,83.0,1,9.0,36.0,4.0,1,1,1,1,0,0,0,0,0,0,0,1.0
ST000028,1,True,65,85,60,80,10,24,30,58,16.0,16.0,6.75,6.75,0,0,2,1,0,75.0,65.0,70.0,15.0,46.0,61.0,3,7.0,28.0,4.0,1,2,1,1,0,0,0,0,0,0,0,1.0
ST000028,1,True,65,85,60,80,10,24,30,58,16.0,16.0,6.75,6.75,0,0,2,1,0,85.0,65.0,76.0,18.0,30.0,48.0,4,5.0,20.0,4.0,1,1,1,1,0,0,0,0,0,0,0,1.0
ST000028,1,True,65,85,60,80,10,24,30,58,16.0,16.0,6.75,6.75,0,0,2,1,0,67.0,61.0,66.0,20.0,45.0,65.0,3,7.0,28.0,4.0,1,2,1,1,0,0,1,0,0,0,0,1.0
ST000028,1,True,65,85,60,80,10,24,30,58,16.0,16.0,6.75,6.75,0,0,2,1,0,69.0,67.0,70.0,21.0,49.0,70.0,0,8.0,32.0,4.0,1,2,1,1,0,0,1,0,0,0,0,1.0
ST000029,0,True,90,100,90,100,24,30,55,70,16.0,16.0,9.5,9.5,0,0,2,1,0,94.0,93.0,91.0,24.0,70.0,94.0,6,10.0,40.0,4.0,1,1,1,1,0,0,0,0,0,0,0,1.0
ST000029,0,True,90,100,90,100,24,30,55,70,16.0,16.0,9.5,9.5,0,0,2,1,0,99.0,96.0,87.0,28.0,65.0,93.0,6,10.0,40.0,4.0,1,1,1,1,0,0,0,0,0,0,0,1.0
ST000029,0,True,90,100,90,100,24,30,55,70,16.0,16.0,9.5,9.5,0,0,2,1,0,90.0,93.0,91.0,26.0,61.0,87.0,1,9.0,36.0,4.0,1,1,1,1,0,0,0,0,0,0,0,1.0
ST000029,0,True,90,100,90,100,24,30,55,70,16.0,16.0,9.5,9.5,0,0,2,1,0,97.0,90.0,98.0,27.0,62.0,89.0,1,9.0,36.0,4.0,1,1,1,1,0,0,0,0,0,0,0,1.0
ST000030,1,True,80,95,75,90,18,28,45,65,16.0,16.0,8.25,8.25,0,0,2,1,0,80.0,81.0,78.0,25.0,56.0,81.0,1,9.0,36.0,4.0,1,1,1,1,0,0,0,0,0,0,0,1.0
ST000030,1,True,80,95,75,90,18,28,45,65,16.0,16.0,8.25,8.25,0,0,2,1,0,84.0,78.0,73.0,22.0,49.0,71.0,0,8.0,32.0,4.0,1,1,1,1,0,0,0,0,0,0,0,1.0
ST000030,1,True,80,95,75,90,18,28,45,65,16.0,16.0,8.25,8.25,0,0,2,1,0,85.0,79.0,92.0,23.0,47.0,70.0,0,8.0,32.0,4.0,1,1,1,1,0,0,0,0,0,0,0,1.0
ST000030,1,True,80,95,75,90,18,28,45,65,16.0,16.0,8.25,8.25,0,0,2,1,0,81.0,86.0,81.0,18.0,58.0,76.0,0,8.0,32.0,4.0,1,1,1,1,0,0,0,0,0,0,0,1.0
ST000031,0,True,80,95,75,90,18,28,45,65,16.0,16.0,8.75,8.75,0,0,2,1,0,83.0,77.0,81.0,26.0,51.0,77.0,0,8.0,32.0,4.0,1,1,1,1,0,0,0,0,0,0,0,1.0
ST000031,0,True,80,95,75,90,18,28,45,65,16.0,16.0,8.75,8.75,0,0,2,1,0,86.0,79.0,84.0,23.0,65.0,88.0,1,9.0,36.0,4.0,1,1,1,1,0,0,0,0,0,0,0,1.0
ST000031,0,True,80,95,75,90,18,28,45,65,16.0,16.0,8.75,8.75,0,0,2,1,0,92.0,88.0,85.0,28.0,60.0,88.0,1,9.0,36.0,4.0,1,1,1,1,0,0,0,0,0,0,0,1.0
ST000031,0,True,80,95,75,90,18,28,45,65,16.0,16.0,8.75,8.75,0,0,2,1,0,81.0,85.0,81.0,24.0,61.0,85.0,1,9.0,36.0,4.0,1,1,1,1,0,0,0,0,0,0,0,1.0
ST000032,1,True,55,75,50,70,8,20,25,50,16.0,16.0,6.25,6.25,0,0,2,1,0,70.0,61.0,64.0,20.0,34.0,54.0,2,6.0,24.0,4.0,1,2,1,1,0,0,1,0,0,1,0,1.0
ST000032,1,True,55,75,50,70,8,20,25,50,16.0,16.0,6.25,6.25,0,0,2,1,0,70.0,66.0,59.0,10.0,48.0,58.0,2,6.0,24.0,4.0,1,2,1,1,0,0,1,0,0,1,0,1.0
ST000032,1,True,55,75,50,70,8,20,25,50,16.0,16.0,6.25,6.25,0,0,2,1,0,64.0,63.0,62.0,18.0,39.0,57.0,2,6.0,24.0,4.0,1,2,1,1,0,0,1,0,0,1,0,1.0
ST000032,1,True,55,75,50,70,8,20,25,50,16.0,16.0,6.25,6.25,0,0,2,1,0,74.0,65.0,60.0,17.0,45.0,62.0,3,7.0,28.0,4.0,1,2,1,1,0,0,1,0,0,1,0,1.0
ST000033,1,True,65,85,60,80,10,24,30,58,16.0,16.0,5.75,5.75,0,0,2,1,0,69.0,64.0,57.0,11.0,30.0,41.0,7,4.0,16.0,4.0,1,2,1,1,0,0,1,0,0,1,0,1.0
ST000033,1,True,65,85,60,80,10,24,30,58,16.0,16.0,5.75,5.75,0,0,2,1,0,83.0,80.0,74.0,19.0,39.0,58.0,2,6.0,24.0,4.0,1,2,1,1,0,0,0,0,0,1,0,1.0
ST000033,1,True,65,85,60,80,10,24,30,58,16.0,16.0,5.75,5.75,0,0,2,1,0,78.0,67.0,70.0,24.0,30.0,54.0,2,6.0,24.0,4.0,1,2,1,1,0,0,0,0,0,1,0,1.0
ST000033,1,True,65,85,60,80,10,24,30,58,16.0,16.0,5.75,5.75,0,0,2,1,0,77.0,71.0,77.0,18.0,45.0,63.0,3,7.0,28.0,4.0,1,2,1,1,0,0,0,0,0,1,0,1.0
ST000034,0,True,65,85,60,80,10,24,30,58,16.0,16.0,7.25,7.25,0,0,2,1,0,76.0,70.0,66.0,16.0,55.0,71.0,0,8.0,32.0,4.0,1,1,1,1,0,0,0,0,0,0,0,1.0
ST000034,0,True,65,85,60,80,10,24,30,58,16.0,16.0,7.25,7.25,0,0,2,1,0,78.0,65.0,71.0,12.0,53.0,65.0,3,7.0,28.0,4.0,1,1,1,1,0,0,0,0,0,0,0,1.0
ST000034,0,True,65,85,60,80,10,24,30,58,16.0,16.0,7.25,7.25,0,0,2,1,0,82.0,70.0,76.0,10.0,51.0,61.0,3,7.0,28.0,4.0,1,1,1,1,0,0,0,0,0,0,0,1.0
ST000034,0,True,65,85,60,80,10,24,30,58,16.0,16.0,7.25,7.25,0,0,2,1,0,74.0,77.0,69.0,24.0,37.0,61.0,3,7.0,28.0,4.0,1,1,1,1,0,0,1,0,0,0,0,1.0
ST000035,1,False,65,85,60,80,10,24,30,58,0.0,0.0,0.0,0.0,0,0,1,2,0,0.0,0.0,0.0,18.0,46.0,63.0,8,7.0,28.0,4.0,2,0,0,0,0,0,1,1,1,1,0,0.0
ST000036,1,True,65,85,60,80,10,24,30,58,16.0,16.0,6.5,6.5,0,0,2,1,0,76.0,69.0,78.0,16.0,50.0,66.0,3,7.0,28.0,4.0,1,2,1,1,0,0,0,0,0,0,0,1.0
ST000036,1,True,65,85,60,80,10,24,30,58,16.0,16.0,6.5,6.5,0,0,2,1,0,65.0,69.0,70.0,24.0,31.0,55.0,2,6.0,24.0,4.0,1,2,1,1,0,0,1,0,0,0,0,1.0
ST000036,1,True,65,85,60,80,10,24,30,58,16.0,16.0,6.5,6.5,0,0,2,1,0,65.0,64.0,55.0,16.0,41.0,57.0,2,6.0,24.0,4.0,1,2,1,1,0,0,1,0,0,0,0,1.0
ST000036,1,True,65,85,60,80,10,24,30,58,16.0,16.0,6.5,6.5,0,0,2,1,0,83.0,79.0,79.0,14.0,52.0,66.0,3,7.0,28.0,4.0,1,1,1,1,0,0,0,0,0,0,0,1.0
ST000037,1,True,65,85,60,80,10,24,30,58,16.0,16.0,5.75,5.75,0,0,2,1,0,81.0,64.0,70.0,10.0,39.0,49.0,4,5.0,20.0,4.0,1,2,1,1,0,0,0,0,0,1,0,1.0
ST000037,1,True,65,85,60,80,10,24,30,58,16.0,16.0,5.75,5.75,0,0,2,1,0,84.0,77.0,73.0,16.0,50.0,66.0,3,7.0,28.0,4.0,1,2,1,1,0,0,0,0,0,1,0,1.0
ST000037,1,True,65,85,60,80,10,24,30,58,16.0,16.0,5.75,5.75,0,0,2,1,0,73.0,63.0,79.0,10.0,37.0,47.0,4,5.0,20.0,4.0,1,2,1,1,0,0,1,0,0,1,0,1.0
ST000037,1,True,65,85,60,80,10,24,30,58,16.0,16.0,5.75,5.75,0,0,2,1,0,78.0,66.0,80.0,20.0,33.0,53.0,2,6.0,24.0,4.0,1,2,1,1,0,0,0,0,0,1,0,1.0
ST000038,0,True,65,85,60,80,10,24,30,58,12.0,12.0,7.0,7.0,0,0,2,1,0,77.0,78.0,62.0,12.0,56.0,68.0,3,7.0,28.0,4.0,1,1,1,1,0,0,0,0,0,0,0,1.0
ST000038,0,True,65,85,60,80,10,24,30,58,12.0,12.0,7.0,7.0,0,0,2,1,0,74.0,64.0,66.0,23.0,36.0,59.0,2,6.0,24.0,4.0,1,2,1,1,0,0,1,0,0,0,0,1.0
ST000038,0,True,65,85,60,80,10,24,30,58,12.0,12.0,7.0,7.0,0,0,2,0,0,79.0,64.0,72.0,18.0,46.0,63.0,8,7.0,28.0,4.0,2,1,1,0,0,0,0,0,0,0,0,0.0
ST000038,0,True,65,85,60,80,10,24,30,58,12.0,12.0,7.0,7.0,0,0,2,1,0,65.0,61.0,62.0,15.0,58.0,73.0,0,8.0,32.0,4.0,1,2,1,1,0,0,1,0,0,0,0,1.0
ST000039,1,True,55,75,50,70,8,20,25,50,12.0,12.0,5.33,5.33,0,0,2,0,0,75.0,63.0,61.0,18.0,46.0,63.0,8,7.0,28.0,4.0,2,2,1,0,0,0,0,0,0,1,0,0.0
ST000039,1,True,55,75,50,70,8,20,25,50,12.0,12.0,5.33,5.33,0,0,2,1,0,65.0,54.0,65.0,19.0,45.0,64.0,3,7.0,28.0,4.0,1,2,1,1,0,0,1,1,0,1,0,1.0
ST000039,1,True,55,75,50,70,8,20,25,50,12.0,12.0,5.33,5.33,0,0,2,1,0,64.0,63.0,64.0,14.0,29.0,43.0,7,4.0,16.0,4.0,1,2,1,1,0,0,1,0,0,1,0,1.0
ST000039,1,True,55,75,50,70,8,20,25,50,12.0,12.0,5.33,5.33,0,0,2,1,0,68.0,65.0,65.0,11.0,34.0,45.0,4,5.0,20.0,4.0,1,2,1,1,0,0,1,0,0,1,0,1.0
ST000040,1,True,40,65,35,60,4,16,15,40,16.0,8.0,2.0,2.0,2,2,3,1,1,53.0,54.0,39.0,8.0,34.0,42.0,7,4.0,16.0,4.0,1,0,1,1,0,1,1,1,1,1,1,1.0
ST000040,1,True,40,65,35,60,4,16,15,40,16.0,8.0,2.0,2.0,2,2,3,1,0,60.0,59.0,45.0,9.0,30.0,39.0,5,0.0,0.0,0.0,0,0,1,1,1,1,1,1,1,1,0,0.0
ST000040,1,True,40,65,35,60,4,16,15,40,16.0,8.0,2.0,2.0,2,2,3,1,0,41.0,36.0,41.0,7.0,28.0,35.0,5,0.0,0.0,0.0,0,0,1,1,1,1,1,1,1,1,0,0.0
ST000040,1,True,40,65,35,60,4,16,15,40,16.0,8.0,2.0,2.0,2,2,3,1,0,54.0,51.0,46.0,13.0,27.0,40.0,7,4.0,16.0,4.0,1,0,1,1,0,1,1,1,1,1,0,1.0
ST000041,1,True,65,85,60,80,10,24,30,58,16.0,16.0,6.75,6.75,0,0,2,1,0,65.0,64.0,65.0,21.0,34.0,55.0,2,6.0,24.0,4.0,1,2,1,1,0,0,1,0,0,0,0,1.0
ST000041,1,True,65,85,60,80,10,24,30,58,16.0,16.0,6.75,6.75,0,0,2,1,0,83.0,68.0,72.0,24.0,45.0,69.0,3,7.0,28.0,4.0,1,1,1,1,0,0,0,0,0,0,0,1.0
ST000041,1,True,65,85,60,80,10,24,30,58,16.0,16.0,6.75,6.75,0,0,2,1,0,80.0,63.0,69.0,20.0,55.0,75.0,0,8.0,32.0,4.0,1,2,1,1,0,0,0,0,0,0,0,1.0
ST000041,1,True,65,85,60,80,10,24,30,58,16.0,16.0,6.75,6.75,0,0,2,1,0,79.0,80.0,67.0,21.0,33.0,54.0,2,6.0,24.0,4.0,1,1,1,1,0,0,0,0,0,0,0,1.0
ST000042,1,True,90,100,90,100,24,30,55,70,16.0,16.0,9.25,9.25,0,0,2,1,0,90.0,94.0,100.0,26.0,63.0,89.0,1,9.0,36.0,4.0,1,1,1,1,0,0,0,0,0,0,0,1.0
ST000042,1,True,90,100,90,100,24,30,55,70,16.0,16.0,9.25,9.25,0,0,2,1,0,100.0,90.0,90.0,26.0,68.0,94.0,6,10.0,40.0,4.0,1,1,1,1,0,0,0,0,0,0,0,1.0
ST000042,1,True,90,100,90,100,24,30,55,70,16.0,16.0,9.25,9.25,0,0,2,1,0,91.0,91.0,98.0,24.0,57.0,81.0,1,9.0,36.0,4.0,1,1,1,1,0,0,0,0,0,0,0,1.0
ST000042,1,True,90,100,90,100,24,30,55,70,16.0,16.0,9.25,9.25,0,0,2,1,0,97.0,93.0,87.0,27.0,62.0,89.0,1,9.0,36.0,4.0,1,1,1,1,0,0,0,0,0,0,0,1.0
ST000043,1,True,55,75,50,70,8,20,25,50,12.0,12.0,5.67,5.67,0,0,2,1,0,63.0,51.0,54.0,16.0,47.0,63.0,3,7.0,28.0,4.0,1,2,1,1,0,0,1,1,0,1,0,1.0
ST000043,1,True,55,75,50,70,8,20,25,50,12.0,12.0,5.67,5.67,0,0,2,0,0,67.0,68.0,58.0,18.0,46.0,63.0,8,7.0,28.0,4.0,2,2,1,0,0,0,1,0,0,1,0,0.0
ST000043,1,True,55,75,50,70,8,20,25,50,12.0,12.0,5.67,5.67,0,0,2,1,0,60.0,51.0,63.0,17.0,29.0,46.0,4,5.0,20.0,4.0,1,2,1,1,0,0,1,1,0,1,0,1.0
ST000043,1,True,55,75,50,70,8,20,25,50,12.0,12.0,5.67,5.67,0,0,2,1,0,61.0,56.0,53.0,10.0,39.0,49.0,4,5.0,20.0,4.0,1,2,1,1,0,0,1,1,0,1,0,1.0
ST000044,1,True,90,100,90,100,24,30,55,70,16.0,16.0,9.5,9.5,0,0,2,1,0,99.0,94.0,98.0,24.0,60.0,84.0,1,9.0,36.0,4.0,1,1,1,1,0,0,0,0,0,0,0,1.0
ST000044,1,True,90,100,90,100,24,30,55,70,16.0,16.0,9.5,9.5,0,0,2,1,0,94.0,90.0,94.0,27.0,62.0,89.0,1,9.0,36.0,4.0,1,1,1,1,0,0,0,0,0,0,0,1.0
ST000044,1,True,90,100,90,100,24,30,55,70,16.0,16.0,9.5,9.5,0,0,2,1,0,91.0,96.0,100.0,29.0,62.0,91.0,6,10.0,40.0,4.0,1,1,1,1,0,0,0,0,0,0,0,1.0
ST000044,1,True,90,100,90,100,24,30,55,70,16.0,16.0,9.5,9.5,0,0,2,1,0,94.0,96.0,95.0,29.0,61.0,90.0,6,10.0,40.0,4.0,1,1,1,1,0,0,0,0,0,0,0,1.0
ST000045,1,True,20,50,20,45,0,12,0,30,12.0,0.0,0.0,0.0,3,3,0,1,1,20.0,25.0,10.0,4.0,22.0,26.0,5,0.0,0.0,0.0,0,0,1,1,1,1,1,1,1,1,1,0.0
ST000045,1,True,20,50,20,45,0,12,0,30,12.0,0.0,0.0,0.0,3,3,0,1,1,32.0,26.0,30.0,3.0,29.0,32.0,5,0.0,0.0,0.0,0,0,1,1,1,1,1,1,1,1,1,0.0
ST000045,1,True,20,50,20,45,0,12,0,30,12.0,0.0,0.0,0.0,3,3,0,0,0,32.0,26.0,33.0,18.0,46.0,63.0,8,7.0,28.0,4.0,2,0,1,0,0,1,1,1,1,1,0,0.0
ST000045,1,True,20,50,20,45,0,12,0,30,12.0,0.0,0.0,0.0,3,3,0,1,0,34.0,39.0,20.0,8.0,18.0,26.0,5,0.0,0.0,0.0,0,0,1,1,1,1,1,1,1,1,0,0.0
ST000046,0,True,65,85,60,80,10,24,30,58,16.0,16.0,7.5,7.5,0,0,2,1,0,74.0,66.0,73.0,15.0,38.0,53.0,2,6.0,24.0,4.0,1,1,1,1,0,0,1,0,0,0,0,1.0
ST000046,0,True,65,85,60,80,10,24,30,58,16.0,16.0,7.5,7.5,0,0,2,1,0,85.0,70.0,70.0,24.0,58.0,82.0,1,9.0,36.0,4.0,1,1,1,1,0,0,0,0,0,0,0,1.0
ST000046,0,True,65,85,60,80,10,24,30,58,16.0,16.0,7.5,7.5,0,0,2,1,0,65.0,63.0,52.0,20.0,54.0,74.0,0,8.0,32.0,4.0,1,2,1,1,0,0,1,0,0,0,0,1.0
ST000046,0,True,65,85,60,80,10,24,30,58,16.0,16.0,7.5,7.5,0,0,2,1,1,78.0,70.0,72.0,14.0,54.0,68.0,3,7.0,28.0,4.0,1,2,1,1,0,0,0,0,0,0,1,1.0
ST000047,1,True,80,95,75,90,18,28,45,65,16.0,16.0,8.5,8.5,0,0,2,1,0,83.0,86.0,83.0,21.0,61.0,82.0,1,9.0,36.0,4.0,1,1,1,1,0,0,0,0,0,0,0,1.0
ST000047,1,True,80,95,75,90,18,28,45,65,16.0,16.0,8.5,8.5,0,0,2,1,0,83.0,83.0,81.0,24.0,55.0,79.0,0,8.0,32.0,4.0,1,1,1,1,0,0,0,0,0,0,0,1.0
ST000047,1,True,80,95,75,90,18,28,45,65,16.0,16.0,8.5,8.5,0,0,2,1,0,80.0,77.0,82.0,28.0,60.0,88.0,1,9.0,36.0,4.0,1,1,1,1,0,0,0,0,0,0,0,1.0
ST000047,1,True,80,95,75,90,18,28,45,65,16.0,16.0,8.5,8.5,0,0,2,1,0,82.0,80.0,92.0,21.0,54.0,75.0,0,8.0,32.0,4.0,1,1,1,1,0,0,0,0,0,0,0,1.0
ST000048,0,True,55,75,50,70,8,20,25,50,16.0,16.0,5.5,5.5,0,0,2,1,0,69.0,54.0,62.0,12.0,45.0,57.0,2,6.0,24.0,4.0,1,2,1,1,0,0,1,1,0,1,0,1.0
ST000048,0,True,55,75,50,70,8,20,25,50,16.0,16.0,5.5,5.5,0,0,2,1,0,64.0,56.0,49.0,11.0,38.0,49.0,4,5.0,20.0,4.0,1,2,1,1,0,0,1,1,1,1,0,1.0
ST000048,0,True,55,75,50,70,8,20,25,50,16.0,16.0,5.5,5.5,0,0,2,1,1,64.0,68.0,59.0,14.0,42.0,56.0,2,6.0,24.0,4.0,1,2,1,1,0,0,1,0,0,1,1,1.0
ST000048,0,True,55,75,50,70,8,20,25,50,16.0,16.0,5.5,5.5,0,0,2,1,0,60.0,50.0,50.0,20.0,26.0,46.0,4,5.0,20.0,4.0,1,2,1,1,0,0,1,1,0,1,0,1.0
ST000049,1,True,65,85,60,80,10,24,30,58,16.0,16.0,5.5,5.5,0,0,2,1,0,74.0,61.0,71.0,11.0,30.0,41.0,7,4.0,16.0,4.0,1,2,1,1,0,0,1,0,0,1,0,1.0
ST000049,1,True,65,85,60,80,10,24,30,58,16.0,16.0,5.5,5.5,0,0,2,1,0,80.0,80.0,67.0,16.0,35.0,51.0,2,6.0,24.0,4.0,1,2,1,1,0,0,0,0,0,1,0,1.0
ST000049,1,True,65,85,60,80,10,24,30,58,16.0,16.0,5.5,5.5,0,0,2,1,0,79.0,74.0,75.0,20.0,33.0,53.0,2,6.0,24.0,4.0,1,2,1,1,0,0,0,0,0,1,0,1.0
ST000049,1,True,65,85,60,80,10,24,30,58,16.0,16.0,5.5,5.5,0,0,2,1,0,69.0,67.0,70.0,14.0,42.0,56.0,2,6.0,24.0,4.0,1,2,1,1,0,0,1,0,0,1,0,1.0
ST000050,0,True,65,85,60,80,10,24,30,58,8.0,8.0,8.0,8.0,0,0,2,0,0,70.0,63.0,59.0,18.0,46.0,63.0,8,7.0,28.0,4.0,2,1,1,0,0,0,1,0,0,0,0,0.0
ST000050,0,True,65,85,60,80,10,24,30,58,8.0,8.0,8.0,8.0,0,0,2,0,0,79.0,70.0,80.0,18.0,46.0,63.0,8,7.0,28.0,4.0,2,1,1,0,0,0,0,0,0,0,0,0.0
ST000050,0,True,65,85,60,80,10,24,30,58,8.0,8.0,8.0,8.0,0,0,2,1,0,71.0,65.0,64.0,24.0,50.0,74.0,0,8.0,32.0,4.0,1,1,1,1,0,0,1,0,0,0,0,1.0
ST000050,0,True,65,85,60,80,10,24,30,58,8.0,8.0,8.0,8.0,0,0,2,1,0,82.0,79.0,76.0,24.0,51.0,75.0,0,8.0,32.0,4.0,1,1,1,1,0,0,0,0,0,0,0,1.0
ST000051,1,True,40,65,35,60,4,16,15,40,16.0,12.0,3.5,3.5,1,1,3,1,0,53.0,52.0,45.0,11.0,24.0,35.0,5,0.0,0.0,0.0,0,0,1,1,1,1,1,1,1,1,0,0.0
ST000051,1,True,40,65,35,60,4,16,15,40,16.0,12.0,3.5,3.5,1,1,3,1,0,47.0,52.0,47.0,14.0,34.0,48.0,4,5.0,20.0,4.0,1,0,1,1,0,1,1,1,1,1,0,1.0
ST000051,1,True,40,65,35,60,4,16,15,40,16.0,12.0,3.5,3.5,1,1,3,1,0,40.0,44.0,28.0,11.0,36.0,47.0,4,5.0,20.0,4.0,1,0,1,1,0,1,1,1,1,1,0,1.0
ST000051,1,True,40,65,35,60,4,16,15,40,16.0,12.0,3.5,3.5,1,1,3,1,0,53.0,52.0,47.0,5.0,36.0,41.0,7,4.0,16.0,4.0,1,0,1,1,0,1,1,1,1,1,0,1.0
ST000052,0,True,80,95,75,90,18,28,45,65,16.0,16.0,8.25,8.25,0,0,2,1,0,91.0,89.0,82.0,21.0,62.0,83.0,1,9.0,36.0,4.0,1,1,1,1,0,0,0,0,0,0,0,1.0
ST000052,0,True,80,95,75,90,18,28,45,65,16.0,16.0,8.25,8.25,0,0,2,1,0,80.0,82.0,84.0,23.0,60.0,83.0,1,9.0,36.0,4.0,1,1,1,1,0,0,0,0,0,0,0,1.0
ST000052,0,True,80,95,75,90,18,28,45,65,16.0,16.0,8.25,8.25,0,0,2,1,0,81.0,84.0,76.0,28.0,45.0,73.0,0,8.0,32.0,4.0,1,1,1,1,0,0,0,0,0,0,0,1.0
ST000052,0,True,80,95,75,90,18,28,45,65,16.0,16.0,8.25,8.25,0,0,2,1,0,95.0,88.0,89.0,20.0,48.0,68.0,3,7.0,28.0,4.0,1,1,1,1,0,0,0,0,0,0,0,1.0
ST000053,1,True,40,65,35,60,4,16,15,40,12.0,8.0,3.67,3.67,1,1,3,1,0,56.0,58.0,45.0,9.0,28.0,37.0,5,0.0,0.0,0.0,0,0,1,1,1,1,1,1,1,1,0,0.0
ST000053,1,True,40,65,35,60,4,16,15,40,12.0,8.0,3.67,3.67,1,1,3,0,0,54.0,43.0,39.0,18.0,46.0,63.0,8,7.0,28.0,4.0,2,0,1,0,0,1,1,1,1,1,0,0.0
ST000053,1,True,40,65,35,60,4,16,15,40,12.0,8.0,3.67,3.67,1,1,3,1,0,55.0,57.0,48.0,15.0,40.0,55.0,2,6.0,24.0,4.0,1,0,1,1,0,1,1,1,1,1,0,1.0
ST000053,1,True,40,65,35,60,4,16,15,40,12.0,8.0,3.67,3.67,1,1,3,1,0,46.0,46.0,36.0,14.0,31.0,45.0,4,5.0,20.0,4.0,1,0,1,1,0,1,1,1,1,1,0,1.0
ST000054,1,True,65,85,60,80,10,24,30,58,16.0,16.0,7.25,7.25,0,0,2,1,0,81.0,73.0,68.0,24.0,54.0,78.0,0,8.0,32.0,4.0,1,1,1,1,0,0,0,0,0,0,0,1.0
ST000054,1,True,65,85,60,80,10,24,30,58,16.0,16.0,7.25,7.25,0,0,2,1,0,72.0,72.0,68.0,11.0,34.0,45.0,4,5.0,20.0,4.0,1,1,1,1,0,0,1,0,0,0,0,1.0
ST000054,1,True,65,85,60,80,10,24,30,58,16.0,16.0,7.25,7.25,0,0,2,1,0,79.0,65.0,65.0,15.0,57.0,72.0,0,8.0,32.0,4.0,1,1,1,1,0,0,0,0,0,0,0,1.0
ST000054,1,True,65,85,60,80,10,24,30,58,16.0,16.0,7.25,7.25,0,0,2,1,0,78.0,63.0,70.0,18.0,54.0,72.0,0,8.0,32.0,4.0,1,1,1,1,0,0,0,0,0,0,0,1.0
ST000055,0,True,20,50,20,45,0,12,0,30,12.0,0.0,0.0,0.0,3,3,0,1,1,38.0,24.0,29.0,6.0,28.0,34.0,5,0.0,0.0,0.0,0,0,1,1,1,1,1,1,1,1,1,0.0
ST000055,0,True,20,50,20,45,0,12,0,30,12.0,0.0,0.0,0.0,3,3,0,1,0,29.0,31.0,15.0,10.0,15.0,25.0,5,0.0,0.0,0.0,0,0,1,1,1,1,1,1,1,1,0,0.0
ST000055,0,True,20,50,20,45,0,12,0,30,12.0,0.0,0.0,0.0,3,3,0,1,1,50.0,44.0,35.0,6.0,8.0,14.0,5,0.0,0.0,0.0,0,0,1,1,1,1,1,1,1,1,1,0.0
ST000055,0,True,20,50,20,45,0,12,0,30,12.0,0.0,0.0,0.0,3,3,0,0,0,28.0,29.0,16.0,18.0,46.0,63.0,8,7.0,28.0,4.0,2,0,1,0,0,1,1,1,1,1,0,0.0
ST000056,0,True,65,85,60,80,10,24,30,58,16.0,16.0,6.75,6.75,0,0,2,1,0,83.0,78.0,78.0,14.0,53.0,67.0,3,7.0,28.0,4.0,1,1,1,1,0,0,0,0,0,0,0,1.0
ST000056,0,True,65,85,60,80,10,24,30,58,16.0,16.0,6.75,6.75,0,0,2,1,0,74.0,70.0,69.0,24.0,47.0,71.0,0,8.0,32.0,4.0,1,2,1,1,0,0,1,0,0,0,0,1.0
ST000056,0,True,65,85,60,80,10,24,30,58,16.0,16.0,6.75,6.75,0,0,2,1,1,74.0,69.0,66.0,13.0,41.0,54.0,2,6.0,24.0,4.0,1,2,1,1,0,0,1,0,0,0,1,1.0
ST000056,0,True,65,85,60,80,10,24,30,58,16.0,16.0,6.75,6.75,0,0,2,1,0,83.0,78.0,76.0,11.0,43.0,54.0,2,6.0,24.0,4.0,1,1,1,1,0,0,0,0,0,0,0,1.0
ST000057,0,True,65,85,60,80,10,24,30,58,16.0,16.0,6.75,6.75,0,0,2,1,0,67.0,67.0,65.0,11.0,37.0,48.0,4,5.0,20.0,4.0,1,2,1,1,0,0,1,0,0,0,0,1.0
ST000057,0,True,65,85,60,80,10,24,30,58,16.0,16.0,6.75,6.75,0,0,2,1,0,79.0,78.0,70.0,20.0,58.0,78.0,0,8.0,32.0,4.0,1,1,1,1,0,0,0,0,0,0,0,1.0
ST000057,0,True,65,85,60,80,10,24,30,58,16.0,16.0,6.75,6.75,0,0,2,1,0,75.0,66.0,74.0,10.0,56.0,66.0,3,7.0,28.0,4.0,1,2,1,1,0,0,0,0,0,0,0,1.0
ST000057,0,True,65,85,60,80,10,24,30,58,16.0,16.0,6.75,6.75,0,0,2,1,0,83.0,75.0,70.0,13.0,47.0,60.0,3,7.0,28.0,4.0,1,1,1,1,0,0,0,0,0,0,0,1.0
ST000058,0,True,65,85,60,80,10,24,30,58,16.0,16.0,6.75,6.75,0,0,2,1,0,84.0,70.0,70.0,11.0,47.0,58.0,2,6.0,24.0,4.0,1,1,1,1,0,0,0,0,0,0,0,1.0
ST000058,0,True,65,85,60,80,10,24,30,58,16.0,16.0,6.75,6.75,0,0,2,1,0,73.0,76.0,67.0,19.0,50.0,69.0,3,7.0,28.0,4.0,1,2,1,1,0,0,1,0,0,0,0,1.0
ST000058,0,True,65,85,60,80,10,24,30,58,16.0,16.0,6.75,6.75,0,0,2,1,0,79.0,62.0,66.0,19.0,42.0,61.0,3,7.0,28.0,4.0,1,2,1,1,0,0,0,0,0,0,0,1.0
ST000058,0,True,65,85,60,80,10,24,30,58,16.0,16.0,6.75,6.75,0,0,2,1,0,78.0,74.0,63.0,22.0,47.0,69.0,3,7.0,28.0,4.0,1,2,1,1,0,0,0,0,0,0,0,1.0
ST000059,0,True,55,75,50,70,8,20,25,50,12.0,12.0,4.33,4.33,0,0,2,1,0,73.0,58.0,63.0,9.0,39.0,48.0,4,5.0,20.0,4.0,1,2,1,1,0,0,1,1,0,1,0,1.0
ST000059,0,True,55,75,50,70,8,20,25,50,12.0,12.0,4.33,4.33,0,0,2,1,0,74.0,59.0,65.0,16.0,25.0,41.0,7,4.0,16.0,4.0,1,2,1,1,0,0,1,1,0,1,0,1.0
ST000059,0,True,55,75,50,70,8,20,25,50,12.0,12.0,4.33,4.33,0,0,2,1,0,68.0,51.0,55.0,15.0,25.0,40.0,7,4.0,16.0,4.0,1,2,1,1,0,0,1,1,0,1,0,1.0
ST000059,0,True,55,75,50,70,8,20,25,50,12.0,12.0,4.33,4.33,0,0,2,0,0,65.0,68.0,54.0,18.0,46.0,63.0,8,7.0,28.0,4.0,2,2,1,0,0,0,1,0,0,1,0,0.0
ST000060,1,True,80,95,75,90,18,28,45,65,16.0,16.0,8.25,8.25,0,0,2,1,0,80.0,77.0,78.0,21.0,54.0,75.0,0,8.0,32.0,4.0,1,1,1,1,0,0,0,0,0,0,0,1.0
ST000060,1,True,80,95,75,90,18,28,45,65,16.0,16.0,8.25,8.25,0,0,2,1,0,85.0,81.0,71.0,23.0,48.0,71.0,0,8.0,32.0,4.0,1,1,1,1,0,0,0,0,0,0,0,1.0
ST000060,1,True,80,95,75,90,18,28,45,65,16.0,16.0,8.25,8.25,0,0,2,1,0,83.0,86.0,70.0,26.0,49.0,75.0,0,8.0,32.0,4.0,1,1,1,1,0,0,0,0,0,0,0,1.0
ST000060,1,True,80,95,75,90,18,28,45,65,16.0,16.0,8.25,8.25,0,0,2,1,0,85.0,88.0,79.0,24.0,65.0,89.0,1,9.0,36.0,4.0,1,1,1,1,0,0,0,0,0,0,0,1.0
ST000061,0,True,90,100,90,100,24,30,55,70,16.0,16.0,9.25,9.25,0,0,2,1,0,100.0,100.0,85.0,27.0,56.0,83.0,1,9.0,36.0,4.0,1,1,1,1,0,0,0,0,0,0,0,1.0
ST000061,0,True,90,100,90,100,24,30,55,70,16.0,16.0,9.25,9.25,0,0,2,1,0,91.0,91.0,94.0,30.0,57.0,87.0,1,9.0,36.0,4.0,1,1,1,1,0,0,0,0,0,0,0,1.0
ST000061,0,True,90,100,90,100,24,30,55,70,16.0,16.0,9.25,9.25,0,0,2,1,0,93.0,96.0,100.0,29.0,68.0,97.0,6,10.0,40.0,4.0,1,1,1,1,0,0,0,0,0,0,0,1.0
ST000061,0,True,90,100,90,100,24,30,55,70,16.0,16.0,9.25,9.25,0,0,2,1,0,95.0,96.0,89.0,28.0,60.0,88.0,1,9.0,36.0,4.0,1,1,1,1,0,0,0,0,0,0,0,1.0
ST000062,1,True,40,65,35,60,4,16,15,40,16.0,4.0,1.5,1.5,3,3,0,1,0,50.0,55.0,42.0,13.0,22.0,35.0,5,0.0,0.0,0.0,0,0,1,1,1,1,1,1,1,1,0,0.0
ST000062,1,True,40,65,35,60,4,16,15,40,16.0,4.0,1.5,1.5,3,3,0,1,0,65.0,58.0,50.0,16.0,36.0,52.0,2,6.0,24.0,4.0,1,0,1,1,0,1,1,1,0,1,0,1.0
ST000062,1,True,40,65,35,60,4,16,15,40,16.0,4.0,1.5,1.5,3,3,0,1,0,40.0,43.0,43.0,16.0,21.0,37.0,5,0.0,0.0,0.0,0,0,1,1,1,1,1,1,1,1,0,0.0
ST000062,1,True,40,65,35,60,4,16,15,40,16.0,4.0,1.5,1.5,3,3,0,1,0,51.0,43.0,45.0,5.0,19.0,24.0,5,0.0,0.0,0.0,0,0,1,1,1,1,1,1,1,1,0,0.0
ST000063,0,True,80,95,75,90,18,28,45,65,12.0,12.0,8.0,8.0,0,0,2,0,0,81.0,76.0,71.0,18.0,46.0,63.0,8,7.0,28.0,4.0,2,1,1,0,0,0,0,0,0,0,0,0.0
ST000063,0,True,80,95,75,90,18,28,45,65,12.0,12.0,8.0,8.0,0,0,2,1,0,84.0,85.0,87.0,19.0,51.0,70.0,0,8.0,32.0,4.0,1,1,1,1,0,0,0,0,0,0,0,1.0
ST000063,0,True,80,95,75,90,18,28,45,65,12.0,12.0,8.0,8.0,0,0,2,1,0,86.0,88.0,82.0,21.0,52.0,73.0,0,8.0,32.0,4.0,1,1,1,1,0,0,0,0,0,0,0,1.0
ST000063,0,True,80,95,75,90,18,28,45,65,12.0,12.0,8.0,8.0,0,0,2,1,0,88.0,81.0,74.0,24.0,54.0,78.0,0,8.0,32.0,4.0,1,1,1,1,0,0,0,0,0,0,0,1.0
ST000064,0,True,65,85,60,80,10,24,30,58,16.0,16.0,7.0,7.0,0,0,2,1,0,79.0,60.0,66.0,16.0,57.0,73.0,0,8.0,32.0,4.0,1,2,1,1,0,0,0,0,0,0,0,1.0
ST000064,0,True,65,85,60,80,10,24,30,58,16.0,16.0,7.0,7.0,0,0,2,1,0,83.0,63.0,75.0,10.0,52.0,62.0,3,7.0,28.0,4.0,1,1,1,1,0,0,0,0,0,0,0,1.0
ST000064,0,True,65,85,60,80,10,24,30,58,16.0,16.0,7.0,7.0,0,0,2,1,0,80.0,61.0,72.0,17.0,47.0,64.0,3,7.0,28.0,4.0,1,1,1,1,0,0,0,0,0,0,0,1.0
ST000064,0,True,65,85,60,80,10,24,30,58,16.0,16.0,7.0,7.0,0,0,2,1,0,72.0,75.0,72.0,12.0,40.0,52.0,2,6.0,24.0,4.0,1,1,1,1,0,0,1,0,0,0,0,1.0
ST000065,1,True,40,65,35,60,4,16,15,40,12.0,8.0,3.0,3.0,1,1,3,1,0,54.0,55.0,47.0,7.0,21.0,28.0,5,0.0,0.0,0.0,0,0,1,1,1,1,1,1,1,1,0,0.0
ST000065,1,True,40,65,35,60,4,16,15,40,12.0,8.0,3.0,3.0,1,1,3,1,1,55.0,43.0,43.0,13.0,30.0,43.0,7,4.0,16.0,4.0,1,0,1,1,0,1,1,1,1,1,1,1.0
ST000065,1,True,40,65,35,60,4,16,15,40,12.0,8.0,3.0,3.0,1,1,3,0,0,64.0,49.0,49.0,18.0,46.0,63.0,8,7.0,28.0,4.0,2,0,1,0,0,1,1,1,1,1,0,0.0
ST000065,1,True,40,65,35,60,4,16,15,40,12.0,8.0,3.0,3.0,1,1,3,1,0,56.0,42.0,50.0,11.0,34.0,45.0,4,5.0,20.0,4.0,1,0,1,1,0,1,1,1,0,1,0,1.0
ST000066,1,True,55,75,50,70,8,20,25,50,16.0,12.0,3.25,3.25,1,1,3,1,0,60.0,65.0,63.0,8.0,39.0,47.0,4,5.0,20.0,4.0,1,0,1,1,0,1,1,0,0,1,0,1.0
ST000066,1,True,55,75,50,70,8,20,25,50,16.0,12.0,3.25,3.25,1,1,3,1,0,71.0,61.0,56.0,17.0,26.0,43.0,7,4.0,16.0,4.0,1,0,1,1,0,1,1,0,0,1,0,1.0
ST000066,1,True,55,75,50,70,8,20,25,50,16.0,12.0,3.25,3.25,1,1,3,1,0,74.0,69.0,62.0,8.0,28.0,36.0,5,0.0,0.0,0.0,0,2,1,1,1,1,1,0,0,1,0,0.0
ST000066,1,True,55,75,50,70,8,20,25,50,16.0,12.0,3.25,3.25,1,1,3,1,0,60.0,53.0,52.0,14.0,29.0,43.0,7,4.0,16.0,4.0,1,0,1,1,0,1,1,1,0,1,0,1.0
ST000067,1,True,40,65,35,60,4,16,15,40,16.0,0.0,0.0,0.0,4,4,0,1,0,41.0,44.0,31.0,4.0,30.0,34.0,5,0.0,0.0,0.0,0,0,1,1,1,1,1,1,1,1,0,0.0
ST000067,1,True,40,65,35,60,4,16,15,40,16.0,0.0,0.0,0.0,4,4,0,1,0,51.0,54.0,49.0,7.0,19.0,26.0,5,0.0,0.0,0.0,0,0,1,1,1,1,1,1,1,1,0,0.0
ST000067,1,True,40,65,35,60,4,16,15,40,16.0,0.0,0.0,0.0,4,4,0,1,0,61.0,58.0,49.0,9.0,30.0,39.0,5,0.0,0.0,0.0,0,0,1,1,1,1,1,1,1,1,0,0.0
ST000067,1,True,40,65,35,60,4,16,15,40,16.0,0.0,0.0,0.0,4,4,0,1,1,58.0,40.0,48.0,7.0,20.0,27.0,5,0.0,0.0,0.0,0,0,1,1,1,1,1,1,1,1,1,0.0
ST000068,1,True,65,85,60,80,10,24,30,58,16.0,16.0,7.25,7.25,0,0,2,1,1,81.0,67.0,74.0,21.0,54.0,75.0,0,8.0,32.0,4.0,1,2,1,1,0,0,0,0,0,0,1,1.0
ST000068,1,True,65,85,60,80,10,24,30,58,16.0,16.0,7.25,7.25,0,0,2,1,0,80.0,77.0,71.0,17.0,56.0,73.0,0,8.0,32.0,4.0,1,1,1,1,0,0,0,0,0,0,0,1.0
ST000068,1,True,65,85,60,80,10,24,30,58,16.0,16.0,7.25,7.25,0,0,2,1,0,65.0,61.0,74.0,19.0,43.0,62.0,3,7.0,28.0,4.0,1,2,1,1,0,0,1,0,0,0,0,1.0
ST000068,1,True,65,85,60,80,10,24,30,58,16.0,16.0,7.25,7.25,0,0,2,1,0,78.0,74.0,80.0,10.0,41.0,51.0,2,6.0,24.0,4.0,1,1,1,1,0,0,0,0,0,0,0,1.0
ST000069,0,True,80,95,75,90,18,28,45,65,16.0,16.0,8.75,8.75,0,0,2,1,0,93.0,85.0,78.0,23.0,45.0,68.0,3,7.0,28.0,4.0,1,1,1,1,0,0,0,0,0,0,0,1.0
ST000069,0,True,80,95,75,90,18,28,45,65,16.0,16.0,8.75,8.75,0,0,2,1,0,94.0,79.0,84.0,18.0,62.0,80.0,1,9.0,36.0,4.0,1,1,1,1,0,0,0,0,0,0,0,1.0
ST000069,0,True,80,95,75,90,18,28,45,65,16.0,16.0,8.75,8.75,0,0,2,1,0,90.0,80.0,79.0,26.0,65.0,91.0,6,10.0,40.0,4.0,1,1,1,1,0,0,0,0,0,0,0,1.0
ST000069,0,True,80,95,75,90,18,28,45,65,16.0,16.0,8.75,8.75,0,0,2,1,0,90.0,90.0,91.0,28.0,52.0,80.0,1,9.0,36.0,4.0,1,1,1,1,0,0,0,0,0,0,0,1.0
ST000070,1,True,90,100,90,100,24,30,55,70,16.0,16.0,9.5,9.5,0,0,2,1,0,98.0,96.0,100.0,30.0,70.0,100.0,6,10.0,40.0,4.0,1,1,1,1,0,0,0,0,0,0,0,1.0
ST000070,1,True,90,100,90,100,24,30,55,70,16.0,16.0,9.5,9.5,0,0,2,1,0,91.0,94.0,99.0,28.0,70.0,98.0,6,10.0,40.0,4.0,1,1,1,1,0,0,0,0,0,0,0,1.0
ST000070,1,True,90,100,90,100,24,30,55,70,16.0,16.0,9.5,9.5,0,0,2,1,0,91.0,90.0,85.0,26.0,59.0,85.0,1,9.0,36.0,4.0,1,1,1,1,0,0,0,0,0,0,0,1.0
ST000070,1,True,90,100,90,100,24,30,55,70,16.0,16.0,9.5,9.5,0,0,2,1,0,99.0,100.0,96.0,24.0,56.0,80.0,1,9.0,36.0,4.0,1,1,1,1,0,0,0,0,0,0,0,1.0
ST000071,1,True,65,85,60,80,10,24,30,58,16.0,16.0,5.5,5.5,0,0,2,1,0,70.0,74.0,59.0,13.0,30.0,43.0,7,4.0,16.0,4.0,1,2,1,1,0,0,1,0,0,1,0,1.0
ST000071,1,True,65,85,60,80,10,24,30,58,16.0,16.0,5.5,5.5,0,0,2,1,0,68.0,61.0,69.0,10.0,46.0,56.0,2,6.0,24.0,4.0,1,2,1,1,0,0,1,0,0,1,0,1.0
ST000071,1,True,65,85,60,80,10,24,30,58,16.0,16.0,5.5,5.5,0,0,2,1,0,81.0,69.0,75.0,18.0,42.0,60.0,3,7.0,28.0,4.0,1,2,1,1,0,0,0,0,0,1,0,1.0
ST000071,1,True,65,85,60,80,10,24,30,58,16.0,16.0,5.5,5.5,0,0,2,1,0,70.0,74.0,59.0,13.0,32.0,45.0,4,5.0,20.0,4.0,1,2,1,1,0,0,1,0,0,1,0,1.0
ST000072,1,True,80,95,75,90,18,28,45,65,16.0,16.0,8.5,8.5,0,0,2,1,0,83.0,76.0,89.0,26.0,53.0,79.0,0,8.0,32.0,4.0,1,1,1,1,0,0,0,0,0,0,0,1.0
ST000072,1,True,80,95,75,90,18,28,45,65,16.0,16.0,8.5,8.5,0,0,2,1,0,89.0,82.0,75.0,26.0,53.0,79.0,0,8.0,32.0,4.0,1,1,1,1,0,0,0,0,0,0,0,1.0
ST000072,1,True,80,95,75,90,18,28,45,65,16.0,16.0,8.5,8.5,0,0,2,1,0,95.0,88.0,84.0,24.0,59.0,83.0,1,9.0,36.0,4.0,1,1,1,1,0,0,0,0,0,0,0,1.0
ST000072,1,True,80,95,75,90,18,28,45,65,16.0,16.0,8.5,8.5,0,0,2,1,0,86.0,76.0,82.0,20.0,63.0,83.0,1,9.0,36.0,4.0,1,1,1,1,0,0,0,0,0,0,0,1.0
ST000073,0,True,65,85,60,80,10,24,30,58,12.0,12.0,6.0,6.0,0,0,2,1,0,81.0,61.0,72.0,11.0,55.0,66.0,3,7.0,28.0,4.0,1,2,1,1,0,0,0,0,0,1,0,1.0
ST000073,0,True,65,85,60,80,10,24,30,58,12.0,12.0,6.0,6.0,0,0,2,0,0,80.0,69.0,72.0,18.0,46.0,63.0,8,7.0,28.0,4.0,2,2,1,0,0,0,0,0,0,1,0,0.0
ST000073,0,True,65,85,60,80,10,24,30,58,12.0,12.0,6.0,6.0,0,0,2,1,0,67.0,68.0,68.0,13.0,36.0,49.0,4,5.0,20.0,4.0,1,2,1,1,0,0,1,0,0,1,0,1.0
ST000073,0,True,65,85,60,80,10,24,30,58,12.0,12.0,6.0,6.0,0,0,2,1,0,69.0,62.0,60.0,11.0,41.0,52.0,2,6.0,24.0,4.0,1,2,1,1,0,0,1,0,0,1,0,1.0
ST000074,0,True,65,85,60,80,10,24,30,58,16.0,16.0,6.25,6.25,0,0,2,1,0,83.0,76.0,70.0,10.0,57.0,67.0,3,7.0,28.0,4.0,1,1,1,1,0,0,0,0,0,1,0,1.0
ST000074,0,True,65,85,60,80,10,24,30,58,16.0,16.0,6.25,6.25,0,0,2,1,0,84.0,64.0,79.0,11.0,39.0,50.0,2,6.0,24.0,4.0,1,1,1,1,0,0,0,0,0,1,0,1.0
ST000074,0,True,65,85,60,80,10,24,30,58,16.0,16.0,6.25,6.25,0,0,2,1,0,70.0,73.0,64.0,10.0,37.0,47.0,4,5.0,20.0,4.0,1,2,1,1,0,0,1,0,0,1,0,1.0
ST000074,0,True,65,85,60,80,10,24,30,58,16.0,16.0,6.25,6.25,0,0,2,1,0,83.0,69.0,80.0,11.0,54.0,65.0,3,7.0,28.0,4.0,1,1,1,1,0,0,0,0,0,1,0,1.0
ST000075,0,True,65,85,60,80,10,24,30,58,16.0,16.0,6.25,6.25,0,0,2,1,1,65.0,65.0,51.0,14.0,55.0,69.0,3,7.0,28.0,4.0,1,2,1,1,0,0,1,0,0,1,1,1.0
ST000075,0,True,65,85,60,80,10,24,30,58,16.0,16.0,6.25,6.25,0,0,2,1,0,77.0,64.0,66.0,15.0,41.0,56.0,2,6.0,24.0,4.0,1,2,1,1,0,0,0,0,0,1,0,1.0
ST000075,0,True,65,85,60,80,10,24,30,58,16.0,16.0,6.25,6.25,0,0,2,1,0,84.0,64.0,80.0,12.0,42.0,54.0,2,6.0,24.0,4.0,1,1,1,1,0,0,0,0,0,1,0,1.0
ST000075,0,True,65,85,60,80,10,24,30,58,16.0,16.0,6.25,6.25,0,0,2,1,0,75.0,79.0,71.0,17.0,38.0,55.0,2,6.0,24.0,4.0,1,2,1,1,0,0,0,0,0,1,0,1.0
ST000076,0,True,65,85,60,80,10,24,30,58,16.0,16.0,6.0,6.0,0,0,2,1,0,73.0,65.0,72.0,20.0,35.0,55.0,2,6.0,24.0,4.0,1,2,1,1,0,0,1,0,0,1,0,1.0
ST000076,0,True,65,85,60,80,10,24,30,58,16.0,16.0,6.0,6.0,0,0,2,1,0,68.0,65.0,76.0,17.0,30.0,47.0,4,5.0,20.0,4.0,1,2,1,1,0,0,1,0,0,1,0,1.0
ST000076,0,True,65,85,60,80,10,24,30,58,16.0,16.0,6.0,6.0,0,0,2,1,0,79.0,77.0,76.0,17.0,31.0,48.0,4,5.0,20.0,4.0,1,2,1,1,0,0,0,0,0,1,0,1.0
ST000076,0,True,65,85,60,80,10,24,30,58,16.0,16.0,6.0,6.0,0,0,2,1,0,74.0,74.0,73.0,15.0,56.0,71.0,0,8.0,32.0,4.0,1,2,1,1,0,0,1,0,0,1,0,1.0
ST000077,0,True,55,75,50,70,8,20,25,50,16.0,8.0,2.75,2.75,2,2,3,1,0,72.0,54.0,65.0,8.0,30.0,38.0,5,0.0,0.0,0.0,0,0,1,1,1,1,1,1,0,1,0,0.0
ST000077,0,True,55,75,50,70,8,20,25,50,16.0,8.0,2.75,2.75,2,2,3,1,0,73.0,63.0,60.0,10.0,28.0,38.0,5,0.0,0.0,0.0,0,0,1,1,1,1,1,0,0,1,0,0.0
ST000077,0,True,55,75,50,70,8,20,25,50,16.0,8.0,2.75,2.75,2,2,3,1,0,63.0,62.0,61.0,16.0,34.0,50.0,2,6.0,24.0,4.0,1,0,1,1,0,1,1,0,0,1,0,1.0
ST000077,0,True,55,75,50,70,8,20,25,50,16.0,8.0,2.75,2.75,2,2,3,1,0,64.0,69.0,54.0,20.0,29.0,49.0,4,5.0,20.0,4.0,1,0,1,1,0,1,1,0,0,1,0,1.0
ST000078,1,True,40,65,35,60,4,16,15,40,16.0,4.0,1.25,1.25,3,3,0,1,0,61.0,54.0,48.0,6.0,18.0,24.0,5,0.0,0.0,0.0,0,0,1,1,1,1,1,1,1,1,0,0.0
ST000078,1,True,40,65,35,60,4,16,15,40,16.0,4.0,1.25,1.25,3,3,0,1,0,53.0,40.0,46.0,11.0,28.0,39.0,5,0.0,0.0,0.0,0,0,1,1,1,1,1,1,1,1,0,0.0
ST000078,1,True,40,65,35,60,4,16,15,40,16.0,4.0,1.25,1.25,3,3,0,1,0,41.0,36.0,39.0,9.0,21.0,30.0,5,0.0,0.0,0.0,0,0,1,1,1,1,1,1,1,1,0,0.0
ST000078,1,True,40,65,35,60,4,16,15,40,16.0,4.0,1.25,1.25,3,3,0,1,0,47.0,44.0,44.0,13.0,34.0,47.0,4,5.0,20.0,4.0,1,0,1,1,0,1,1,1,1,1,0,1.0
ST000079,1,True,20,50,20,45,0,12,0,30,16.0,0.0,0.0,0.0,4,4,0,1,0,32.0,31.0,18.0,2.0,13.0,15.0,5,0.0,0.0,0.0,0,0,1,1,1,1,1,1,1,1,0,0.0
ST000079,1,True,20,50,20,45,0,12,0,30,16.0,0.0,0.0,0.0,4,4,0,1,0,30.0,20.0,24.0,8.0,19.0,27.0,5,0.0,0.0,0.0,0,0,1,1,1,1,1,1,1,1,0,0.0
ST000079,1,True,20,50,20,45,0,12,0,30,16.0,0.0,0.0,0.0,4,4,0,1,0,31.0,30.0,27.0,2.0,6.0,8.0,5,0.0,0.0,0.0,0,0,1,1,1,1,1,1,1,1,0,0.0
ST000079,1,True,20,50,20,45,0,12,0,30,16.0,0.0,0.0,0.0,4,4,0,1,1,31.0,27.0,19.0,5.0,15.0,20.0,5,0.0,0.0,0.0,0,0,1,1,1,1,1,1,1,1,1,0.0
ST000080,1,True,80,95,75,90,18,28,45,65,16.0,16.0,7.75,7.75,0,0,2,1,0,83.0,81.0,81.0,24.0,48.0,72.0,0,8.0,32.0,4.0,1,1,1,1,0,0,0,0,0,0,0,1.0
ST000080,1,True,80,95,75,90,18,28,45,65,16.0,16.0,7.75,7.75,0,0,2,1,0,82.0,80.0,84.0,28.0,49.0,77.0,0,8.0,32.0,4.0,1,1,1,1,0,0,0,0,0,0,0,1.0
ST000080,1,True,80,95,75,90,18,28,45,65,16.0,16.0,7.75,7.75,0,0,2,1,0,88.0,86.0,84.0,27.0,52.0,79.0,0,8.0,32.0,4.0,1,1,1,1,0,0,0,0,0,0,0,1.0
ST000080,1,True,80,95,75,90,18,28,45,65,16.0,16.0,7.75,7.75,0,0,2,1,0,94.0,82.0,80.0,24.0,45.0,69.0,3,7.0,28.0,4.0,1,1,1,1,0,0,0,0,0,0,0,1.0
ST000081,0,True,40,65,35,60,4,16,15,40,16.0,8.0,2.5,2.5,2,2,3,1,1,54.0,59.0,42.0,4.0,16.0,20.0,5,0.0,0.0,0.0,0,0,1,1,1,1,1,1,1,1,1,0.0
ST000081,0,True,40,65,35,60,4,16,15,40,16.0,8.0,2.5,2.5,2,2,3,1,0,64.0,54.0,50.0,13.0,39.0,52.0,2,6.0,24.0,4.0,1,0,1,1,0,1,1,1,0,1,0,1.0
ST000081,0,True,40,65,35,60,4,16,15,40,16.0,8.0,2.5,2.5,2,2,3,1,0,51.0,56.0,49.0,13.0,25.0,38.0,5,0.0,0.0,0.0,0,0,1,1,1,1,1,1,1,1,0,0.0
ST000081,0,True,40,65,35,60,4,16,15,40,16.0,8.0,2.5,2.5,2,2,3,1,0,49.0,47.0,35.0,10.0,31.0,41.0,7,4.0,16.0,4.0,1,0,1,1,0,1,1,1,1,1,0,1.0
ST000082,1,True,65,85,60,80,10,24,30,58,16.0,16.0,6.5,6.5,0,0,2,1,0,83.0,77.0,79.0,14.0,52.0,66.0,3,7.0,28.0,4.0,1,1,1,1,0,0,0,0,0,0,0,1.0
ST000082,1,True,65,85,60,80,10,24,30,58,16.0,16.0,6.5,6.5,0,0,2,1,0,71.0,61.0,74.0,24.0,33.0,57.0,2,6.0,24.0,4.0,1,2,1,1,0,0,1,0,0,0,0,1.0
ST000082,1,True,65,85,60,80,10,24,30,58,16.0,16.0,6.5,6.5,0,0,2,1,0,68.0,68.0,62.0,19.0,40.0,59.0,2,6.0,24.0,4.0,1,2,1,1,0,0,1,0,0,0,0,1.0
ST000082,1,True,65,85,60,80,10,24,30,58,16.0,16.0,6.5,6.5,0,0,2,1,0,68.0,69.0,55.0,19.0,46.0,65.0,3,7.0,28.0,4.0,1,2,1,1,0,0,1,0,0,0,0,1.0
ST000083,1,True,65,85,60,80,10,24,30,58,16.0,16.0,7.25,7.25,0,0,2,1,0,71.0,69.0,80.0,17.0,55.0,72.0,0,8.0,32.0,4.0,1,1,1,1,0,0,1,0,0,0,0,1.0
ST000083,1,True,65,85,60,80,10,24,30,58,16.0,16.0,7.25,7.25,0,0,2,1,0,79.0,80.0,65.0,24.0,49.0,73.0,0,8.0,32.0,4.0,1,1,1,1,0,0,0,0,0,0,0,1.0
ST000083,1,True,65,85,60,80,10,24,30,58,16.0,16.0,7.25,7.25,0,0,2,1,0,73.0,64.0,62.0,11.0,56.0,67.0,3,7.0,28.0,4.0,1,2,1,1,0,0,1,0,0,0,0,1.0
ST000083,1,True,65,85,60,80,10,24,30,58,16.0,16.0,7.25,7.25,0,0,2,1,0,71.0,68.0,75.0,21.0,30.0,51.0,2,6.0,24.0,4.0,1,1,1,1,0,0,1,0,0,0,0,1.0
ST000084,0,True,80,95,75,90,18,28,45,65,16.0,16.0,8.25,8.25,0,0,2,1,0,81.0,75.0,84.0,20.0,53.0,73.0,0,8.0,32.0,4.0,1,1,1,1,0,0,0,0,0,0,0,1.0
ST000084,0,True,80,95,75,90,18,28,45,65,16.0,16.0,8.25,8.25,0,0,2,1,0,87.0,83.0,84.0,22.0,65.0,87.0,1,9.0,36.0,4.0,1,1,1,1,0,0,0,0,0,0,0,1.0
ST000084,0,True,80,95,75,90,18,28,45,65,16.0,16.0,8.25,8.25,0,0,2,1,0,83.0,87.0,75.0,20.0,46.0,66.0,3,7.0,28.0,4.0,1,1,1,1,0,0,0,0,0,0,0,1.0
ST000084,0,True,80,95,75,90,18,28,45,65,16.0,16.0,8.25,8.25,0,0,2,1,0,85.0,89.0,82.0,24.0,65.0,89.0,1,9.0,36.0,4.0,1,1,1,1,0,0,0,0,0,0,0,1.0
ST000085,1,True,80,95,75,90,18,28,45,65,16.0,16.0,8.25,8.25,0,0,2,1,0,88.0,89.0,84.0,27.0,51.0,78.0,0,8.0,32.0,4.0,1,1,1,1,0,0,0,0,0,0,0,1.0
ST000085,1,True,80,95,75,90,18,28,45,65,16.0,16.0,8.25,8.25,0,0,2,1,0,81.0,80.0,78.0,20.0,52.0,72.0,0,8.0,32.0,4.0,1,1,1,1,0,0,0,0,0,0,0,1.0
ST000085,1,True,80,95,75,90,18,28,45,65,16.0,16.0,8.25,8.25,0,0,2,1,0,90.0,75.0,78.0,23.0,60.0,83.0,1,9.0,36.0,4.0,1,1,1,1,0,0,0,0,0,0,0,1.0
ST000085,1,True,80,95,75,90,18,28,45,65,16.0,16.0,8.25,8.25,0,0,2,1,0,85.0,85.0,82.0,25.0,47.0,72.0,0,8.0,32.0,4.0,1,1,1,1,0,0,0,0,0,0,0,1.0
ST000086,1,True,65,85,60,80,10,24,30,58,16.0,16.0,7.0,7.0,0,0,2,1,0,83.0,78.0,75.0,16.0,34.0,50.0,2,6.0,24.0,4.0,1,1,1,1,0,0,0,0,0,0,0,1.0
ST000086,1,True,65,85,60,80,10,24,30,58,16.0,16.0,7.0,7.0,0,0,2,1,0,85.0,73.0,71.0,21.0,57.0,78.0,0,8.0,32.0,4.0,1,1,1,1,0,0,0,0,0,0,0,1.0
ST000086,1,True,65,85,60,80,10,24,30,58,16.0,16.0,7.0,7.0,0,0,2,1,0,79.0,69.0,76.0,16.0,53.0,69.0,3,7.0,28.0,4.0,1,1,1,1,0,0,0,0,0,0,0,1.0
ST000086,1,True,65,85,60,80,10,24,30,58,16.0,16.0,7.0,7.0,0,0,2,1,0,68.0,60.0,78.0,15.0,47.0,62.0,3,7.0,28.0,4.0,1,2,1,1,0,0,1,0,0,0,0,1.0
ST000087,0,True,90,100,90,100,24,30,55,70,16.0,16.0,9.5,9.5,0,0,2,1,0,95.0,90.0,94.0,25.0,70.0,95.0,6,10.0,40.0,4.0,1,1,1,1,0,0,0,0,0,0,0,1.0
ST000087,0,True,90,100,90,100,24,30,55,70,16.0,16.0,9.5,9.5,0,0,2,1,0,92.0,94.0,94.0,24.0,55.0,79.0,0,8.0,32.0,4.0,1,1,1,1,0,0,0,0,0,0,0,1.0
ST000087,0,True,90,100,90,100,24,30,55,70,16.0,16.0,9.5,9.5,0,0,2,1,0,98.0,92.0,95.0,30.0,64.0,94.0,6,10.0,40.0,4.0,1,1,1,1,0,0,0,0,0,0,0,1.0
ST000087,0,True,90,100,90,100,24,30,55,70,16.0,16.0,9.5,9.5,0,0,2,1,0,91.0,94.0,94.0,27.0,66.0,93.0,6,10.0,40.0,4.0,1,1,1,1,0,0,0,0,0,0,0,1.0
ST000088,0,True,90,100,90,100,24,30,55,70,16.0,16.0,9.25,9.25,0,0,2,1,0,90.0,95.0,99.0,25.0,68.0,93.0,6,10.0,40.0,4.0,1,1,1,1,0,0,0,0,0,0,0,1.0
ST000088,0,True,90,100,90,100,24,30,55,70,16.0,16.0,9.25,9.25,0,0,2,1,0,98.0,98.0,100.0,24.0,59.0,83.0,1,9.0,36.0,4.0,1,1,1,1,0,0,0,0,0,0,0,1.0
ST000088,0,True,90,100,90,100,24,30,55,70,16.0,16.0,9.25,9.25,0,0,2,1,0,92.0,96.0,98.0,24.0,62.0,86.0,1,9.0,36.0,4.0,1,1,1,1,0,0,0,0,0,0,0,1.0
ST000088,0,True,90,100,90,100,24,30,55,70,16.0,16.0,9.25,9.25,0,0,2,1,0,99.0,98.0,88.0,26.0,55.0,81.0,1,9.0,36.0,4.0,1,1,1,1,0,0,0,0,0,0,0,1.0
ST000089,1,True,20,50,20,45,0,12,0,30,8.0,0.0,0.0,0.0,2,2,3,1,0,32.0,31.0,22.0,4.0,21.0,25.0,5,0.0,0.0,0.0,0,0,1,1,1,1,1,1,1,1,0,0.0
ST000089,1,True,20,50,20,45,0,12,0,30,8.0,0.0,0.0,0.0,2,2,3,1,0,20.0,21.0,26.0,4.0,12.0,16.0,5,0.0,0.0,0.0,0,0,1,1,1,1,1,1,1,1,0,0.0
ST000089,1,True,20,50,20,45,0,12,0,30,8.0,0.0,0.0,0.0,2,2,3,0,0,33.0,28.0,29.0,18.0,46.0,63.0,8,7.0,28.0,4.0,2,0,1,0,0,1,1,1,1,1,0,0.0
ST000089,1,True,20,50,20,45,0,12,0,30,8.0,0.0,0.0,0.0,2,2,3,0,0,48.0,33.0,34.0,18.0,46.0,63.0,8,7.0,28.0,4.0,2,0,1,0,0,1,1,1,1,1,0,0.0
ST000090,1,True,65,85,60,80,10,24,30,58,16.0,16.0,6.5,6.5,0,0,2,1,0,66.0,67.0,75.0,11.0,39.0,50.0,2,6.0,24.0,4.0,1,2,1,1,0,0,1,0,0,0,0,1.0
ST000090,1,True,65,85,60,80,10,24,30,58,16.0,16.0,6.5,6.5,0,0,2,1,0,76.0,71.0,66.0,22.0,47.0,69.0,3,7.0,28.0,4.0,1,2,1,1,0,0,0,0,0,0,0,1.0
ST000090,1,True,65,85,60,80,10,24,30,58,16.0,16.0,6.5,6.5,0,0,2,1,0,74.0,62.0,59.0,14.0,40.0,54.0,2,6.0,24.0,4.0,1,2,1,1,0,0,1,0,0,0,0,1.0
ST000090,1,True,65,85,60,80,10,24,30,58,16.0,16.0,6.5,6.5,0,0,2,1,0,71.0,69.0,69.0,15.0,51.0,66.0,3,7.0,28.0,4.0,1,2,1,1,0,0,1,0,0,0,0,1.0
ST000091,0,True,65,85,60,80,10,24,30,58,16.0,16.0,6.75,6.75,0,0,2,1,0,80.0,80.0,76.0,14.0,47.0,61.0,3,7.0,28.0,4.0,1,1,1,1,0,0,0,0,0,0,0,1.0
ST000091,0,True,65,85,60,80,10,24,30,58,16.0,16.0,6.75,6.75,0,0,2,1,0,75.0,72.0,69.0,22.0,31.0,53.0,2,6.0,24.0,4.0,1,2,1,1,0,0,0,0,0,0,0,1.0
ST000091,0,True,65,85,60,80,10,24,30,58,16.0,16.0,6.75,6.75,0,0,2,1,0,76.0,67.0,76.0,10.0,56.0,66.0,3,7.0,28.0,4.0,1,1,1,1,0,0,0,0,0,0,0,1.0
ST000091,0,True,65,85,60,80,10,24,30,58,16.0,16.0,6.75,6.75,0,0,2,1,0,69.0,72.0,72.0,13.0,55.0,68.0,3,7.0,28.0,4.0,1,2,1,1,0,0,1,0,0,0,0,1.0
ST000092,0,True,80,95,75,90,18,28,45,65,12.0,12.0,8.67,8.67,0,0,2,0,0,82.0,79.0,77.0,18.0,46.0,63.0,8,7.0,28.0,4.0,2,1,1,0,0,0,0,0,0,0,0,0.0
ST000092,0,True,80,95,75,90,18,28,45,65,12.0,12.0,8.67,8.67,0,0,2,1,0,80.0,85.0,74.0,25.0,48.0,73.0,0,8.0,32.0,4.0,1,1,1,1,0,0,0,0,0,0,0,1.0
ST000092,0,True,80,95,75,90,18,28,45,65,12.0,12.0,8.67,8.67,0,0,2,1,0,83.0,78.0,75.0,28.0,62.0,90.0,6,10.0,40.0,4.0,1,1,1,1,0,0,0,0,0,0,0,1.0
ST000092,0,True,80,95,75,90,18,28,45,65,12.0,12.0,8.67,8.67,0,0,2,1,0,91.0,87.0,88.0,20.0,51.0,71.0,0,8.0,32.0,4.0,1,1,1,1,0,0,0,0,0,0,0,1.0
ST000093,0,True,55,75,50,70,8,20,25,50,12.0,12.0,6.0,6.0,0,0,2,0,0,60.0,60.0,59.0,18.0,46.0,63.0,8,7.0,28.0,4.0,2,2,1,0,0,0,1,0,0,1,0,0.0
ST000093,0,True,55,75,50,70,8,20,25,50,12.0,12.0,6.0,6.0,0,0,2,1,0,60.0,50.0,54.0,9.0,38.0,47.0,4,5.0,20.0,4.0,1,2,1,1,0,0,1,1,0,1,0,1.0
ST000093,0,True,55,75,50,70,8,20,25,50,12.0,12.0,6.0,6.0,0,0,2,1,0,59.0,56.0,58.0,17.0,50.0,67.0,3,7.0,28.0,4.0,1,2,1,1,0,0,1,1,0,1,0,1.0
ST000093,0,True,55,75,50,70,8,20,25,50,12.0,12.0,6.0,6.0,0,0,2,1,0,57.0,57.0,42.0,14.0,44.0,58.0,2,6.0,24.0,4.0,1,2,1,1,0,0,1,1,1,1,0,1.0
ST000094,0,True,80,95,75,90,18,28,45,65,16.0,16.0,8.75,8.75,0,0,2,1,0,84.0,83.0,74.0,19.0,50.0,69.0,3,7.0,28.0,4.0,1,1,1,1,0,0,0,0,0,0,0,1.0
ST000094,0,True,80,95,75,90,18,28,45,65,16.0,16.0,8.75,8.75,0,0,2,1,0,81.0,86.0,75.0,25.0,65.0,90.0,6,10.0,40.0,4.0,1,1,1,1,0,0,0,0,0,0,0,1.0
ST000094,0,True,80,95,75,90,18,28,45,65,16.0,16.0,8.75,8.75,0,0,2,1,0,83.0,84.0,80.0,27.0,63.0,90.0,6,10.0,40.0,4.0,1,1,1,1,0,0,0,0,0,0,0,1.0
ST000094,0,True,80,95,75,90,18,28,45,65,16.0,16.0,8.75,8.75,0,0,2,1,1,87.0,87.0,74.0,22.0,51.0,73.0,0,8.0,32.0,4.0,1,1,1,1,0,0,0,0,0,0,1,1.0
ST000095,1,True,20,50,20,45,0,12,0,30,12.0,4.0,1.33,1.33,2,2,3,1,0,43.0,25.0,34.0,12.0,30.0,42.0,7,4.0,16.0,4.0,1,0,1,1,0,1,1,1,1,1,0,1.0
ST000095,1,True,20,50,20,45,0,12,0,30,12.0,4.0,1.33,1.33,2,2,3,0,0,39.0,23.0,32.0,18.0,46.0,63.0,8,7.0,28.0,4.0,2,0,1,0,0,1,1,1,1,1,0,0.0
ST000095,1,True,20,50,20,45,0,12,0,30,12.0,4.0,1.33,1.33,2,2,3,1,1,37.0,33.0,31.0,8.0,24.0,32.0,5,0.0,0.0,0.0,0,0,1,1,1,1,1,1,1,1,1,0.0
ST000095,1,True,20,50,20,45,0,12,0,30,12.0,4.0,1.33,1.33,2,2,3,1,0,26.0,23.0,19.0,5.0,18.0,23.0,5,0.0,0.0,0.0,0,0,1,1,1,1,1,1,1,1,0,0.0
ST000096,0,True,65,85,60,80,10,24,30,58,16.0,16.0,6.75,6.75,0,0,2,1,0,82.0,68.0,70.0,14.0,57.0,71.0,0,8.0,32.0,4.0,1,1,1,1,0,0,0,0,0,0,0,1.0
ST000096,0,True,65,85,60,80,10,24,30,58,16.0,16.0,6.75,6.75,0,0,2,1,0,67.0,68.0,76.0,23.0,33.0,56.0,2,6.0,24.0,4.0,1,2,1,1,0,0,1,0,0,0,0,1.0
ST000096,0,True,65,85,60,80,10,24,30,58,16.0,16.0,6.75,6.75,0,0,2,1,1,79.0,75.0,76.0,16.0,42.0,58.0,2,6.0,24.0,4.0,1,2,1,1,0,0,0,0,0,0,1,1.0
ST000096,0,True,65,85,60,80,10,24,30,58,16.0,16.0,6.75,6.75,0,0,2,1,0,67.0,62.0,73.0,16.0,53.0,69.0,3,7.0,28.0,4.0,1,2,1,1,0,0,1,0,0,0,0,1.0
ST000097,1,True,80,95,75,90,18,28,45,65,16.0,16.0,7.75,7.75,0,0,2,1,0,88.0,85.0,85.0,26.0,54.0,80.0,1,9.0,36.0,4.0,1,1,1,1,0,0,0,0,0,0,0,1.0
ST000097,1,True,80,95,75,90,18,28,45,65,16.0,16.0,7.75,7.75,0,0,2,1,0,85.0,89.0,78.0,20.0,48.0,68.0,3,7.0,28.0,4.0,1,1,1,1,0,0,0,0,0,0,0,1.0
ST000097,1,True,80,95,75,90,18,28,45,65,16.0,16.0,7.75,7.75,0,0,2,1,0,89.0,89.0,76.0,19.0,53.0,72.0,0,8.0,32.0,4.0,1,1,1,1,0,0,0,0,0,0,0,1.0
ST000097,1,True,80,95,75,90,18,28,45,65,16.0,16.0,7.75,7.75,0,0,2,1,0,91.0,79.0,89.0,18.0,50.0,68.0,3,7.0,28.0,4.0,1,1,1,1,0,0,0,0,0,0,0,1.0
ST000098,0,True,65,85,60,80,10,24,30,58,16.0,16.0,6.0,6.0,0,0,2,1,0,74.0,70.0,63.0,12.0,30.0,42.0,7,4.0,16.0,4.0,1,2,1,1,0,0,1,0,0,1,0,1.0
ST000098,0,True,65,85,60,80,10,24,30,58,16.0,16.0,6.0,6.0,0,0,2,1,0,80.0,78.0,68.0,22.0,57.0,79.0,0,8.0,32.0,4.0,1,2,1,1,0,0,0,0,0,1,0,1.0
ST000098,0,True,65,85,60,80,10,24,30,58,16.0,16.0,6.0,6.0,0,0,2,1,0,69.0,67.0,64.0,15.0,30.0,45.0,4,5.0,20.0,4.0,1,2,1,1,0,0,1,0,0,1,0,1.0
ST000098,0,True,65,85,60,80,10,24,30,58,16.0,16.0,6.0,6.0,0,0,2,1,0,78.0,61.0,72.0,18.0,43.0,61.0,3,7.0,28.0,4.0,1,2,1,1,0,0,0,0,0,1,0,1.0
ST000099,0,True,20,50,20,45,0,12,0,30,12.0,0.0,0.0,0.0,3,3,0,0,0,41.0,42.0,28.0,18.0,46.0,63.0,8,7.0,28.0,4.0,2,0,1,0,0,1,1,1,1,1,0,0.0
ST000099,0,True,20,50,20,45,0,12,0,30,12.0,0.0,0.0,0.0,3,3,0,1,0,38.0,37.0,23.0,8.0,6.0,14.0,5,0.0,0.0,0.0,0,0,1,1,1,1,1,1,1,1,0,0.0
ST000099,0,True,20,50,20,45,0,12,0,30,12.0,0.0,0.0,0.0,3,3,0,1,1,29.0,26.0,30.0,1.0,21.0,22.0,5,0.0,0.0,0.0,0,0,1,1,1,1,1,1,1,1,1,0.0
ST000099,0,True,20,50,20,45,0,12,0,30,12.0,0.0,0.0,0.0,3,3,0,1,1,25.0,25.0,23.0,0.0,4.0,4.0,5,0.0,0.0,0.0,0,0,1,1,1,1,1,1,1,1,1,0.0
ST000100,0,True,55,75,50,70,8,20,25,50,12.0,12.0,5.67,5.67,0,0,2,1,0,68.0,62.0,65.0,12.0,40.0,52.0,2,6.0,24.0,4.0,1,2,1,1,0,0,1,0,0,1,0,1.0
ST000100,0,True,55,75,50,70,8,20,25,50,12.0,12.0,5.67,5.67,0,0,2,1,0,69.0,54.0,58.0,11.0,33.0,44.0,7,4.0,16.0,4.0,1,2,1,1,0,0,1,1,0,1,0,1.0
ST000100,0,True,55,75,50,70,8,20,25,50,12.0,12.0,5.67,5.67,0,0,2,1,0,72.0,60.0,62.0,16.0,49.0,65.0,3,7.0,28.0,4.0,1,2,1,1,0,0,1,0,0,1,0,1.0
ST000100,0,True,55,75,50,70,8,20,25,50,12.0,12.0,5.67,5.67,0,0,2,0,0,64.0,53.0,50.0,18.0,46.0,63.0,8,7.0,28.0,4.0,2,2,1,0,0,0,1,1,0,1,0,0.0
ST000101,1,True,65,85,60,80,10,24,30,58,16.0,16.0,6.5,6.5,0,0,2,1,0,66.0,66.0,54.0,14.0,34.0,48.0,4,5.0,20.0,4.0,1,2,1,1,0,0,1,0,0,0,0,1.0
ST000101,1,True,65,85,60,80,10,24,30,58,16.0,16.0,6.5,6.5,0,0,2,1,0,70.0,71.0,65.0,24.0,46.0,70.0,0,8.0,32.0,4.0,1,2,1,1,0,0,1,0,0,0,0,1.0
ST000101,1,True,65,85,60,80,10,24,30,58,16.0,16.0,6.5,6.5,0,0,2,1,0,72.0,63.0,77.0,19.0,37.0,56.0,2,6.0,24.0,4.0,1,2,1,1,0,0,1,0,0,0,0,1.0
ST000101,1,True,65,85,60,80,10,24,30,58,16.0,16.0,6.5,6.5,0,0,2,1,0,73.0,73.0,76.0,18.0,49.0,67.0,3,7.0,28.0,4.0,1,2,1,1,0,0,1,0,0,0,0,1.0
ST000102,1,True,65,85,60,80,10,24,30,58,16.0,16.0,6.75,6.75,0,0,2,1,0,84.0,79.0,74.0,19.0,56.0,75.0,0,8.0,32.0,4.0,1,1,1,1,0,0,0,0,0,0,0,1.0
ST000102,1,True,65,85,60,80,10,24,30,58,16.0,16.0,6.75,6.75,0,0,2,1,0,65.0,61.0,60.0,23.0,58.0,81.0,1,9.0,36.0,4.0,1,2,1,1,0,0,1,0,0,0,0,1.0
ST000102,1,True,65,85,60,80,10,24,30,58,16.0,16.0,6.75,6.75,0,0,2,1,0,70.0,61.0,55.0,13.0,32.0,45.0,4,5.0,20.0,4.0,1,2,1,1,0,0,1,0,0,0,0,1.0
ST000102,1,True,65,85,60,80,10,24,30,58,16.0,16.0,6.75,6.75,0,0,2,1,0,67.0,66.0,60.0,12.0,36.0,48.0,4,5.0,20.0,4.0,1,2,1,1,0,0,1,0,0,0,0,1.0
ST000103,1,True,90,100,90,100,24,30,55,70,16.0,16.0,9.0,9.0,0,0,2,1,0,95.0,95.0,85.0,24.0,63.0,87.0,1,9.0,36.0,4.0,1,1,1,1,0,0,0,0,0,0,0,1.0
ST000103,1,True,90,100,90,100,24,30,55,70,16.0,16.0,9.0,9.0,0,0,2,1,0,96.0,93.0,87.0,25.0,59.0,84.0,1,9.0,36.0,4.0,1,1,1,1,0,0,0,0,0,0,0,1.0
ST000103,1,True,90,100,90,100,24,30,55,70,16.0,16.0,9.0,9.0,0,0,2,1,0,90.0,92.0,93.0,26.0,61.0,87.0,1,9.0,36.0,4.0,1,1,1,1,0,0,0,0,0,0,0,1.0
ST000103,1,True,90,100,90,100,24,30,55,70,16.0,16.0,9.0,9.0,0,0,2,1,0,94.0,95.0,86.0,28.0,60.0,88.0,1,9.0,36.0,4.0,1,1,1,1,0,0,0,0,0,0,0,1.0
ST000104,1,False,90,100,90,100,24,30,55,70,0.0,0.0,0.0,0.0,0,0,1,2,0,0.0,0.0,0.0,18.0,46.0,63.0,8,7.0,28.0,4.0,2,0,0,0,0,0,1,1,1,1,0,0.0
ST000105,1,True,65,85,60,80,10,24,30,58,16.0,16.0,6.75,6.75,0,0,2,1,0,67.0,64.0,67.0,10.0,55.0,65.0,3,7.0,28.0,4.0,1,2,1,1,0,0,1,0,0,0,0,1.0
ST000105,1,True,65,85,60,80,10,24,30,58,16.0,16.0,6.75,6.75,0,0,2,1,0,77.0,73.0,63.0,20.0,56.0,76.0,0,8.0,32.0,4.0,1,2,1,1,0,0,0,0,0,0,0,1.0
ST000105,1,True,65,85,60,80,10,24,30,58,16.0,16.0,6.75,6.75,0,0,2,1,0,68.0,71.0,73.0,19.0,41.0,60.0,3,7.0,28.0,4.0,1,2,1,1,0,0,1,0,0,0,0,1.0
ST000105,1,True,65,85,60,80,10,24,30,58,16.0,16.0,6.75,6.75,0,0,2,1,0,74.0,69.0,64.0,13.0,36.0,49.0,4,5.0,20.0,4.0,1,2,1,1,0,0,1,0,0,0,0,1.0
ST000106,0,True,65,85,60,80,10,24,30,58,16.0,16.0,6.5,6.5,0,0,2,1,0,82.0,79.0,79.0,22.0,54.0,76.0,0,8.0,32.0,4.0,1,1,1,1,0,0,0,0,0,0,0,1.0
ST000106,0,True,65,85,60,80,10,24,30,58,16.0,16.0,6.5,6.5,0,0,2,1,0,67.0,66.0,60.0,12.0,57.0,69.0,3,7.0,28.0,4.0,1,2,1,1,0,0,1,0,0,0,0,1.0
ST000106,0,True,65,85,60,80,10,24,30,58,16.0,16.0,6.5,6.5,0,0,2,1,0,65.0,68.0,67.0,16.0,31.0,47.0,4,5.0,20.0,4.0,1,2,1,1,0,0,1,0,0,0,0,1.0
ST000106,0,True,65,85,60,80,10,24,30,58,16.0,16.0,6.5,6.5,0,0,2,1,1,66.0,68.0,71.0,18.0,38.0,56.0,2,6.0,24.0,4.0,1,2,1,1,0,0,1,0,0,0,1,1.0
ST000107,0,True,65,85,60,80,10,24,30,58,16.0,16.0,6.75,6.75,0,0,2,1,0,85.0,77.0,80.0,23.0,57.0,80.0,1,9.0,36.0,4.0,1,1,1,1,0,0,0,0,0,0,0,1.0
ST000107,0,True,65,85,60,80,10,24,30,58,16.0,16.0,6.75,6.75,0,0,2,1,0,65.0,68.0,65.0,16.0,39.0,55.0,2,6.0,24.0,4.0,1,2,1,1,0,0,1,0,0,0,0,1.0
ST000107,0,True,65,85,60,80,10,24,30,58,16.0,16.0,6.75,6.75,0,0,2,1,0,72.0,76.0,58.0,15.0,36.0,51.0,2,6.0,24.0,4.0,1,2,1,1,0,0,1,0,0,0,0,1.0
ST000107,0,True,65,85,60,80,10,24,30,58,16.0,16.0,6.75,6.75,0,0,2,1,0,76.0,67.0,66.0,12.0,40.0,52.0,2,6.0,24.0,4.0,1,2,1,1,0,0,0,0,0,0,0,1.0
ST000108,1,True,20,50,20,45,0,12,0,30,8.0,0.0,0.0,0.0,2,2,3,1,0,42.0,28.0,33.0,7.0,2.0,9.0,5,0.0,0.0,0.0,0,0,1,1,1,1,1,1,1,1,0,0.0
ST000108,1,True,20,50,20,45,0,12,0,30,8.0,0.0,0.0,0.0,2,2,3,1,0,38.0,33.0,33.0,7.0,12.0,19.0,5,0.0,0.0,0.0,0,0,1,1,1,1,1,1,1,1,0,0.0
ST000108,1,True,20,50,20,45,0,12,0,30,8.0,0.0,0.0,0.0,2,2,3,0,0,47.0,32.0,32.0,18.0,46.0,63.0,8,7.0,28.0,4.0,2,0,1,0,0,1,1,1,1,1,0,0.0
ST000108,1,True,20,50,20,45,0,12,0,30,8.0,0.0,0.0,0.0,2,2,3,0,0,40.0,33.0,29.0,18.0,46.0,63.0,8,7.0,28.0,4.0,2,0,1,0,0,1,1,1,1,1,0,0.0
ST000109,0,True,20,50,20,45,0,12,0,30,16.0,0.0,0.0,0.0,4,4,0,1,0,46.0,44.0,34.0,6.0,15.0,21.0,5,0.0,0.0,0.0,0,0,1,1,1,1,1,1,1,1,0,0.0
ST000109,0,True,20,50,20,45,0,12,0,30,16.0,0.0,0.0,0.0,4,4,0,1,0,24.0,21.0,22.0,8.0,28.0,36.0,5,0.0,0.0,0.0,0,0,1,1,1,1,1,1,1,1,0,0.0
ST000109,0,True,20,50,20,45,0,12,0,30,16.0,0.0,0.0,0.0,4,4,0,1,0,30.0,25.0,34.0,7.0,26.0,33.0,5,0.0,0.0,0.0,0,0,1,1,1,1,1,1,1,1,0,0.0
ST000109,0,True,20,50,20,45,0,12,0,30,16.0,0.0,0.0,0.0,4,4,0,1,1,43.0,39.0,34.0,1.0,3.0,4.0,5,0.0,0.0,0.0,0,0,1,1,1,1,1,1,1,1,1,0.0
ST000110,0,True,80,95,75,90,18,28,45,65,16.0,16.0,8.5,8.5,0,0,2,1,0,92.0,80.0,77.0,23.0,64.0,87.0,1,9.0,36.0,4.0,1,1,1,1,0,0,0,0,0,0,0,1.0
ST000110,0,True,80,95,75,90,18,28,45,65,16.0,16.0,8.5,8.5,0,0,2,1,0,85.0,87.0,74.0,28.0,47.0,75.0,0,8.0,32.0,4.0,1,1,1,1,0,0,0,0,0,0,0,1.0
ST000110,0,True,80,95,75,90,18,28,45,65,16.0,16.0,8.5,8.5,0,0,2,1,0,92.0,79.0,79.0,23.0,65.0,88.0,1,9.0,36.0,4.0,1,1,1,1,0,0,0,0,0,0,0,1.0
ST000110,0,True,80,95,75,90,18,28,45,65,16.0,16.0,8.5,8.5,0,0,2,1,0,92.0,87.0,90.0,23.0,51.0,74.0,0,8.0,32.0,4.0,1,1,1,1,0,0,0,0,0,0,0,1.0
ST000111,1,True,65,85,60,80,10,24,30,58,16.0,16.0,6.0,6.0,0,0,2,1,0,78.0,71.0,70.0,24.0,39.0,63.0,3,7.0,28.0,4.0,1,2,1,1,0,0,0,0,0,1,0,1.0
ST000111,1,True,65,85,60,80,10,24,30,58,16.0,16.0,6.0,6.0,0,0,2,1,0,68.0,66.0,68.0,13.0,34.0,47.0,4,5.0,20.0,4.0,1,2,1,1,0,0,1,0,0,1,0,1.0
ST000111,1,True,65,85,60,80,10,24,30,58,16.0,16.0,6.0,6.0,0,0,2,1,0,80.0,72.0,73.0,13.0,44.0,57.0,2,6.0,24.0,4.0,1,2,1,1,0,0,0,0,0,1,0,1.0
ST000111,1,True,65,85,60,80,10,24,30,58,16.0,16.0,6.0,6.0,0,0,2,1,0,85.0,65.0,79.0,14.0,43.0,57.0,2,6.0,24.0,4.0,1,2,1,1,0,0,0,0,0,1,0,1.0
ST000112,1,True,55,75,50,70,8,20,25,50,16.0,12.0,3.5,3.5,1,1,3,1,0,72.0,57.0,57.0,17.0,32.0,49.0,4,5.0,20.0,4.0,1,0,1,1,0,1,1,1,0,1,0,1.0
ST000112,1,True,55,75,50,70,8,20,25,50,16.0,12.0,3.5,3.5,1,1,3,1,0,60.0,64.0,48.0,9.0,29.0,38.0,5,0.0,0.0,0.0,0,0,1,1,1,1,1,0,1,1,0,0.0
ST000112,1,True,55,75,50,70,8,20,25,50,16.0,12.0,3.5,3.5,1,1,3,1,0,55.0,57.0,55.0,19.0,27.0,46.0,4,5.0,20.0,4.0,1,0,1,1,0,1,1,1,0,1,0,1.0
ST000112,1,True,55,75,50,70,8,20,25,50,16.0,12.0,3.5,3.5,1,1,3,1,0,67.0,57.0,53.0,8.0,35.0,43.0,7,4.0,16.0,4.0,1,0,1,1,0,1,1,1,0,1,0,1.0
ST000113,0,True,80,95,75,90,18,28,45,65,16.0,16.0,8.0,8.0,0,0,2,1,0,84.0,75.0,80.0,20.0,47.0,67.0,3,7.0,28.0,4.0,1,1,1,1,0,0,0,0,0,0,0,1.0
ST000113,0,True,80,95,75,90,18,28,45,65,16.0,16.0,8.0,8.0,0,0,2,1,0,85.0,80.0,81.0,20.0,46.0,66.0,3,7.0,28.0,4.0,1,1,1,1,0,0,0,0,0,0,0,1.0
ST000113,0,True,80,95,75,90,18,28,45,65,16.0,16.0,8.0,8.0,0,0,2,1,0,92.0,80.0,85.0,28.0,55.0,83.0,1,9.0,36.0,4.0,1,1,1,1,0,0,0,0,0,0,0,1.0
ST000113,0,True,80,95,75,90,18,28,45,65,16.0,16.0,8.0,8.0,0,0,2,1,0,80.0,80.0,72.0,23.0,62.0,85.0,1,9.0,36.0,4.0,1,1,1,1,0,0,0,0,0,0,0,1.0
ST000114,0,True,90,100,90,100,24,30,55,70,16.0,16.0,9.5,9.5,0,0,2,1,0,98.0,92.0,92.0,25.0,67.0,92.0,6,10.0,40.0,4.0,1,1,1,1,0,0,0,0,0,0,0,1.0
ST000114,0,True,90,100,90,100,24,30,55,70,16.0,16.0,9.5,9.5,0,0,2,1,0,95.0,90.0,98.0,29.0,58.0,87.0,1,9.0,36.0,4.0,1,1,1,1,0,0,0,0,0,0,0,1.0
ST000114,0,True,90,100,90,100,24,30,55,70,16.0,16.0,9.5,9.5,0,0,2,1,0,92.0,95.0,100.0,24.0,67.0,91.0,6,10.0,40.0,4.0,1,1,1,1,0,0,0,0,0,0,0,1.0
ST000114,0,True,90,100,90,100,24,30,55,70,16.0,16.0,9.5,9.5,0,0,2,1,0,96.0,95.0,95.0,27.0,56.0,83.0,1,9.0,36.0,4.0,1,1,1,1,0,0,0,0,0,0,0,1.0
ST000115,1,True,80,95,75,90,18,28,45,65,16.0,16.0,8.5,8.5,0,0,2,1,0,87.0,82.0,81.0,20.0,55.0,75.0,0,8.0,32.0,4.0,1,1,1,1,0,0,0,0,0,0,0,1.0
ST000115,1,True,80,95,75,90,18,28,45,65,16.0,16.0,8.5,8.5,0,0,2,1,0,84.0,75.0,71.0,18.0,53.0,71.0,0,8.0,32.0,4.0,1,1,1,1,0,0,0,0,0,0,0,1.0
ST000115,1,True,80,95,75,90,18,28,45,65,16.0,16.0,8.5,8.5,0,0,2,1,0,81.0,77.0,78.0,28.0,59.0,87.0,1,9.0,36.0,4.0,1,1,1,1,0,0,0,0,0,0,0,1.0
ST000115,1,True,80,95,75,90,18,28,45,65,16.0,16.0,8.5,8.5,0,0,2,1,0,89.0,81.0,78.0,26.0,55.0,81.0,1,9.0,36.0,4.0,1,1,1,1,0,0,0,0,0,0,0,1.0
ST000116,1,True,40,65,35,60,4,16,15,40,16.0,8.0,2.75,2.75,2,2,3,1,0,47.0,37.0,50.0,6.0,24.0,30.0,5,0.0,0.0,0.0,0,0,1,1,1,1,1,1,0,1,0,0.0
ST000116,1,True,40,65,35,60,4,16,15,40,16.0,8.0,2.75,2.75,2,2,3,1,1,59.0,44.0,47.0,9.0,27.0,36.0,5,0.0,0.0,0.0,0,0,1,1,1,1,1,1,1,1,1,0.0
ST000116,1,True,40,65,35,60,4,16,15,40,16.0,8.0,2.75,2.75,2,2,3,1,0,40.0,41.0,42.0,14.0,35.0,49.0,4,5.0,20.0,4.0,1,0,1,1,0,1,1,1,1,1,0,1.0
ST000116,1,True,40,65,35,60,4,16,15,40,16.0,8.0,2.75,2.75,2,2,3,1,0,43.0,37.0,47.0,12.0,39.0,51.0,2,6.0,24.0,4.0,1,0,1,1,0,1,1,1,1,1,0,1.0
ST000117,0,True,65,85,60,80,10,24,30,58,16.0,16.0,7.5,7.5,0,0,2,1,0,83.0,71.0,75.0,18.0,51.0,69.0,3,7.0,28.0,4.0,1,1,1,1,0,0,0,0,0,0,0,1.0
ST000117,0,True,65,85,60,80,10,24,30,58,16.0,16.0,7.5,7.5,0,0,2,1,0,72.0,64.0,68.0,20.0,52.0,72.0,0,8.0,32.0,4.0,1,1,1,1,0,0,1,0,0,0,0,1.0
ST000117,0,True,65,85,60,80,10,24,30,58,16.0,16.0,7.5,7.5,0,0,2,1,0,69.0,65.0,78.0,21.0,55.0,76.0,0,8.0,32.0,4.0,1,1,1,1,0,0,1,0,0,0,0,1.0
ST000117,0,True,65,85,60,80,10,24,30,58,16.0,16.0,7.5,7.5,0,0,2,1,0,71.0,68.0,58.0,10.0,53.0,63.0,3,7.0,28.0,4.0,1,2,1,1,0,0,1,0,0,0,0,1.0
ST000118,1,True,65,85,60,80,10,24,30,58,16.0,16.0,5.5,5.5,0,0,2,1,0,69.0,70.0,66.0,14.0,32.0,46.0,4,5.0,20.0,4.0,1,2,1,1,0,0,1,0,0,1,0,1.0
ST000118,1,True,65,85,60,80,10,24,30,58,16.0,16.0,5.5,5.5,0,0,2,1,0,77.0,61.0,69.0,18.0,31.0,49.0,4,5.0,20.0,4.0,1,2,1,1,0,0,0,0,0,1,0,1.0
ST000118,1,True,65,85,60,80,10,24,30,58,16.0,16.0,5.5,5.5,0,0,2,1,0,82.0,69.0,77.0,11.0,46.0,57.0,2,6.0,24.0,4.0,1,2,1,1,0,0,0,0,0,1,0,1.0
ST000118,1,True,65,85,60,80,10,24,30,58,16.0,16.0,5.5,5.5,0,0,2,1,0,82.0,68.0,70.0,12.0,43.0,55.0,2,6.0,24.0,4.0,1,2,1,1,0,0,0,0,0,1,0,1.0
ST000119,0,True,65,85,60,80,10,24,30,58,16.0,16.0,6.25,6.25,0,0,2,1,0,82.0,70.0,72.0,22.0,35.0,57.0,2,6.0,24.0,4.0,1,2,1,1,0,0,0,0,0,1,0,1.0
ST000119,0,True,65,85,60,80,10,24,30,58,16.0,16.0,6.25,6.25,0,0,2,1,0,84.0,71.0,74.0,20.0,48.0,68.0,3,7.0,28.0,4.0,1,1,1,1,0,0,0,0,0,1,0,1.0
ST000119,0,True,65,85,60,80,10,24,30,58,16.0,16.0,6.25,6.25,0,0,2,1,0,65.0,67.0,52.0,24.0,38.0,62.0,3,7.0,28.0,4.0,1,2,1,1,0,0,1,0,0,1,0,1.0
ST000119,0,True,65,85,60,80,10,24,30,58,16.0,16.0,6.25,6.25,0,0,2,1,0,76.0,78.0,75.0,14.0,32.0,46.0,4,5.0,20.0,4.0,1,2,1,1,0,0,0,0,0,1,0,1.0
ST000120,0,True,40,65,35,60,4,16,15,40,16.0,8.0,2.75,2.75,2,2,3,1,0,64.0,57.0,50.0,6.0,16.0,22.0,5,0.0,0.0,0.0,0,0,1,1,1,1,1,1,0,1,0,0.0
ST000120,0,True,40,65,35,60,4,16,15,40,16.0,8.0,2.75,2.75,2,2,3,1,0,40.0,36.0,43.0,8.0,39.0,47.0,4,5.0,20.0,4.0,1,0,1,1,0,1,1,1,1,1,0,1.0
ST000120,0,True,40,65,35,60,4,16,15,40,16.0,8.0,2.75,2.75,2,2,3,1,1,48.0,47.0,35.0,5.0,17.0,22.0,5,0.0,0.0,0.0,0,0,1,1,1,1,1,1,1,1,1,0.0
ST000120,0,True,40,65,35,60,4,16,15,40,16.0,8.0,2.75,2.75,2,2,3,1,0,59.0,40.0,44.0,15.0,35.0,50.0,2,6.0,24.0,4.0,1,0,1,1,0,1,1,1,1,1,0,1.0
ST000121,1,True,80,95,75,90,18,28,45,65,12.0,12.0,8.67,8.67,0,0,2,1,0,81.0,78.0,86.0,24.0,60.0,84.0,1,9.0,36.0,4.0,1,1,1,1,0,0,0,0,0,0,0,1.0
ST000121,1,True,80,95,75,90,18,28,45,65,12.0,12.0,8.67,8.67,0,0,2,1,0,87.0,83.0,84.0,26.0,60.0,86.0,1,9.0,36.0,4.0,1,1,1,1,0,0,0,0,0,0,0,1.0
ST000121,1,True,80,95,75,90,18,28,45,65,12.0,12.0,8.67,8.67,0,0,2,0,0,88.0,88.0,73.0,18.0,46.0,63.0,8,7.0,28.0,4.0,2,1,1,0,0,0,0,0,0,0,0,0.0
ST000121,1,True,80,95,75,90,18,28,45,65,12.0,12.0,8.67,8.67,0,0,2,1,0,82.0,84.0,90.0,28.0,46.0,74.0,0,8.0,32.0,4.0,1,1,1,1,0,0,0,0,0,0,0,1.0
ST000122,0,True,65,85,60,80,10,24,30,58,16.0,16.0,6.25,6.25,0,0,2,1,0,76.0,73.0,79.0,19.0,36.0,55.0,2,6.0,24.0,4.0,1,2,1,1,0,0,0,0,0,1,0,1.0
ST000122,0,True,65,85,60,80,10,24,30,58,16.0,16.0,6.25,6.25,0,0,2,1,0,75.0,65.0,68.0,21.0,38.0,59.0,2,6.0,24.0,4.0,1,2,1,1,0,0,0,0,0,1,0,1.0
ST000122,0,True,65,85,60,80,10,24,30,58,16.0,16.0,6.25,6.25,0,0,2,1,0,67.0,68.0,71.0,16.0,56.0,72.0,0,8.0,32.0,4.0,1,2,1,1,0,0,1,0,0,1,0,1.0
ST000122,0,True,65,85,60,80,10,24,30,58,16.0,16.0,6.25,6.25,0,0,2,1,0,65.0,63.0,75.0,14.0,33.0,47.0,4,5.0,20.0,4.0,1,2,1,1,0,0,1,0,0,1,0,1.0
ST000123,0,True,80,95,75,90,18,28,45,65,16.0,16.0,8.25,8.25,0,0,2,1,0,94.0,83.0,86.0,24.0,58.0,82.0,1,9.0,36.0,4.0,1,1,1,1,0,0,0,0,0,0,0,1.0
ST000123,0,True,80,95,75,90,18,28,45,65,16.0,16.0,8.25,8.25,0,0,2,1,0,90.0,80.0,81.0,19.0,53.0,72.0,0,8.0,32.0,4.0,1,1,1,1,0,0,0,0,0,0,0,1.0
ST000123,0,True,80,95,75,90,18,28,45,65,16.0,16.0,8.25,8.25,0,0,2,1,0,80.0,76.0,81.0,19.0,60.0,79.0,0,8.0,32.0,4.0,1,1,1,1,0,0,0,0,0,0,0,1.0
ST000123,0,True,80,95,75,90,18,28,45,65,16.0,16.0,8.25,8.25,0,0,2,1,0,87.0,80.0,77.0,21.0,53.0,74.0,0,8.0,32.0,4.0,1,1,1,1,0,0,0,0,0,0,0,1.0
ST000124,0,True,65,85,60,80,10,24,30,58,16.0,16.0,6.0,6.0,0,0,2,1,0,81.0,64.0,72.0,14.0,50.0,64.0,3,7.0,28.0,4.0,1,2,1,1,0,0,0,0,0,1,0,1.0
ST000124,0,True,65,85,60,80,10,24,30,58,16.0,16.0,6.0,6.0,0,0,2,1,0,82.0,67.0,74.0,16.0,31.0,47.0,4,5.0,20.0,4.0,1,2,1,1,0,0,0,0,0,1,0,1.0
ST000124,0,True,65,85,60,80,10,24,30,58,16.0,16.0,6.0,6.0,0,0,2,1,0,68.0,70.0,55.0,15.0,34.0,49.0,4,5.0,20.0,4.0,1,2,1,1,0,0,1,0,0,1,0,1.0
ST000124,0,True,65,85,60,80,10,24,30,58,16.0,16.0,6.0,6.0,0,0,2,1,0,73.0,71.0,58.0,24.0,44.0,68.0,3,7.0,28.0,4.0,1,2,1,1,0,0,1,0,0,1,0,1.0
ST000125,0,True,65,85,60,80,10,24,30,58,16.0,16.0,6.75,6.75,0,0,2,1,0,84.0,74.0,73.0,21.0,50.0,71.0,0,8.0,32.0,4.0,1,1,1,1,0,0,0,0,0,0,0,1.0
ST000125,0,True,65,85,60,80,10,24,30,58,16.0,16.0,6.75,6.75,0,0,2,1,0,66.0,60.0,65.0,10.0,42.0,52.0,2,6.0,24.0,4.0,1,2,1,1,0,0,1,0,0,0,0,1.0
ST000125,0,True,65,85,60,80,10,24,30,58,16.0,16.0,6.75,6.75,0,0,2,1,0,72.0,70.0,66.0,10.0,37.0,47.0,4,5.0,20.0,4.0,1,2,1,1,0,0,1,0,0,0,0,1.0
ST000125,0,True,65,85,60,80,10,24,30,58,16.0,16.0,6.75,6.75,0,0,2,1,0,81.0,69.0,71.0,23.0,50.0,73.0,0,8.0,32.0,4.0,1,1,1,1,0,0,0,0,0,0,0,1.0
ST000126,1,True,55,75,50,70,8,20,25,50,16.0,16.0,6.25,6.25,0,0,2,1,0,73.0,64.0,58.0,9.0,44.0,53.0,2,6.0,24.0,4.0,1,2,1,1,0,0,1,0,0,1,0,1.0
ST000126,1,True,55,75,50,70,8,20,25,50,16.0,16.0,6.25,6.25,0,0,2,1,0,63.0,68.0,60.0,15.0,46.0,61.0,3,7.0,28.0,4.0,1,2,1,1,0,0,1,0,0,1,0,1.0
ST000126,1,True,55,75,50,70,8,20,25,50,16.0,16.0,6.25,6.25,0,0,2,1,0,55.0,50.0,57.0,10.0,42.0,52.0,2,6.0,24.0,4.0,1,2,1,1,0,0,1,1,0,1,0,1.0
ST000126,1,True,55,75,50,70,8,20,25,50,16.0,16.0,6.25,6.25,0,0,2,1,0,65.0,70.0,59.0,17.0,33.0,50.0,2,6.0,24.0,4.0,1,2,1,1,0,0,1,0,0,1,0,1.0
ST000127,1,True,80,95,75,90,18,28,45,65,16.0,16.0,8.75,8.75,0,0,2,1,0,91.0,84.0,78.0,25.0,62.0,87.0,1,9.0,36.0,4.0,1,1,1,1,0,0,0,0,0,0,0,1.0
ST000127,1,True,80,95,75,90,18,28,45,65,16.0,16.0,8.75,8.75,0,0,2,1,0,95.0,78.0,90.0,19.0,56.0,75.0,0,8.0,32.0,4.0,1,1,1,1,0,0,0,0,0,0,0,1.0
ST000127,1,True,80,95,75,90,18,28,45,65,16.0,16.0,8.75,8.75,0,0,2,1,0,87.0,89.0,75.0,22.0,60.0,82.0,1,9.0,36.0,4.0,1,1,1,1,0,0,0,0,0,0,0,1.0
ST000127,1,True,80,95,75,90,18,28,45,65,16.0,16.0,8.75,8.75,0,0,2,1,0,88.0,77.0,92.0,22.0,62.0,84.0,1,9.0,36.0,4.0,1,1,1,1,0,0,0,0,0,0,0,1.0
ST000128,1,True,80,95,75,90,18,28,45,65,16.0,16.0,8.5,8.5,0,0,2,1,0,93.0,81.0,85.0,25.0,58.0,83.0,1,9.0,36.0,4.0,1,1,1,1,0,0,0,0,0,0,0,1.0
ST000128,1,True,80,95,75,90,18,28,45,65,16.0,16.0,8.5,8.5,0,0,2,1,0,95.0,86.0,85.0,18.0,54.0,72.0,0,8.0,32.0,4.0,1,1,1,1,0,0,0,0,0,0,0,1.0
ST000128,1,True,80,95,75,90,18,28,45,65,16.0,16.0,8.5,8.5,0,0,2,1,0,91.0,77.0,80.0,19.0,63.0,82.0,1,9.0,36.0,4.0,1,1,1,1,0,0,0,0,0,0,0,1.0
ST000128,1,True,80,95,75,90,18,28,45,65,16.0,16.0,8.5,8.5,0,0,2,1,0,93.0,77.0,89.0,26.0,49.0,75.0,0,8.0,32.0,4.0,1,1,1,1,0,0,0,0,0,0,0,1.0
ST000129,1,True,65,85,60,80,10,24,30,58,12.0,12.0,6.33,6.33,0,0,2,1,0,67.0,64.0,64.0,22.0,35.0,57.0,2,6.0,24.0,4.0,1,2,1,1,0,0,1,0,0,1,0,1.0
ST000129,1,True,65,85,60,80,10,24,30,58,12.0,12.0,6.33,6.33,0,0,2,1,0,85.0,67.0,79.0,16.0,49.0,65.0,3,7.0,28.0,4.0,1,1,1,1,0,0,0,0,0,1,0,1.0
ST000129,1,True,65,85,60,80,10,24,30,58,12.0,12.0,6.33,6.33,0,0,2,1,0,66.0,69.0,60.0,13.0,43.0,56.0,2,6.0,24.0,4.0,1,2,1,1,0,0,1,0,0,1,0,1.0
ST000129,1,True,65,85,60,80,10,24,30,58,12.0,12.0,6.33,6.33,0,0,2,0,0,70.0,63.0,67.0,18.0,46.0,63.0,8,7.0,28.0,4.0,2,2,1,0,0,0,1,0,0,1,0,0.0
ST000130,0,True,80,95,75,90,18,28,45,65,16.0,16.0,8.5,8.5,0,0,2,1,0,90.0,87.0,91.0,25.0,51.0,76.0,0,8.0,32.0,4.0,1,1,1,1,0,0,0,0,0,0,0,1.0
ST000130,0,True,80,95,75,90,18,28,45,65,16.0,16.0,8.5,8.5,0,0,2,1,0,93.0,76.0,78.0,18.0,60.0,78.0,0,8.0,32.0,4.0,1,1,1,1,0,0,0,0,0,0,0,1.0
ST000130,0,True,80,95,75,90,18,28,45,65,16.0,16.0,8.5,8.5,0,0,2,1,0,85.0,80.0,91.0,28.0,64.0,92.0,6,10.0,40.0,4.0,1,1,1,1,0,0,0,0,0,0,0,1.0
ST000130,0,True,80,95,75,90,18,28,45,65,16.0,16.0,8.5,8.5,0,0,2,1,0,82.0,80.0,84.0,25.0,48.0,73.0,0,8.0,32.0,4.0,1,1,1,1,0,0,0,0,0,0,0,1.0
ST000131,0,True,65,85,60,80,10,24,30,58,12.0,12.0,6.33,6.33,0,0,2,1,0,70.0,69.0,55.0,13.0,33.0,46.0,4,5.0,20.0,4.0,1,2,1,1,0,0,1,0,0,1,0,1.0
ST000131,0,True,65,85,60,80,10,24,30,58,12.0,12.0,6.33,6.33,0,0,2,1,0,84.0,75.0,78.0,13.0,47.0,60.0,3,7.0,28.0,4.0,1,1,1,1,0,0,0,0,0,1,0,1.0
ST000131,0,True,65,85,60,80,10,24,30,58,12.0,12.0,6.33,6.33,0,0,2,1,0,85.0,74.0,72.0,19.0,45.0,64.0,3,7.0,28.0,4.0,1,1,1,1,0,0,0,0,0,1,0,1.0
ST000131,0,True,65,85,60,80,10,24,30,58,12.0,12.0,6.33,6.33,0,0,2,0,0,65.0,62.0,59.0,18.0,46.0,63.0,8,7.0,28.0,4.0,2,2,1,0,0,0,1,0,0,1,0,0.0
ST000132,0,True,65,85,60,80,10,24,30,58,16.0,16.0,7.0,7.0,0,0,2,1,0,76.0,71.0,72.0,16.0,58.0,74.0,0,8.0,32.0,4.0,1,1,1,1,0,0,0,0,0,0,0,1.0
ST000132,0,True,65,85,60,80,10,24,30,58,16.0,16.0,7.0,7.0,0,0,2,1,0,78.0,71.0,77.0,16.0,58.0,74.0,0,8.0,32.0,4.0,1,1,1,1,0,0,0,0,0,0,0,1.0
ST000132,0,True,65,85,60,80,10,24,30,58,16.0,16.0,7.0,7.0,0,0,2,1,0,68.0,70.0,77.0,12.0,44.0,56.0,2,6.0,24.0,4.0,1,2,1,1,0,0,1,0,0,0,0,1.0
ST000132,0,True,65,85,60,80,10,24,30,58,16.0,16.0,7.0,7.0,0,0,2,1,0,81.0,80.0,68.0,17.0,41.0,58.0,2,6.0,24.0,4.0,1,1,1,1,0,0,0,0,0,0,0,1.0
ST000133,1,True,80,95,75,90,18,28,45,65,16.0,16.0,8.5,8.5,0,0,2,1,0,80.0,84.0,87.0,28.0,61.0,89.0,1,9.0,36.0,4.0,1,1,1,1,0,0,0,0,0,0,0,1.0
ST000133,1,True,80,95,75,90,18,28,45,65,16.0,16.0,8.5,8.5,0,0,2,1,0,92.0,85.0,84.0,20.0,51.0,71.0,0,8.0,32.0,4.0,1,1,1,1,0,0,0,0,0,0,0,1.0
ST000133,1,True,80,95,75,90,18,28,45,65,16.0,16.0,8.5,8.5,0,0,2,1,0,94.0,83.0,85.0,24.0,55.0,79.0,0,8.0,32.0,4.0,1,1,1,1,0,0,0,0,0,0,0,1.0
ST000133,1,True,80,95,75,90,18,28,45,65,16.0,16.0,8.5,8.5,0,0,2,1,0,81.0,79.0,83.0,21.0,59.0,80.0,1,9.0,36.0,4.0,1,1,1,1,0,0,0,0,0,0,0,1.0
ST000134,0,True,65,85,60,80,10,24,30,58,16.0,16.0,6.25,6.25,0,0,2,1,0,76.0,62.0,65.0,17.0,46.0,63.0,3,7.0,28.0,4.0,1,2,1,1,0,0,0,0,0,1,0,1.0
ST000134,0,True,65,85,60,80,10,24,30,58,16.0,16.0,6.25,6.25,0,0,2,1,0,72.0,67.0,77.0,23.0,42.0,65.0,3,7.0,28.0,4.0,1,2,1,1,0,0,1,0,0,1,0,1.0
ST000134,0,True,65,85,60,80,10,24,30,58,16.0,16.0,6.25,6.25,0,0,2,1,0,66.0,62.0,56.0,16.0,31.0,47.0,4,5.0,20.0,4.0,1,2,1,1,0,0,1,0,0,1,0,1.0
ST000134,0,True,65,85,60,80,10,24,30,58,16.0,16.0,6.25,6.25,0,0,2,1,0,82.0,70.0,67.0,14.0,36.0,50.0,2,6.0,24.0,4.0,1,2,1,1,0,0,0,0,0,1,0,1.0
ST000135,0,True,55,75,50,70,8,20,25,50,12.0,12.0,5.67,5.67,0,0,2,1,0,64.0,59.0,65.0,12.0,47.0,59.0,2,6.0,24.0,4.0,1,2,1,1,0,0,1,1,0,1,0,1.0
ST000135,0,True,55,75,50,70,8,20,25,50,12.0,12.0,5.67,5.67,0,0,2,0,0,66.0,69.0,62.0,18.0,46.0,63.0,8,7.0,28.0,4.0,2,2,1,0,0,0,1,0,0,1,0,0.0
ST000135,0,True,55,75,50,70,8,20,25,50,12.0,12.0,5.67,5.67,0,0,2,1,0,73.0,59.0,58.0,16.0,28.0,44.0,7,4.0,16.0,4.0,1,2,1,1,0,0,1,1,0,1,0,1.0
ST000135,0,True,55,75,50,70,8,20,25,50,12.0,12.0,5.67,5.67,0,0,2,1,0,72.0,65.0,57.0,17.0,49.0,66.0,3,7.0,28.0,4.0,1,2,1,1,0,0,1,0,0,1,0,1.0
ST000136,0,True,80,95,75,90,18,28,45,65,16.0,16.0,8.25,8.25,0,0,2,1,0,90.0,88.0,92.0,20.0,57.0,77.0,0,8.0,32.0,4.0,1,1,1,1,0,0,0,0,0,0,0,1.0
ST000136,0,True,80,95,75,90,18,28,45,65,16.0,16.0,8.25,8.25,0,0,2,1,0,87.0,78.0,78.0,28.0,45.0,73.0,0,8.0,32.0,4.0,1,1,1,1,0,0,0,0,0,0,0,1.0
ST000136,0,True,80,95,75,90,18,28,45,65,16.0,16.0,8.25,8.25,0,0,2,1,0,86.0,76.0,79.0,20.0,63.0,83.0,1,9.0,36.0,4.0,1,1,1,1,0,0,0,0,0,0,0,1.0
ST000136,0,True,80,95,75,90,18,28,45,65,16.0,16.0,8.25,8.25,0,0,2,1,0,89.0,80.0,77.0,26.0,53.0,79.0,0,8.0,32.0,4.0,1,1,1,1,0,0,0,0,0,0,0,1.0
ST000137,1,True,80,95,75,90,18,28,45,65,16.0,16.0,7.75,7.75,0,0,2,1,0,86.0,87.0,73.0,26.0,49.0,75.0,0,8.0,32.0,4.0,1,1,1,1,0,0,0,0,0,0,0,1.0
ST000137,1,True,80,95,75,90,18,28,45,65,16.0,16.0,7.75,7.75,0,0,2,1,0,83.0,88.0,91.0,27.0,50.0,77.0,0,8.0,32.0,4.0,1,1,1,1,0,0,0,0,0,0,0,1.0
ST000137,1,True,80,95,75,90,18,28,45,65,16.0,16.0,7.75,7.75,0,0,2,1,0,88.0,87.0,89.0,22.0,45.0,67.0,3,7.0,28.0,4.0,1,1,1,1,0,0,0,0,0,0,0,1.0
ST000137,1,True,80,95,75,90,18,28,45,65,16.0,16.0,7.75,7.75,0,0,2,1,0,85.0,77.0,82.0,25.0,50.0,75.0,0,8.0,32.0,4.0,1,1,1,1,0,0,0,0,0,0,0,1.0
ST000138,1,True,65,85,60,80,10,24,30,58,12.0,12.0,6.33,6.33,0,0,2,1,1,73.0,70.0,69.0,11.0,37.0,48.0,4,5.0,20.0,4.0,1,2,1,1,0,0,1,0,0,1,1,1.0
ST000138,1,True,65,85,60,80,10,24,30,58,12.0,12.0,6.33,6.33,0,0,2,1,0,72.0,77.0,77.0,12.0,53.0,65.0,3,7.0,28.0,4.0,1,2,1,1,0,0,1,0,0,1,0,1.0
ST000138,1,True,65,85,60,80,10,24,30,58,12.0,12.0,6.33,6.33,0,0,2,1,0,77.0,76.0,68.0,24.0,41.0,65.0,3,7.0,28.0,4.0,1,2,1,1,0,0,0,0,0,1,0,1.0
ST000138,1,True,65,85,60,80,10,24,30,58,12.0,12.0,6.33,6.33,0,0,2,0,0,75.0,79.0,71.0,18.0,46.0,63.0,8,7.0,28.0,4.0,2,2,1,0,0,0,0,0,0,1,0,0.0
ST000139,1,True,90,100,90,100,24,30,55,70,16.0,16.0,9.25,9.25,0,0,2,1,0,92.0,91.0,88.0,28.0,69.0,97.0,6,10.0,40.0,4.0,1,1,1,1,0,0,0,0,0,0,0,1.0
ST000139,1,True,90,100,90,100,24,30,55,70,16.0,16.0,9.25,9.25,0,0,2,1,0,97.0,92.0,100.0,24.0,56.0,80.0,1,9.0,36.0,4.0,1,1,1,1,0,0,0,0,0,0,0,1.0
ST000139,1,True,90,100,90,100,24,30,55,70,16.0,16.0,9.25,9.25,0,0,2,1,0,99.0,92.0,87.0,26.0,59.0,85.0,1,9.0,36.0,4.0,1,1,1,1,0,0,0,0,0,0,0,1.0
ST000139,1,True,90,100,90,100,24,30,55,70,16.0,16.0,9.25,9.25,0,0,2,1,0,91.0,91.0,96.0,27.0,62.0,89.0,1,9.0,36.0,4.0,1,1,1,1,0,0,0,0,0,0,0,1.0
ST000140,1,True,20,50,20,45,0,12,0,30,12.0,0.0,0.0,0.0,3,3,0,1,0,40.0,39.0,32.0,7.0,2.0,9.0,5,0.0,0.0,0.0,0,0,1,1,1,1,1,1,1,1,0,0.0
ST000140,1,True,20,50,20,45,0,12,0,30,12.0,0.0,0.0,0.0,3,3,0,1,0,34.0,39.0,22.0,6.0,10.0,16.0,5,0.0,0.0,0.0,0,0,1,1,1,1,1,1,1,1,0,0.0
ST000140,1,True,20,50,20,45,0,12,0,30,12.0,0.0,0.0,0.0,3,3,0,0,0,44.0,26.0,30.0,18.0,46.0,63.0,8,7.0,28.0,4.0,2,0,1,0,0,1,1,1,1,1,0,0.0
ST000140,1,True,20,50,20,45,0,12,0,30,12.0,0.0,0.0,0.0,3,3,0,1,0,26.0,20.0,27.0,5.0,3.0,8.0,5,0.0,0.0,0.0,0,0,1,1,1,1,1,1,1,1,0,0.0
ST000141,0,True,80,95,75,90,18,28,45,65,16.0,16.0,8.25,8.25,0,0,2,1,0,84.0,83.0,82.0,27.0,48.0,75.0,0,8.0,32.0,4.0,1,1,1,1,0,0,0,0,0,0,0,1.0
ST000141,0,True,80,95,75,90,18,28,45,65,16.0,16.0,8.25,8.25,0,0,2,1,0,93.0,80.0,84.0,28.0,60.0,88.0,1,9.0,36.0,4.0,1,1,1,1,0,0,0,0,0,0,0,1.0
ST000141,0,True,80,95,75,90,18,28,45,65,16.0,16.0,8.25,8.25,0,0,2,1,0,86.0,82.0,83.0,21.0,55.0,76.0,0,8.0,32.0,4.0,1,1,1,1,0,0,0,0,0,0,0,1.0
ST000141,0,True,80,95,75,90,18,28,45,65,16.0,16.0,8.25,8.25,0,0,2,1,0,83.0,78.0,71.0,24.0,51.0,75.0,0,8.0,32.0,4.0,1,1,1,1,0,0,0,0,0,0,0,1.0
ST000142,1,True,65,85,60,80,10,24,30,58,16.0,16.0,8.0,8.0,0,0,2,1,0,66.0,66.0,55.0,19.0,58.0,77.0,0,8.0,32.0,4.0,1,2,1,1,0,0,1,0,0,0,0,1.0
ST000142,1,True,65,85,60,80,10,24,30,58,16.0,16.0,8.0,8.0,0,0,2,1,0,73.0,64.0,75.0,17.0,57.0,74.0,0,8.0,32.0,4.0,1,1,1,1,0,0,1,0,0,0,0,1.0
ST000142,1,True,65,85,60,80,10,24,30,58,16.0,16.0,8.0,8.0,0,0,2,1,0,80.0,72.0,79.0,20.0,55.0,75.0,0,8.0,32.0,4.0,1,1,1,1,0,0,0,0,0,0,0,1.0
ST000142,1,True,65,85,60,80,10,24,30,58,16.0,16.0,8.0,8.0,0,0,2,1,0,67.0,65.0,62.0,20.0,52.0,72.0,0,8.0,32.0,4.0,1,1,1,1,0,0,1,0,0,0,0,1.0
ST000143,0,True,55,75,50,70,8,20,25,50,12.0,12.0,5.67,5.67,0,0,2,1,0,57.0,60.0,49.0,10.0,41.0,51.0,2,6.0,24.0,4.0,1,2,1,1,0,0,1,0,1,1,0,1.0
ST000143,0,True,55,75,50,70,8,20,25,50,12.0,12.0,5.67,5.67,0,0,2,0,0,75.0,60.0,61.0,18.0,46.0,63.0,8,7.0,28.0,4.0,2,2,1,0,0,0,0,0,0,1,0,0.0
ST000143,0,True,55,75,50,70,8,20,25,50,12.0,12.0,5.67,5.67,0,0,2,1,0,55.0,60.0,56.0,15.0,34.0,49.0,4,5.0,20.0,4.0,1,2,1,1,0,0,1,0,0,1,0,1.0
ST000143,0,True,55,75,50,70,8,20,25,50,12.0,12.0,5.67,5.67,0,0,2,1,0,58.0,62.0,43.0,9.0,48.0,57.0,2,6.0,24.0,4.0,1,2,1,1,0,0,1,0,1,1,0,1.0
ST000144,1,True,80,95,75,90,18,28,45,65,16.0,16.0,8.5,8.5,0,0,2,1,0,82.0,82.0,86.0,28.0,48.0,76.0,0,8.0,32.0,4.0,1,1,1,1,0,0,0,0,0,0,0,1.0
ST000144,1,True,80,95,75,90,18,28,45,65,16.0,16.0,8.5,8.5,0,0,2,1,0,86.0,90.0,82.0,24.0,64.0,88.0,1,9.0,36.0,4.0,1,1,1,1,0,0,0,0,0,0,0,1.0
ST000144,1,True,80,95,75,90,18,28,45,65,16.0,16.0,8.5,8.5,0,0,2,1,0,82.0,81.0,77.0,20.0,56.0,76.0,0,8.0,32.0,4.0,1,1,1,1,0,0,0,0,0,0,0,1.0
ST000144,1,True,80,95,75,90,18,28,45,65,16.0,16.0,8.5,8.5,0,0,2,1,0,81.0,79.0,79.0,19.0,62.0,81.0,1,9.0,36.0,4.0,1,1,1,1,0,0,0,0,0,0,0,1.0
ST000145,0,True,90,100,90,100,24,30,55,70,16.0,16.0,9.25,9.25,0,0,2,1,0,98.0,100.0,95.0,25.0,59.0,84.0,1,9.0,36.0,4.0,1,1,1,1,0,0,0,0,0,0,0,1.0
ST000145,0,True,90,100,90,100,24,30,55,70,16.0,16.0,9.25,9.25,0,0,2,1,0,90.0,93.0,87.0,29.0,60.0,89.0,1,9.0,36.0,4.0,1,1,1,1,0,0,0,0,0,0,0,1.0
ST000145,0,True,90,100,90,100,24,30,55,70,16.0,16.0,9.25,9.25,0,0,2,1,0,91.0,96.0,87.0,26.0,66.0,92.0,6,10.0,40.0,4.0,1,1,1,1,0,0,0,0,0,0,0,1.0
ST000145,0,True,90,100,90,100,24,30,55,70,16.0,16.0,9.25,9.25,0,0,2,1,0,93.0,91.0,92.0,28.0,59.0,87.0,1,9.0,36.0,4.0,1,1,1,1,0,0,0,0,0,0,0,1.0
ST000146,0,True,90,100,90,100,24,30,55,70,16.0,16.0,9.25,9.25,0,0,2,1,0,94.0,99.0,95.0,27.0,70.0,97.0,6,10.0,40.0,4.0,1,1,1,1,0,0,0,0,0,0,0,1.0
ST000146,0,True,90,100,90,100,24,30,55,70,16.0,16.0,9.25,9.25,0,0,2,1,0,94.0,97.0,93.0,28.0,59.0,87.0,1,9.0,36.0,4.0,1,1,1,1,0,0,0,0,0,0,0,1.0
ST000146,0,True,90,100,90,100,24,30,55,70,16.0,16.0,9.25,9.25,0,0,2,1,0,90.0,90.0,95.0,26.0,63.0,89.0,1,9.0,36.0,4.0,1,1,1,1,0,0,0,0,0,0,0,1.0
ST000146,0,True,90,100,90,100,24,30,55,70,16.0,16.0,9.25,9.25,0,0,2,1,0,90.0,90.0,85.0,30.0,57.0,87.0,1,9.0,36.0,4.0,1,1,1,1,0,0,0,0,0,0,0,1.0
ST000147,1,True,80,95,75,90,18,28,45,65,16.0,16.0,8.75,8.75,0,0,2,1,0,94.0,90.0,92.0,26.0,59.0,85.0,1,9.0,36.0,4.0,1,1,1,1,0,0,0,0,0,0,0,1.0
ST000147,1,True,80,95,75,90,18,28,45,65,16.0,16.0,8.75,8.75,0,0,2,1,0,89.0,85.0,89.0,19.0,52.0,71.0,0,8.0,32.0,4.0,1,1,1,1,0,0,0,0,0,0,0,1.0
ST000147,1,True,80,95,75,90,18,28,45,65,16.0,16.0,8.75,8.75,0,0,2,1,0,84.0,87.0,82.0,20.0,64.0,84.0,1,9.0,36.0,4.0,1,1,1,1,0,0,0,0,0,0,0,1.0
ST000147,1,True,80,95,75,90,18,28,45,65,16.0,16.0,8.75,8.75,0,0,2,1,0,94.0,86.0,86.0,28.0,58.0,86.0,1,9.0,36.0,4.0,1,1,1,1,0,0,0,0,0,0,0,1.0
ST000148,0,True,90,100,90,100,24,30,55,70,16.0,16.0,9.5,9.5,0,0,2,1,0,100.0,90.0,87.0,25.0,57.0,82.0,1,9.0,36.0,4.0,1,1,1,1,0,0,0,0,0,0,0,1.0
ST000148,0,True,90,100,90,100,24,30,55,70,16.0,16.0,9.5,9.5,0,0,2,1,0,97.0,91.0,92.0,27.0,59.0,86.0,1,9.0,36.0,4.0,1,1,1,1,0,0,0,0,0,0,0,1.0
ST000148,0,True,90,100,90,100,24,30,55,70,16.0,16.0,9.5,9.5,0,0,2,1,0,94.0,95.0,86.0,28.0,68.0,96.0,6,10.0,40.0,4.0,1,1,1,1,0,0,0,0,0,0,0,1.0
ST000148,0,True,90,100,90,100,24,30,55,70,16.0,16.0,9.5,9.5,0,0,2,1,0,90.0,94.0,90.0,30.0,62.0,92.0,6,10.0,40.0,4.0,1,1,1,1,0,0,0,0,0,0,0,1.0
ST000149,0,True,20,50,20,45,0,12,0,30,12.0,4.0,1.33,1.33,2,2,3,1,0,22.0,23.0,7.0,12.0,12.0,24.0,5,0.0,0.0,0.0,0,0,1,1,1,1,1,1,1,1,0,0.0
ST000149,0,True,20,50,20,45,0,12,0,30,12.0,4.0,1.33,1.33,2,2,3,0,0,28.0,22.0,15.0,18.0,46.0,63.0,8,7.0,28.0,4.0,2,0,1,0,0,1,1,1,1,1,0,0.0
ST000149,0,True,20,50,20,45,0,12,0,30,12.0,4.0,1.33,1.33,2,2,3,1,0,32.0,36.0,30.0,11.0,29.0,40.0,7,4.0,16.0,4.0,1,0,1,1,0,1,1,1,1,1,0,1.0
ST000149,0,True,20,50,20,45,0,12,0,30,12.0,4.0,1.33,1.33,2,2,3,1,0,36.0,38.0,30.0,2.0,26.0,28.0,5,0.0,0.0,0.0,0,0,1,1,1,1,1,1,1,1,0,0.0
ST000150,0,True,80,95,75,90,18,28,45,65,16.0,16.0,8.75,8.75,0,0,2,1,0,93.0,84.0,82.0,20.0,62.0,82.0,1,9.0,36.0,4.0,1,1,1,1,0,0,0,0,0,0,0,1.0
ST000150,0,True,80,95,75,90,18,28,45,65,16.0,16.0,8.75,8.75,0,0,2,1,0,80.0,75.0,87.0,26.0,64.0,90.0,6,10.0,40.0,4.0,1,1,1,1,0,0,0,0,0,0,0,1.0
ST000150,0,True,80,95,75,90,18,28,45,65,16.0,16.0,8.75,8.75,0,0,2,1,0,91.0,89.0,83.0,20.0,55.0,75.0,0,8.0,32.0,4.0,1,1,1,1,0,0,0,0,0,0,0,1.0
ST000150,0,True,80,95,75,90,18,28,45,65,16.0,16.0,8.75,8.75,0,0,2,1,0,80.0,77.0,72.0,25.0,54.0,79.0,0,8.0,32.0,4.0,1,1,1,1,0,0,0,0,0,0,0,1.0
ST000151,0,True,55,75,50,70,8,20,25,50,16.0,16.0,5.0,5.0,0,0,2,1,0,55.0,51.0,40.0,12.0,33.0,45.0,4,5.0,20.0,4.0,1,2,1,1,0,0,1,1,1,1,0,1.0
ST000151,0,True,55,75,50,70,8,20,25,50,16.0,16.0,5.0,5.0,0,0,2,1,0,60.0,64.0,46.0,12.0,28.0,40.0,7,4.0,16.0,4.0,1,2,1,1,0,0,1,0,1,1,0,1.0
ST000151,0,True,55,75,50,70,8,20,25,50,16.0,16.0,5.0,5.0,0,0,2,1,0,66.0,61.0,61.0,13.0,44.0,57.0,2,6.0,24.0,4.0,1,2,1,1,0,0,1,0,0,1,0,1.0
ST000151,0,True,55,75,50,70,8,20,25,50,16.0,16.0,5.0,5.0,0,0,2,1,0,63.0,50.0,59.0,18.0,31.0,49.0,4,5.0,20.0,4.0,1,2,1,1,0,0,1,1,0,1,0,1.0
ST000152,1,True,65,85,60,80,10,24,30,58,16.0,16.0,5.75,5.75,0,0,2,1,0,80.0,72.0,67.0,18.0,34.0,52.0,2,6.0,24.0,4.0,1,2,1,1,0,0,0,0,0,1,0,1.0
ST000152,1,True,65,85,60,80,10,24,30,58,16.0,16.0,5.75,5.75,0,0,2,1,0,72.0,66.0,74.0,13.0,35.0,48.0,4,5.0,20.0,4.0,1,2,1,1,0,0,1,0,0,1,0,1.0
ST000152,1,True,65,85,60,80,10,24,30,58,16.0,16.0,5.75,5.75,0,0,2,1,0,84.0,72.0,78.0,12.0,33.0,45.0,4,5.0,20.0,4.0,1,2,1,1,0,0,0,0,0,1,0,1.0
ST000152,1,True,65,85,60,80,10,24,30,58,16.0,16.0,5.75,5.75,0,0,2,1,0,75.0,79.0,79.0,19.0,46.0,65.0,3,7.0,28.0,4.0,1,2,1,1,0,0,0,0,0,1,0,1.0
ST000153,0,False,80,95,75,90,18,28,45,65,0.0,0.0,0.0,0.0,0,0,1,2,0,0.0,0.0,0.0,18.0,46.0,63.0,8,7.0,28.0,4.0,2,0,0,0,0,0,1,1,1,1,0,0.0
ST000154,0,True,20,50,20,45,0,12,0,30,8.0,0.0,0.0,0.0,2,2,3,0,0,49.0,45.0,34.0,18.0,46.0,63.0,8,7.0,28.0,4.0,2,0,1,0,0,1,1,1,1,1,0,0.0
ST000154,0,True,20,50,20,45,0,12,0,30,8.0,0.0,0.0,0.0,2,2,3,1,1,48.0,39.0,33.0,10.0,27.0,37.0,5,0.0,0.0,0.0,0,0,1,1,1,1,1,1,1,1,1,0.0
ST000154,0,True,20,50,20,45,0,12,0,30,8.0,0.0,0.0,0.0,2,2,3,0,0,21.0,22.0,20.0,18.0,46.0,63.0,8,7.0,28.0,4.0,2,0,1,0,0,1,1,1,1,1,0,0.0
ST000154,0,True,20,50,20,45,0,12,0,30,8.0,0.0,0.0,0.0,2,2,3,1,0,20.0,21.0,28.0,3.0,9.0,12.0,5,0.0,0.0,0.0,0,0,1,1,1,1,1,1,1,1,0,0.0
ST000155,0,True,55,75,50,70,8,20,25,50,12.0,12.0,6.0,6.0,0,0,2,0,0,55.0,51.0,62.0,18.0,46.0,63.0,8,7.0,28.0,4.0,2,2,1,0,0,0,1,1,0,1,0,0.0
ST000155,0,True,55,75,50,70,8,20,25,50,12.0,12.0,6.0,6.0,0,0,2,1,0,61.0,54.0,57.0,9.0,41.0,50.0,2,6.0,24.0,4.0,1,2,1,1,0,0,1,1,0,1,0,1.0
ST000155,0,True,55,75,50,70,8,20,25,50,12.0,12.0,6.0,6.0,0,0,2,1,0,75.0,69.0,60.0,16.0,31.0,47.0,4,5.0,20.0,4.0,1,2,1,1,0,0,0,0,0,1,0,1.0
ST000155,0,True,55,75,50,70,8,20,25,50,12.0,12.0,6.0,6.0,0,0,2,1,0,59.0,50.0,61.0,18.0,47.0,65.0,3,7.0,28.0,4.0,1,2,1,1,0,0,1,1,0,1,0,1.0
ST000156,0,True,65,85,60,80,10,24,30,58,16.0,16.0,6.5,6.5,0,0,2,1,0,79.0,63.0,66.0,16.0,36.0,52.0,2,6.0,24.0,4.0,1,2,1,1,0,0,0,0,0,0,0,1.0
ST000156,0,True,65,85,60,80,10,24,30,58,16.0,16.0,6.5,6.5,0,0,2,1,0,67.0,64.0,72.0,18.0,51.0,69.0,3,7.0,28.0,4.0,1,2,1,1,0,0,1,0,0,0,0,1.0
ST000156,0,True,65,85,60,80,10,24,30,58,16.0,16.0,6.5,6.5,0,0,2,1,0,84.0,75.0,75.0,20.0,36.0,56.0,2,6.0,24.0,4.0,1,1,1,1,0,0,0,0,0,0,0,1.0
ST000156,0,True,65,85,60,80,10,24,30,58,16.0,16.0,6.5,6.5,0,0,2,1,0,74.0,63.0,73.0,13.0,48.0,61.0,3,7.0,28.0,4.0,1,2,1,1,0,0,1,0,0,0,0,1.0
ST000157,0,True,90,100,90,100,24,30,55,70,16.0,16.0,9.5,9.5,0,0,2,1,0,98.0,90.0,94.0,24.0,69.0,93.0,6,10.0,40.0,4.0,1,1,1,1,0,0,0,0,0,0,0,1.0
ST000157,0,True,90,100,90,100,24,30,55,70,16.0,16.0,9.5,9.5,0,0,2,1,0,90.0,91.0,86.0,28.0,56.0,84.0,1,9.0,36.0,4.0,1,1,1,1,0,0,0,0,0,0,0,1.0
ST000157,0,True,90,100,90,100,24,30,55,70,16.0,16.0,9.5,9.5,0,0,2,1,0,100.0,98.0,85.0,25.0,61.0,86.0,1,9.0,36.0,4.0,1,1,1,1,0,0,0,0,0,0,0,1.0
ST000157,0,True,90,100,90,100,24,30,55,70,16.0,16.0,9.5,9.5,0,0,2,1,0,95.0,90.0,91.0,30.0,63.0,93.0,6,10.0,40.0,4.0,1,1,1,1,0,0,0,0,0,0,0,1.0
ST000158,0,True,80,95,75,90,18,28,45,65,16.0,16.0,8.25,8.25,0,0,2,1,0,83.0,75.0,78.0,28.0,55.0,83.0,1,9.0,36.0,4.0,1,1,1,1,0,0,0,0,0,0,0,1.0
ST000158,0,True,80,95,75,90,18,28,45,65,16.0,16.0,8.25,8.25,0,0,2,1,1,93.0,84.0,82.0,22.0,45.0,67.0,3,7.0,28.0,4.0,1,1,1,1,0,0,0,0,0,0,1,1.0
ST000158,0,True,80,95,75,90,18,28,45,65,16.0,16.0,8.25,8.25,0,0,2,1,0,92.0,79.0,82.0,18.0,59.0,77.0,0,8.0,32.0,4.0,1,1,1,1,0,0,0,0,0,0,0,1.0
ST000158,0,True,80,95,75,90,18,28,45,65,16.0,16.0,8.25,8.25,0,0,2,1,0,82.0,84.0,92.0,24.0,63.0,87.0,1,9.0,36.0,4.0,1,1,1,1,0,0,0,0,0,0,0,1.0
ST000159,1,True,65,85,60,80,10,24,30,58,16.0,16.0,7.5,7.5,0,0,2,1,0,65.0,60.0,65.0,17.0,57.0,74.0,0,8.0,32.0,4.0,1,2,1,1,0,0,1,0,0,0,0,1.0
ST000159,1,True,65,85,60,80,10,24,30,58,16.0,16.0,7.5,7.5,0,0,2,1,0,71.0,75.0,74.0,14.0,38.0,52.0,2,6.0,24.0,4.0,1,1,1,1,0,0,1,0,0,0,0,1.0
ST000159,1,True,65,85,60,80,10,24,30,58,16.0,16.0,7.5,7.5,0,0,2,1,0,66.0,67.0,63.0,14.0,58.0,72.0,0,8.0,32.0,4.0,1,2,1,1,0,0,1,0,0,0,0,1.0
ST000159,1,True,65,85,60,80,10,24,30,58,16.0,16.0,7.5,7.5,0,0,2,1,0,69.0,65.0,77.0,19.0,54.0,73.0,0,8.0,32.0,4.0,1,1,1,1,0,0,1,0,0,0,0,1.0
ST000160,1,True,40,65,35,60,4,16,15,40,16.0,8.0,2.0,2.0,2,2,3,1,1,57.0,52.0,47.0,4.0,36.0,40.0,7,4.0,16.0,4.0,1,0,1,1,0,1,1,1,1,1,1,1.0
ST000160,1,True,40,65,35,60,4,16,15,40,16.0,8.0,2.0,2.0,2,2,3,1,0,45.0,39.0,45.0,8.0,21.0,29.0,5,0.0,0.0,0.0,0,0,1,1,1,1,1,1,1,1,0,0.0
ST000160,1,True,40,65,35,60,4,16,15,40,16.0,8.0,2.0,2.0,2,2,3,1,0,64.0,49.0,49.0,10.0,30.0,40.0,7,4.0,16.0,4.0,1,0,1,1,0,1,1,1,1,1,0,1.0
ST000160,1,True,40,65,35,60,4,16,15,40,16.0,8.0,2.0,2.0,2,2,3,1,0,61.0,58.0,47.0,5.0,27.0,32.0,5,0.0,0.0,0.0,0,0,1,1,1,1,1,1,1,1,0,0.0
ST000161,0,True,80,95,75,90,18,28,45,65,16.0,16.0,8.0,8.0,0,0,2,1,0,82.0,75.0,86.0,23.0,54.0,77.0,0,8.0,32.0,4.0,1,1,1,1,0,0,0,0,0,0,0,1.0
ST000161,0,True,80,95,75,90,18,28,45,65,16.0,16.0,8.0,8.0,0,0,2,1,0,94.0,78.0,84.0,25.0,63.0,88.0,1,9.0,36.0,4.0,1,1,1,1,0,0,0,0,0,0,0,1.0
ST000161,0,True,80,95,75,90,18,28,45,65,16.0,16.0,8.0,8.0,0,0,2,1,0,89.0,76.0,80.0,22.0,47.0,69.0,3,7.0,28.0,4.0,1,1,1,1,0,0,0,0,0,0,0,1.0
ST000161,0,True,80,95,75,90,18,28,45,65,16.0,16.0,8.0,8.0,0,0,2,1,0,92.0,80.0,80.0,24.0,50.0,74.0,0,8.0,32.0,4.0,1,1,1,1,0,0,0,0,0,0,0,1.0
ST000162,0,True,55,75,50,70,8,20,25,50,16.0,16.0,5.75,5.75,0,0,2,1,0,69.0,70.0,62.0,17.0,37.0,54.0,2,6.0,24.0,4.0,1,2,1,1,0,0,1,0,0,1,0,1.0
ST000162,0,True,55,75,50,70,8,20,25,50,16.0,16.0,5.75,5.75,0,0,2,1,0,66.0,57.0,60.0,13.0,39.0,52.0,2,6.0,24.0,4.0,1,2,1,1,0,0,1,1,0,1,0,1.0
ST000162,0,True,55,75,50,70,8,20,25,50,16.0,16.0,5.75,5.75,0,0,2,1,0,59.0,52.0,59.0,14.0,32.0,46.0,4,5.0,20.0,4.0,1,2,1,1,0,0,1,1,0,1,0,1.0
ST000162,0,True,55,75,50,70,8,20,25,50,16.0,16.0,5.75,5.75,0,0,2,1,0,57.0,57.0,58.0,11.0,47.0,58.0,2,6.0,24.0,4.0,1,2,1,1,0,0,1,1,0,1,0,1.0
ST000163,1,True,80,95,75,90,18,28,45,65,16.0,16.0,8.25,8.25,0,0,2,1,0,85.0,78.0,71.0,23.0,58.0,81.0,1,9.0,36.0,4.0,1,1,1,1,0,0,0,0,0,0,0,1.0
ST000163,1,True,80,95,75,90,18,28,45,65,16.0,16.0,8.25,8.25,0,0,2,1,0,87.0,86.0,80.0,20.0,56.0,76.0,0,8.0,32.0,4.0,1,1,1,1,0,0,0,0,0,0,0,1.0
ST000163,1,True,80,95,75,90,18,28,45,65,16.0,16.0,8.25,8.25,0,0,2,1,0,87.0,84.0,78.0,25.0,50.0,75.0,0,8.0,32.0,4.0,1,1,1,1,0,0,0,0,0,0,0,1.0
ST000163,1,True,80,95,75,90,18,28,45,65,16.0,16.0,8.25,8.25,0,0,2,1,0,90.0,81.0,78.0,18.0,60.0,78.0,0,8.0,32.0,4.0,1,1,1,1,0,0,0,0,0,0,0,1.0
ST000164,1,True,80,95,75,90,18,28,45,65,16.0,16.0,8.25,8.25,0,0,2,1,0,91.0,89.0,86.0,20.0,62.0,82.0,1,9.0,36.0,4.0,1,1,1,1,0,0,0,0,0,0,0,1.0
ST000164,1,True,80,95,75,90,18,28,45,65,16.0,16.0,8.25,8.25,0,0,2,1,0,82.0,84.0,91.0,23.0,56.0,79.0,0,8.0,32.0,4.0,1,1,1,1,0,0,0,0,0,0,0,1.0
ST000164,1,True,80,95,75,90,18,28,45,65,16.0,16.0,8.25,8.25,0,0,2,1,0,86.0,77.0,92.0,28.0,47.0,75.0,0,8.0,32.0,4.0,1,1,1,1,0,0,0,0,0,0,0,1.0
ST000164,1,True,80,95,75,90,18,28,45,65,16.0,16.0,8.25,8.25,0,0,2,1,0,81.0,82.0,86.0,26.0,48.0,74.0,0,8.0,32.0,4.0,1,1,1,1,0,0,0,0,0,0,0,1.0
ST000165,1,True,65,85,60,80,10,24,30,58,12.0,12.0,6.33,6.33,0,0,2,1,0,79.0,70.0,78.0,14.0,35.0,49.0,4,5.0,20.0,4.0,1,2,1,1,0,0,0,0,0,1,0,1.0
ST000165,1,True,65,85,60,80,10,24,30,58,12.0,12.0,6.33,6.33,0,0,2,0,0,67.0,72.0,63.0,18.0,46.0,63.0,8,7.0,28.0,4.0,2,2,1,0,0,0,1,0,0,1,0,0.0
ST000165,1,True,65,85,60,80,10,24,30,58,12.0,12.0,6.33,6.33,0,0,2,1,0,85.0,73.0,78.0,15.0,37.0,52.0,2,6.0,24.0,4.0,1,1,1,1,0,0,0,0,0,1,0,1.0
ST000165,1,True,65,85,60,80,10,24,30,58,12.0,12.0,6.33,6.33,0,0,2,1,1,69.0,64.0,71.0,14.0,57.0,71.0,0,8.0,32.0,4.0,1,2,1,1,0,0,1,0,0,1,1,1.0
ST000166,0,True,55,75,50,70,8,20,25,50,16.0,12.0,4.5,4.5,1,1,3,1,0,72.0,66.0,62.0,13.0,39.0,52.0,2,6.0,24.0,4.0,1,2,1,1,0,1,1,0,0,1,0,1.0
ST000166,0,True,55,75,50,70,8,20,25,50,16.0,12.0,4.5,4.5,1,1,3,1,1,58.0,63.0,44.0,16.0,36.0,52.0,2,6.0,24.0,4.0,1,0,1,1,0,1,1,0,1,1,1,1.0
ST000166,0,True,55,75,50,70,8,20,25,50,16.0,12.0,4.5,4.5,1,1,3,1,0,61.0,50.0,65.0,8.0,30.0,38.0,5,0.0,0.0,0.0,0,0,1,1,1,1,1,1,0,1,0,0.0
ST000166,0,True,55,75,50,70,8,20,25,50,16.0,12.0,4.5,4.5,1,1,3,1,0,74.0,54.0,64.0,9.0,47.0,56.0,2,6.0,24.0,4.0,1,2,1,1,0,1,1,1,0,1,0,1.0
ST000167,1,True,65,85,60,80,10,24,30,58,16.0,16.0,6.5,6.5,0,0,2,1,0,85.0,65.0,79.0,20.0,30.0,50.0,2,6.0,24.0,4.0,1,1,1,1,0,0,0,0,0,0,0,1.0
ST000167,1,True,65,85,60,80,10,24,30,58,16.0,16.0,6.5,6.5,0,0,2,1,0,79.0,68.0,73.0,18.0,35.0,53.0,2,6.0,24.0,4.0,1,2,1,1,0,0,0,0,0,0,0,1.0
ST000167,1,True,65,85,60,80,10,24,30,58,16.0,16.0,6.5,6.5,0,0,2,1,0,82.0,70.0,76.0,22.0,44.0,66.0,3,7.0,28.0,4.0,1,1,1,1,0,0,0,0,0,0,0,1.0
ST000167,1,True,65,85,60,80,10,24,30,58,16.0,16.0,6.5,6.5,0,0,2,1,0,68.0,69.0,63.0,14.0,52.0,66.0,3,7.0,28.0,4.0,1,2,1,1,0,0,1,0,0,0,0,1.0
ST000168,1,True,65,85,60,80,10,24,30,58,16.0,16.0,7.25,7.25,0,0,2,1,0,74.0,78.0,67.0,23.0,57.0,80.0,1,9.0,36.0,4.0,1,1,1,1,0,0,1,0,0,0,0,1.0
ST000168,1,True,65,85,60,80,10,24,30,58,16.0,16.0,7.25,7.25,0,0,2,1,0,71.0,74.0,77.0,22.0,34.0,56.0,2,6.0,24.0,4.0,1,1,1,1,0,0,1,0,0,0,0,1.0
ST000168,1,True,65,85,60,80,10,24,30,58,16.0,16.0,7.25,7.25,0,0,2,1,0,69.0,74.0,73.0,11.0,41.0,52.0,2,6.0,24.0,4.0,1,1,1,1,0,0,1,0,0,0,0,1.0
ST000168,1,True,65,85,60,80,10,24,30,58,16.0,16.0,7.25,7.25,0,0,2,1,0,67.0,60.0,61.0,22.0,57.0,79.0,0,8.0,32.0,4.0,1,2,1,1,0,0,1,0,0,0,0,1.0
ST000169,1,True,55,75,50,70,8,20,25,50,12.0,12.0,5.33,5.33,0,0,2,1,0,75.0,60.0,63.0,15.0,46.0,61.0,3,7.0,28.0,4.0,1,2,1,1,0,0,0,0,0,1,0,1.0
ST000169,1,True,55,75,50,70,8,20,25,50,12.0,12.0,5.33,5.33,0,0,2,1,1,55.0,60.0,58.0,10.0,39.0,49.0,4,5.0,20.0,4.0,1,2,1,1,0,0,1,0,0,1,1,1.0
ST000169,1,True,55,75,50,70,8,20,25,50,12.0,12.0,5.33,5.33,0,0,2,0,0,57.0,50.0,46.0,18.0,46.0,63.0,8,7.0,28.0,4.0,2,2,1,0,0,0,1,1,1,1,0,0.0
ST000169,1,True,55,75,50,70,8,20,25,50,12.0,12.0,5.33,5.33,0,0,2,1,0,62.0,60.0,55.0,12.0,32.0,44.0,7,4.0,16.0,4.0,1,2,1,1,0,0,1,0,0,1,0,1.0
ST000170,1,True,65,85,60,80,10,24,30,58,16.0,16.0,6.5,6.5,0,0,2,1,0,81.0,66.0,74.0,11.0,39.0,50.0,2,6.0,24.0,4.0,1,2,1,1,0,0,0,0,0,0,0,1.0
ST000170,1,True,65,85,60,80,10,24,30,58,16.0,16.0,6.5,6.5,0,0,2,1,0,82.0,71.0,68.0,14.0,40.0,54.0,2,6.0,24.0,4.0,1,2,1,1,0,0,0,0,0,0,0,1.0
ST000170,1,True,65,85,60,80,10,24,30,58,16.0,16.0,6.5,6.5,0,0,2,1,0,67.0,71.0,54.0,11.0,44.0,55.0,2,6.0,24.0,4.0,1,2,1,1,0,0,1,0,0,0,0,1.0
ST000170,1,True,65,85,60,80,10,24,30,58,16.0,16.0,6.5,6.5,0,0,2,1,0,69.0,60.0,79.0,21.0,56.0,77.0,0,8.0,32.0,4.0,1,2,1,1,0,0,1,0,0,0,0,1.0
ST000171,1,True,65,85,60,80,10,24,30,58,16.0,16.0,7.25,7.25,0,0,2,1,0,72.0,68.0,74.0,24.0,47.0,71.0,0,8.0,32.0,4.0,1,1,1,1,0,0,1,0,0,0,0,1.0
ST000171,1,True,65,85,60,80,10,24,30,58,16.0,16.0,7.25,7.25,0,0,2,1,0,73.0,75.0,59.0,21.0,32.0,53.0,2,6.0,24.0,4.0,1,2,1,1,0,0,1,0,0,0,0,1.0
ST000171,1,True,65,85,60,80,10,24,30,58,16.0,16.0,7.25,7.25,0,0,2,1,0,79.0,67.0,79.0,20.0,37.0,57.0,2,6.0,24.0,4.0,1,1,1,1,0,0,0,0,0,0,0,1.0
ST000171,1,True,65,85,60,80,10,24,30,58,16.0,16.0,7.25,7.25,0,0,2,1,0,75.0,68.0,62.0,24.0,57.0,81.0,1,9.0,36.0,4.0,1,2,1,1,0,0,0,0,0,0,0,1.0
ST000172,1,True,90,100,90,100,24,30,55,70,16.0,16.0,9.25,9.25,0,0,2,1,0,98.0,95.0,90.0,25.0,69.0,94.0,6,10.0,40.0,4.0,1,1,1,1,0,0,0,0,0,0,0,1.0
ST000172,1,True,90,100,90,100,24,30,55,70,16.0,16.0,9.25,9.25,0,0,2,1,0,96.0,94.0,98.0,29.0,57.0,86.0,1,9.0,36.0,4.0,1,1,1,1,0,0,0,0,0,0,0,1.0
ST000172,1,True,90,100,90,100,24,30,55,70,16.0,16.0,9.25,9.25,0,0,2,1,0,97.0,98.0,94.0,30.0,57.0,87.0,1,9.0,36.0,4.0,1,1,1,1,0,0,0,0,0,0,0,1.0
ST000172,1,True,90,100,90,100,24,30,55,70,16.0,16.0,9.25,9.25,0,0,2,1,0,95.0,90.0,87.0,27.0,55.0,82.0,1,9.0,36.0,4.0,1,1,1,1,0,0,0,0,0,0,0,1.0
ST000173,0,True,65,85,60,80,10,24,30,58,12.0,12.0,6.33,6.33,0,0,2,1,0,80.0,61.0,70.0,21.0,32.0,53.0,2,6.0,24.0,4.0,1,2,1,1,0,0,0,0,0,1,0,1.0
ST000173,0,True,65,85,60,80,10,24,30,58,12.0,12.0,6.33,6.33,0,0,2,1,0,66.0,71.0,51.0,18.0,35.0,53.0,2,6.0,24.0,4.0,1,2,1,1,0,0,1,0,0,1,0,1.0
ST000173,0,True,65,85,60,80,10,24,30,58,12.0,12.0,6.33,6.33,0,0,2,0,0,83.0,67.0,69.0,18.0,46.0,63.0,8,7.0,28.0,4.0,2,2,1,0,0,0,0,0,0,1,0,0.0
ST000173,0,True,65,85,60,80,10,24,30,58,12.0,12.0,6.33,6.33,0,0,2,1,0,74.0,67.0,67.0,23.0,44.0,67.0,3,7.0,28.0,4.0,1,2,1,1,0,0,1,0,0,1,0,1.0
ST000174,0,True,80,95,75,90,18,28,45,65,16.0,16.0,8.75,8.75,0,0,2,1,0,83.0,87.0,87.0,21.0,54.0,75.0,0,8.0,32.0,4.0,1,1,1,1,0,0,0,0,0,0,0,1.0
ST000174,0,True,80,95,75,90,18,28,45,65,16.0,16.0,8.75,8.75,0,0,2,1,0,90.0,82.0,87.0,25.0,57.0,82.0,1,9.0,36.0,4.0,1,1,1,1,0,0,0,0,0,0,0,1.0
ST000174,0,True,80,95,75,90,18,28,45,65,16.0,16.0,8.75,8.75,0,0,2,1,0,83.0,86.0,88.0,28.0,54.0,82.0,1,9.0,36.0,4.0,1,1,1,1,0,0,0,0,0,0,0,1.0
ST000174,0,True,80,95,75,90,18,28,45,65,16.0,16.0,8.75,8.75,0,0,2,1,0,92.0,88.0,84.0,22.0,60.0,82.0,1,9.0,36.0,4.0,1,1,1,1,0,0,0,0,0,0,0,1.0
ST000175,1,True,65,85,60,80,10,24,30,58,16.0,16.0,6.75,6.75,0,0,2,1,0,81.0,71.0,78.0,20.0,53.0,73.0,0,8.0,32.0,4.0,1,1,1,1,0,0,0,0,0,0,0,1.0
ST000175,1,True,65,85,60,80,10,24,30,58,16.0,16.0,6.75,6.75,0,0,2,1,0,73.0,76.0,70.0,10.0,46.0,56.0,2,6.0,24.0,4.0,1,2,1,1,0,0,1,0,0,0,0,1.0
ST000175,1,True,65,85,60,80,10,24,30,58,16.0,16.0,6.75,6.75,0,0,2,1,1,73.0,61.0,67.0,21.0,44.0,65.0,3,7.0,28.0,4.0,1,2,1,1,0,0,1,0,0,0,1,1.0
ST000175,1,True,65,85,60,80,10,24,30,58,16.0,16.0,6.75,6.75,0,0,2,1,0,79.0,64.0,77.0,11.0,40.0,51.0,2,6.0,24.0,4.0,1,1,1,1,0,0,0,0,0,0,0,1.0
ST000176,0,True,20,50,20,45,0,12,0,30,12.0,0.0,0.0,0.0,3,3,0,1,1,20.0,24.0,5.0,6.0,11.0,17.0,5,0.0,0.0,0.0,0,0,1,1,1,1,1,1,1,1,1,0.0
ST000176,0,True,20,50,20,45,0,12,0,30,12.0,0.0,0.0,0.0,3,3,0,1,0,48.0,41.0,35.0,1.0,2.0,3.0,5,0.0,0.0,0.0,0,0,1,1,1,1,1,1,1,1,0,0.0
ST000176,0,True,20,50,20,45,0,12,0,30,12.0,0.0,0.0,0.0,3,3,0,1,0,45.0,25.0,30.0,7.0,29.0,36.0,5,0.0,0.0,0.0,0,0,1,1,1,1,1,1,1,1,0,0.0
ST000176,0,True,20,50,20,45,0,12,0,30,12.0,0.0,0.0,0.0,3,3,0,0,0,33.0,21.0,19.0,18.0,46.0,63.0,8,7.0,28.0,4.0,2,0,1,0,0,1,1,1,1,1,0,0.0
ST000177,0,True,65,85,60,80,10,24,30,58,16.0,16.0,6.75,6.75,0,0,2,1,0,78.0,68.0,64.0,12.0,46.0,58.0,2,6.0,24.0,4.0,1,2,1,1,0,0,0,0,0,0,0,1.0
ST000177,0,True,65,85,60,80,10,24,30,58,16.0,16.0,6.75,6.75,0,0,2,1,0,75.0,77.0,70.0,14.0,54.0,68.0,3,7.0,28.0,4.0,1,1,1,1,0,0,0,0,0,0,0,1.0
ST000177,0,True,65,85,60,80,10,24,30,58,16.0,16.0,6.75,6.75,0,0,2,1,0,82.0,65.0,79.0,21.0,34.0,55.0,2,6.0,24.0,4.0,1,1,1,1,0,0,0,0,0,0,0,1.0
ST000177,0,True,65,85,60,80,10,24,30,58,16.0,16.0,6.75,6.75,0,0,2,1,0,82.0,64.0,78.0,18.0,58.0,76.0,0,8.0,32.0,4.0,1,1,1,1,0,0,0,0,0,0,0,1.0
ST000178,1,True,80,95,75,90,18,28,45,65,16.0,16.0,8.75,8.75,0,0,2,1,0,89.0,86.0,87.0,25.0,63.0,88.0,1,9.0,36.0,4.0,1,1,1,1,0,0,0,0,0,0,0,1.0
ST000178,1,True,80,95,75,90,18,28,45,65,16.0,16.0,8.75,8.75,0,0,2,1,0,80.0,78.0,74.0,19.0,55.0,74.0,0,8.0,32.0,4.0,1,1,1,1,0,0,0,0,0,0,0,1.0
ST000178,1,True,80,95,75,90,18,28,45,65,16.0,16.0,8.75,8.75,0,0,2,1,0,88.0,77.0,73.0,26.0,63.0,89.0,1,9.0,36.0,4.0,1,1,1,1,0,0,0,0,0,0,0,1.0
ST000178,1,True,80,95,75,90,18,28,45,65,16.0,16.0,8.75,8.75,0,0,2,1,0,90.0,83.0,89.0,27.0,62.0,89.0,1,9.0,36.0,4.0,1,1,1,1,0,0,0,0,0,0,0,1.0
ST000179,1,True,65,85,60,80,10,24,30,58,16.0,16.0,6.5,6.5,0,0,2,1,0,72.0,61.0,60.0,14.0,45.0,59.0,2,6.0,24.0,4.0,1,2,1,1,0,0,1,0,0,0,0,1.0
ST000179,1,True,65,85,60,80,10,24,30,58,16.0,16.0,6.5,6.5,0,0,2,1,0,78.0,74.0,69.0,19.0,50.0,69.0,3,7.0,28.0,4.0,1,2,1,1,0,0,0,0,0,0,0,1.0
ST000179,1,True,65,85,60,80,10,24,30,58,16.0,16.0,6.5,6.5,0,0,2,1,0,67.0,65.0,68.0,24.0,40.0,64.0,3,7.0,28.0,4.0,1,2,1,1,0,0,1,0,0,0,0,1.0
ST000179,1,True,65,85,60,80,10,24,30,58,16.0,16.0,6.5,6.5,0,0,2,1,0,78.0,64.0,72.0,20.0,31.0,51.0,2,6.0,24.0,4.0,1,2,1,1,0,0,0,0,0,0,0,1.0
ST000180,1,True,90,100,90,100,24,30,55,70,16.0,16.0,9.5,9.5,0,0,2,1,0,93.0,97.0,95.0,29.0,67.0,96.0,6,10.0,40.0,4.0,1,1,1,1,0,0,0,0,0,0,0,1.0
ST000180,1,True,90,100,90,100,24,30,55,70,16.0,16.0,9.5,9.5,0,0,2,1,0,95.0,94.0,99.0,24.0,66.0,90.0,6,10.0,40.0,4.0,1,1,1,1,0,0,0,0,0,0,0,1.0
ST000180,1,True,90,100,90,100,24,30,55,70,16.0,16.0,9.5,9.5,0,0,2,1,0,97.0,96.0,100.0,24.0,60.0,84.0,1,9.0,36.0,4.0,1,1,1,1,0,0,0,0,0,0,0,1.0
ST000180,1,True,90,100,90,100,24,30,55,70,16.0,16.0,9.5,9.5,0,0,2,1,0,92.0,97.0,92.0,25.0,63.0,88.0,1,9.0,36.0,4.0,1,1,1,1,0,0,0,0,0,0,0,1.0
ST000181,1,True,90,100,90,100,24,30,55,70,16.0,16.0,9.25,9.25,0,0,2,1,0,90.0,92.0,99.0,27.0,57.0,84.0,1,9.0,36.0,4.0,1,1,1,1,0,0,0,0,0,0,0,1.0
ST000181,1,True,90,100,90,100,24,30,55,70,16.0,16.0,9.25,9.25,0,0,2,1,0,96.0,97.0,85.0,25.0,63.0,88.0,1,9.0,36.0,4.0,1,1,1,1,0,0,0,0,0,0,0,1.0
ST000181,1,True,90,100,90,100,24,30,55,70,16.0,16.0,9.25,9.25,0,0,2,1,0,99.0,96.0,96.0,25.0,62.0,87.0,1,9.0,36.0,4.0,1,1,1,1,0,0,0,0,0,0,0,1.0
ST000181,1,True,90,100,90,100,24,30,55,70,16.0,16.0,9.25,9.25,0,0,2,1,0,97.0,93.0,91.0,29.0,67.0,96.0,6,10.0,40.0,4.0,1,1,1,1,0,0,0,0,0,0,0,1.0
ST000182,1,True,80,95,75,90,18,28,45,65,16.0,16.0,8.75,8.75,0,0,2,1,0,85.0,88.0,75.0,23.0,61.0,84.0,1,9.0,36.0,4.0,1,1,1,1,0,0,0,0,0,0,0,1.0
ST000182,1,True,80,95,75,90,18,28,45,65,16.0,16.0,8.75,8.75,0,0,2,1,0,83.0,88.0,73.0,28.0,50.0,78.0,0,8.0,32.0,4.0,1,1,1,1,0,0,0,0,0,0,0,1.0
ST000182,1,True,80,95,75,90,18,28,45,65,16.0,16.0,8.75,8.75,0,0,2,1,0,84.0,79.0,70.0,24.0,58.0,82.0,1,9.0,36.0,4.0,1,1,1,1,0,0,0,0,0,0,0,1.0
ST000182,1,True,80,95,75,90,18,28,45,65,16.0,16.0,8.75,8.75,0,0,2,1,0,92.0,88.0,90.0,26.0,62.0,88.0,1,9.0,36.0,4.0,1,1,1,1,0,0,0,0,0,0,0,1.0
ST000183,1,True,20,50,20,45,0,12,0,30,12.0,0.0,0.0,0.0,3,3,0,0,0,23.0,20.0,22.0,18.0,46.0,63.0,8,7.0,28.0,4.0,2,0,1,0,0,1,1,1,1,1,0,0.0
ST000183,1,True,20,50,20,45,0,12,0,30,12.0,0.0,0.0,0.0,3,3,0,1,0,36.0,36.0,30.0,11.0,1.0,12.0,5,0.0,0.0,0.0,0,0,1,1,1,1,1,1,1,1,0,0.0
ST000183,1,True,20,50,20,45,0,12,0,30,12.0,0.0,0.0,0.0,3,3,0,1,0,24.0,28.0,24.0,9.0,24.0,33.0,5,0.0,0.0,0.0,0,0,1,1,1,1,1,1,1,1,0,0.0
ST000183,1,True,20,50,20,45,0,12,0,30,12.0,0.0,0.0,0.0,3,3,0,1,0,25.0,30.0,26.0,5.0,24.0,29.0,5,0.0,0.0,0.0,0,0,1,1,1,1,1,1,1,1,0,0.0
ST000184,0,True,40,65,35,60,4,16,15,40,12.0,0.0,0.0,0.0,3,3,0,1,1,55.0,36.0,44.0,5.0,33.0,38.0,5,0.0,0.0,0.0,0,0,1,1,1,1,1,1,1,1,1,0.0
ST000184,0,True,40,65,35,60,4,16,15,40,12.0,0.0,0.0,0.0,3,3,0,0,0,41.0,35.0,33.0,18.0,46.0,63.0,8,7.0,28.0,4.0,2,0,1,0,0,1,1,1,1,1,0,0.0
ST000184,0,True,40,65,35,60,4,16,15,40,12.0,0.0,0.0,0.0,3,3,0,1,0,49.0,38.0,50.0,8.0,29.0,37.0,5,0.0,0.0,0.0,0,0,1,1,1,1,1,1,0,1,0,0.0
ST000184,0,True,40,65,35,60,4,16,15,40,12.0,0.0,0.0,0.0,3,3,0,1,0,56.0,43.0,50.0,12.0,21.0,33.0,5,0.0,0.0,0.0,0,0,1,1,1,1,1,1,0,1,0,0.0
ST000185,1,True,65,85,60,80,10,24,30,58,12.0,12.0,6.33,6.33,0,0,2,1,0,82.0,77.0,80.0,19.0,49.0,68.0,3,7.0,28.0,4.0,1,1,1,1,0,0,0,0,0,1,0,1.0
ST000185,1,True,65,85,60,80,10,24,30,58,12.0,12.0,6.33,6.33,0,0,2,1,0,79.0,74.0,74.0,23.0,30.0,53.0,2,6.0,24.0,4.0,1,2,1,1,0,0,0,0,0,1,0,1.0
ST000185,1,True,65,85,60,80,10,24,30,58,12.0,12.0,6.33,6.33,0,0,2,0,0,73.0,71.0,64.0,18.0,46.0,63.0,8,7.0,28.0,4.0,2,2,1,0,0,0,1,0,0,1,0,0.0
ST000185,1,True,65,85,60,80,10,24,30,58,12.0,12.0,6.33,6.33,0,0,2,1,0,83.0,71.0,68.0,15.0,40.0,55.0,2,6.0,24.0,4.0,1,2,1,1,0,0,0,0,0,1,0,1.0
ST000186,0,True,40,65,35,60,4,16,15,40,16.0,4.0,1.5,1.5,3,3,0,1,0,50.0,48.0,38.0,13.0,26.0,39.0,5,0.0,0.0,0.0,0,0,1,1,1,1,1,1,1,1,0,0.0
ST000186,0,True,40,65,35,60,4,16,15,40,16.0,4.0,1.5,1.5,3,3,0,1,1,65.0,52.0,50.0,7.0,28.0,35.0,5,0.0,0.0,0.0,0,0,1,1,1,1,1,1,0,1,1,0.0
ST000186,0,True,40,65,35,60,4,16,15,40,16.0,4.0,1.5,1.5,3,3,0,1,1,52.0,37.0,43.0,12.0,38.0,50.0,2,6.0,24.0,4.0,1,0,1,1,0,1,1,1,1,1,1,1.0
ST000186,0,True,40,65,35,60,4,16,15,40,16.0,4.0,1.5,1.5,3,3,0,1,0,41.0,46.0,49.0,7.0,20.0,27.0,5,0.0,0.0,0.0,0,0,1,1,1,1,1,1,1,1,0,0.0
ST000187,1,True,65,85,60,80,10,24,30,58,16.0,16.0,5.75,5.75,0,0,2,1,0,85.0,72.0,79.0,15.0,44.0,59.0,2,6.0,24.0,4.0,1,2,1,1,0,0,0,0,0,1,0,1.0
ST000187,1,True,65,85,60,80,10,24,30,58,16.0,16.0,5.75,5.75,0,0,2,1,0,81.0,78.0,73.0,11.0,32.0,43.0,7,4.0,16.0,4.0,1,2,1,1,0,0,0,0,0,1,0,1.0
ST000187,1,True,65,85,60,80,10,24,30,58,16.0,16.0,5.75,5.75,0,0,2,1,0,76.0,61.0,73.0,11.0,35.0,46.0,4,5.0,20.0,4.0,1,2,1,1,0,0,0,0,0,1,0,1.0
ST000187,1,True,65,85,60,80,10,24,30,58,16.0,16.0,5.75,5.75,0,0,2,1,0,75.0,70.0,78.0,17.0,56.0,73.0,0,8.0,32.0,4.0,1,2,1,1,0,0,0,0,0,1,0,1.0
ST000188,1,True,20,50,20,45,0,12,0,30,4.0,0.0,0.0,0.0,1,1,3,0,0,27.0,32.0,15.0,18.0,46.0,63.0,8,7.0,28.0,4.0,2,0,1,0,0,1,1,1,1,1,0,0.0
ST000188,1,True,20,50,20,45,0,12,0,30,4.0,0.0,0.0,0.0,1,1,3,0,0,23.0,22.0,8.0,18.0,46.0,63.0,8,7.0,28.0,4.0,2,0,1,0,0,1,1,1,1,1,0,0.0
ST000188,1,True,20,50,20,45,0,12,0,30,4.0,0.0,0.0,0.0,1,1,3,0,0,30.0,30.0,28.0,18.0,46.0,63.0,8,7.0,28.0,4.0,2,0,1,0,0,1,1,1,1,1,0,0.0
ST000188,1,True,20,50,20,45,0,12,0,30,4.0,0.0,0.0,0.0,1,1,3,1,0,41.0,33.0,32.0,10.0,23.0,33.0,5,0.0,0.0,0.0,0,0,1,1,1,1,1,1,1,1,0,0.0
ST000189,1,True,90,100,90,100,24,30,55,70,16.0,16.0,9.75,9.75,0,0,2,1,0,97.0,100.0,86.0,28.0,68.0,96.0,6,10.0,40.0,4.0,1,1,1,1,0,0,0,0,0,0,0,1.0
ST000189,1,True,90,100,90,100,24,30,55,70,16.0,16.0,9.75,9.75,0,0,2,1,0,100.0,94.0,94.0,28.0,59.0,87.0,1,9.0,36.0,4.0,1,1,1,1,0,0,0,0,0,0,0,1.0
ST000189,1,True,90,100,90,100,24,30,55,70,16.0,16.0,9.75,9.75,0,0,2,1,0,93.0,90.0,89.0,26.0,66.0,92.0,6,10.0,40.0,4.0,1,1,1,1,0,0,0,0,0,0,0,1.0
ST000189,1,True,90,100,90,100,24,30,55,70,16.0,16.0,9.75,9.75,0,0,2,1,0,98.0,99.0,99.0,28.0,68.0,96.0,6,10.0,40.0,4.0,1,1,1,1,0,0,0,0,0,0,0,1.0
ST000190,1,True,65,85,60,80,10,24,30,58,12.0,12.0,7.33,7.33,0,0,2,1,0,84.0,78.0,76.0,22.0,31.0,53.0,2,6.0,24.0,4.0,1,1,1,1,0,0,0,0,0,0,0,1.0
ST000190,1,True,65,85,60,80,10,24,30,58,12.0,12.0,7.33,7.33,0,0,2,0,0,82.0,79.0,74.0,18.0,46.0,63.0,8,7.0,28.0,4.0,2,1,1,0,0,0,0,0,0,0,0,0.0
ST000190,1,True,65,85,60,80,10,24,30,58,12.0,12.0,7.33,7.33,0,0,2,1,0,66.0,66.0,57.0,24.0,49.0,73.0,0,8.0,32.0,4.0,1,2,1,1,0,0,1,0,0,0,0,1.0
ST000190,1,True,65,85,60,80,10,24,30,58,12.0,12.0,7.33,7.33,0,0,2,1,0,78.0,60.0,70.0,19.0,53.0,72.0,0,8.0,32.0,4.0,1,1,1,1,0,0,0,0,0,0,0,1.0
ST000191,0,True,40,65,35,60,4,16,15,40,12.0,8.0,3.0,3.0,1,1,3,1,0,40.0,38.0,41.0,7.0,33.0,40.0,7,4.0,16.0,4.0,1,0,1,1,0,1,1,1,1,1,0,1.0
ST000191,0,True,40,65,35,60,4,16,15,40,12.0,8.0,3.0,3.0,1,1,3,1,0,60.0,42.0,49.0,6.0,40.0,46.0,4,5.0,20.0,4.0,1,0,1,1,0,1,1,1,1,1,0,1.0
ST000191,0,True,40,65,35,60,4,16,15,40,12.0,8.0,3.0,3.0,1,1,3,0,0,44.0,38.0,47.0,18.0,46.0,63.0,8,7.0,28.0,4.0,2,0,1,0,0,1,1,1,1,1,0,0.0
ST000191,0,True,40,65,35,60,4,16,15,40,12.0,8.0,3.0,3.0,1,1,3,1,0,65.0,59.0,50.0,14.0,16.0,30.0,5,0.0,0.0,0.0,0,0,1,1,1,1,1,1,0,1,0,0.0
ST000192,0,True,55,75,50,70,8,20,25,50,12.0,12.0,6.33,6.33,0,0,2,1,0,63.0,67.0,48.0,16.0,35.0,51.0,2,6.0,24.0,4.0,1,2,1,1,0,0,1,0,1,1,0,1.0
ST000192,0,True,55,75,50,70,8,20,25,50,12.0,12.0,6.33,6.33,0,0,2,1,0,65.0,56.0,57.0,19.0,34.0,53.0,2,6.0,24.0,4.0,1,2,1,1,0,0,1,1,0,1,0,1.0
ST000192,0,True,55,75,50,70,8,20,25,50,12.0,12.0,6.33,6.33,0,0,2,1,0,66.0,63.0,63.0,18.0,46.0,64.0,3,7.0,28.0,4.0,1,2,1,1,0,0,1,0,0,1,0,1.0
ST000192,0,True,55,75,50,70,8,20,25,50,12.0,12.0,6.33,6.33,0,0,2,0,0,62.0,53.0,58.0,18.0,46.0,63.0,8,7.0,28.0,4.0,2,2,1,0,0,0,1,1,0,1,0,0.0
ST000193,1,True,80,95,75,90,18,28,45,65,16.0,16.0,9.0,9.0,0,0,2,1,0,85.0,89.0,77.0,23.0,58.0,81.0,1,9.0,36.0,4.0,1,1,1,1,0,0,0,0,0,0,0,1.0
ST000193,1,True,80,95,75,90,18,28,45,65,16.0,16.0,9.0,9.0,0,0,2,1,0,95.0,78.0,88.0,19.0,61.0,80.0,1,9.0,36.0,4.0,1,1,1,1,0,0,0,0,0,0,0,1.0
ST000193,1,True,80,95,75,90,18,28,45,65,16.0,16.0,9.0,9.0,0,0,2,1,0,90.0,85.0,89.0,28.0,61.0,89.0,1,9.0,36.0,4.0,1,1,1,1,0,0,0,0,0,0,0,1.0
ST000193,1,True,80,95,75,90,18,28,45,65,16.0,16.0,9.0,9.0,0,0,2,1,0,87.0,77.0,83.0,28.0,52.0,80.0,1,9.0,36.0,4.0,1,1,1,1,0,0,0,0,0,0,0,1.0
ST000194,1,True,65,85,60,80,10,24,30,58,16.0,16.0,6.75,6.75,0,0,2,1,1,69.0,65.0,63.0,16.0,35.0,51.0,2,6.0,24.0,4.0,1,2,1,1,0,0,1,0,0,0,1,1.0
ST000194,1,True,65,85,60,80,10,24,30,58,16.0,16.0,6.75,6.75,0,0,2,1,0,84.0,80.0,80.0,16.0,51.0,67.0,3,7.0,28.0,4.0,1,1,1,1,0,0,0,0,0,0,0,1.0
ST000194,1,True,65,85,60,80,10,24,30,58,16.0,16.0,6.75,6.75,0,0,2,1,0,83.0,76.0,76.0,20.0,52.0,72.0,0,8.0,32.0,4.0,1,1,1,1,0,0,0,0,0,0,0,1.0
ST000194,1,True,65,85,60,80,10,24,30,58,16.0,16.0,6.75,6.75,0,0,2,1,0,69.0,74.0,54.0,19.0,38.0,57.0,2,6.0,24.0,4.0,1,2,1,1,0,0,1,0,0,0,0,1.0
ST000195,0,True,65,85,60,80,10,24,30,58,12.0,12.0,6.67,6.67,0,0,2,1,0,72.0,67.0,65.0,21.0,31.0,52.0,2,6.0,24.0,4.0,1,2,1,1,0,0,1,0,0,0,0,1.0
ST000195,0,True,65,85,60,80,10,24,30,58,12.0,12.0,6.67,6.67,0,0,2,1,0,67.0,67.0,71.0,23.0,51.0,74.0,0,8.0,32.0,4.0,1,2,1,1,0,0,1,0,0,0,0,1.0
ST000195,0,True,65,85,60,80,10,24,30,58,12.0,12.0,6.67,6.67,0,0,2,0,0,75.0,70.0,76.0,18.0,46.0,63.0,8,7.0,28.0,4.0,2,1,1,0,0,0,0,0,0,0,0,0.0
ST000195,0,True,65,85,60,80,10,24,30,58,12.0,12.0,6.67,6.67,0,0,2,1,0,80.0,74.0,78.0,11.0,45.0,56.0,2,6.0,24.0,4.0,1,1,1,1,0,0,0,0,0,0,0,1.0
ST000196,0,True,55,75,50,70,8,20,25,50,16.0,12.0,4.25,4.25,1,1,3,1,0,75.0,56.0,64.0,10.0,29.0,39.0,5,0.0,0.0,0.0,0,2,1,1,1,1,0,1,0,1,0,0.0
ST000196,0,True,55,75,50,70,8,20,25,50,16.0,12.0,4.25,4.25,1,1,3,1,0,71.0,63.0,57.0,15.0,32.0,47.0,4,5.0,20.0,4.0,1,2,1,1,0,1,1,0,0,1,0,1.0
ST000196,0,True,55,75,50,70,8,20,25,50,16.0,12.0,4.25,4.25,1,1,3,1,0,60.0,53.0,52.0,15.0,44.0,59.0,2,6.0,24.0,4.0,1,0,1,1,0,1,1,1,0,1,0,1.0
ST000196,0,True,55,75,50,70,8,20,25,50,16.0,12.0,4.25,4.25,1,1,3,1,1,61.0,56.0,59.0,16.0,42.0,58.0,2,6.0,24.0,4.0,1,0,1,1,0,1,1,1,0,1,1,1.0
ST000197,1,True,40,65,35,60,4,16,15,40,8.0,4.0,2.5,2.5,1,1,3,1,0,41.0,45.0,42.0,9.0,40.0,49.0,4,5.0,20.0,4.0,1,0,1,1,0,1,1,1,1,1,0,1.0
ST000197,1,True,40,65,35,60,4,16,15,40,8.0,4.0,2.5,2.5,1,1,3,1,0,64.0,57.0,49.0,8.0,16.0,24.0,5,0.0,0.0,0.0,0,0,1,1,1,1,1,1,1,1,0,0.0
ST000197,1,True,40,65,35,60,4,16,15,40,8.0,4.0,2.5,2.5,1,1,3,0,0,58.0,50.0,46.0,18.0,46.0,63.0,8,7.0,28.0,4.0,2,0,1,0,0,1,1,1,1,1,0,0.0
ST000197,1,True,40,65,35,60,4,16,15,40,8.0,4.0,2.5,2.5,1,1,3,0,0,43.0,44.0,34.0,18.0,46.0,63.0,8,7.0,28.0,4.0,2,0,1,0,0,1,1,1,1,1,0,0.0
ST000198,0,True,55,75,50,70,8,20,25,50,16.0,16.0,4.75,4.75,0,0,2,1,0,74.0,67.0,59.0,18.0,25.0,43.0,7,4.0,16.0,4.0,1,2,1,1,0,0,1,0,0,1,0,1.0
ST000198,0,True,55,75,50,70,8,20,25,50,16.0,16.0,4.75,4.75,0,0,2,1,0,73.0,56.0,64.0,11.0,41.0,52.0,2,6.0,24.0,4.0,1,2,1,1,0,0,1,1,0,1,0,1.0
ST000198,0,True,55,75,50,70,8,20,25,50,16.0,16.0,4.75,4.75,0,0,2,1,0,73.0,67.0,65.0,19.0,28.0,47.0,4,5.0,20.0,4.0,1,2,1,1,0,0,1,0,0,1,0,1.0
ST000198,0,True,55,75,50,70,8,20,25,50,16.0,16.0,4.75,4.75,0,0,2,1,0,67.0,56.0,58.0,16.0,28.0,44.0,7,4.0,16.0,4.0,1,2,1,1,0,0,1,1,0,1,0,1.0
ST000199,1,True,20,50,20,45,0,12,0,30,8.0,0.0,0.0,0.0,2,2,3,0,0,40.0,23.0,26.0,18.0,46.0,63.0,8,7.0,28.0,4.0,2,0,1,0,0,1,1,1,1,1,0,0.0
ST000199,1,True,20,50,20,45,0,12,0,30,8.0,0.0,0.0,0.0,2,2,3,1,1,45.0,42.0,30.0,4.0,2.0,6.0,5,0.0,0.0,0.0,0,0,1,1,1,1,1,1,1,1,1,0.0
ST000199,1,True,20,50,20,45,0,12,0,30,8.0,0.0,0.0,0.0,2,2,3,1,1,31.0,21.0,29.0,11.0,7.0,18.0,5,0.0,0.0,0.0,0,0,1,1,1,1,1,1,1,1,1,0.0
ST000199,1,True,20,50,20,45,0,12,0,30,8.0,0.0,0.0,0.0,2,2,3,0,0,21.0,20.0,16.0,18.0,46.0,63.0,8,7.0,28.0,4.0,2,0,1,0,0,1,1,1,1,1,0,0.0
ST000200,0,True,65,85,60,80,10,24,30,58,16.0,16.0,5.75,5.75,0,0,2,1,0,80.0,68.0,65.0,13.0,30.0,43.0,7,4.0,16.0,4.0,1,2,1,1,0,0,0,0,0,1,0,1.0
ST000200,0,True,65,85,60,80,10,24,30,58,16.0,16.0,5.75,5.75,0,0,2,1,0,69.0,61.0,79.0,14.0,39.0,53.0,2,6.0,24.0,4.0,1,2,1,1,0,0,1,0,0,1,0,1.0
ST000200,0,True,65,85,60,80,10,24,30,58,16.0,16.0,5.75,5.75,0,0,2,1,0,68.0,62.0,75.0,23.0,32.0,55.0,2,6.0,24.0,4.0,1,2,1,1,0,0,1,0,0,1,0,1.0
ST000200,0,True,65,85,60,80,10,24,30,58,16.0,16.0,5.75,5.75,0,0,2,1,0,80.0,69.0,65.0,21.0,45.0,66.0,3,7.0,28.0,4.0,1,2,1,1,0,0,0,0,0,1,0,1.0
ST000201,1,True,65,85,60,80,10,24,30,58,16.0,16.0,6.75,6.75,0,0,2,1,0,81.0,69.0,66.0,13.0,53.0,66.0,3,7.0,28.0,4.0,1,1,1,1,0,0,0,0,0,0,0,1.0
ST000201,1,True,65,85,60,80,10,24,30,58,16.0,16.0,6.75,6.75,0,0,2,1,0,80.0,66.0,73.0,24.0,30.0,54.0,2,6.0,24.0,4.0,1,1,1,1,0,0,0,0,0,0,0,1.0
ST000201,1,True,65,85,60,80,10,24,30,58,16.0,16.0,6.75,6.75,0,0,2,1,0,79.0,73.0,72.0,24.0,48.0,72.0,0,8.0,32.0,4.0,1,1,1,1,0,0,0,0,0,0,0,1.0
ST000201,1,True,65,85,60,80,10,24,30,58,16.0,16.0,6.75,6.75,0,0,2,1,0,81.0,74.0,74.0,12.0,38.0,50.0,2,6.0,24.0,4.0,1,1,1,1,0,0,0,0,0,0,0,1.0
ST000202,0,True,40,65,35,60,4,16,15,40,16.0,8.0,2.25,2.25,2,2,3,1,0,46.0,49.0,39.0,6.0,40.0,46.0,4,5.0,20.0,4.0,1,0,1,1,0,1,1,1,1,1,0,1.0
ST000202,0,True,40,65,35,60,4,16,15,40,16.0,8.0,2.25,2.25,2,2,3,1,0,56.0,59.0,47.0,8.0,21.0,29.0,5,0.0,0.0,0.0,0,0,1,1,1,1,1,1,1,1,0,0.0
ST000202,0,True,40,65,35,60,4,16,15,40,16.0,8.0,2.25,2.25,2,2,3,1,0,61.0,54.0,50.0,14.0,27.0,41.0,7,4.0,16.0,4.0,1,0,1,1,0,1,1,1,0,1,0,1.0
ST000202,0,True,40,65,35,60,4,16,15,40,16.0,8.0,2.25,2.25,2,2,3,1,1,64.0,54.0,49.0,10.0,18.0,28.0,5,0.0,0.0,0.0,0,0,1,1,1,1,1,1,1,1,1,0.0
ST000203,1,True,65,85,60,80,10,24,30,58,16.0,16.0,7.25,7.25,0,0,2,1,0,75.0,65.0,64.0,12.0,53.0,65.0,3,7.0,28.0,4.0,1,2,1,1,0,0,0,0,0,0,0,1.0
ST000203,1,True,65,85,60,80,10,24,30,58,16.0,16.0,7.25,7.25,0,0,2,1,0,85.0,73.0,70.0,20.0,55.0,75.0,0,8.0,32.0,4.0,1,1,1,1,0,0,0,0,0,0,0,1.0
ST000203,1,True,65,85,60,80,10,24,30,58,16.0,16.0,7.25,7.25,0,0,2,1,0,81.0,62.0,79.0,17.0,35.0,52.0,2,6.0,24.0,4.0,1,1,1,1,0,0,0,0,0,0,0,1.0
ST000203,1,True,65,85,60,80,10,24,30,58,16.0,16.0,7.25,7.25,0,0,2,1,0,73.0,66.0,76.0,14.0,56.0,70.0,0,8.0,32.0,4.0,1,1,1,1,0,0,1,0,0,0,0,1.0
ST000204,0,True,55,75,50,70,8,20,25,50,16.0,12.0,4.25,4.25,1,1,3,1,0,73.0,67.0,62.0,8.0,25.0,33.0,5,0.0,0.0,0.0,0,2,1,1,1,1,1,0,0,1,0,0.0
ST000204,0,True,55,75,50,70,8,20,25,50,16.0,12.0,4.25,4.25,1,1,3,1,0,70.0,66.0,63.0,17.0,32.0,49.0,4,5.0,20.0,4.0,1,2,1,1,0,1,1,0,0,1,0,1.0
ST000204,0,True,55,75,50,70,8,20,25,50,16.0,12.0,4.25,4.25,1,1,3,1,0,59.0,61.0,50.0,10.0,43.0,53.0,2,6.0,24.0,4.0,1,0,1,1,0,1,1,0,0,1,0,1.0
ST000204,0,True,55,75,50,70,8,20,25,50,16.0,12.0,4.25,4.25,1,1,3,1,0,65.0,62.0,52.0,16.0,34.0,50.0,2,6.0,24.0,4.0,1,0,1,1,0,1,1,0,0,1,0,1.0
ST000205,1,True,65,85,60,80,10,24,30,58,16.0,16.0,7.0,7.0,0,0,2,1,0,83.0,69.0,69.0,23.0,31.0,54.0,2,6.0,24.0,4.0,1,1,1,1,0,0,0,0,0,0,0,1.0
ST000205,1,True,65,85,60,80,10,24,30,58,16.0,16.0,7.0,7.0,0,0,2,1,0,66.0,61.0,54.0,23.0,54.0,77.0,0,8.0,32.0,4.0,1,2,1,1,0,0,1,0,0,0,0,1.0
ST000205,1,True,65,85,60,80,10,24,30,58,16.0,16.0,7.0,7.0,0,0,2,1,0,77.0,80.0,75.0,19.0,43.0,62.0,3,7.0,28.0,4.0,1,1,1,1,0,0,0,0,0,0,0,1.0
ST000205,1,True,65,85,60,80,10,24,30,58,16.0,16.0,7.0,7.0,0,0,2,1,0,67.0,64.0,65.0,15.0,49.0,64.0,3,7.0,28.0,4.0,1,2,1,1,0,0,1,0,0,0,0,1.0
ST000206,1,True,20,50,20,45,0,12,0,30,4.0,0.0,0.0,0.0,1,1,3,0,0,40.0,27.0,29.0,18.0,46.0,63.0,8,7.0,28.0,4.0,2,0,1,0,0,1,1,1,1,1,0,0.0
ST000206,1,True,20,50,20,45,0,12,0,30,4.0,0.0,0.0,0.0,1,1,3,0,0,34.0,23.0,24.0,18.0,46.0,63.0,8,7.0,28.0,4.0,2,0,1,0,0,1,1,1,1,1,0,0.0
ST000206,1,True,20,50,20,45,0,12,0,30,4.0,0.0,0.0,0.0,1,1,3,0,0,24.0,29.0,31.0,18.0,46.0,63.0,8,7.0,28.0,4.0,2,0,1,0,0,1,1,1,1,1,0,0.0
ST000206,1,True,20,50,20,45,0,12,0,30,4.0,0.0,0.0,0.0,1,1,3,1,0,28.0,28.0,26.0,0.0,20.0,20.0,5,0.0,0.0,0.0,0,0,1,1,1,1,1,1,1,1,0,0.0
ST000207,1,True,20,50,20,45,0,12,0,30,8.0,0.0,0.0,0.0,2,2,3,1,1,43.0,43.0,29.0,7.0,19.0,26.0,5,0.0,0.0,0.0,0,0,1,1,1,1,1,1,1,1,1,0.0
ST000207,1,True,20,50,20,45,0,12,0,30,8.0,0.0,0.0,0.0,2,2,3,1,0,42.0,29.0,34.0,3.0,25.0,28.0,5,0.0,0.0,0.0,0,0,1,1,1,1,1,1,1,1,0,0.0
ST000207,1,True,20,50,20,45,0,12,0,30,8.0,0.0,0.0,0.0,2,2,3,0,0,32.0,31.0,23.0,18.0,46.0,63.0,8,7.0,28.0,4.0,2,0,1,0,0,1,1,1,1,1,0,0.0
ST000207,1,True,20,50,20,45,0,12,0,30,8.0,0.0,0.0,0.0,2,2,3,0,0,39.0,43.0,24.0,18.0,46.0,63.0,8,7.0,28.0,4.0,2,0,1,0,0,1,1,1,1,1,0,0.0
ST000208,0,True,65,85,60,80,10,24,30,58,16.0,16.0,6.5,6.5,0,0,2,1,0,80.0,80.0,75.0,16.0,30.0,46.0,4,5.0,20.0,4.0,1,1,1,1,0,0,0,0,0,0,0,1.0
ST000208,0,True,65,85,60,80,10,24,30,58,16.0,16.0,6.5,6.5,0,0,2,1,0,74.0,70.0,69.0,24.0,48.0,72.0,0,8.0,32.0,4.0,1,2,1,1,0,0,1,0,0,0,0,1.0
ST000208,0,True,65,85,60,80,10,24,30,58,16.0,16.0,6.5,6.5,0,0,2,1,0,68.0,66.0,69.0,20.0,41.0,61.0,3,7.0,28.0,4.0,1,2,1,1,0,0,1,0,0,0,0,1.0
ST000208,0,True,65,85,60,80,10,24,30,58,16.0,16.0,6.5,6.5,0,0,2,1,0,77.0,73.0,77.0,18.0,41.0,59.0,2,6.0,24.0,4.0,1,1,1,1,0,0,0,0,0,0,0,1.0
ST000209,0,True,80,95,75,90,18,28,45,65,16.0,16.0,8.75,8.75,0,0,2,1,0,87.0,76.0,82.0,24.0,63.0,87.0,1,9.0,36.0,4.0,1,1,1,1,0,0,0,0,0,0,0,1.0
ST000209,0,True,80,95,75,90,18,28,45,65,16.0,16.0,8.75,8.75,0,0,2,1,0,82.0,79.0,77.0,28.0,53.0,81.0,1,9.0,36.0,4.0,1,1,1,1,0,0,0,0,0,0,0,1.0
ST000209,0,True,80,95,75,90,18,28,45,65,16.0,16.0,8.75,8.75,0,0,2,1,0,88.0,83.0,90.0,22.0,56.0,78.0,0,8.0,32.0,4.0,1,1,1,1,0,0,0,0,0,0,0,1.0
ST000209,0,True,80,95,75,90,18,28,45,65,16.0,16.0,8.75,8.75,0,0,2,1,0,84.0,79.0,77.0,23.0,62.0,85.0,1,9.0,36.0,4.0,1,1,1,1,0,0,0,0,0,0,0,1.0
ST000210,1,True,65,85,60,80,10,24,30,58,16.0,16.0,7.0,7.0,0,0,2,1,0,83.0,65.0,77.0,24.0,50.0,74.0,0,8.0,32.0,4.0,1,1,1,1,0,0,0,0,0,0,0,1.0
ST000210,1,True,65,85,60,80,10,24,30,58,16.0,16.0,7.0,7.0,0,0,2,1,0,79.0,70.0,68.0,12.0,54.0,66.0,3,7.0,28.0,4.0,1,1,1,1,0,0,0,0,0,0,0,1.0
ST000210,1,True,65,85,60,80,10,24,30,58,16.0,16.0,7.0,7.0,0,0,2,1,0,68.0,67.0,76.0,15.0,44.0,59.0,2,6.0,24.0,4.0,1,2,1,1,0,0,1,0,0,0,0,1.0
ST000210,1,True,65,85,60,80,10,24,30,58,16.0,16.0,7.0,7.0,0,0,2,1,0,79.0,73.0,78.0,12.0,56.0,68.0,3,7.0,28.0,4.0,1,1,1,1,0,0,0,0,0,0,0,1.0
ST000211,1,True,65,85,60,80,10,24,30,58,16.0,16.0,6.75,6.75,0,0,2,1,0,83.0,74.0,80.0,16.0,44.0,60.0,3,7.0,28.0,4.0,1,1,1,1,0,0,0,0,0,0,0,1.0
ST000211,1,True,65,85,60,80,10,24,30,58,16.0,16.0,6.75,6.75,0,0,2,1,0,75.0,77.0,73.0,22.0,37.0,59.0,2,6.0,24.0,4.0,1,1,1,1,0,0,0,0,0,0,0,1.0
ST000211,1,True,65,85,60,80,10,24,30,58,16.0,16.0,6.75,6.75,0,0,2,1,0,67.0,66.0,69.0,24.0,57.0,81.0,1,9.0,36.0,4.0,1,2,1,1,0,0,1,0,0,0,0,1.0
ST000211,1,True,65,85,60,80,10,24,30,58,16.0,16.0,6.75,6.75,0,0,2,1,0,79.0,73.0,74.0,12.0,34.0,46.0,4,5.0,20.0,4.0,1,1,1,1,0,0,0,0,0,0,0,1.0
ST000212,1,True,80,95,75,90,18,28,45,65,16.0,16.0,8.25,8.25,0,0,2,1,0,86.0,76.0,82.0,28.0,57.0,85.0,1,9.0,36.0,4.0,1,1,1,1,0,0,0,0,0,0,0,1.0
ST000212,1,True,80,95,75,90,18,28,45,65,16.0,16.0,8.25,8.25,0,0,2,1,0,82.0,77.0,74.0,26.0,54.0,80.0,1,9.0,36.0,4.0,1,1,1,1,0,0,0,0,0,0,0,1.0
ST000212,1,True,80,95,75,90,18,28,45,65,16.0,16.0,8.25,8.25,0,0,2,1,0,93.0,75.0,81.0,21.0,50.0,71.0,0,8.0,32.0,4.0,1,1,1,1,0,0,0,0,0,0,0,1.0
ST000212,1,True,80,95,75,90,18,28,45,65,16.0,16.0,8.25,8.25,0,0,2,1,0,82.0,75.0,72.0,18.0,46.0,64.0,3,7.0,28.0,4.0,1,1,1,1,0,0,0,0,0,0,0,1.0
ST000213,1,True,20,50,20,45,0,12,0,30,16.0,0.0,0.0,0.0,4,4,0,1,0,23.0,24.0,26.0,12.0,6.0,18.0,5,0.0,0.0,0.0,0,0,1,1,1,1,1,1,1,1,0,0.0
ST000213,1,True,20,50,20,45,0,12,0,30,16.0,0.0,0.0,0.0,4,4,0,1,0,27.0,22.0,17.0,4.0,27.0,31.0,5,0.0,0.0,0.0,0,0,1,1,1,1,1,1,1,1,0,0.0
ST000213,1,True,20,50,20,45,0,12,0,30,16.0,0.0,0.0,0.0,4,4,0,1,1,31.0,31.0,23.0,9.0,8.0,17.0,5,0.0,0.0,0.0,0,0,1,1,1,1,1,1,1,1,1,0.0
ST000213,1,True,20,50,20,45,0,12,0,30,16.0,0.0,0.0,0.0,4,4,0,1,1,22.0,20.0,24.0,3.0,26.0,29.0,5,0.0,0.0,0.0,0,0,1,1,1,1,1,1,1,1,1,0.0
ST000214,1,True,65,85,60,80,10,24,30,58,16.0,16.0,7.25,7.25,0,0,2,1,0,78.0,61.0,69.0,21.0,47.0,68.0,3,7.0,28.0,4.0,1,1,1,1,0,0,0,0,0,0,0,1.0
ST000214,1,True,65,85,60,80,10,24,30,58,16.0,16.0,7.25,7.25,0,0,2,1,0,79.0,60.0,64.0,15.0,57.0,72.0,0,8.0,32.0,4.0,1,2,1,1,0,0,0,0,0,0,0,1.0
ST000214,1,True,65,85,60,80,10,24,30,58,16.0,16.0,7.25,7.25,0,0,2,1,0,74.0,69.0,80.0,20.0,30.0,50.0,2,6.0,24.0,4.0,1,1,1,1,0,0,1,0,0,0,0,1.0
ST000214,1,True,65,85,60,80,10,24,30,58,16.0,16.0,7.25,7.25,0,0,2,1,0,69.0,69.0,75.0,24.0,46.0,70.0,0,8.0,32.0,4.0,1,1,1,1,0,0,1,0,0,0,0,1.0
ST000215,1,True,55,75,50,70,8,20,25,50,16.0,12.0,4.25,4.25,1,1,3,1,0,60.0,51.0,50.0,13.0,30.0,43.0,7,4.0,16.0,4.0,1,0,1,1,0,1,1,1,0,1,0,1.0
ST000215,1,True,55,75,50,70,8,20,25,50,16.0,12.0,4.25,4.25,1,1,3,1,0,67.0,66.0,58.0,8.0,27.0,35.0,5,0.0,0.0,0.0,0,2,1,1,1,1,1,0,0,1,0,0.0
ST000215,1,True,55,75,50,70,8,20,25,50,16.0,12.0,4.25,4.25,1,1,3,1,0,62.0,56.0,61.0,17.0,40.0,57.0,2,6.0,24.0,4.0,1,0,1,1,0,1,1,1,0,1,0,1.0
ST000215,1,True,55,75,50,70,8,20,25,50,16.0,12.0,4.25,4.25,1,1,3,1,1,58.0,57.0,60.0,20.0,44.0,64.0,3,7.0,28.0,4.0,1,0,1,1,0,1,1,1,0,1,1,1.0
ST000216,0,True,80,95,75,90,18,28,45,65,16.0,16.0,7.5,7.5,0,0,2,1,0,82.0,84.0,72.0,19.0,45.0,64.0,3,7.0,28.0,4.0,1,1,1,1,0,0,0,0,0,0,0,1.0
ST000216,0,True,80,95,75,90,18,28,45,65,16.0,16.0,7.5,7.5,0,0,2,1,0,85.0,88.0,71.0,18.0,46.0,64.0,3,7.0,28.0,4.0,1,1,1,1,0,0,0,0,0,0,0,1.0
ST000216,0,True,80,95,75,90,18,28,45,65,16.0,16.0,7.5,7.5,0,0,2,1,0,81.0,80.0,76.0,23.0,49.0,72.0,0,8.0,32.0,4.0,1,1,1,1,0,0,0,0,0,0,0,1.0
ST000216,0,True,80,95,75,90,18,28,45,65,16.0,16.0,7.5,7.5,0,0,2,1,0,83.0,83.0,89.0,18.0,61.0,79.0,0,8.0,32.0,4.0,1,1,1,1,0,0,0,0,0,0,0,1.0
ST000217,1,True,55,75,50,70,8,20,25,50,16.0,16.0,6.0,6.0,0,0,2,1,0,61.0,58.0,61.0,20.0,45.0,65.0,3,7.0,28.0,4.0,1,2,1,1,0,0,1,1,0,1,0,1.0
ST000217,1,True,55,75,50,70,8,20,25,50,16.0,16.0,6.0,6.0,0,0,2,1,0,62.0,67.0,61.0,9.0,35.0,44.0,7,4.0,16.0,4.0,1,2,1,1,0,0,1,0,0,1,0,1.0
ST000217,1,True,55,75,50,70,8,20,25,50,16.0,16.0,6.0,6.0,0,0,2,1,0,62.0,61.0,54.0,20.0,40.0,60.0,3,7.0,28.0,4.0,1,2,1,1,0,0,1,0,0,1,0,1.0
ST000217,1,True,55,75,50,70,8,20,25,50,16.0,16.0,6.0,6.0,0,0,2,1,0,60.0,51.0,54.0,12.0,44.0,56.0,2,6.0,24.0,4.0,1,2,1,1,0,0,1,1,0,1,0,1.0
ST000218,1,True,90,100,90,100,24,30,55,70,16.0,16.0,9.5,9.5,0,0,2,1,0,96.0,91.0,91.0,25.0,70.0,95.0,6,10.0,40.0,4.0,1,1,1,1,0,0,0,0,0,0,0,1.0
ST000218,1,True,90,100,90,100,24,30,55,70,16.0,16.0,9.5,9.5,0,0,2,1,0,98.0,93.0,96.0,27.0,55.0,82.0,1,9.0,36.0,4.0,1,1,1,1,0,0,0,0,0,0,0,1.0
ST000218,1,True,90,100,90,100,24,30,55,70,16.0,16.0,9.5,9.5,0,0,2,1,0,93.0,96.0,95.0,25.0,65.0,90.0,6,10.0,40.0,4.0,1,1,1,1,0,0,0,0,0,0,0,1.0
ST000218,1,True,90,100,90,100,24,30,55,70,16.0,16.0,9.5,9.5,0,0,2,1,0,96.0,98.0,90.0,25.0,62.0,87.0,1,9.0,36.0,4.0,1,1,1,1,0,0,0,0,0,0,0,1.0
ST000219,0,True,65,85,60,80,10,24,30,58,16.0,16.0,6.75,6.75,0,0,2,1,0,77.0,64.0,67.0,19.0,44.0,63.0,3,7.0,28.0,4.0,1,2,1,1,0,0,0,0,0,0,0,1.0
ST000219,0,True,65,85,60,80,10,24,30,58,16.0,16.0,6.75,6.75,0,0,2,1,0,85.0,73.0,72.0,23.0,54.0,77.0,0,8.0,32.0,4.0,1,1,1,1,0,0,0,0,0,0,0,1.0
ST000219,0,True,65,85,60,80,10,24,30,58,16.0,16.0,6.75,6.75,0,0,2,1,0,76.0,67.0,79.0,22.0,47.0,69.0,3,7.0,28.0,4.0,1,1,1,1,0,0,0,0,0,0,0,1.0
ST000219,0,True,65,85,60,80,10,24,30,58,16.0,16.0,6.75,6.75,0,0,2,1,0,78.0,68.0,71.0,16.0,32.0,48.0,4,5.0,20.0,4.0,1,2,1,1,0,0,0,0,0,0,0,1.0
ST000220,0,True,40,65,35,60,4,16,15,40,12.0,4.0,2.0,2.0,2,2,3,1,0,59.0,46.0,48.0,13.0,17.0,30.0,5,0.0,0.0,0.0,0,0,1,1,1,1,1,1,1,1,0,0.0
ST000220,0,True,40,65,35,60,4,16,15,40,12.0,4.0,2.0,2.0,2,2,3,1,0,48.0,42.0,47.0,14.0,37.0,51.0,2,6.0,24.0,4.0,1,0,1,1,0,1,1,1,1,1,0,1.0
ST000220,0,True,40,65,35,60,4,16,15,40,12.0,4.0,2.0,2.0,2,2,3,1,0,61.0,50.0,47.0,12.0,23.0,35.0,5,0.0,0.0,0.0,0,0,1,1,1,1,1,1,1,1,0,0.0
ST000220,0,True,40,65,35,60,4,16,15,40,12.0,4.0,2.0,2.0,2,2,3,0,0,62.0,48.0,50.0,18.0,46.0,63.0,8,7.0,28.0,4.0,2,0,1,0,0,1,1,1,0,1,0,0.0
ST000221,1,True,80,95,75,90,18,28,45,65,16.0,16.0,8.75,8.75,0,0,2,1,0,92.0,83.0,89.0,28.0,46.0,74.0,0,8.0,32.0,4.0,1,1,1,1,0,0,0,0,0,0,0,1.0
ST000221,1,True,80,95,75,90,18,28,45,65,16.0,16.0,8.75,8.75,0,0,2,1,0,84.0,86.0,86.0,27.0,60.0,87.0,1,9.0,36.0,4.0,1,1,1,1,0,0,0,0,0,0,0,1.0
ST000221,1,True,80,95,75,90,18,28,45,65,16.0,16.0,8.75,8.75,0,0,2,1,0,92.0,80.0,92.0,19.0,64.0,83.0,1,9.0,36.0,4.0,1,1,1,1,0,0,0,0,0,0,0,1.0
ST000221,1,True,80,95,75,90,18,28,45,65,16.0,16.0,8.75,8.75,0,0,2,1,0,80.0,81.0,80.0,18.0,64.0,82.0,1,9.0,36.0,4.0,1,1,1,1,0,0,0,0,0,0,0,1.0
ST000222,0,True,55,75,50,70,8,20,25,50,16.0,16.0,6.25,6.25,0,0,2,1,0,64.0,51.0,61.0,11.0,40.0,51.0,2,6.0,24.0,4.0,1,2,1,1,0,0,1,1,0,1,0,1.0
ST000222,0,True,55,75,50,70,8,20,25,50,16.0,16.0,6.25,6.25,0,0,2,1,0,62.0,65.0,48.0,10.0,43.0,53.0,2,6.0,24.0,4.0,1,2,1,1,0,0,1,0,1,1,0,1.0
ST000222,0,True,55,75,50,70,8,20,25,50,16.0,16.0,6.25,6.25,0,0,2,1,1,69.0,50.0,64.0,11.0,41.0,52.0,2,6.0,24.0,4.0,1,2,1,1,0,0,1,1,0,1,1,1.0
ST000222,0,True,55,75,50,70,8,20,25,50,16.0,16.0,6.25,6.25,0,0,2,1,0,74.0,59.0,61.0,17.0,47.0,64.0,3,7.0,28.0,4.0,1,2,1,1,0,0,1,1,0,1,0,1.0
ST000223,1,True,20,50,20,45,0,12,0,30,8.0,0.0,0.0,0.0,2,2,3,1,1,39.0,28.0,27.0,9.0,15.0,24.0,5,0.0,0.0,0.0,0,0,1,1,1,1,1,1,1,1,1,0.0
ST000223,1,True,20,50,20,45,0,12,0,30,8.0,0.0,0.0,0.0,2,2,3,0,0,37.0,39.0,24.0,18.0,46.0,63.0,8,7.0,28.0,4.0,2,0,1,0,0,1,1,1,1,1,0,0.0
ST000223,1,True,20,50,20,45,0,12,0,30,8.0,0.0,0.0,0.0,2,2,3,0,0,42.0,41.0,27.0,18.0,46.0,63.0,8,7.0,28.0,4.0,2,0,1,0,0,1,1,1,1,1,0,0.0
ST000223,1,True,20,50,20,45,0,12,0,30,8.0,0.0,0.0,0.0,2,2,3,1,1,27.0,32.0,28.0,12.0,12.0,24.0,5,0.0,0.0,0.0,0,0,1,1,1,1,1,1,1,1,1,0.0
ST000224,0,True,20,50,20,45,0,12,0,30,8.0,0.0,0.0,0.0,2,2,3,1,0,22.0,27.0,18.0,6.0,19.0,25.0,5,0.0,0.0,0.0,0,0,1,1,1,1,1,1,1,1,0,0.0
ST000224,0,True,20,50,20,45,0,12,0,30,8.0,0.0,0.0,0.0,2,2,3,0,0,25.0,22.0,21.0,18.0,46.0,63.0,8,7.0,28.0,4.0,2,0,1,0,0,1,1,1,1,1,0,0.0
ST000224,0,True,20,50,20,45,0,12,0,30,8.0,0.0,0.0,0.0,2,2,3,1,0,31.0,33.0,32.0,8.0,24.0,32.0,5,0.0,0.0,0.0,0,0,1,1,1,1,1,1,1,1,0,0.0
ST000224,0,True,20,50,20,45,0,12,0,30,8.0,0.0,0.0,0.0,2,2,3,0,0,49.0,40.0,35.0,18.0,46.0,63.0,8,7.0,28.0,4.0,2,0,1,0,0,1,1,1,1,1,0,0.0
ST000225,0,True,65,85,60,80,10,24,30,58,16.0,16.0,7.0,7.0,0,0,2,1,0,76.0,77.0,68.0,16.0,56.0,72.0,0,8.0,32.0,4.0,1,1,1,1,0,0,0,0,0,0,0,1.0
ST000225,0,True,65,85,60,80,10,24,30,58,16.0,16.0,7.0,7.0,0,0,2,1,0,75.0,74.0,65.0,15.0,56.0,71.0,0,8.0,32.0,4.0,1,1,1,1,0,0,0,0,0,0,0,1.0
ST000225,0,True,65,85,60,80,10,24,30,58,16.0,16.0,7.0,7.0,0,0,2,1,0,85.0,75.0,71.0,12.0,43.0,55.0,2,6.0,24.0,4.0,1,1,1,1,0,0,0,0,0,0,0,1.0
ST000225,0,True,65,85,60,80,10,24,30,58,16.0,16.0,7.0,7.0,0,0,2,1,0,81.0,67.0,75.0,15.0,40.0,55.0,2,6.0,24.0,4.0,1,1,1,1,0,0,0,0,0,0,0,1.0
ST000226,1,True,65,85,60,80,10,24,30,58,16.0,16.0,7.0,7.0,0,0,2,1,0,78.0,75.0,66.0,24.0,40.0,64.0,3,7.0,28.0,4.0,1,1,1,1,0,0,0,0,0,0,0,1.0
ST000226,1,True,65,85,60,80,10,24,30,58,16.0,16.0,7.0,7.0,0,0,2,1,0,74.0,75.0,70.0,24.0,41.0,65.0,3,7.0,28.0,4.0,1,1,1,1,0,0,1,0,0,0,0,1.0
ST000226,1,True,65,85,60,80,10,24,30,58,16.0,16.0,7.0,7.0,0,0,2,1,0,77.0,73.0,77.0,19.0,37.0,56.0,2,6.0,24.0,4.0,1,1,1,1,0,0,0,0,0,0,0,1.0
ST000226,1,True,65,85,60,80,10,24,30,58,16.0,16.0,7.0,7.0,0,0,2,1,0,65.0,60.0,61.0,24.0,47.0,71.0,0,8.0,32.0,4.0,1,2,1,1,0,0,1,0,0,0,0,1.0
ST000227,1,True,65,85,60,80,10,24,30,58,16.0,16.0,6.5,6.5,0,0,2,1,0,69.0,73.0,67.0,20.0,42.0,62.0,3,7.0,28.0,4.0,1,2,1,1,0,0,1,0,0,0,0,1.0
ST000227,1,True,65,85,60,80,10,24,30,58,16.0,16.0,6.5,6.5,0,0,2,1,0,84.0,66.0,77.0,11.0,53.0,64.0,3,7.0,28.0,4.0,1,1,1,1,0,0,0,0,0,0,0,1.0
ST000227,1,True,65,85,60,80,10,24,30,58,16.0,16.0,6.5,6.5,0,0,2,1,0,65.0,62.0,53.0,11.0,40.0,51.0,2,6.0,24.0,4.0,1,2,1,1,0,0,1,0,0,0,0,1.0
ST000227,1,True,65,85,60,80,10,24,30,58,16.0,16.0,6.5,6.5,0,0,2,1,0,71.0,68.0,74.0,21.0,37.0,58.0,2,6.0,24.0,4.0,1,2,1,1,0,0,1,0,0,0,0,1.0
ST000228,1,True,40,65,35,60,4,16,15,40,12.0,0.0,0.0,0.0,3,3,0,1,0,44.0,47.0,42.0,6.0,26.0,32.0,5,0.0,0.0,0.0,0,0,1,1,1,1,1,1,1,1,0,0.0
ST000228,1,True,40,65,35,60,4,16,15,40,12.0,0.0,0.0,0.0,3,3,0,1,0,41.0,46.0,45.0,7.0,15.0,22.0,5,0.0,0.0,0.0,0,0,1,1,1,1,1,1,1,1,0,0.0
ST000228,1,True,40,65,35,60,4,16,15,40,12.0,0.0,0.0,0.0,3,3,0,1,1,53.0,38.0,45.0,11.0,21.0,32.0,5,0.0,0.0,0.0,0,0,1,1,1,1,1,1,1,1,1,0.0
ST000228,1,True,40,65,35,60,4,16,15,40,12.0,0.0,0.0,0.0,3,3,0,0,0,46.0,44.0,47.0,18.0,46.0,63.0,8,7.0,28.0,4.0,2,0,1,0,0,1,1,1,1,1,0,0.0
ST000229,0,True,40,65,35,60,4,16,15,40,16.0,4.0,1.25,1.25,3,3,0,1,0,43.0,45.0,50.0,4.0,17.0,21.0,5,0.0,0.0,0.0,0,0,1,1,1,1,1,1,0,1,0,0.0
ST000229,0,True,40,65,35,60,4,16,15,40,16.0,4.0,1.25,1.25,3,3,0,1,0,46.0,46.0,38.0,4.0,35.0,39.0,5,0.0,0.0,0.0,0,0,1,1,1,1,1,1,1,1,0,0.0
ST000229,0,True,40,65,35,60,4,16,15,40,16.0,4.0,1.25,1.25,3,3,0,1,1,45.0,45.0,36.0,5.0,25.0,30.0,5,0.0,0.0,0.0,0,0,1,1,1,1,1,1,1,1,1,0.0
ST000229,0,True,40,65,35,60,4,16,15,40,16.0,4.0,1.25,1.25,3,3,0,1,0,49.0,48.0,42.0,10.0,39.0,49.0,4,5.0,20.0,4.0,1,0,1,1,0,1,1,1,1,1,0,1.0
ST000230,0,True,65,85,60,80,10,24,30,58,16.0,16.0,6.5,6.5,0,0,2,1,1,79.0,77.0,69.0,23.0,39.0,62.0,3,7.0,28.0,4.0,1,2,1,1,0,0,0,0,0,0,1,1.0
ST000230,0,True,65,85,60,80,10,24,30,58,16.0,16.0,6.5,6.5,0,0,2,1,0,74.0,67.0,73.0,21.0,37.0,58.0,2,6.0,24.0,4.0,1,2,1,1,0,0,1,0,0,0,0,1.0
ST000230,0,True,65,85,60,80,10,24,30,58,16.0,16.0,6.5,6.5,0,0,2,1,0,71.0,72.0,60.0,15.0,36.0,51.0,2,6.0,24.0,4.0,1,2,1,1,0,0,1,0,0,0,0,1.0
ST000230,0,True,65,85,60,80,10,24,30,58,16.0,16.0,6.5,6.5,0,0,2,1,0,66.0,68.0,52.0,11.0,56.0,67.0,3,7.0,28.0,4.0,1,2,1,1,0,0,1,0,0,0,0,1.0
ST000231,0,True,40,65,35,60,4,16,15,40,12.0,8.0,2.67,2.67,1,1,3,0,0,43.0,47.0,49.0,18.0,46.0,63.0,8,7.0,28.0,4.0,2,0,1,0,0,1,1,1,1,1,0,0.0
ST000231,0,True,40,65,35,60,4,16,15,40,12.0,8.0,2.67,2.67,1,1,3,1,0,48.0,53.0,33.0,8.0,28.0,36.0,5,0.0,0.0,0.0,0,0,1,1,1,1,1,1,1,1,0,0.0
ST000231,0,True,40,65,35,60,4,16,15,40,12.0,8.0,2.67,2.67,1,1,3,1,0,44.0,38.0,36.0,10.0,34.0,44.0,7,4.0,16.0,4.0,1,0,1,1,0,1,1,1,1,1,0,1.0
ST000231,0,True,40,65,35,60,4,16,15,40,12.0,8.0,2.67,2.67,1,1,3,1,0,51.0,46.0,45.0,12.0,31.0,43.0,7,4.0,16.0,4.0,1,0,1,1,0,1,1,1,1,1,0,1.0
ST000232,1,True,80,95,75,90,18,28,45,65,16.0,16.0,9.25,9.25,0,0,2,1,0,91.0,84.0,89.0,27.0,62.0,89.0,1,9.0,36.0,4.0,1,1,1,1,0,0,0,0,0,0,0,1.0
ST000232,1,True,80,95,75,90,18,28,45,65,16.0,16.0,9.25,9.25,0,0,2,1,0,84.0,75.0,87.0,28.0,61.0,89.0,1,9.0,36.0,4.0,1,1,1,1,0,0,0,0,0,0,0,1.0
ST000232,1,True,80,95,75,90,18,28,45,65,16.0,16.0,9.25,9.25,0,0,2,1,0,81.0,79.0,71.0,27.0,61.0,88.0,1,9.0,36.0,4.0,1,1,1,1,0,0,0,0,0,0,0,1.0
ST000232,1,True,80,95,75,90,18,28,45,65,16.0,16.0,9.25,9.25,0,0,2,1,0,94.0,85.0,86.0,28.0,64.0,92.0,6,10.0,40.0,4.0,1,1,1,1,0,0,0,0,0,0,0,1.0
ST000233,1,True,65,85,60,80,10,24,30,58,16.0,16.0,6.25,6.25,0,0,2,1,0,73.0,68.0,59.0,12.0,40.0,52.0,2,6.0,24.0,4.0,1,2,1,1,0,0,1,0,0,1,0,1.0
ST000233,1,True,65,85,60,80,10,24,30,58,16.0,16.0,6.25,6.25,0,0,2,1,0,67.0,71.0,73.0,23.0,42.0,65.0,3,7.0,28.0,4.0,1,2,1,1,0,0,1,0,0,1,0,1.0
ST000233,1,True,65,85,60,80,10,24,30,58,16.0,16.0,6.25,6.25,0,0,2,1,0,66.0,67.0,71.0,22.0,31.0,53.0,2,6.0,24.0,4.0,1,2,1,1,0,0,1,0,0,1,0,1.0
ST000233,1,True,65,85,60,80,10,24,30,58,16.0,16.0,6.25,6.25,0,0,2,1,0,67.0,63.0,75.0,15.0,42.0,57.0,2,6.0,24.0,4.0,1,2,1,1,0,0,1,0,0,1,0,1.0
ST000234,0,True,80,95,75,90,18,28,45,65,16.0,16.0,8.0,8.0,0,0,2,1,0,84.0,75.0,92.0,19.0,60.0,79.0,0,8.0,32.0,4.0,1,1,1,1,0,0,0,0,0,0,0,1.0
ST000234,0,True,80,95,75,90,18,28,45,65,16.0,16.0,8.0,8.0,0,0,2,1,0,88.0,84.0,92.0,26.0,62.0,88.0,1,9.0,36.0,4.0,1,1,1,1,0,0,0,0,0,0,0,1.0
ST000234,0,True,80,95,75,90,18,28,45,65,16.0,16.0,8.0,8.0,0,0,2,1,0,81.0,77.0,91.0,19.0,45.0,64.0,3,7.0,28.0,4.0,1,1,1,1,0,0,0,0,0,0,0,1.0
ST000234,0,True,80,95,75,90,18,28,45,65,16.0,16.0,8.0,8.0,0,0,2,1,0,95.0,82.0,91.0,27.0,47.0,74.0,0,8.0,32.0,4.0,1,1,1,1,0,0,0,0,0,0,0,1.0
ST000235,1,True,40,65,35,60,4,16,15,40,16.0,4.0,1.0,1.0,3,3,0,1,0,53.0,42.0,44.0,4.0,23.0,27.0,5,0.0,0.0,0.0,0,0,1,1,1,1,1,1,1,1,0,0.0
ST000235,1,True,40,65,35,60,4,16,15,40,16.0,4.0,1.0,1.0,3,3,0,1,0,42.0,38.0,45.0,11.0,28.0,39.0,5,0.0,0.0,0.0,0,0,1,1,1,1,1,1,1,1,0,0.0
ST000235,1,True,40,65,35,60,4,16,15,40,16.0,4.0,1.0,1.0,3,3,0,1,0,43.0,44.0,43.0,11.0,29.0,40.0,7,4.0,16.0,4.0,1,0,1,1,0,1,1,1,1,1,0,1.0
ST000235,1,True,40,65,35,60,4,16,15,40,16.0,4.0,1.0,1.0,3,3,0,1,0,60.0,54.0,45.0,5.0,22.0,27.0,5,0.0,0.0,0.0,0,0,1,1,1,1,1,1,1,1,0,0.0
ST000236,1,True,65,85,60,80,10,24,30,58,16.0,16.0,6.0,6.0,0,0,2,1,0,69.0,73.0,65.0,16.0,45.0,61.0,3,7.0,28.0,4.0,1,2,1,1,0,0,1,0,0,1,0,1.0
ST000236,1,True,65,85,60,80,10,24,30,58,16.0,16.0,6.0,6.0,0,0,2,1,0,80.0,74.0,69.0,10.0,30.0,40.0,7,4.0,16.0,4.0,1,2,1,1,0,0,0,0,0,1,0,1.0
ST000236,1,True,65,85,60,80,10,24,30,58,16.0,16.0,6.0,6.0,0,0,2,1,0,74.0,62.0,66.0,16.0,49.0,65.0,3,7.0,28.0,4.0,1,2,1,1,0,0,1,0,0,1,0,1.0
ST000236,1,True,65,85,60,80,10,24,30,58,16.0,16.0,6.0,6.0,0,0,2,1,0,80.0,71.0,65.0,23.0,32.0,55.0,2,6.0,24.0,4.0,1,2,1,1,0,0,0,0,0,1,0,1.0
ST000237,0,True,40,65,35,60,4,16,15,40,16.0,4.0,1.25,1.25,3,3,0,1,0,52.0,40.0,47.0,6.0,16.0,22.0,5,0.0,0.0,0.0,0,0,1,1,1,1,1,1,1,1,0,0.0
ST000237,0,True,40,65,35,60,4,16,15,40,16.0,4.0,1.25,1.25,3,3,0,1,0,42.0,35.0,27.0,14.0,18.0,32.0,5,0.0,0.0,0.0,0,0,1,1,1,1,1,1,1,1,0,0.0
ST000237,0,True,40,65,35,60,4,16,15,40,16.0,4.0,1.25,1.25,3,3,0,1,0,46.0,49.0,44.0,7.0,28.0,35.0,5,0.0,0.0,0.0,0,0,1,1,1,1,1,1,1,1,0,0.0
ST000237,0,True,40,65,35,60,4,16,15,40,16.0,4.0,1.25,1.25,3,3,0,1,0,44.0,45.0,49.0,15.0,33.0,48.0,4,5.0,20.0,4.0,1,0,1,1,0,1,1,1,1,1,0,1.0
ST000238,1,True,65,85,60,80,10,24,30,58,16.0,16.0,6.0,6.0,0,0,2,1,0,78.0,62.0,69.0,14.0,41.0,55.0,2,6.0,24.0,4.0,1,2,1,1,0,0,0,0,0,1,0,1.0
ST000238,1,True,65,85,60,80,10,24,30,58,16.0,16.0,6.0,6.0,0,0,2,1,0,72.0,67.0,57.0,18.0,41.0,59.0,2,6.0,24.0,4.0,1,2,1,1,0,0,1,0,0,1,0,1.0
ST000238,1,True,65,85,60,80,10,24,30,58,16.0,16.0,6.0,6.0,0,0,2,1,0,77.0,76.0,68.0,10.0,37.0,47.0,4,5.0,20.0,4.0,1,2,1,1,0,0,0,0,0,1,0,1.0
ST000238,1,True,65,85,60,80,10,24,30,58,16.0,16.0,6.0,6.0,0,0,2,1,0,79.0,63.0,80.0,12.0,55.0,67.0,3,7.0,28.0,4.0,1,2,1,1,0,0,0,0,0,1,0,1.0
ST000239,0,True,20,50,20,45,0,12,0,30,4.0,0.0,0.0,0.0,1,1,3,0,0,36.0,27.0,32.0,18.0,46.0,63.0,8,7.0,28.0,4.0,2,0,1,0,0,1,1,1,1,1,0,0.0
ST000239,0,True,20,50,20,45,0,12,0,30,4.0,0.0,0.0,0.0,1,1,3,0,0,39.0,37.0,24.0,18.0,46.0,63.0,8,7.0,28.0,4.0,2,0,1,0,0,1,1,1,1,1,0,0.0
ST000239,0,True,20,50,20,45,0,12,0,30,4.0,0.0,0.0,0.0,1,1,3,0,0,30.0,32.0,28.0,18.0,46.0,63.0,8,7.0,28.0,4.0,2,0,1,0,0,1,1,1,1,1,0,0.0
ST000239,0,True,20,50,20,45,0,12,0,30,4.0,0.0,0.0,0.0,1,1,3,1,0,23.0,23.0,33.0,1.0,23.0,24.0,5,0.0,0.0,0.0,0,0,1,1,1,1,1,1,1,1,0,0.0
ST000240,0,True,65,85,60,80,10,24,30,58,12.0,12.0,6.33,6.33,0,0,2,1,0,71.0,65.0,67.0,12.0,39.0,51.0,2,6.0,24.0,4.0,1,2,1,1,0,0,1,0,0,1,0,1.0
ST000240,0,True,65,85,60,80,10,24,30,58,12.0,12.0,6.33,6.33,0,0,2,0,0,77.0,78.0,80.0,18.0,46.0,63.0,8,7.0,28.0,4.0,2,1,1,0,0,0,0,0,0,1,0,0.0
ST000240,0,True,65,85,60,80,10,24,30,58,12.0,12.0,6.33,6.33,0,0,2,1,0,71.0,72.0,70.0,11.0,34.0,45.0,4,5.0,20.0,4.0,1,2,1,1,0,0,1,0,0,1,0,1.0
ST000240,0,True,65,85,60,80,10,24,30,58,12.0,12.0,6.33,6.33,0,0,2,1,0,71.0,66.0,68.0,24.0,46.0,70.0,0,8.0,32.0,4.0,1,2,1,1,0,0,1,0,0,1,0,1.0
ST000241,0,True,55,75,50,70,8,20,25,50,16.0,12.0,4.0,4.0,1,1,3,1,0,67.0,65.0,61.0,14.0,35.0,49.0,4,5.0,20.0,4.0,1,2,1,1,0,1,1,0,0,1,0,1.0
ST000241,0,True,55,75,50,70,8,20,25,50,16.0,12.0,4.0,4.0,1,1,3,1,0,75.0,56.0,65.0,11.0,36.0,47.0,4,5.0,20.0,4.0,1,2,1,1,0,1,0,1,0,1,0,1.0
ST000241,0,True,55,75,50,70,8,20,25,50,16.0,12.0,4.0,4.0,1,1,3,1,0,57.0,55.0,42.0,8.0,26.0,34.0,5,0.0,0.0,0.0,0,0,1,1,1,1,1,1,1,1,0,0.0
ST000241,0,True,55,75,50,70,8,20,25,50,16.0,12.0,4.0,4.0,1,1,3,1,0,56.0,54.0,50.0,18.0,33.0,51.0,2,6.0,24.0,4.0,1,0,1,1,0,1,1,1,0,1,0,1.0
ST000242,0,True,55,75,50,70,8,20,25,50,16.0,16.0,6.5,6.5,0,0,2,1,0,64.0,52.0,63.0,16.0,35.0,51.0,2,6.0,24.0,4.0,1,2,1,1,0,0,1,1,0,0,0,1.0
ST000242,0,True,55,75,50,70,8,20,25,50,16.0,16.0,6.5,6.5,0,0,2,1,0,74.0,63.0,64.0,19.0,47.0,66.0,3,7.0,28.0,4.0,1,2,1,1,0,0,1,0,0,0,0,1.0
ST000242,0,True,55,75,50,70,8,20,25,50,16.0,16.0,6.5,6.5,0,0,2,1,0,63.0,60.0,48.0,12.0,40.0,52.0,2,6.0,24.0,4.0,1,2,1,1,0,0,1,0,1,0,0,1.0
ST000242,0,True,55,75,50,70,8,20,25,50,16.0,16.0,6.5,6.5,0,0,2,1,0,55.0,58.0,62.0,19.0,46.0,65.0,3,7.0,28.0,4.0,1,2,1,1,0,0,1,1,0,0,0,1.0
ST000243,1,True,65,85,60,80,10,24,30,58,16.0,16.0,6.75,6.75,0,0,2,1,0,78.0,79.0,76.0,14.0,54.0,68.0,3,7.0,28.0,4.0,1,1,1,1,0,0,0,0,0,0,0,1.0
ST000243,1,True,65,85,60,80,10,24,30,58,16.0,16.0,6.75,6.75,0,0,2,1,0,66.0,62.0,57.0,16.0,51.0,67.0,3,7.0,28.0,4.0,1,2,1,1,0,0,1,0,0,0,0,1.0
ST000243,1,True,65,85,60,80,10,24,30,58,16.0,16.0,6.75,6.75,0,0,2,1,0,65.0,60.0,50.0,21.0,34.0,55.0,2,6.0,24.0,4.0,1,2,1,1,0,0,1,0,0,0,0,1.0
ST000243,1,True,65,85,60,80,10,24,30,58,16.0,16.0,6.75,6.75,0,0,2,1,0,85.0,71.0,70.0,18.0,49.0,67.0,3,7.0,28.0,4.0,1,1,1,1,0,0,0,0,0,0,0,1.0
ST000244,0,True,65,85,60,80,10,24,30,58,12.0,12.0,8.0,8.0,0,0,2,0,0,70.0,75.0,75.0,18.0,46.0,63.0,8,7.0,28.0,4.0,2,1,1,0,0,0,1,0,0,0,0,0.0
ST000244,0,True,65,85,60,80,10,24,30,58,12.0,12.0,8.0,8.0,0,0,2,1,0,65.0,66.0,59.0,23.0,50.0,73.0,0,8.0,32.0,4.0,1,2,1,1,0,0,1,0,0,0,0,1.0
ST000244,0,True,65,85,60,80,10,24,30,58,12.0,12.0,8.0,8.0,0,0,2,1,0,74.0,78.0,77.0,24.0,58.0,82.0,1,9.0,36.0,4.0,1,1,1,1,0,0,1,0,0,0,0,1.0
ST000244,0,True,65,85,60,80,10,24,30,58,12.0,12.0,8.0,8.0,0,0,2,1,0,70.0,75.0,76.0,13.0,49.0,62.0,3,7.0,28.0,4.0,1,1,1,1,0,0,1,0,0,0,0,1.0
ST000245,0,True,80,95,75,90,18,28,45,65,16.0,16.0,7.75,7.75,0,0,2,1,0,89.0,87.0,87.0,28.0,51.0,79.0,0,8.0,32.0,4.0,1,1,1,1,0,0,0,0,0,0,0,1.0
ST000245,0,True,80,95,75,90,18,28,45,65,16.0,16.0,7.75,7.75,0,0,2,1,0,90.0,89.0,78.0,27.0,53.0,80.0,1,9.0,36.0,4.0,1,1,1,1,0,0,0,0,0,0,0,1.0
ST000245,0,True,80,95,75,90,18,28,45,65,16.0,16.0,7.75,7.75,0,0,2,1,0,87.0,81.0,82.0,22.0,47.0,69.0,3,7.0,28.0,4.0,1,1,1,1,0,0,0,0,0,0,0,1.0
ST000245,0,True,80,95,75,90,18,28,45,65,16.0,16.0,7.75,7.75,0,0,2,1,0,89.0,75.0,82.0,20.0,48.0,68.0,3,7.0,28.0,4.0,1,1,1,1,0,0,0,0,0,0,0,1.0
ST000246,1,True,55,75,50,70,8,20,25,50,16.0,12.0,4.5,4.5,1,1,3,1,0,61.0,53.0,59.0,10.0,41.0,51.0,2,6.0,24.0,4.0,1,0,1,1,0,1,1,1,0,1,0,1.0
ST000246,1,True,55,75,50,70,8,20,25,50,16.0,12.0,4.5,4.5,1,1,3,1,0,64.0,69.0,63.0,8.0,45.0,53.0,2,6.0,24.0,4.0,1,2,1,1,0,1,1,0,0,1,0,1.0
ST000246,1,True,55,75,50,70,8,20,25,50,16.0,12.0,4.5,4.5,1,1,3,1,0,57.0,52.0,56.0,8.0,27.0,35.0,5,0.0,0.0,0.0,0,0,1,1,1,1,1,1,0,1,0,0.0
ST000246,1,True,55,75,50,70,8,20,25,50,16.0,12.0,4.5,4.5,1,1,3,1,0,55.0,55.0,46.0,8.0,43.0,51.0,2,6.0,24.0,4.0,1,0,1,1,0,1,1,1,1,1,0,1.0
ST000247,1,True,65,85,60,80,10,24,30,58,16.0,16.0,7.25,7.25,0,0,2,1,0,77.0,63.0,66.0,14.0,48.0,62.0,3,7.0,28.0,4.0,1,1,1,1,0,0,0,0,0,0,0,1.0
ST000247,1,True,65,85,60,80,10,24,30,58,16.0,16.0,7.25,7.25,0,0,2,1,0,83.0,63.0,80.0,23.0,52.0,75.0,0,8.0,32.0,4.0,1,1,1,1,0,0,0,0,0,0,0,1.0
ST000247,1,True,65,85,60,80,10,24,30,58,16.0,16.0,7.25,7.25,0,0,2,1,0,73.0,74.0,60.0,22.0,31.0,53.0,2,6.0,24.0,4.0,1,2,1,1,0,0,1,0,0,0,0,1.0
ST000247,1,True,65,85,60,80,10,24,30,58,16.0,16.0,7.25,7.25,0,0,2,1,0,82.0,77.0,67.0,14.0,57.0,71.0,0,8.0,32.0,4.0,1,1,1,1,0,0,0,0,0,0,0,1.0
ST000248,1,True,80,95,75,90,18,28,45,65,16.0,16.0,8.5,8.5,0,0,2,1,0,88.0,87.0,90.0,26.0,59.0,85.0,1,9.0,36.0,4.0,1,1,1,1,0,0,0,0,0,0,0,1.0
ST000248,1,True,80,95,75,90,18,28,45,65,16.0,16.0,8.5,8.5,0,0,2,1,0,84.0,87.0,88.0,21.0,55.0,76.0,0,8.0,32.0,4.0,1,1,1,1,0,0,0,0,0,0,0,1.0
ST000248,1,True,80,95,75,90,18,28,45,65,16.0,16.0,8.5,8.5,0,0,2,1,0,90.0,85.0,78.0,24.0,59.0,83.0,1,9.0,36.0,4.0,1,1,1,1,0,0,0,0,0,0,0,1.0
ST000248,1,True,80,95,75,90,18,28,45,65,16.0,16.0,8.5,8.5,0,0,2,1,0,85.0,88.0,92.0,26.0,52.0,78.0,0,8.0,32.0,4.0,1,1,1,1,0,0,0,0,0,0,0,1.0
ST000249,0,True,65,85,60,80,10,24,30,58,12.0,12.0,7.0,7.0,0,0,2,1,0,80.0,60.0,71.0,18.0,52.0,70.0,0,8.0,32.0,4.0,1,1,1,1,0,0,0,0,0,0,0,1.0
ST000249,0,True,65,85,60,80,10,24,30,58,12.0,12.0,7.0,7.0,0,0,2,1,0,72.0,74.0,69.0,20.0,33.0,53.0,2,6.0,24.0,4.0,1,1,1,1,0,0,1,0,0,0,0,1.0
ST000249,0,True,65,85,60,80,10,24,30,58,12.0,12.0,7.0,7.0,0,0,2,1,0,71.0,62.0,70.0,20.0,47.0,67.0,3,7.0,28.0,4.0,1,2,1,1,0,0,1,0,0,0,0,1.0
ST000249,0,True,65,85,60,80,10,24,30,58,12.0,12.0,7.0,7.0,0,0,2,0,0,65.0,65.0,69.0,18.0,46.0,63.0,8,7.0,28.0,4.0,2,2,1,0,0,0,1,0,0,0,0,0.0
ST000250,0,True,40,65,35,60,4,16,15,40,16.0,4.0,1.25,1.25,3,3,0,1,1,51.0,46.0,47.0,12.0,16.0,28.0,5,0.0,0.0,0.0,0,0,1,1,1,1,1,1,1,1,1,0.0
ST000250,0,True,40,65,35,60,4,16,15,40,16.0,4.0,1.25,1.25,3,3,0,1,0,48.0,51.0,41.0,4.0,25.0,29.0,5,0.0,0.0,0.0,0,0,1,1,1,1,1,1,1,1,0,0.0
ST000250,0,True,40,65,35,60,4,16,15,40,16.0,4.0,1.25,1.25,3,3,0,1,0,57.0,59.0,44.0,7.0,20.0,27.0,5,0.0,0.0,0.0,0,0,1,1,1,1,1,1,1,1,0,0.0
ST000250,0,True,40,65,35,60,4,16,15,40,16.0,4.0,1.25,1.25,3,3,0,1,0,42.0,40.0,28.0,10.0,37.0,47.0,4,5.0,20.0,4.0,1,0,1,1,0,1,1,1,1,1,0,1.0
ST000251,0,True,40,65,35,60,4,16,15,40,16.0,0.0,0.0,0.0,4,4,0,1,0,63.0,58.0,49.0,4.0,21.0,25.0,5,0.0,0.0,0.0,0,0,1,1,1,1,1,1,1,1,0,0.0
ST000251,0,True,40,65,35,60,4,16,15,40,16.0,0.0,0.0,0.0,4,4,0,1,0,55.0,56.0,41.0,4.0,16.0,20.0,5,0.0,0.0,0.0,0,0,1,1,1,1,1,1,1,1,0,0.0
ST000251,0,True,40,65,35,60,4,16,15,40,16.0,0.0,0.0,0.0,4,4,0,1,1,46.0,51.0,45.0,9.0,24.0,33.0,5,0.0,0.0,0.0,0,0,1,1,1,1,1,1,1,1,1,0.0
ST000251,0,True,40,65,35,60,4,16,15,40,16.0,0.0,0.0,0.0,4,4,0,1,0,46.0,46.0,31.0,4.0,30.0,34.0,5,0.0,0.0,0.0,0,0,1,1,1,1,1,1,1,1,0,0.0
ST000252,1,True,55,75,50,70,8,20,25,50,16.0,16.0,5.75,5.75,0,0,2,1,1,56.0,57.0,58.0,15.0,42.0,57.0,2,6.0,24.0,4.0,1,2,1,1,0,0,1,1,0,1,1,1.0
ST000252,1,True,55,75,50,70,8,20,25,50,16.0,16.0,5.75,5.75,0,0,2,1,0,75.0,68.0,63.0,11.0,35.0,46.0,4,5.0,20.0,4.0,1,2,1,1,0,0,0,0,0,1,0,1.0
ST000252,1,True,55,75,50,70,8,20,25,50,16.0,16.0,5.75,5.75,0,0,2,1,0,59.0,61.0,58.0,9.0,41.0,50.0,2,6.0,24.0,4.0,1,2,1,1,0,0,1,0,0,1,0,1.0
ST000252,1,True,55,75,50,70,8,20,25,50,16.0,16.0,5.75,5.75,0,0,2,1,0,58.0,50.0,46.0,15.0,36.0,51.0,2,6.0,24.0,4.0,1,2,1,1,0,0,1,1,1,1,0,1.0
ST000253,0,True,20,50,20,45,0,12,0,30,16.0,0.0,0.0,0.0,4,4,0,1,1,28.0,23.0,31.0,3.0,28.0,31.0,5,0.0,0.0,0.0,0,0,1,1,1,1,1,1,1,1,1,0.0
ST000253,0,True,20,50,20,45,0,12,0,30,16.0,0.0,0.0,0.0,4,4,0,1,1,37.0,21.0,30.0,12.0,23.0,35.0,5,0.0,0.0,0.0,0,0,1,1,1,1,1,1,1,1,1,0.0
ST000253,0,True,20,50,20,45,0,12,0,30,16.0,0.0,0.0,0.0,4,4,0,1,1,22.0,20.0,28.0,10.0,18.0,28.0,5,0.0,0.0,0.0,0,0,1,1,1,1,1,1,1,1,1,0.0
ST000253,0,True,20,50,20,45,0,12,0,30,16.0,0.0,0.0,0.0,4,4,0,1,1,49.0,44.0,35.0,0.0,22.0,22.0,5,0.0,0.0,0.0,0,0,1,1,1,1,1,1,1,1,1,0.0
ST000254,1,True,65,85,60,80,10,24,30,58,16.0,16.0,5.5,5.5,0,0,2,1,0,78.0,62.0,79.0,13.0,31.0,44.0,7,4.0,16.0,4.0,1,2,1,1,0,0,0,0,0,1,0,1.0
ST000254,1,True,65,85,60,80,10,24,30,58,16.0,16.0,5.5,5.5,0,0,2,1,0,85.0,76.0,72.0,21.0,51.0,72.0,0,8.0,32.0,4.0,1,2,1,1,0,0,0,0,0,1,0,1.0
ST000254,1,True,65,85,60,80,10,24,30,58,16.0,16.0,5.5,5.5,0,0,2,1,0,74.0,71.0,62.0,14.0,42.0,56.0,2,6.0,24.0,4.0,1,2,1,1,0,0,1,0,0,1,0,1.0
ST000254,1,True,65,85,60,80,10,24,30,58,16.0,16.0,5.5,5.5,0,0,2,1,0,80.0,69.0,77.0,11.0,31.0,42.0,7,4.0,16.0,4.0,1,2,1,1,0,0,0,0,0,1,0,1.0
ST000255,1,True,55,75,50,70,8,20,25,50,8.0,8.0,6.0,6.0,0,0,2,1,1,71.0,58.0,58.0,19.0,27.0,46.0,4,5.0,20.0,4.0,1,2,1,1,0,0,1,1,0,1,1,1.0
ST000255,1,True,55,75,50,70,8,20,25,50,8.0,8.0,6.0,6.0,0,0,2,0,0,61.0,66.0,52.0,18.0,46.0,63.0,8,7.0,28.0,4.0,2,2,1,0,0,0,1,0,0,1,0,0.0
ST000255,1,True,55,75,50,70,8,20,25,50,8.0,8.0,6.0,6.0,0,0,2,1,0,72.0,66.0,58.0,15.0,48.0,63.0,3,7.0,28.0,4.0,1,2,1,1,0,0,1,0,0,1,0,1.0
ST000255,1,True,55,75,50,70,8,20,25,50,8.0,8.0,6.0,6.0,0,0,2,0,0,69.0,55.0,62.0,18.0,46.0,63.0,8,7.0,28.0,4.0,2,2,1,0,0,0,1,1,0,1,0,0.0
ST000256,0,True,80,95,75,90,18,28,45,65,16.0,16.0,8.25,8.25,0,0,2,1,0,88.0,84.0,90.0,28.0,61.0,89.0,1,9.0,36.0,4.0,1,1,1,1,0,0,0,0,0,0,0,1.0
ST000256,0,True,80,95,75,90,18,28,45,65,16.0,16.0,8.25,8.25,0,0,2,1,0,94.0,79.0,80.0,27.0,53.0,80.0,1,9.0,36.0,4.0,1,1,1,1,0,0,0,0,0,0,0,1.0
ST000256,0,True,80,95,75,90,18,28,45,65,16.0,16.0,8.25,8.25,0,0,2,1,0,82.0,75.0,77.0,22.0,47.0,69.0,3,7.0,28.0,4.0,1,1,1,1,0,0,0,0,0,0,0,1.0
ST000256,0,True,80,95,75,90,18,28,45,65,16.0,16.0,8.25,8.25,0,0,2,1,0,81.0,86.0,76.0,19.0,59.0,78.0,0,8.0,32.0,4.0,1,1,1,1,0,0,0,0,0,0,0,1.0
ST000257,1,True,55,75,50,70,8,20,25,50,16.0,12.0,4.0,4.0,1,1,3,1,0,56.0,53.0,51.0,10.0,40.0,50.0,2,6.0,24.0,4.0,1,0,1,1,0,1,1,1,0,1,0,1.0
ST000257,1,True,55,75,50,70,8,20,25,50,16.0,12.0,4.0,4.0,1,1,3,1,1,59.0,52.0,58.0,8.0,29.0,37.0,5,0.0,0.0,0.0,0,0,1,1,1,1,1,1,0,1,1,0.0
ST000257,1,True,55,75,50,70,8,20,25,50,16.0,12.0,4.0,4.0,1,1,3,1,0,60.0,60.0,61.0,11.0,31.0,42.0,7,4.0,16.0,4.0,1,0,1,1,0,1,1,0,0,1,0,1.0
ST000257,1,True,55,75,50,70,8,20,25,50,16.0,12.0,4.0,4.0,1,1,3,1,0,66.0,51.0,57.0,20.0,32.0,52.0,2,6.0,24.0,4.0,1,0,1,1,0,1,1,1,0,1,0,1.0
ST000258,0,True,55,75,50,70,8,20,25,50,16.0,16.0,5.75,5.75,0,0,2,1,0,60.0,52.0,65.0,15.0,43.0,58.0,2,6.0,24.0,4.0,1,2,1,1,0,0,1,1,0,1,0,1.0
ST000258,0,True,55,75,50,70,8,20,25,50,16.0,16.0,5.75,5.75,0,0,2,1,0,66.0,70.0,62.0,19.0,38.0,57.0,2,6.0,24.0,4.0,1,2,1,1,0,0,1,0,0,1,0,1.0
ST000258,0,True,55,75,50,70,8,20,25,50,16.0,16.0,5.75,5.75,0,0,2,1,0,75.0,55.0,65.0,20.0,27.0,47.0,4,5.0,20.0,4.0,1,2,1,1,0,0,0,1,0,1,0,1.0
ST000258,0,True,55,75,50,70,8,20,25,50,16.0,16.0,5.75,5.75,0,0,2,1,0,71.0,52.0,64.0,11.0,43.0,54.0,2,6.0,24.0,4.0,1,2,1,1,0,0,1,1,0,1,0,1.0
ST000259,0,True,40,65,35,60,4,16,15,40,12.0,4.0,1.33,1.33,2,2,3,0,0,56.0,60.0,48.0,18.0,46.0,63.0,8,7.0,28.0,4.0,2,0,1,0,0,1,1,0,1,1,0,0.0
ST000259,0,True,40,65,35,60,4,16,15,40,12.0,4.0,1.33,1.33,2,2,3,1,0,40.0,45.0,41.0,7.0,25.0,32.0,5,0.0,0.0,0.0,0,0,1,1,1,1,1,1,1,1,0,0.0
ST000259,0,True,40,65,35,60,4,16,15,40,12.0,4.0,1.33,1.33,2,2,3,1,0,48.0,49.0,46.0,9.0,33.0,42.0,7,4.0,16.0,4.0,1,0,1,1,0,1,1,1,1,1,0,1.0
ST000259,0,True,40,65,35,60,4,16,15,40,12.0,4.0,1.33,1.33,2,2,3,1,0,61.0,42.0,46.0,8.0,17.0,25.0,5,0.0,0.0,0.0,0,0,1,1,1,1,1,1,1,1,0,0.0
ST000260,1,True,55,75,50,70,8,20,25,50,16.0,16.0,5.0,5.0,0,0,2,1,1,72.0,67.0,65.0,8.0,32.0,40.0,7,4.0,16.0,4.0,1,2,1,1,0,0,1,0,0,1,1,1.0
ST000260,1,True,55,75,50,70,8,20,25,50,16.0,16.0,5.0,5.0,0,0,2,1,0,62.0,63.0,55.0,18.0,30.0,48.0,4,5.0,20.0,4.0,1,2,1,1,0,0,1,0,0,1,0,1.0
ST000260,1,True,55,75,50,70,8,20,25,50,16.0,16.0,5.0,5.0,0,0,2,1,0,70.0,68.0,64.0,17.0,28.0,45.0,4,5.0,20.0,4.0,1,2,1,1,0,0,1,0,0,1,0,1.0
ST000260,1,True,55,75,50,70,8,20,25,50,16.0,16.0,5.0,5.0,0,0,2,1,0,58.0,50.0,63.0,18.0,39.0,57.0,2,6.0,24.0,4.0,1,2,1,1,0,0,1,1,0,1,0,1.0
ST000261,1,True,55,75,50,70,8,20,25,50,16.0,12.0,4.25,4.25,1,1,3,1,0,55.0,57.0,63.0,9.0,33.0,42.0,7,4.0,16.0,4.0,1,0,1,1,0,1,1,1,0,1,0,1.0
ST000261,1,True,55,75,50,70,8,20,25,50,16.0,12.0,4.25,4.25,1,1,3,1,0,67.0,50.0,61.0,14.0,39.0,53.0,2,6.0,24.0,4.0,1,0,1,1,0,1,1,1,0,1,0,1.0
ST000261,1,True,55,75,50,70,8,20,25,50,16.0,12.0,4.25,4.25,1,1,3,1,1,67.0,62.0,59.0,12.0,50.0,62.0,3,7.0,28.0,4.0,1,0,1,1,0,1,1,0,0,1,1,1.0
ST000261,1,True,55,75,50,70,8,20,25,50,16.0,12.0,4.25,4.25,1,1,3,1,0,74.0,69.0,61.0,8.0,29.0,37.0,5,0.0,0.0,0.0,0,2,1,1,1,1,1,0,0,1,0,0.0
ST000262,1,True,40,65,35,60,4,16,15,40,16.0,4.0,1.25,1.25,3,3,0,1,1,64.0,44.0,49.0,15.0,21.0,36.0,5,0.0,0.0,0.0,0,0,1,1,1,1,1,1,1,1,1,0.0
ST000262,1,True,40,65,35,60,4,16,15,40,16.0,4.0,1.25,1.25,3,3,0,1,0,44.0,49.0,46.0,10.0,28.0,38.0,5,0.0,0.0,0.0,0,0,1,1,1,1,1,1,1,1,0,0.0
ST000262,1,True,40,65,35,60,4,16,15,40,16.0,4.0,1.25,1.25,3,3,0,1,0,57.0,44.0,44.0,12.0,25.0,37.0,5,0.0,0.0,0.0,0,0,1,1,1,1,1,1,1,1,0,0.0
ST000262,1,True,40,65,35,60,4,16,15,40,16.0,4.0,1.25,1.25,3,3,0,1,1,58.0,50.0,43.0,7.0,38.0,45.0,4,5.0,20.0,4.0,1,0,1,1,0,1,1,1,1,1,1,1.0
ST000263,1,True,65,85,60,80,10,24,30,58,16.0,16.0,6.25,6.25,0,0,2,1,0,71.0,69.0,68.0,18.0,45.0,63.0,3,7.0,28.0,4.0,1,2,1,1,0,0,1,0,0,1,0,1.0
ST000263,1,True,65,85,60,80,10,24,30,58,16.0,16.0,6.25,6.25,0,0,2,1,0,68.0,72.0,69.0,14.0,30.0,44.0,7,4.0,16.0,4.0,1,2,1,1,0,0,1,0,0,1,0,1.0
ST000263,1,True,65,85,60,80,10,24,30,58,16.0,16.0,6.25,6.25,0,0,2,1,0,72.0,73.0,63.0,22.0,30.0,52.0,2,6.0,24.0,4.0,1,2,1,1,0,0,1,0,0,1,0,1.0
ST000263,1,True,65,85,60,80,10,24,30,58,16.0,16.0,6.25,6.25,0,0,2,1,0,76.0,70.0,72.0,21.0,51.0,72.0,0,8.0,32.0,4.0,1,2,1,1,0,0,0,0,0,1,0,1.0
ST000264,0,True,80,95,75,90,18,28,45,65,16.0,16.0,8.5,8.5,0,0,2,1,0,86.0,76.0,92.0,24.0,49.0,73.0,0,8.0,32.0,4.0,1,1,1,1,0,0,0,0,0,0,0,1.0
ST000264,0,True,80,95,75,90,18,28,45,65,16.0,16.0,8.5,8.5,0,0,2,1,0,86.0,84.0,77.0,27.0,53.0,80.0,1,9.0,36.0,4.0,1,1,1,1,0,0,0,0,0,0,0,1.0
ST000264,0,True,80,95,75,90,18,28,45,65,16.0,16.0,8.5,8.5,0,0,2,1,0,82.0,80.0,86.0,20.0,55.0,75.0,0,8.0,32.0,4.0,1,1,1,1,0,0,0,0,0,0,0,1.0
ST000264,0,True,80,95,75,90,18,28,45,65,16.0,16.0,8.5,8.5,0,0,2,1,0,93.0,75.0,87.0,25.0,64.0,89.0,1,9.0,36.0,4.0,1,1,1,1,0,0,0,0,0,0,0,1.0
ST000265,1,True,65,85,60,80,10,24,30,58,16.0,16.0,7.5,7.5,0,0,2,1,0,78.0,71.0,66.0,21.0,53.0,74.0,0,8.0,32.0,4.0,1,1,1,1,0,0,0,0,0,0,0,1.0
ST000265,1,True,65,85,60,80,10,24,30,58,16.0,16.0,7.5,7.5,0,0,2,1,0,76.0,63.0,74.0,24.0,34.0,58.0,2,6.0,24.0,4.0,1,1,1,1,0,0,0,0,0,0,0,1.0
ST000265,1,True,65,85,60,80,10,24,30,58,16.0,16.0,7.5,7.5,0,0,2,1,0,82.0,80.0,72.0,22.0,51.0,73.0,0,8.0,32.0,4.0,1,1,1,1,0,0,0,0,0,0,0,1.0
ST000265,1,True,65,85,60,80,10,24,30,58,16.0,16.0,7.5,7.5,0,0,2,1,0,67.0,68.0,57.0,19.0,56.0,75.0,0,8.0,32.0,4.0,1,2,1,1,0,0,1,0,0,0,0,1.0
ST000266,1,True,55,75,50,70,8,20,25,50,16.0,16.0,5.25,5.25,0,0,2,1,0,66.0,67.0,64.0,11.0,41.0,52.0,2,6.0,24.0,4.0,1,2,1,1,0,0,1,0,0,1,0,1.0
ST000266,1,True,55,75,50,70,8,20,25,50,16.0,16.0,5.25,5.25,0,0,2,1,0,75.0,70.0,60.0,8.0,45.0,53.0,2,6.0,24.0,4.0,1,2,1,1,0,0,0,0,0,1,0,1.0
ST000266,1,True,55,75,50,70,8,20,25,50,16.0,16.0,5.25,5.25,0,0,2,1,0,75.0,68.0,62.0,8.0,32.0,40.0,7,4.0,16.0,4.0,1,2,1,1,0,0,0,0,0,1,0,1.0
ST000266,1,True,55,75,50,70,8,20,25,50,16.0,16.0,5.25,5.25,0,0,2,1,0,62.0,65.0,57.0,16.0,30.0,46.0,4,5.0,20.0,4.0,1,2,1,1,0,0,1,0,0,1,0,1.0
ST000267,0,True,90,100,90,100,24,30,55,70,16.0,16.0,9.75,9.75,0,0,2,1,0,96.0,94.0,96.0,30.0,66.0,96.0,6,10.0,40.0,4.0,1,1,1,1,0,0,0,0,0,0,0,1.0
ST000267,0,True,90,100,90,100,24,30,55,70,16.0,16.0,9.75,9.75,0,0,2,1,0,93.0,91.0,99.0,29.0,57.0,86.0,1,9.0,36.0,4.0,1,1,1,1,0,0,0,0,0,0,0,1.0
ST000267,0,True,90,100,90,100,24,30,55,70,16.0,16.0,9.75,9.75,0,0,2,1,0,91.0,95.0,99.0,27.0,66.0,93.0,6,10.0,40.0,4.0,1,1,1,1,0,0,0,0,0,0,0,1.0
ST000267,0,True,90,100,90,100,24,30,55,70,16.0,16.0,9.75,9.75,0,0,2,1,0,95.0,91.0,96.0,28.0,66.0,94.0,6,10.0,40.0,4.0,1,1,1,1,0,0,0,0,0,0,0,1.0
ST000268,0,True,65,85,60,80,10,24,30,58,16.0,16.0,7.0,7.0,0,0,2,1,0,73.0,75.0,79.0,24.0,46.0,70.0,0,8.0,32.0,4.0,1,1,1,1,0,0,1,0,0,0,0,1.0
ST000268,0,True,65,85,60,80,10,24,30,58,16.0,16.0,7.0,7.0,0,0,2,1,0,67.0,69.0,70.0,19.0,38.0,57.0,2,6.0,24.0,4.0,1,2,1,1,0,0,1,0,0,0,0,1.0
ST000268,0,True,65,85,60,80,10,24,30,58,16.0,16.0,7.0,7.0,0,0,2,1,0,79.0,77.0,68.0,23.0,39.0,62.0,3,7.0,28.0,4.0,1,1,1,1,0,0,0,0,0,0,0,1.0
ST000268,0,True,65,85,60,80,10,24,30,58,16.0,16.0,7.0,7.0,0,0,2,1,0,76.0,71.0,78.0,16.0,48.0,64.0,3,7.0,28.0,4.0,1,1,1,1,0,0,0,0,0,0,0,1.0
ST000269,1,True,40,65,35,60,4,16,15,40,16.0,0.0,0.0,0.0,4,4,0,1,0,41.0,37.0,27.0,8.0,24.0,32.0,5,0.0,0.0,0.0,0,0,1,1,1,1,1,1,1,1,0,0.0
ST000269,1,True,40,65,35,60,4,16,15,40,16.0,0.0,0.0,0.0,4,4,0,1,0,43.0,40.0,50.0,16.0,15.0,31.0,5,0.0,0.0,0.0,0,0,1,1,1,1,1,1,0,1,0,0.0
ST000269,1,True,40,65,35,60,4,16,15,40,16.0,0.0,0.0,0.0,4,4,0,1,1,64.0,54.0,50.0,7.0,19.0,26.0,5,0.0,0.0,0.0,0,0,1,1,1,1,1,1,0,1,1,0.0
ST000269,1,True,40,65,35,60,4,16,15,40,16.0,0.0,0.0,0.0,4,4,0,1,0,55.0,37.0,46.0,7.0,24.0,31.0,5,0.0,0.0,0.0,0,0,1,1,1,1,1,1,1,1,0,0.0
ST000270,0,True,90,100,90,100,24,30,55,70,16.0,16.0,9.75,9.75,0,0,2,1,0,100.0,96.0,91.0,25.0,67.0,92.0,6,10.0,40.0,4.0,1,1,1,1,0,0,0,0,0,0,0,1.0
ST000270,0,True,90,100,90,100,24,30,55,70,16.0,16.0,9.75,9.75,0,0,2,1,0,96.0,96.0,91.0,24.0,60.0,84.0,1,9.0,36.0,4.0,1,1,1,1,0,0,0,0,0,0,0,1.0
ST000270,0,True,90,100,90,100,24,30,55,70,16.0,16.0,9.75,9.75,0,0,2,1,0,96.0,90.0,96.0,26.0,70.0,96.0,6,10.0,40.0,4.0,1,1,1,1,0,0,0,0,0,0,0,1.0
ST000270,0,True,90,100,90,100,24,30,55,70,16.0,16.0,9.75,9.75,0,0,2,1,0,96.0,99.0,100.0,30.0,62.0,92.0,6,10.0,40.0,4.0,1,1,1,1,0,0,0,0,0,0,0,1.0
ST000271,1,True,80,95,75,90,18,28,45,65,16.0,16.0,8.0,8.0,0,0,2,1,0,80.0,83.0,89.0,21.0,52.0,73.0,0,8.0,32.0,4.0,1,1,1,1,0,0,0,0,0,0,0,1.0
ST000271,1,True,80,95,75,90,18,28,45,65,16.0,16.0,8.0,8.0,0,0,2,1,0,95.0,75.0,85.0,22.0,47.0,69.0,3,7.0,28.0,4.0,1,1,1,1,0,0,0,0,0,0,0,1.0
ST000271,1,True,80,95,75,90,18,28,45,65,16.0,16.0,8.0,8.0,0,0,2,1,0,91.0,84.0,83.0,23.0,60.0,83.0,1,9.0,36.0,4.0,1,1,1,1,0,0,0,0,0,0,0,1.0
ST000271,1,True,80,95,75,90,18,28,45,65,16.0,16.0,8.0,8.0,0,0,2,1,0,94.0,81.0,92.0,18.0,60.0,78.0,0,8.0,32.0,4.0,1,1,1,1,0,0,0,0,0,0,0,1.0
ST000272,1,True,65,85,60,80,10,24,30,58,16.0,16.0,6.5,6.5,0,0,2,1,0,78.0,69.0,67.0,20.0,52.0,72.0,0,8.0,32.0,4.0,1,2,1,1,0,0,0,0,0,0,0,1.0
ST000272,1,True,65,85,60,80,10,24,30,58,16.0,16.0,6.5,6.5,0,0,2,1,0,80.0,68.0,73.0,11.0,45.0,56.0,2,6.0,24.0,4.0,1,2,1,1,0,0,0,0,0,0,0,1.0
ST000272,1,True,65,85,60,80,10,24,30,58,16.0,16.0,6.5,6.5,0,0,2,1,0,84.0,68.0,73.0,12.0,49.0,61.0,3,7.0,28.0,4.0,1,1,1,1,0,0,0,0,0,0,0,1.0
ST000272,1,True,65,85,60,80,10,24,30,58,16.0,16.0,6.5,6.5,0,0,2,1,0,82.0,79.0,74.0,15.0,34.0,49.0,4,5.0,20.0,4.0,1,1,1,1,0,0,0,0,0,0,0,1.0
ST000273,1,True,90,100,90,100,24,30,55,70,16.0,16.0,9.5,9.5,0,0,2,1,0,95.0,99.0,96.0,27.0,59.0,86.0,1,9.0,36.0,4.0,1,1,1,1,0,0,0,0,0,0,0,1.0
ST000273,1,True,90,100,90,100,24,30,55,70,16.0,16.0,9.5,9.5,0,0,2,1,0,94.0,92.0,96.0,24.0,69.0,93.0,6,10.0,40.0,4.0,1,1,1,1,0,0,0,0,0,0,0,1.0
ST000273,1,True,90,100,90,100,24,30,55,70,16.0,16.0,9.5,9.5,0,0,2,1,0,93.0,93.0,87.0,24.0,56.0,80.0,1,9.0,36.0,4.0,1,1,1,1,0,0,0,0,0,0,0,1.0
ST000273,1,True,90,100,90,100,24,30,55,70,16.0,16.0,9.5,9.5,0,0,2,1,0,98.0,96.0,85.0,25.0,70.0,95.0,6,10.0,40.0,4.0,1,1,1,1,0,0,0,0,0,0,0,1.0
ST000274,1,True,65,85,60,80,10,24,30,58,16.0,16.0,6.75,6.75,0,0,2,1,0,71.0,66.0,57.0,15.0,45.0,60.0,3,7.0,28.0,4.0,1,2,1,1,0,0,1,0,0,0,0,1.0
ST000274,1,True,65,85,60,80,10,24,30,58,16.0,16.0,6.75,6.75,0,0,2,1,0,66.0,68.0,62.0,23.0,56.0,79.0,0,8.0,32.0,4.0,1,2,1,1,0,0,1,0,0,0,0,1.0
ST000274,1,True,65,85,60,80,10,24,30,58,16.0,16.0,6.75,6.75,0,0,2,1,0,76.0,75.0,75.0,19.0,48.0,67.0,3,7.0,28.0,4.0,1,1,1,1,0,0,0,0,0,0,0,1.0
ST000274,1,True,65,85,60,80,10,24,30,58,16.0,16.0,6.75,6.75,0,0,2,1,0,82.0,68.0,77.0,10.0,37.0,47.0,4,5.0,20.0,4.0,1,1,1,1,0,0,0,0,0,0,0,1.0
ST000275,1,True,40,65,35,60,4,16,15,40,16.0,8.0,3.0,3.0,2,2,3,1,0,49.0,38.0,41.0,16.0,37.0,53.0,2,6.0,24.0,4.0,1,0,1,1,0,1,1,1,1,1,0,1.0
ST000275,1,True,40,65,35,60,4,16,15,40,16.0,8.0,3.0,3.0,2,2,3,1,0,65.0,45.0,50.0,16.0,35.0,51.0,2,6.0,24.0,4.0,1,0,1,1,0,1,1,1,0,1,0,1.0
ST000275,1,True,40,65,35,60,4,16,15,40,16.0,8.0,3.0,3.0,2,2,3,1,0,49.0,37.0,35.0,4.0,15.0,19.0,5,0.0,0.0,0.0,0,0,1,1,1,1,1,1,1,1,0,0.0
ST000275,1,True,40,65,35,60,4,16,15,40,16.0,8.0,3.0,3.0,2,2,3,1,1,54.0,49.0,47.0,14.0,16.0,30.0,5,0.0,0.0,0.0,0,0,1,1,1,1,1,1,1,1,1,0.0
ST000276,1,True,65,85,60,80,10,24,30,58,4.0,4.0,7.0,7.0,0,0,2,0,0,68.0,63.0,68.0,18.0,46.0,63.0,8,7.0,28.0,4.0,2,2,1,0,0,0,1,0,0,0,0,0.0
ST000276,1,True,65,85,60,80,10,24,30,58,4.0,4.0,7.0,7.0,0,0,2,0,0,82.0,64.0,72.0,18.0,46.0,63.0,8,7.0,28.0,4.0,2,1,1,0,0,0,0,0,0,0,0,0.0
ST000276,1,True,65,85,60,80,10,24,30,58,4.0,4.0,7.0,7.0,0,0,2,0,0,79.0,65.0,72.0,18.0,46.0,63.0,8,7.0,28.0,4.0,2,1,1,0,0,0,0,0,0,0,0,0.0
ST000276,1,True,65,85,60,80,10,24,30,58,4.0,4.0,7.0,7.0,0,0,2,1,0,80.0,69.0,71.0,10.0,53.0,63.0,3,7.0,28.0,4.0,1,1,1,1,0,0,0,0,0,0,0,1.0
ST000277,0,True,55,75,50,70,8,20,25,50,16.0,16.0,5.5,5.5,0,0,2,1,0,57.0,51.0,64.0,13.0,39.0,52.0,2,6.0,24.0,4.0,1,2,1,1,0,0,1,1,0,1,0,1.0
ST000277,0,True,55,75,50,70,8,20,25,50,16.0,16.0,5.5,5.5,0,0,2,1,0,71.0,56.0,61.0,9.0,38.0,47.0,4,5.0,20.0,4.0,1,2,1,1,0,0,1,1,0,1,0,1.0
ST000277,0,True,55,75,50,70,8,20,25,50,16.0,16.0,5.5,5.5,0,0,2,1,1,55.0,60.0,55.0,19.0,28.0,47.0,4,5.0,20.0,4.0,1,2,1,1,0,0,1,0,0,1,1,1.0
ST000277,0,True,55,75,50,70,8,20,25,50,16.0,16.0,5.5,5.5,0,0,2,1,0,57.0,62.0,56.0,10.0,46.0,56.0,2,6.0,24.0,4.0,1,2,1,1,0,0,1,0,0,1,0,1.0
ST000278,0,True,65,85,60,80,10,24,30,58,16.0,16.0,6.5,6.5,0,0,2,1,0,70.0,66.0,67.0,22.0,56.0,78.0,0,8.0,32.0,4.0,1,2,1,1,0,0,1,0,0,0,0,1.0
ST000278,0,True,65,85,60,80,10,24,30,58,16.0,16.0,6.5,6.5,0,0,2,1,0,72.0,70.0,63.0,24.0,31.0,55.0,2,6.0,24.0,4.0,1,2,1,1,0,0,1,0,0,0,0,1.0
ST000278,0,True,65,85,60,80,10,24,30,58,16.0,16.0,6.5,6.5,0,0,2,1,0,79.0,63.0,78.0,16.0,35.0,51.0,2,6.0,24.0,4.0,1,2,1,1,0,0,0,0,0,0,0,1.0
ST000278,0,True,65,85,60,80,10,24,30,58,16.0,16.0,6.5,6.5,0,0,2,1,0,74.0,75.0,76.0,19.0,31.0,50.0,2,6.0,24.0,4.0,1,2,1,1,0,0,1,0,0,0,0,1.0
ST000279,1,True,65,85,60,80,10,24,30,58,16.0,16.0,6.5,6.5,0,0,2,1,0,84.0,69.0,70.0,24.0,47.0,71.0,0,8.0,32.0,4.0,1,1,1,1,0,0,0,0,0,0,0,1.0
ST000279,1,True,65,85,60,80,10,24,30,58,16.0,16.0,6.5,6.5,0,0,2,1,0,72.0,61.0,57.0,10.0,32.0,42.0,7,4.0,16.0,4.0,1,2,1,1,0,0,1,0,0,0,0,1.0
ST000279,1,True,65,85,60,80,10,24,30,58,16.0,16.0,6.5,6.5,0,0,2,1,0,69.0,64.0,76.0,18.0,58.0,76.0,0,8.0,32.0,4.0,1,2,1,1,0,0,1,0,0,0,0,1.0
ST000279,1,True,65,85,60,80,10,24,30,58,16.0,16.0,6.5,6.5,0,0,2,1,0,83.0,67.0,80.0,18.0,36.0,54.0,2,6.0,24.0,4.0,1,1,1,1,0,0,0,0,0,0,0,1.0
ST000280,0,True,55,75,50,70,8,20,25,50,12.0,12.0,4.67,4.67,0,0,2,1,1,63.0,51.0,59.0,14.0,32.0,46.0,4,5.0,20.0,4.0,1,2,1,1,0,0,1,1,0,1,1,1.0
ST000280,0,True,55,75,50,70,8,20,25,50,12.0,12.0,4.67,4.67,0,0,2,1,0,63.0,67.0,57.0,12.0,28.0,40.0,7,4.0,16.0,4.0,1,2,1,1,0,0,1,0,0,1,0,1.0
ST000280,0,True,55,75,50,70,8,20,25,50,12.0,12.0,4.67,4.67,0,0,2,0,0,66.0,70.0,53.0,18.0,46.0,63.0,8,7.0,28.0,4.0,2,2,1,0,0,0,1,0,0,1,0,0.0
ST000280,0,True,55,75,50,70,8,20,25,50,12.0,12.0,4.67,4.67,0,0,2,1,1,71.0,66.0,64.0,13.0,34.0,47.0,4,5.0,20.0,4.0,1,2,1,1,0,0,1,0,0,1,1,1.0
ST000281,0,True,80,95,75,90,18,28,45,65,12.0,12.0,8.33,8.33,0,0,2,1,0,89.0,87.0,86.0,20.0,57.0,77.0,0,8.0,32.0,4.0,1,1,1,1,0,0,0,0,0,0,0,1.0
ST000281,0,True,80,95,75,90,18,28,45,65,12.0,12.0,8.33,8.33,0,0,2,1,0,88.0,78.0,91.0,21.0,52.0,73.0,0,8.0,32.0,4.0,1,1,1,1,0,0,0,0,0,0,0,1.0
ST000281,0,True,80,95,75,90,18,28,45,65,12.0,12.0,8.33,8.33,0,0,2,1,0,80.0,84.0,73.0,24.0,56.0,80.0,1,9.0,36.0,4.0,1,1,1,1,0,0,0,0,0,0,0,1.0
ST000281,0,True,80,95,75,90,18,28,45,65,12.0,12.0,8.33,8.33,0,0,2,0,0,87.0,89.0,88.0,18.0,46.0,63.0,8,7.0,28.0,4.0,2,1,1,0,0,0,0,0,0,0,0,0.0
ST000282,1,True,55,75,50,70,8,20,25,50,12.0,12.0,5.33,5.33,0,0,2,1,0,58.0,63.0,52.0,18.0,37.0,55.0,2,6.0,24.0,4.0,1,2,1,1,0,0,1,0,0,1,0,1.0
ST000282,1,True,55,75,50,70,8,20,25,50,12.0,12.0,5.33,5.33,0,0,2,1,0,69.0,66.0,55.0,12.0,29.0,41.0,7,4.0,16.0,4.0,1,2,1,1,0,0,1,0,0,1,0,1.0
ST000282,1,True,55,75,50,70,8,20,25,50,12.0,12.0,5.33,5.33,0,0,2,1,0,58.0,60.0,51.0,19.0,34.0,53.0,2,6.0,24.0,4.0,1,2,1,1,0,0,1,0,0,1,0,1.0
ST000282,1,True,55,75,50,70,8,20,25,50,12.0,12.0,5.33,5.33,0,0,2,0,0,62.0,52.0,59.0,18.0,46.0,63.0,8,7.0,28.0,4.0,2,2,1,0,0,0,1,1,0,1,0,0.0
ST000283,1,True,40,65,35,60,4,16,15,40,16.0,4.0,1.0,1.0,3,3,0,1,0,65.0,55.0,50.0,12.0,28.0,40.0,7,4.0,16.0,4.0,1,0,1,1,0,1,1,1,0,1,0,1.0
ST000283,1,True,40,65,35,60,4,16,15,40,16.0,4.0,1.0,1.0,3,3,0,1,0,43.0,40.0,48.0,7.0,25.0,32.0,5,0.0,0.0,0.0,0,0,1,1,1,1,1,1,1,1,0,0.0
ST000283,1,True,40,65,35,60,4,16,15,40,16.0,4.0,1.0,1.0,3,3,0,1,1,58.0,60.0,47.0,10.0,26.0,36.0,5,0.0,0.0,0.0,0,0,1,1,1,1,1,0,1,1,1,0.0
ST000283,1,True,40,65,35,60,4,16,15,40,16.0,4.0,1.0,1.0,3,3,0,1,0,44.0,45.0,30.0,5.0,25.0,30.0,5,0.0,0.0,0.0,0,0,1,1,1,1,1,1,1,1,0,0.0
ST000284,1,True,65,85,60,80,10,24,30,58,16.0,16.0,6.5,6.5,0,0,2,1,0,81.0,62.0,78.0,11.0,39.0,50.0,2,6.0,24.0,4.0,1,2,1,1,0,0,0,0,0,0,0,1.0
ST000284,1,True,65,85,60,80,10,24,30,58,16.0,16.0,6.5,6.5,0,0,2,1,0,68.0,70.0,71.0,15.0,51.0,66.0,3,7.0,28.0,4.0,1,2,1,1,0,0,1,0,0,0,0,1.0
ST000284,1,True,65,85,60,80,10,24,30,58,16.0,16.0,6.5,6.5,0,0,2,1,0,65.0,69.0,58.0,10.0,50.0,60.0,3,7.0,28.0,4.0,1,2,1,1,0,0,1,0,0,0,0,1.0
ST000284,1,True,65,85,60,80,10,24,30,58,16.0,16.0,6.5,6.5,0,0,2,1,0,79.0,79.0,75.0,12.0,44.0,56.0,2,6.0,24.0,4.0,1,1,1,1,0,0,0,0,0,0,0,1.0
ST000285,1,True,90,100,90,100,24,30,55,70,16.0,16.0,9.5,9.5,0,0,2,1,0,91.0,95.0,86.0,27.0,66.0,93.0,6,10.0,40.0,4.0,1,1,1,1,0,0,0,0,0,0,0,1.0
ST000285,1,True,90,100,90,100,24,30,55,70,16.0,16.0,9.5,9.5,0,0,2,1,0,100.0,99.0,87.0,24.0,66.0,90.0,6,10.0,40.0,4.0,1,1,1,1,0,0,0,0,0,0,0,1.0
ST000285,1,True,90,100,90,100,24,30,55,70,16.0,16.0,9.5,9.5,0,0,2,1,0,97.0,97.0,92.0,24.0,57.0,81.0,1,9.0,36.0,4.0,1,1,1,1,0,0,0,0,0,0,0,1.0
ST000285,1,True,90,100,90,100,24,30,55,70,16.0,16.0,9.5,9.5,0,0,2,1,0,95.0,100.0,95.0,25.0,61.0,86.0,1,9.0,36.0,4.0,1,1,1,1,0,0,0,0,0,0,0,1.0
ST000286,0,True,20,50,20,45,0,12,0,30,12.0,0.0,0.0,0.0,3,3,0,1,1,33.0,20.0,34.0,11.0,15.0,26.0,5,0.0,0.0,0.0,0,0,1,1,1,1,1,1,1,1,1,0.0
ST000286,0,True,20,50,20,45,0,12,0,30,12.0,0.0,0.0,0.0,3,3,0,1,0,40.0,39.0,31.0,4.0,20.0,24.0,5,0.0,0.0,0.0,0,0,1,1,1,1,1,1,1,1,0,0.0
ST000286,0,True,20,50,20,45,0,12,0,30,12.0,0.0,0.0,0.0,3,3,0,1,0,20.0,24.0,21.0,8.0,23.0,31.0,5,0.0,0.0,0.0,0,0,1,1,1,1,1,1,1,1,0,0.0
ST000286,0,True,20,50,20,45,0,12,0,30,12.0,0.0,0.0,0.0,3,3,0,0,0,29.0,22.0,26.0,18.0,46.0,63.0,8,7.0,28.0,4.0,2,0,1,0,0,1,1,1,1,1,0,0.0
ST000287,1,True,80,95,75,90,18,28,45,65,16.0,16.0,8.25,8.25,0,0,2,1,0,86.0,82.0,92.0,19.0,52.0,71.0,0,8.0,32.0,4.0,1,1,1,1,0,0,0,0,0,0,0,1.0
ST000287,1,True,80,95,75,90,18,28,45,65,16.0,16.0,8.25,8.25,0,0,2,1,0,87.0,88.0,86.0,22.0,56.0,78.0,0,8.0,32.0,4.0,1,1,1,1,0,0,0,0,0,0,0,1.0
ST000287,1,True,80,95,75,90,18,28,45,65,16.0,16.0,8.25,8.25,0,0,2,1,0,80.0,79.0,90.0,28.0,51.0,79.0,0,8.0,32.0,4.0,1,1,1,1,0,0,0,0,0,0,0,1.0
ST000287,1,True,80,95,75,90,18,28,45,65,16.0,16.0,8.25,8.25,0,0,2,1,0,87.0,81.0,80.0,19.0,63.0,82.0,1,9.0,36.0,4.0,1,1,1,1,0,0,0,0,0,0,0,1.0
ST000288,1,True,80,95,75,90,18,28,45,65,16.0,16.0,8.25,8.25,0,0,2,1,0,92.0,78.0,84.0,19.0,49.0,68.0,3,7.0,28.0,4.0,1,1,1,1,0,0,0,0,0,0,0,1.0
ST000288,1,True,80,95,75,90,18,28,45,65,16.0,16.0,8.25,8.25,0,0,2,1,0,86.0,77.0,88.0,23.0,45.0,68.0,3,7.0,28.0,4.0,1,1,1,1,0,0,0,0,0,0,0,1.0
ST000288,1,True,80,95,75,90,18,28,45,65,16.0,16.0,8.25,8.25,0,0,2,1,0,81.0,85.0,71.0,25.0,64.0,89.0,1,9.0,36.0,4.0,1,1,1,1,0,0,0,0,0,0,0,1.0
ST000288,1,True,80,95,75,90,18,28,45,65,16.0,16.0,8.25,8.25,0,0,2,1,0,84.0,82.0,92.0,28.0,64.0,92.0,6,10.0,40.0,4.0,1,1,1,1,0,0,0,0,0,0,0,1.0
ST000289,1,True,40,65,35,60,4,16,15,40,8.0,0.0,0.0,0.0,2,2,3,1,1,45.0,37.0,39.0,6.0,28.0,34.0,5,0.0,0.0,0.0,0,0,1,1,1,1,1,1,1,1,1,0.0
ST000289,1,True,40,65,35,60,4,16,15,40,8.0,0.0,0.0,0.0,2,2,3,1,0,44.0,42.0,34.0,8.0,15.0,23.0,5,0.0,0.0,0.0,0,0,1,1,1,1,1,1,1,1,0,0.0
ST000289,1,True,40,65,35,60,4,16,15,40,8.0,0.0,0.0,0.0,2,2,3,0,0,50.0,50.0,41.0,18.0,46.0,63.0,8,7.0,28.0,4.0,2,0,1,0,0,1,1,1,1,1,0,0.0
ST000289,1,True,40,65,35,60,4,16,15,40,8.0,0.0,0.0,0.0,2,2,3,0,0,50.0,39.0,44.0,18.0,46.0,63.0,8,7.0,28.0,4.0,2,0,1,0,0,1,1,1,1,1,0,0.0
ST000290,1,True,80,95,75,90,18,28,45,65,16.0,16.0,8.5,8.5,0,0,2,1,0,89.0,78.0,81.0,18.0,64.0,82.0,1,9.0,36.0,4.0,1,1,1,1,0,0,0,0,0,0,0,1.0
ST000290,1,True,80,95,75,90,18,28,45,65,16.0,16.0,8.5,8.5,0,0,2,1,0,82.0,77.0,80.0,23.0,57.0,80.0,1,9.0,36.0,4.0,1,1,1,1,0,0,0,0,0,0,0,1.0
ST000290,1,True,80,95,75,90,18,28,45,65,16.0,16.0,8.5,8.5,0,0,2,1,0,83.0,79.0,92.0,25.0,52.0,77.0,0,8.0,32.0,4.0,1,1,1,1,0,0,0,0,0,0,0,1.0
ST000290,1,True,80,95,75,90,18,28,45,65,16.0,16.0,8.5,8.5,0,0,2,1,0,88.0,85.0,79.0,22.0,56.0,78.0,0,8.0,32.0,4.0,1,1,1,1,0,0,0,0,0,0,0,1.0
ST000291,1,True,80,95,75,90,18,28,45,65,16.0,16.0,8.25,8.25,0,0,2,1,0,91.0,81.0,86.0,21.0,56.0,77.0,0,8.0,32.0,4.0,1,1,1,1,0,0,0,0,0,0,0,1.0
ST000291,1,True,80,95,75,90,18,28,45,65,16.0,16.0,8.25,8.25,0,0,2,1,0,81.0,86.0,80.0,21.0,51.0,72.0,0,8.0,32.0,4.0,1,1,1,1,0,0,0,0,0,0,0,1.0
ST000291,1,True,80,95,75,90,18,28,45,65,16.0,16.0,8.25,8.25,0,0,2,1,0,83.0,83.0,77.0,24.0,55.0,79.0,0,8.0,32.0,4.0,1,1,1,1,0,0,0,0,0,0,0,1.0
ST000291,1,True,80,95,75,90,18,28,45,65,16.0,16.0,8.25,8.25,0,0,2,1,0,92.0,90.0,90.0,20.0,64.0,84.0,1,9.0,36.0,4.0,1,1,1,1,0,0,0,0,0,0,0,1.0
ST000292,0,True,80,95,75,90,18,28,45,65,16.0,16.0,7.75,7.75,0,0,2,1,0,88.0,85.0,75.0,28.0,50.0,78.0,0,8.0,32.0,4.0,1,1,1,1,0,0,0,0,0,0,0,1.0
ST000292,0,True,80,95,75,90,18,28,45,65,16.0,16.0,7.75,7.75,0,0,2,1,0,80.0,83.0,79.0,24.0,48.0,72.0,0,8.0,32.0,4.0,1,1,1,1,0,0,0,0,0,0,0,1.0
ST000292,0,True,80,95,75,90,18,28,45,65,16.0,16.0,7.75,7.75,0,0,2,1,0,88.0,79.0,87.0,24.0,45.0,69.0,3,7.0,28.0,4.0,1,1,1,1,0,0,0,0,0,0,0,1.0
ST000292,0,True,80,95,75,90,18,28,45,65,16.0,16.0,7.75,7.75,0,0,2,1,0,90.0,77.0,79.0,19.0,51.0,70.0,0,8.0,32.0,4.0,1,1,1,1,0,0,0,0,0,0,0,1.0
ST000293,1,True,80,95,75,90,18,28,45,65,16.0,16.0,7.75,7.75,0,0,2,1,0,88.0,83.0,84.0,18.0,55.0,73.0,0,8.0,32.0,4.0,1,1,1,1,0,0,0,0,0,0,0,1.0
ST000293,1,True,80,95,75,90,18,28,45,65,16.0,16.0,7.75,7.75,0,0,2,1,0,83.0,86.0,90.0,21.0,51.0,72.0,0,8.0,32.0,4.0,1,1,1,1,0,0,0,0,0,0,0,1.0
ST000293,1,True,80,95,75,90,18,28,45,65,16.0,16.0,7.75,7.75,0,0,2,1,0,80.0,84.0,80.0,19.0,49.0,68.0,3,7.0,28.0,4.0,1,1,1,1,0,0,0,0,0,0,0,1.0
ST000293,1,True,80,95,75,90,18,28,45,65,16.0,16.0,7.75,7.75,0,0,2,1,0,94.0,85.0,80.0,27.0,52.0,79.0,0,8.0,32.0,4.0,1,1,1,1,0,0,0,0,0,0,0,1.0
ST000294,1,True,20,50,20,45,0,12,0,30,8.0,0.0,0.0,0.0,2,2,3,1,0,50.0,40.0,35.0,1.0,30.0,31.0,5,0.0,0.0,0.0,0,0,1,1,1,1,1,1,1,1,0,0.0
ST000294,1,True,20,50,20,45,0,12,0,30,8.0,0.0,0.0,0.0,2,2,3,1,0,44.0,26.0,35.0,0.0,24.0,24.0,5,0.0,0.0,0.0,0,0,1,1,1,1,1,1,1,1,0,0.0
ST000294,1,True,20,50,20,45,0,12,0,30,8.0,0.0,0.0,0.0,2,2,3,0,0,23.0,25.0,30.0,18.0,46.0,63.0,8,7.0,28.0,4.0,2,0,1,0,0,1,1,1,1,1,0,0.0
ST000294,1,True,20,50,20,45,0,12,0,30,8.0,0.0,0.0,0.0,2,2,3,0,0,40.0,45.0,32.0,18.0,46.0,63.0,8,7.0,28.0,4.0,2,0,1,0,0,1,1,1,1,1,0,0.0
ST000295,1,True,65,85,60,80,10,24,30,58,12.0,12.0,7.33,7.33,0,0,2,1,0,74.0,78.0,59.0,17.0,57.0,74.0,0,8.0,32.0,4.0,1,1,1,1,0,0,1,0,0,0,0,1.0
ST000295,1,True,65,85,60,80,10,24,30,58,12.0,12.0,7.33,7.33,0,0,2,1,0,71.0,61.0,62.0,11.0,47.0,58.0,2,6.0,24.0,4.0,1,2,1,1,0,0,1,0,0,0,0,1.0
ST000295,1,True,65,85,60,80,10,24,30,58,12.0,12.0,7.33,7.33,0,0,2,1,0,75.0,76.0,73.0,15.0,57.0,72.0,0,8.0,32.0,4.0,1,1,1,1,0,0,0,0,0,0,0,1.0
ST000295,1,True,65,85,60,80,10,24,30,58,12.0,12.0,7.33,7.33,0,0,2,0,0,66.0,70.0,53.0,18.0,46.0,63.0,8,7.0,28.0,4.0,2,2,1,0,0,0,1,0,0,0,0,0.0
ST000296,1,True,55,75,50,70,8,20,25,50,16.0,16.0,6.25,6.25,0,0,2,1,0,63.0,64.0,62.0,20.0,43.0,63.0,3,7.0,28.0,4.0,1,2,1,1,0,0,1,0,0,1,0,1.0
ST000296,1,True,55,75,50,70,8,20,25,50,16.0,16.0,6.25,6.25,0,0,2,1,0,57.0,59.0,57.0,11.0,48.0,59.0,2,6.0,24.0,4.0,1,2,1,1,0,0,1,1,0,1,0,1.0
ST000296,1,True,55,75,50,70,8,20,25,50,16.0,16.0,6.25,6.25,0,0,2,1,0,68.0,50.0,63.0,15.0,41.0,56.0,2,6.0,24.0,4.0,1,2,1,1,0,0,1,1,0,1,0,1.0
ST000296,1,True,55,75,50,70,8,20,25,50,16.0,16.0,6.25,6.25,0,0,2,1,0,61.0,51.0,48.0,15.0,41.0,56.0,2,6.0,24.0,4.0,1,2,1,1,0,0,1,1,1,1,0,1.0
ST000297,1,True,80,95,75,90,18,28,45,65,16.0,16.0,7.75,7.75,0,0,2,1,0,87.0,76.0,77.0,21.0,47.0,68.0,3,7.0,28.0,4.0,1,1,1,1,0,0,0,0,0,0,0,1.0
ST000297,1,True,80,95,75,90,18,28,45,65,16.0,16.0,7.75,7.75,0,0,2,1,0,80.0,84.0,88.0,19.0,58.0,77.0,0,8.0,32.0,4.0,1,1,1,1,0,0,0,0,0,0,0,1.0
ST000297,1,True,80,95,75,90,18,28,45,65,16.0,16.0,7.75,7.75,0,0,2,1,0,81.0,81.0,77.0,26.0,52.0,78.0,0,8.0,32.0,4.0,1,1,1,1,0,0,0,0,0,0,0,1.0
ST000297,1,True,80,95,75,90,18,28,45,65,16.0,16.0,7.75,7.75,0,0,2,1,0,95.0,88.0,81.0,22.0,49.0,71.0,0,8.0,32.0,4.0,1,1,1,1,0,0,0,0,0,0,0,1.0
ST000298,0,True,65,85,60,80,10,24,30,58,16.0,16.0,6.25,6.25,0,0,2,1,0,76.0,80.0,67.0,23.0,45.0,68.0,3,7.0,28.0,4.0,1,2,1,1,0,0,0,0,0,1,0,1.0
ST000298,0,True,65,85,60,80,10,24,30,58,16.0,16.0,6.25,6.25,0,0,2,1,0,71.0,67.0,73.0,12.0,49.0,61.0,3,7.0,28.0,4.0,1,2,1,1,0,0,1,0,0,1,0,1.0
ST000298,0,True,65,85,60,80,10,24,30,58,16.0,16.0,6.25,6.25,0,0,2,1,0,67.0,63.0,77.0,10.0,51.0,61.0,3,7.0,28.0,4.0,1,2,1,1,0,0,1,0,0,1,0,1.0
ST000298,0,True,65,85,60,80,10,24,30,58,16.0,16.0,6.25,6.25,0,0,2,1,0,82.0,75.0,68.0,12.0,32.0,44.0,7,4.0,16.0,4.0,1,2,1,1,0,0,0,0,0,1,0,1.0
ST000299,0,True,40,65,35,60,4,16,15,40,16.0,4.0,1.25,1.25,3,3,0,1,0,41.0,42.0,47.0,16.0,15.0,31.0,5,0.0,0.0,0.0,0,0,1,1,1,1,1,1,1,1,0,0.0
ST000299,0,True,40,65,35,60,4,16,15,40,16.0,4.0,1.25,1.25,3,3,0,1,1,64.0,57.0,49.0,7.0,19.0,26.0,5,0.0,0.0,0.0,0,0,1,1,1,1,1,1,1,1,1,0.0
ST000299,0,True,40,65,35,60,4,16,15,40,16.0,4.0,1.25,1.25,3,3,0,1,0,53.0,44.0,46.0,9.0,18.0,27.0,5,0.0,0.0,0.0,0,0,1,1,1,1,1,1,1,1,0,0.0
ST000299,0,True,40,65,35,60,4,16,15,40,16.0,4.0,1.25,1.25,3,3,0,1,0,55.0,57.0,45.0,5.0,40.0,45.0,4,5.0,20.0,4.0,1,0,1,1,0,1,1,1,1,1,0,1.0
ST000300,1,True,80,95,75,90,18,28,45,65,16.0,16.0,8.25,8.25,0,0,2,1,0,95.0,78.0,81.0,24.0,50.0,74.0,0,8.0,32.0,4.0,1,1,1,1,0,0,0,0,0,0,0,1.0
ST000300,1,True,80,95,75,90,18,28,45,65,16.0,16.0,8.25,8.25,0,0,2,1,0,83.0,81.0,70.0,24.0,64.0,88.0,1,9.0,36.0,4.0,1,1,1,1,0,0,0,0,0,0,0,1.0
ST000300,1,True,80,95,75,90,18,28,45,65,16.0,16.0,8.25,8.25,0,0,2,1,0,80.0,77.0,89.0,21.0,56.0,77.0,0,8.0,32.0,4.0,1,1,1,1,0,0,0,0,0,0,0,1.0
ST000300,1,True,80,95,75,90,18,28,45,65,16.0,16.0,8.25,8.25,0,0,2,1,0,94.0,80.0,90.0,21.0,52.0,73.0,0,8.0,32.0,4.0,1,1,1,1,0,0,0,0,0,0,0,1.0
ST000301,0,True,80,95,75,90,18,28,45,65,16.0,16.0,8.0,8.0,0,0,2,1,0,94.0,90.0,80.0,27.0,52.0,79.0,0,8.0,32.0,4.0,1,1,1,1,0,0,0,0,0,0,0,1.0
ST000301,0,True,80,95,75,90,18,28,45,65,16.0,16.0,8.0,8.0,0,0,2,1,0,90.0,81.0,87.0,28.0,46.0,74.0,0,8.0,32.0,4.0,1,1,1,1,0,0,0,0,0,0,0,1.0
ST000301,0,True,80,95,75,90,18,28,45,65,16.0,16.0,8.0,8.0,0,0,2,1,0,91.0,78.0,84.0,20.0,50.0,70.0,0,8.0,32.0,4.0,1,1,1,1,0,0,0,0,0,0,0,1.0
ST000301,0,True,80,95,75,90,18,28,45,65,16.0,16.0,8.0,8.0,0,0,2,1,0,94.0,87.0,86.0,18.0,55.0,73.0,0,8.0,32.0,4.0,1,1,1,1,0,0,0,0,0,0,0,1.0
ST000302,0,True,80,95,75,90,18,28,45,65,16.0,16.0,8.5,8.5,0,0,2,1,0,93.0,82.0,84.0,28.0,64.0,92.0,6,10.0,40.0,4.0,1,1,1,1,0,0,0,0,0,0,0,1.0
ST000302,0,True,80,95,75,90,18,28,45,65,16.0,16.0,8.5,8.5,0,0,2,1,0,85.0,86.0,83.0,21.0,51.0,72.0,0,8.0,32.0,4.0,1,1,1,1,0,0,0,0,0,0,0,1.0
ST000302,0,True,80,95,75,90,18,28,45,65,16.0,16.0,8.5,8.5,0,0,2,1,0,84.0,75.0,79.0,26.0,56.0,82.0,1,9.0,36.0,4.0,1,1,1,1,0,0,0,0,0,0,0,1.0
ST000302,0,True,80,95,75,90,18,28,45,65,16.0,16.0,8.5,8.5,0,0,2,1,0,86.0,88.0,92.0,20.0,45.0,65.0,3,7.0,28.0,4.0,1,1,1,1,0,0,0,0,0,0,0,1.0
ST000303,1,True,80,95,75,90,18,28,45,65,16.0,16.0,8.25,8.25,0,0,2,1,0,91.0,85.0,79.0,24.0,64.0,88.0,1,9.0,36.0,4.0,1,1,1,1,0,0,0,0,0,0,0,1.0
ST000303,1,True,80,95,75,90,18,28,45,65,16.0,16.0,8.25,8.25,0,0,2,1,0,83.0,82.0,70.0,20.0,61.0,81.0,1,9.0,36.0,4.0,1,1,1,1,0,0,0,0,0,0,0,1.0
ST000303,1,True,80,95,75,90,18,28,45,65,16.0,16.0,8.25,8.25,0,0,2,1,0,94.0,84.0,88.0,20.0,59.0,79.0,0,8.0,32.0,4.0,1,1,1,1,0,0,0,0,0,0,0,1.0
ST000303,1,True,80,95,75,90,18,28,45,65,16.0,16.0,8.25,8.25,0,0,2,1,0,87.0,87.0,80.0,19.0,48.0,67.0,3,7.0,28.0,4.0,1,1,1,1,0,0,0,0,0,0,0,1.0
ST000304,0,True,55,75,50,70,8,20,25,50,16.0,12.0,4.75,4.75,1,1,3,1,0,61.0,64.0,62.0,8.0,28.0,36.0,5,0.0,0.0,0.0,0,2,1,1,1,1,1,0,0,1,0,0.0
ST000304,0,True,55,75,50,70,8,20,25,50,16.0,12.0,4.75,4.75,1,1,3,1,0,59.0,53.0,45.0,12.0,45.0,57.0,2,6.0,24.0,4.0,1,0,1,1,0,1,1,1,1,1,0,1.0
ST000304,0,True,55,75,50,70,8,20,25,50,16.0,12.0,4.75,4.75,1,1,3,1,0,73.0,55.0,62.0,12.0,42.0,54.0,2,6.0,24.0,4.0,1,2,1,1,0,1,1,1,0,1,0,1.0
ST000304,0,True,55,75,50,70,8,20,25,50,16.0,12.0,4.75,4.75,1,1,3,1,0,74.0,67.0,63.0,17.0,50.0,67.0,3,7.0,28.0,4.0,1,2,1,1,0,1,1,0,0,1,0,1.0
ST000305,1,True,55,75,50,70,8,20,25,50,16.0,16.0,6.25,6.25,0,0,2,1,0,65.0,59.0,50.0,17.0,38.0,55.0,2,6.0,24.0,4.0,1,2,1,1,0,0,1,1,0,1,0,1.0
ST000305,1,True,55,75,50,70,8,20,25,50,16.0,16.0,6.25,6.25,0,0,2,1,0,64.0,58.0,51.0,20.0,47.0,67.0,3,7.0,28.0,4.0,1,2,1,1,0,0,1,1,0,1,0,1.0
ST000305,1,True,55,75,50,70,8,20,25,50,16.0,16.0,6.25,6.25,0,0,2,1,1,70.0,57.0,62.0,12.0,38.0,50.0,2,6.0,24.0,4.0,1,2,1,1,0,0,1,1,0,1,1,1.0
ST000305,1,True,55,75,50,70,8,20,25,50,16.0,16.0,6.25,6.25,0,0,2,1,0,56.0,50.0,59.0,20.0,37.0,57.0,2,6.0,24.0,4.0,1,2,1,1,0,0,1,1,0,1,0,1.0
ST000306,1,True,55,75,50,70,8,20,25,50,16.0,16.0,6.25,6.25,0,0,2,1,0,75.0,61.0,62.0,18.0,50.0,68.0,3,7.0,28.0,4.0,1,2,1,1,0,0,0,0,0,1,0,1.0
ST000306,1,True,55,75,50,70,8,20,25,50,16.0,16.0,6.25,6.25,0,0,2,1,0,62.0,64.0,65.0,20.0,45.0,65.0,3,7.0,28.0,4.0,1,2,1,1,0,0,1,0,0,1,0,1.0
ST000306,1,True,55,75,50,70,8,20,25,50,16.0,16.0,6.25,6.25,0,0,2,1,1,65.0,60.0,57.0,20.0,41.0,61.0,3,7.0,28.0,4.0,1,2,1,1,0,0,1,0,0,1,1,1.0
ST000306,1,True,55,75,50,70,8,20,25,50,16.0,16.0,6.25,6.25,0,0,2,1,0,66.0,56.0,59.0,12.0,29.0,41.0,7,4.0,16.0,4.0,1,2,1,1,0,0,1,1,0,1,0,1.0
ST000307,1,True,40,65,35,60,4,16,15,40,12.0,0.0,0.0,0.0,3,3,0,0,0,43.0,40.0,35.0,18.0,46.0,63.0,8,7.0,28.0,4.0,2,0,1,0,0,1,1,1,1,1,0,0.0
ST000307,1,True,40,65,35,60,4,16,15,40,12.0,0.0,0.0,0.0,3,3,0,1,0,65.0,51.0,50.0,7.0,32.0,39.0,5,0.0,0.0,0.0,0,0,1,1,1,1,1,1,0,1,0,0.0
ST000307,1,True,40,65,35,60,4,16,15,40,12.0,0.0,0.0,0.0,3,3,0,1,1,41.0,36.0,29.0,7.0,27.0,34.0,5,0.0,0.0,0.0,0,0,1,1,1,1,1,1,1,1,1,0.0
ST000307,1,True,40,65,35,60,4,16,15,40,12.0,0.0,0.0,0.0,3,3,0,1,0,40.0,45.0,37.0,15.0,23.0,38.0,5,0.0,0.0,0.0,0,0,1,1,1,1,1,1,1,1,0,0.0
ST000308,1,True,55,75,50,70,8,20,25,50,12.0,8.0,2.67,2.67,1,1,3,0,0,70.0,68.0,61.0,18.0,46.0,63.0,8,7.0,28.0,4.0,2,0,1,0,0,1,1,0,0,1,0,0.0
ST000308,1,True,55,75,50,70,8,20,25,50,12.0,8.0,2.67,2.67,1,1,3,1,1,57.0,60.0,65.0,10.0,34.0,44.0,7,4.0,16.0,4.0,1,0,1,1,0,1,1,0,0,1,1,1.0
ST000308,1,True,55,75,50,70,8,20,25,50,12.0,8.0,2.67,2.67,1,1,3,1,0,72.0,57.0,62.0,14.0,30.0,44.0,7,4.0,16.0,4.0,1,0,1,1,0,1,1,1,0,1,0,1.0
ST000308,1,True,55,75,50,70,8,20,25,50,12.0,8.0,2.67,2.67,1,1,3,1,1,71.0,55.0,58.0,12.0,25.0,37.0,5,0.0,0.0,0.0,0,0,1,1,1,1,1,1,0,1,1,0.0
ST000309,1,True,20,50,20,45,0,12,0,30,12.0,0.0,0.0,0.0,3,3,0,0,0,31.0,29.0,31.0,18.0,46.0,63.0,8,7.0,28.0,4.0,2,0,1,0,0,1,1,1,1,1,0,0.0
ST000309,1,True,20,50,20,45,0,12,0,30,12.0,0.0,0.0,0.0,3,3,0,1,0,30.0,23.0,33.0,2.0,26.0,28.0,5,0.0,0.0,0.0,0,0,1,1,1,1,1,1,1,1,0,0.0
ST000309,1,True,20,50,20,45,0,12,0,30,12.0,0.0,0.0,0.0,3,3,0,1,0,50.0,31.0,35.0,12.0,25.0,37.0,5,0.0,0.0,0.0,0,0,1,1,1,1,1,1,1,1,0,0.0
ST000309,1,True,20,50,20,45,0,12,0,30,12.0,0.0,0.0,0.0,3,3,0,1,0,43.0,32.0,35.0,2.0,2.0,4.0,5,0.0,0.0,0.0,0,0,1,1,1,1,1,1,1,1,0,0.0
ST000310,1,True,65,85,60,80,10,24,30,58,16.0,16.0,6.75,6.75,0,0,2,1,0,75.0,62.0,73.0,15.0,45.0,60.0,3,7.0,28.0,4.0,1,2,1,1,0,0,0,0,0,0,0,1.0
ST000310,1,True,65,85,60,80,10,24,30,58,16.0,16.0,6.75,6.75,0,0,2,1,0,69.0,67.0,79.0,17.0,50.0,67.0,3,7.0,28.0,4.0,1,2,1,1,0,0,1,0,0,0,0,1.0
ST000310,1,True,65,85,60,80,10,24,30,58,16.0,16.0,6.75,6.75,0,0,2,1,0,83.0,78.0,70.0,20.0,46.0,66.0,3,7.0,28.0,4.0,1,1,1,1,0,0,0,0,0,0,0,1.0
ST000310,1,True,65,85,60,80,10,24,30,58,16.0,16.0,6.75,6.75,0,0,2,1,0,77.0,66.0,64.0,21.0,37.0,58.0,2,6.0,24.0,4.0,1,2,1,1,0,0,0,0,0,0,0,1.0
ST000311,0,True,80,95,75,90,18,28,45,65,16.0,16.0,9.0,9.0,0,0,2,1,0,88.0,89.0,76.0,25.0,57.0,82.0,1,9.0,36.0,4.0,1,1,1,1,0,0,0,0,0,0,0,1.0
ST000311,0,True,80,95,75,90,18,28,45,65,16.0,16.0,9.0,9.0,0,0,2,1,0,81.0,75.0,80.0,26.0,65.0,91.0,6,10.0,40.0,4.0,1,1,1,1,0,0,0,0,0,0,0,1.0
ST000311,0,True,80,95,75,90,18,28,45,65,16.0,16.0,9.0,9.0,0,0,2,1,0,94.0,77.0,83.0,27.0,47.0,74.0,0,8.0,32.0,4.0,1,1,1,1,0,0,0,0,0,0,0,1.0
ST000311,0,True,80,95,75,90,18,28,45,65,16.0,16.0,9.0,9.0,0,0,2,1,0,80.0,78.0,73.0,23.0,57.0,80.0,1,9.0,36.0,4.0,1,1,1,1,0,0,0,0,0,0,0,1.0
ST000312,1,True,90,100,90,100,24,30,55,70,16.0,16.0,9.25,9.25,0,0,2,1,0,90.0,94.0,100.0,30.0,56.0,86.0,1,9.0,36.0,4.0,1,1,1,1,0,0,0,0,0,0,0,1.0
ST000312,1,True,90,100,90,100,24,30,55,70,16.0,16.0,9.25,9.25,0,0,2,1,0,99.0,96.0,96.0,27.0,66.0,93.0,6,10.0,40.0,4.0,1,1,1,1,0,0,0,0,0,0,0,1.0
ST000312,1,True,90,100,90,100,24,30,55,70,16.0,16.0,9.25,9.25,0,0,2,1,0,94.0,91.0,97.0,27.0,61.0,88.0,1,9.0,36.0,4.0,1,1,1,1,0,0,0,0,0,0,0,1.0
ST000312,1,True,90,100,90,100,24,30,55,70,16.0,16.0,9.25,9.25,0,0,2,1,0,95.0,100.0,88.0,24.0,65.0,89.0,1,9.0,36.0,4.0,1,1,1,1,0,0,0,0,0,0,0,1.0
ST000313,1,True,40,65,35,60,4,16,15,40,16.0,8.0,2.5,2.5,2,2,3,1,0,44.0,45.0,34.0,11.0,39.0,50.0,2,6.0,24.0,4.0,1,0,1,1,0,1,1,1,1,1,0,1.0
ST000313,1,True,40,65,35,60,4,16,15,40,16.0,8.0,2.5,2.5,2,2,3,1,0,62.0,43.0,47.0,9.0,31.0,40.0,7,4.0,16.0,4.0,1,0,1,1,0,1,1,1,1,1,0,1.0
ST000313,1,True,40,65,35,60,4,16,15,40,16.0,8.0,2.5,2.5,2,2,3,1,0,62.0,58.0,47.0,11.0,22.0,33.0,5,0.0,0.0,0.0,0,0,1,1,1,1,1,1,1,1,0,0.0
ST000313,1,True,40,65,35,60,4,16,15,40,16.0,8.0,2.5,2.5,2,2,3,1,1,65.0,58.0,50.0,5.0,15.0,20.0,5,0.0,0.0,0.0,0,0,1,1,1,1,1,1,0,1,1,0.0
ST000314,0,True,80,95,75,90,18,28,45,65,16.0,16.0,9.25,9.25,0,0,2,1,0,87.0,90.0,75.0,18.0,63.0,81.0,1,9.0,36.0,4.0,1,1,1,1,0,0,0,0,0,0,0,1.0
ST000314,0,True,80,95,75,90,18,28,45,65,16.0,16.0,9.25,9.25,0,0,2,1,0,93.0,76.0,86.0,27.0,63.0,90.0,6,10.0,40.0,4.0,1,1,1,1,0,0,0,0,0,0,0,1.0
ST000314,0,True,80,95,75,90,18,28,45,65,16.0,16.0,9.25,9.25,0,0,2,1,0,94.0,82.0,83.0,27.0,51.0,78.0,0,8.0,32.0,4.0,1,1,1,1,0,0,0,0,0,0,0,1.0
ST000314,0,True,80,95,75,90,18,28,45,65,16.0,16.0,9.25,9.25,0,0,2,1,0,86.0,81.0,84.0,25.0,65.0,90.0,6,10.0,40.0,4.0,1,1,1,1,0,0,0,0,0,0,0,1.0
ST000315,1,True,55,75,50,70,8,20,25,50,16.0,16.0,6.0,6.0,0,0,2,1,0,57.0,51.0,53.0,11.0,46.0,57.0,2,6.0,24.0,4.0,1,2,1,1,0,0,1,1,0,1,0,1.0
ST000315,1,True,55,75,50,70,8,20,25,50,16.0,16.0,6.0,6.0,0,0,2,1,0,63.0,57.0,49.0,15.0,27.0,42.0,7,4.0,16.0,4.0,1,2,1,1,0,0,1,1,1,1,0,1.0
ST000315,1,True,55,75,50,70,8,20,25,50,16.0,16.0,6.0,6.0,0,0,2,1,0,70.0,67.0,55.0,20.0,48.0,68.0,3,7.0,28.0,4.0,1,2,1,1,0,0,1,0,0,1,0,1.0
ST000315,1,True,55,75,50,70,8,20,25,50,16.0,16.0,6.0,6.0,0,0,2,1,0,68.0,57.0,53.0,20.0,43.0,63.0,3,7.0,28.0,4.0,1,2,1,1,0,0,1,1,0,1,0,1.0
ST000316,0,True,80,95,75,90,18,28,45,65,16.0,16.0,8.0,8.0,0,0,2,1,0,92.0,89.0,86.0,23.0,55.0,78.0,0,8.0,32.0,4.0,1,1,1,1,0,0,0,0,0,0,0,1.0
ST000316,0,True,80,95,75,90,18,28,45,65,16.0,16.0,8.0,8.0,0,0,2,1,0,88.0,79.0,77.0,22.0,55.0,77.0,0,8.0,32.0,4.0,1,1,1,1,0,0,0,0,0,0,0,1.0
ST000316,0,True,80,95,75,90,18,28,45,65,16.0,16.0,8.0,8.0,0,0,2,1,0,80.0,75.0,77.0,28.0,51.0,79.0,0,8.0,32.0,4.0,1,1,1,1,0,0,0,0,0,0,0,1.0
ST000316,0,True,80,95,75,90,18,28,45,65,16.0,16.0,8.0,8.0,0,0,2,1,0,86.0,87.0,84.0,19.0,57.0,76.0,0,8.0,32.0,4.0,1,1,1,1,0,0,0,0,0,0,0,1.0
ST000317,1,True,65,85,60,80,10,24,30,58,16.0,16.0,6.75,6.75,0,0,2,1,1,81.0,66.0,73.0,20.0,56.0,76.0,0,8.0,32.0,4.0,1,2,1,1,0,0,0,0,0,0,1,1.0
ST000317,1,True,65,85,60,80,10,24,30,58,16.0,16.0,6.75,6.75,0,0,2,1,0,78.0,76.0,78.0,18.0,31.0,49.0,4,5.0,20.0,4.0,1,1,1,1,0,0,0,0,0,0,0,1.0
ST000317,1,True,65,85,60,80,10,24,30,58,16.0,16.0,6.75,6.75,0,0,2,1,0,73.0,70.0,75.0,20.0,38.0,58.0,2,6.0,24.0,4.0,1,2,1,1,0,0,1,0,0,0,0,1.0
ST000317,1,True,65,85,60,80,10,24,30,58,16.0,16.0,6.75,6.75,0,0,2,1,0,84.0,64.0,74.0,20.0,52.0,72.0,0,8.0,32.0,4.0,1,1,1,1,0,0,0,0,0,0,0,1.0
ST000318,0,True,55,75,50,70,8,20,25,50,16.0,16.0,6.0,6.0,0,0,2,1,0,66.0,51.0,65.0,16.0,27.0,43.0,7,4.0,16.0,4.0,1,2,1,1,0,0,1,1,0,1,0,1.0
ST000318,0,True,55,75,50,70,8,20,25,50,16.0,16.0,6.0,6.0,0,0,2,1,1,58.0,50.0,46.0,20.0,50.0,70.0,0,8.0,32.0,4.0,1,2,1,1,0,0,1,1,1,1,1,1.0
ST000318,0,True,55,75,50,70,8,20,25,50,16.0,16.0,6.0,6.0,0,0,2,1,0,59.0,58.0,52.0,18.0,44.0,62.0,3,7.0,28.0,4.0,1,2,1,1,0,0,1,1,0,1,0,1.0
ST000318,0,True,55,75,50,70,8,20,25,50,16.0,16.0,6.0,6.0,0,0,2,1,0,63.0,57.0,64.0,9.0,37.0,46.0,4,5.0,20.0,4.0,1,2,1,1,0,0,1,1,0,1,0,1.0
ST000319,0,True,55,75,50,70,8,20,25,50,16.0,16.0,6.0,6.0,0,0,2,1,0,73.0,53.0,59.0,9.0,48.0,57.0,2,6.0,24.0,4.0,1,2,1,1,0,0,1,1,0,1,0,1.0
ST000319,0,True,55,75,50,70,8,20,25,50,16.0,16.0,6.0,6.0,0,0,2,1,0,74.0,62.0,63.0,17.0,47.0,64.0,3,7.0,28.0,4.0,1,2,1,1,0,0,1,0,0,1,0,1.0
ST000319,0,True,55,75,50,70,8,20,25,50,16.0,16.0,6.0,6.0,0,0,2,1,0,65.0,51.0,57.0,13.0,43.0,56.0,2,6.0,24.0,4.0,1,2,1,1,0,0,1,1,0,1,0,1.0
ST000319,0,True,55,75,50,70,8,20,25,50,16.0,16.0,6.0,6.0,0,0,2,1,0,64.0,56.0,64.0,14.0,31.0,45.0,4,5.0,20.0,4.0,1,2,1,1,0,0,1,1,0,1,0,1.0
ST000320,1,True,65,85,60,80,10,24,30,58,16.0,16.0,7.0,7.0,0,0,2,1,0,81.0,67.0,80.0,16.0,54.0,70.0,0,8.0,32.0,4.0,1,1,1,1,0,0,0,0,0,0,0,1.0
ST000320,1,True,65,85,60,80,10,24,30,58,16.0,16.0,7.0,7.0,0,0,2,1,0,82.0,78.0,68.0,12.0,38.0,50.0,2,6.0,24.0,4.0,1,1,1,1,0,0,0,0,0,0,0,1.0
ST000320,1,True,65,85,60,80,10,24,30,58,16.0,16.0,7.0,7.0,0,0,2,1,0,67.0,72.0,60.0,11.0,55.0,66.0,3,7.0,28.0,4.0,1,2,1,1,0,0,1,0,0,0,0,1.0
ST000320,1,True,65,85,60,80,10,24,30,58,16.0,16.0,7.0,7.0,0,0,2,1,0,81.0,67.0,72.0,15.0,53.0,68.0,3,7.0,28.0,4.0,1,1,1,1,0,0,0,0,0,0,0,1.0
ST000321,1,True,55,75,50,70,8,20,25,50,12.0,12.0,6.33,6.33,0,0,2,0,0,56.0,54.0,48.0,18.0,46.0,63.0,8,7.0,28.0,4.0,2,2,1,0,0,0,1,1,1,1,0,0.0
ST000321,1,True,55,75,50,70,8,20,25,50,12.0,12.0,6.33,6.33,0,0,2,1,0,75.0,59.0,64.0,8.0,48.0,56.0,2,6.0,24.0,4.0,1,2,1,1,0,0,0,1,0,1,0,1.0
ST000321,1,True,55,75,50,70,8,20,25,50,12.0,12.0,6.33,6.33,0,0,2,1,0,74.0,63.0,60.0,14.0,47.0,61.0,3,7.0,28.0,4.0,1,2,1,1,0,0,1,0,0,1,0,1.0
ST000321,1,True,55,75,50,70,8,20,25,50,12.0,12.0,6.33,6.33,0,0,2,1,0,66.0,57.0,57.0,8.0,42.0,50.0,2,6.0,24.0,4.0,1,2,1,1,0,0,1,1,0,1,0,1.0
ST000322,1,True,55,75,50,70,8,20,25,50,16.0,16.0,6.5,6.5,0,0,2,1,0,63.0,66.0,57.0,12.0,49.0,61.0,3,7.0,28.0,4.0,1,2,1,1,0,0,1,0,0,0,0,1.0
ST000322,1,True,55,75,50,70,8,20,25,50,16.0,16.0,6.5,6.5,0,0,2,1,0,75.0,67.0,63.0,19.0,46.0,65.0,3,7.0,28.0,4.0,1,2,1,1,0,0,0,0,0,0,0,1.0
ST000322,1,True,55,75,50,70,8,20,25,50,16.0,16.0,6.5,6.5,0,0,2,1,0,57.0,52.0,48.0,20.0,34.0,54.0,2,6.0,24.0,4.0,1,2,1,1,0,0,1,1,1,0,0,1.0
ST000322,1,True,55,75,50,70,8,20,25,50,16.0,16.0,6.5,6.5,0,0,2,1,0,66.0,50.0,58.0,20.0,35.0,55.0,2,6.0,24.0,4.0,1,2,1,1,0,0,1,1,0,0,0,1.0
ST000323,1,True,55,75,50,70,8,20,25,50,16.0,16.0,6.5,6.5,0,0,2,1,0,68.0,63.0,55.0,20.0,49.0,69.0,3,7.0,28.0,4.0,1,2,1,1,0,0,1,0,0,0,0,1.0
ST000323,1,True,55,75,50,70,8,20,25,50,16.0,16.0,6.5,6.5,0,0,2,1,0,72.0,58.0,62.0,17.0,50.0,67.0,3,7.0,28.0,4.0,1,2,1,1,0,0,1,1,0,0,0,1.0
ST000323,1,True,55,75,50,70,8,20,25,50,16.0,16.0,6.5,6.5,0,0,2,1,0,69.0,60.0,57.0,17.0,36.0,53.0,2,6.0,24.0,4.0,1,2,1,1,0,0,1,0,0,0,0,1.0
ST000323,1,True,55,75,50,70,8,20,25,50,16.0,16.0,6.5,6.5,0,0,2,1,0,66.0,63.0,58.0,11.0,45.0,56.0,2,6.0,24.0,4.0,1,2,1,1,0,0,1,0,0,0,0,1.0
ST000324,0,True,80,95,75,90,18,28,45,65,16.0,16.0,8.0,8.0,0,0,2,1,0,94.0,76.0,83.0,19.0,54.0,73.0,0,8.0,32.0,4.0,1,1,1,1,0,0,0,0,0,0,0,1.0
ST000324,0,True,80,95,75,90,18,28,45,65,16.0,16.0,8.0,8.0,0,0,2,1,0,85.0,79.0,88.0,19.0,48.0,67.0,3,7.0,28.0,4.0,1,1,1,1,0,0,0,0,0,0,0,1.0
ST000324,0,True,80,95,75,90,18,28,45,65,16.0,16.0,8.0,8.0,0,0,2,1,0,91.0,76.0,88.0,23.0,51.0,74.0,0,8.0,32.0,4.0,1,1,1,1,0,0,0,0,0,0,0,1.0
ST000324,0,True,80,95,75,90,18,28,45,65,16.0,16.0,8.0,8.0,0,0,2,1,0,87.0,75.0,80.0,27.0,55.0,82.0,1,9.0,36.0,4.0,1,1,1,1,0,0,0,0,0,0,0,1.0
ST000325,1,True,55,75,50,70,8,20,25,50,12.0,12.0,5.33,5.33,0,0,2,1,0,74.0,65.0,61.0,12.0,44.0,56.0,2,6.0,24.0,4.0,1,2,1,1,0,0,1,0,0,1,0,1.0
ST000325,1,True,55,75,50,70,8,20,25,50,12.0,12.0,5.33,5.33,0,0,2,1,0,64.0,62.0,57.0,14.0,27.0,41.0,7,4.0,16.0,4.0,1,2,1,1,0,0,1,0,0,1,0,1.0
ST000325,1,True,55,75,50,70,8,20,25,50,12.0,12.0,5.33,5.33,0,0,2,1,0,65.0,55.0,61.0,8.0,50.0,58.0,2,6.0,24.0,4.0,1,2,1,1,0,0,1,1,0,1,0,1.0
ST000325,1,True,55,75,50,70,8,20,25,50,12.0,12.0,5.33,5.33,0,0,2,0,0,59.0,56.0,57.0,18.0,46.0,63.0,8,7.0,28.0,4.0,2,2,1,0,0,0,1,1,0,1,0,0.0
ST000326,1,True,80,95,75,90,18,28,45,65,16.0,16.0,8.75,8.75,0,0,2,1,0,82.0,77.0,72.0,25.0,57.0,82.0,1,9.0,36.0,4.0,1,1,1,1,0,0,0,0,0,0,0,1.0
ST000326,1,True,80,95,75,90,18,28,45,65,16.0,16.0,8.75,8.75,0,0,2,1,0,94.0,84.0,91.0,22.0,60.0,82.0,1,9.0,36.0,4.0,1,1,1,1,0,0,0,0,0,0,0,1.0
ST000326,1,True,80,95,75,90,18,28,45,65,16.0,16.0,8.75,8.75,0,0,2,1,0,90.0,79.0,78.0,26.0,46.0,72.0,0,8.0,32.0,4.0,1,1,1,1,0,0,0,0,0,0,0,1.0
ST000326,1,True,80,95,75,90,18,28,45,65,16.0,16.0,8.75,8.75,0,0,2,1,0,95.0,76.0,87.0,26.0,56.0,82.0,1,9.0,36.0,4.0,1,1,1,1,0,0,0,0,0,0,0,1.0
ST000327,1,True,80,95,75,90,18,28,45,65,16.0,16.0,7.75,7.75,0,0,2,1,0,81.0,79.0,73.0,19.0,46.0,65.0,3,7.0,28.0,4.0,1,1,1,1,0,0,0,0,0,0,0,1.0
ST000327,1,True,80,95,75,90,18,28,45,65,16.0,16.0,7.75,7.75,0,0,2,1,0,90.0,90.0,85.0,25.0,55.0,80.0,1,9.0,36.0,4.0,1,1,1,1,0,0,0,0,0,0,0,1.0
ST000327,1,True,80,95,75,90,18,28,45,65,16.0,16.0,7.75,7.75,0,0,2,1,0,92.0,77.0,88.0,19.0,47.0,66.0,3,7.0,28.0,4.0,1,1,1,1,0,0,0,0,0,0,0,1.0
ST000327,1,True,80,95,75,90,18,28,45,65,16.0,16.0,7.75,7.75,0,0,2,1,0,92.0,89.0,88.0,20.0,52.0,72.0,0,8.0,32.0,4.0,1,1,1,1,0,0,0,0,0,0,0,1.0
ST000328,0,True,65,85,60,80,10,24,30,58,16.0,16.0,6.25,6.25,0,0,2,1,0,73.0,70.0,60.0,13.0,51.0,64.0,3,7.0,28.0,4.0,1,2,1,1,0,0,1,0,0,1,0,1.0
ST000328,0,True,65,85,60,80,10,24,30,58,16.0,16.0,6.25,6.25,0,0,2,1,0,78.0,76.0,65.0,15.0,54.0,69.0,3,7.0,28.0,4.0,1,2,1,1,0,0,0,0,0,1,0,1.0
ST000328,0,True,65,85,60,80,10,24,30,58,16.0,16.0,6.25,6.25,0,0,2,1,0,85.0,67.0,75.0,16.0,33.0,49.0,4,5.0,20.0,4.0,1,1,1,1,0,0,0,0,0,1,0,1.0
ST000328,0,True,65,85,60,80,10,24,30,58,16.0,16.0,6.25,6.25,0,0,2,1,0,70.0,65.0,57.0,12.0,45.0,57.0,2,6.0,24.0,4.0,1,2,1,1,0,0,1,0,0,1,0,1.0
ST000329,1,True,65,85,60,80,10,24,30,58,12.0,12.0,6.67,6.67,0,0,2,1,0,65.0,70.0,64.0,23.0,44.0,67.0,3,7.0,28.0,4.0,1,2,1,1,0,0,1,0,0,0,0,1.0
ST000329,1,True,65,85,60,80,10,24,30,58,12.0,12.0,6.67,6.67,0,0,2,1,0,71.0,62.0,79.0,14.0,41.0,55.0,2,6.0,24.0,4.0,1,2,1,1,0,0,1,0,0,0,0,1.0
ST000329,1,True,65,85,60,80,10,24,30,58,12.0,12.0,6.67,6.67,0,0,2,1,0,78.0,60.0,76.0,14.0,46.0,60.0,3,7.0,28.0,4.0,1,2,1,1,0,0,0,0,0,0,0,1.0
ST000329,1,True,65,85,60,80,10,24,30,58,12.0,12.0,6.67,6.67,0,0,2,0,0,82.0,65.0,72.0,18.0,46.0,63.0,8,7.0,28.0,4.0,2,1,1,0,0,0,0,0,0,0,0,0.0
ST000330,1,True,90,100,90,100,24,30,55,70,16.0,16.0,9.75,9.75,0,0,2,1,0,93.0,94.0,86.0,24.0,65.0,89.0,1,9.0,36.0,4.0,1,1,1,1,0,0,0,0,0,0,0,1.0
ST000330,1,True,90,100,90,100,24,30,55,70,16.0,16.0,9.75,9.75,0,0,2,1,0,100.0,94.0,88.0,26.0,68.0,94.0,6,10.0,40.0,4.0,1,1,1,1,0,0,0,0,0,0,0,1.0
ST000330,1,True,90,100,90,100,24,30,55,70,16.0,16.0,9.75,9.75,0,0,2,1,0,92.0,94.0,92.0,28.0,66.0,94.0,6,10.0,40.0,4.0,1,1,1,1,0,0,0,0,0,0,0,1.0
ST000330,1,True,90,100,90,100,24,30,55,70,16.0,16.0,9.75,9.75,0,0,2,1,0,98.0,91.0,97.0,28.0,69.0,97.0,6,10.0,40.0,4.0,1,1,1,1,0,0,0,0,0,0,0,1.0
ST000331,1,True,65,85,60,80,10,24,30,58,16.0,16.0,6.5,6.5,0,0,2,1,0,81.0,73.0,78.0,23.0,33.0,56.0,2,6.0,24.0,4.0,1,1,1,1,0,0,0,0,0,0,0,1.0
ST000331,1,True,65,85,60,80,10,24,30,58,16.0,16.0,6.5,6.5,0,0,2,1,0,66.0,60.0,66.0,24.0,53.0,77.0,0,8.0,32.0,4.0,1,2,1,1,0,0,1,0,0,0,0,1.0
ST000331,1,True,65,85,60,80,10,24,30,58,16.0,16.0,6.5,6.5,0,0,2,1,0,80.0,68.0,80.0,11.0,38.0,49.0,4,5.0,20.0,4.0,1,1,1,1,0,0,0,0,0,0,0,1.0
ST000331,1,True,65,85,60,80,10,24,30,58,16.0,16.0,6.5,6.5,0,0,2,1,0,82.0,80.0,80.0,21.0,40.0,61.0,3,7.0,28.0,4.0,1,1,1,1,0,0,0,0,0,0,0,1.0
ST000332,0,True,90,100,90,100,24,30,55,70,16.0,16.0,9.5,9.5,0,0,2,1,0,91.0,96.0,99.0,28.0,70.0,98.0,6,10.0,40.0,4.0,1,1,1,1,0,0,0,0,0,0,0,1.0
ST000332,0,True,90,100,90,100,24,30,55,70,16.0,16.0,9.5,9.5,0,0,2,1,0,100.0,91.0,88.0,26.0,59.0,85.0,1,9.0,36.0,4.0,1,1,1,1,0,0,0,0,0,0,0,1.0
ST000332,0,True,90,100,90,100,24,30,55,70,16.0,16.0,9.5,9.5,0,0,2,1,0,92.0,97.0,98.0,26.0,65.0,91.0,6,10.0,40.0,4.0,1,1,1,1,0,0,0,0,0,0,0,1.0
ST000332,0,True,90,100,90,100,24,30,55,70,16.0,16.0,9.5,9.5,0,0,2,1,0,91.0,91.0,95.0,24.0,64.0,88.0,1,9.0,36.0,4.0,1,1,1,1,0,0,0,0,0,0,0,1.0
ST000333,1,False,65,85,60,80,10,24,30,58,0.0,0.0,0.0,0.0,0,0,1,2,0,0.0,0.0,0.0,18.0,46.0,63.0,8,7.0,28.0,4.0,2,0,0,0,0,0,1,1,1,1,0,0.0
ST000334,0,True,80,95,75,90,18,28,45,65,16.0,16.0,8.0,8.0,0,0,2,1,0,86.0,82.0,91.0,26.0,45.0,71.0,0,8.0,32.0,4.0,1,1,1,1,0,0,0,0,0,0,0,1.0
ST000334,0,True,80,95,75,90,18,28,45,65,16.0,16.0,8.0,8.0,0,0,2,1,0,95.0,87.0,85.0,20.0,57.0,77.0,0,8.0,32.0,4.0,1,1,1,1,0,0,0,0,0,0,0,1.0
ST000334,0,True,80,95,75,90,18,28,45,65,16.0,16.0,8.0,8.0,0,0,2,1,0,84.0,83.0,73.0,26.0,49.0,75.0,0,8.0,32.0,4.0,1,1,1,1,0,0,0,0,0,0,0,1.0
ST000334,0,True,80,95,75,90,18,28,45,65,16.0,16.0,8.0,8.0,0,0,2,1,0,82.0,80.0,71.0,18.0,54.0,72.0,0,8.0,32.0,4.0,1,1,1,1,0,0,0,0,0,0,0,1.0
ST000335,1,True,65,85,60,80,10,24,30,58,16.0,16.0,6.75,6.75,0,0,2,1,0,65.0,60.0,73.0,13.0,54.0,67.0,3,7.0,28.0,4.0,1,2,1,1,0,0,1,0,0,0,0,1.0
ST000335,1,True,65,85,60,80,10,24,30,58,16.0,16.0,6.75,6.75,0,0,2,1,0,66.0,60.0,53.0,11.0,40.0,51.0,2,6.0,24.0,4.0,1,2,1,1,0,0,1,0,0,0,0,1.0
ST000335,1,True,65,85,60,80,10,24,30,58,16.0,16.0,6.75,6.75,0,0,2,1,0,77.0,66.0,62.0,21.0,36.0,57.0,2,6.0,24.0,4.0,1,2,1,1,0,0,0,0,0,0,0,1.0
ST000335,1,True,65,85,60,80,10,24,30,58,16.0,16.0,6.75,6.75,0,0,2,1,0,81.0,64.0,75.0,21.0,55.0,76.0,0,8.0,32.0,4.0,1,1,1,1,0,0,0,0,0,0,0,1.0
ST000336,0,True,40,65,35,60,4,16,15,40,12.0,8.0,3.0,3.0,1,1,3,1,1,58.0,50.0,46.0,15.0,34.0,49.0,4,5.0,20.0,4.0,1,0,1,1,0,1,1,1,1,1,1,1.0
ST000336,0,True,40,65,35,60,4,16,15,40,12.0,8.0,3.0,3.0,1,1,3,1,0,50.0,42.0,41.0,7.0,18.0,25.0,5,0.0,0.0,0.0,0,0,1,1,1,1,1,1,1,1,0,0.0
ST000336,0,True,40,65,35,60,4,16,15,40,12.0,8.0,3.0,3.0,1,1,3,0,0,55.0,60.0,41.0,18.0,46.0,63.0,8,7.0,28.0,4.0,2,0,1,0,0,1,1,0,1,1,0,0.0
ST000336,0,True,40,65,35,60,4,16,15,40,12.0,8.0,3.0,3.0,1,1,3,1,0,51.0,44.0,41.0,8.0,35.0,43.0,7,4.0,16.0,4.0,1,0,1,1,0,1,1,1,1,1,0,1.0
ST000337,0,True,90,100,90,100,24,30,55,70,16.0,16.0,9.25,9.25,0,0,2,1,0,91.0,96.0,100.0,29.0,56.0,85.0,1,9.0,36.0,4.0,1,1,1,1,0,0,0,0,0,0,0,1.0
ST000337,0,True,90,100,90,100,24,30,55,70,16.0,16.0,9.25,9.25,0,0,2,1,0,98.0,93.0,88.0,24.0,67.0,91.0,6,10.0,40.0,4.0,1,1,1,1,0,0,0,0,0,0,0,1.0
ST000337,0,True,90,100,90,100,24,30,55,70,16.0,16.0,9.25,9.25,0,0,2,1,0,97.0,91.0,95.0,30.0,57.0,87.0,1,9.0,36.0,4.0,1,1,1,1,0,0,0,0,0,0,0,1.0
ST000337,0,True,90,100,90,100,24,30,55,70,16.0,16.0,9.25,9.25,0,0,2,1,0,96.0,94.0,86.0,28.0,61.0,89.0,1,9.0,36.0,4.0,1,1,1,1,0,0,0,0,0,0,0,1.0
ST000338,0,True,65,85,60,80,10,24,30,58,16.0,16.0,7.25,7.25,0,0,2,1,0,80.0,74.0,69.0,21.0,57.0,78.0,0,8.0,32.0,4.0,1,1,1,1,0,0,0,0,0,0,0,1.0
ST000338,0,True,65,85,60,80,10,24,30,58,16.0,16.0,7.25,7.25,0,0,2,1,0,75.0,80.0,66.0,22.0,53.0,75.0,0,8.0,32.0,4.0,1,1,1,1,0,0,0,0,0,0,0,1.0
ST000338,0,True,65,85,60,80,10,24,30,58,16.0,16.0,7.25,7.25,0,0,2,1,0,71.0,61.0,73.0,13.0,48.0,61.0,3,7.0,28.0,4.0,1,2,1,1,0,0,1,0,0,0,0,1.0
ST000338,0,True,65,85,60,80,10,24,30,58,16.0,16.0,7.25,7.25,0,0,2,1,0,65.0,61.0,58.0,11.0,45.0,56.0,2,6.0,24.0,4.0,1,2,1,1,0,0,1,0,0,0,0,1.0
ST000339,0,True,65,85,60,80,10,24,30,58,16.0,16.0,7.0,7.0,0,0,2,1,0,80.0,68.0,73.0,17.0,39.0,56.0,2,6.0,24.0,4.0,1,1,1,1,0,0,0,0,0,0,0,1.0
ST000339,0,True,65,85,60,80,10,24,30,58,16.0,16.0,7.0,7.0,0,0,2,1,0,67.0,71.0,70.0,16.0,53.0,69.0,3,7.0,28.0,4.0,1,2,1,1,0,0,1,0,0,0,0,1.0
ST000339,0,True,65,85,60,80,10,24,30,58,16.0,16.0,7.0,7.0,0,0,2,1,0,85.0,79.0,77.0,17.0,52.0,69.0,3,7.0,28.0,4.0,1,1,1,1,0,0,0,0,0,0,0,1.0
ST000339,0,True,65,85,60,80,10,24,30,58,16.0,16.0,7.0,7.0,0,0,2,1,0,81.0,76.0,66.0,18.0,53.0,71.0,0,8.0,32.0,4.0,1,1,1,1,0,0,0,0,0,0,0,1.0
ST000340,1,True,65,85,60,80,10,24,30,58,16.0,16.0,6.25,6.25,0,0,2,1,0,73.0,67.0,64.0,12.0,37.0,49.0,4,5.0,20.0,4.0,1,2,1,1,0,0,1,0,0,1,0,1.0
ST000340,1,True,65,85,60,80,10,24,30,58,16.0,16.0,6.25,6.25,0,0,2,1,0,82.0,73.0,73.0,12.0,49.0,61.0,3,7.0,28.0,4.0,1,1,1,1,0,0,0,0,0,1,0,1.0
ST000340,1,True,65,85,60,80,10,24,30,58,16.0,16.0,6.25,6.25,0,0,2,1,0,75.0,67.0,69.0,20.0,42.0,62.0,3,7.0,28.0,4.0,1,2,1,1,0,0,0,0,0,1,0,1.0
ST000340,1,True,65,85,60,80,10,24,30,58,16.0,16.0,6.25,6.25,0,0,2,1,0,69.0,72.0,68.0,11.0,47.0,58.0,2,6.0,24.0,4.0,1,2,1,1,0,0,1,0,0,1,0,1.0
ST000341,1,True,65,85,60,80,10,24,30,58,16.0,16.0,6.25,6.25,0,0,2,1,0,68.0,62.0,59.0,20.0,36.0,56.0,2,6.0,24.0,4.0,1,2,1,1,0,0,1,0,0,1,0,1.0
ST000341,1,True,65,85,60,80,10,24,30,58,16.0,16.0,6.25,6.25,0,0,2,1,0,83.0,66.0,80.0,16.0,32.0,48.0,4,5.0,20.0,4.0,1,1,1,1,0,0,0,0,0,1,0,1.0
ST000341,1,True,65,85,60,80,10,24,30,58,16.0,16.0,6.25,6.25,0,0,2,1,0,77.0,61.0,77.0,19.0,35.0,54.0,2,6.0,24.0,4.0,1,2,1,1,0,0,0,0,0,1,0,1.0
ST000341,1,True,65,85,60,80,10,24,30,58,16.0,16.0,6.25,6.25,0,0,2,1,0,68.0,69.0,66.0,22.0,55.0,77.0,0,8.0,32.0,4.0,1,2,1,1,0,0,1,0,0,1,0,1.0
ST000342,0,True,40,65,35,60,4,16,15,40,16.0,4.0,1.0,1.0,3,3,0,1,0,63.0,58.0,49.0,12.0,24.0,36.0,5,0.0,0.0,0.0,0,0,1,1,1,1,1,1,1,1,0,0.0
ST000342,0,True,40,65,35,60,4,16,15,40,16.0,4.0,1.0,1.0,3,3,0,1,0,50.0,38.0,39.0,15.0,15.0,30.0,5,0.0,0.0,0.0,0,0,1,1,1,1,1,1,1,1,0,0.0
ST000342,0,True,40,65,35,60,4,16,15,40,16.0,4.0,1.0,1.0,3,3,0,1,0,64.0,46.0,49.0,6.0,20.0,26.0,5,0.0,0.0,0.0,0,0,1,1,1,1,1,1,1,1,0,0.0
ST000342,0,True,40,65,35,60,4,16,15,40,16.0,4.0,1.0,1.0,3,3,0,1,0,55.0,38.0,50.0,12.0,32.0,44.0,7,4.0,16.0,4.0,1,0,1,1,0,1,1,1,0,1,0,1.0
ST000343,1,True,65,85,60,80,10,24,30,58,16.0,16.0,7.25,7.25,0,0,2,1,0,78.0,68.0,64.0,23.0,54.0,77.0,0,8.0,32.0,4.0,1,1,1,1,0,0,0,0,0,0,0,1.0
ST000343,1,True,65,85,60,80,10,24,30,58,16.0,16.0,7.25,7.25,0,0,2,1,0,81.0,68.0,78.0,14.0,40.0,54.0,2,6.0,24.0,4.0,1,1,1,1,0,0,0,0,0,0,0,1.0
ST000343,1,True,65,85,60,80,10,24,30,58,16.0,16.0,7.25,7.25,0,0,2,1,0,81.0,79.0,77.0,20.0,57.0,77.0,0,8.0,32.0,4.0,1,1,1,1,0,0,0,0,0,0,0,1.0
ST000343,1,True,65,85,60,80,10,24,30,58,16.0,16.0,7.25,7.25,0,0,2,1,0,83.0,72.0,68.0,17.0,45.0,62.0,3,7.0,28.0,4.0,1,1,1,1,0,0,0,0,0,0,0,1.0
ST000344,1,True,80,95,75,90,18,28,45,65,16.0,16.0,8.5,8.5,0,0,2,1,0,82.0,83.0,84.0,26.0,57.0,83.0,1,9.0,36.0,4.0,1,1,1,1,0,0,0,0,0,0,0,1.0
ST000344,1,True,80,95,75,90,18,28,45,65,16.0,16.0,8.5,8.5,0,0,2,1,0,90.0,80.0,88.0,25.0,60.0,85.0,1,9.0,36.0,4.0,1,1,1,1,0,0,0,0,0,0,0,1.0
ST000344,1,True,80,95,75,90,18,28,45,65,16.0,16.0,8.5,8.5,0,0,2,1,0,92.0,80.0,82.0,21.0,55.0,76.0,0,8.0,32.0,4.0,1,1,1,1,0,0,0,0,0,0,0,1.0
ST000344,1,True,80,95,75,90,18,28,45,65,16.0,16.0,8.5,8.5,0,0,2,1,0,93.0,87.0,91.0,26.0,51.0,77.0,0,8.0,32.0,4.0,1,1,1,1,0,0,0,0,0,0,0,1.0
ST000345,1,True,65,85,60,80,10,24,30,58,12.0,12.0,6.67,6.67,0,0,2,0,0,83.0,71.0,80.0,18.0,46.0,63.0,8,7.0,28.0,4.0,2,1,1,0,0,0,0,0,0,0,0,0.0
ST000345,1,True,65,85,60,80,10,24,30,58,12.0,12.0,6.67,6.67,0,0,2,1,0,66.0,71.0,55.0,12.0,39.0,51.0,2,6.0,24.0,4.0,1,2,1,1,0,0,1,0,0,0,0,1.0
ST000345,1,True,65,85,60,80,10,24,30,58,12.0,12.0,6.67,6.67,0,0,2,1,0,73.0,72.0,73.0,24.0,43.0,67.0,3,7.0,28.0,4.0,1,2,1,1,0,0,1,0,0,0,0,1.0
ST000345,1,True,65,85,60,80,10,24,30,58,12.0,12.0,6.67,6.67,0,0,2,1,0,74.0,60.0,70.0,20.0,43.0,63.0,3,7.0,28.0,4.0,1,2,1,1,0,0,1,0,0,0,0,1.0
ST000346,1,True,40,65,35,60,4,16,15,40,16.0,12.0,3.5,3.5,1,1,3,1,0,41.0,43.0,29.0,5.0,36.0,41.0,7,4.0,16.0,4.0,1,0,1,1,0,1,1,1,1,1,0,1.0
ST000346,1,True,40,65,35,60,4,16,15,40,16.0,12.0,3.5,3.5,1,1,3,1,0,46.0,44.0,43.0,14.0,36.0,50.0,2,6.0,24.0,4.0,1,0,1,1,0,1,1,1,1,1,0,1.0
ST000346,1,True,40,65,35,60,4,16,15,40,16.0,12.0,3.5,3.5,1,1,3,1,0,58.0,54.0,50.0,7.0,15.0,22.0,5,0.0,0.0,0.0,0,0,1,1,1,1,1,1,0,1,0,0.0
ST000346,1,True,40,65,35,60,4,16,15,40,16.0,12.0,3.5,3.5,1,1,3,1,1,48.0,38.0,34.0,11.0,32.0,43.0,7,4.0,16.0,4.0,1,0,1,1,0,1,1,1,1,1,1,1.0
ST000347,1,True,65,85,60,80,10,24,30,58,16.0,16.0,6.25,6.25,0,0,2,1,0,72.0,60.0,67.0,12.0,35.0,47.0,4,5.0,20.0,4.0,1,2,1,1,0,0,1,0,0,1,0,1.0
ST000347,1,True,65,85,60,80,10,24,30,58,16.0,16.0,6.25,6.25,0,0,2,1,0,80.0,67.0,76.0,20.0,45.0,65.0,3,7.0,28.0,4.0,1,2,1,1,0,0,0,0,0,1,0,1.0
ST000347,1,True,65,85,60,80,10,24,30,58,16.0,16.0,6.25,6.25,0,0,2,1,0,66.0,70.0,62.0,20.0,48.0,68.0,3,7.0,28.0,4.0,1,2,1,1,0,0,1,0,0,1,0,1.0
ST000347,1,True,65,85,60,80,10,24,30,58,16.0,16.0,6.25,6.25,0,0,2,1,0,80.0,70.0,79.0,18.0,40.0,58.0,2,6.0,24.0,4.0,1,1,1,1,0,0,0,0,0,1,0,1.0
ST000348,0,True,80,95,75,90,18,28,45,65,12.0,12.0,8.0,8.0,0,0,2,1,0,84.0,89.0,78.0,26.0,48.0,74.0,0,8.0,32.0,4.0,1,1,1,1,0,0,0,0,0,0,0,1.0
ST000348,0,True,80,95,75,90,18,28,45,65,12.0,12.0,8.0,8.0,0,0,2,1,0,89.0,82.0,85.0,23.0,46.0,69.0,3,7.0,28.0,4.0,1,1,1,1,0,0,0,0,0,0,0,1.0
ST000348,0,True,80,95,75,90,18,28,45,65,12.0,12.0,8.0,8.0,0,0,2,0,0,80.0,82.0,71.0,18.0,46.0,63.0,8,7.0,28.0,4.0,2,1,1,0,0,0,0,0,0,0,0,0.0
ST000348,0,True,80,95,75,90,18,28,45,65,12.0,12.0,8.0,8.0,0,0,2,1,0,94.0,76.0,81.0,18.0,63.0,81.0,1,9.0,36.0,4.0,1,1,1,1,0,0,0,0,0,0,0,1.0
ST000349,0,False,65,85,60,80,10,24,30,58,0.0,0.0,0.0,0.0,0,0,1,2,0,0.0,0.0,0.0,18.0,46.0,63.0,8,7.0,28.0,4.0,2,0,0,0,0,0,1,1,1,1,0,0.0
ST000350,1,True,40,65,35,60,4,16,15,40,12.0,4.0,1.33,1.33,2,2,3,0,0,43.0,39.0,35.0,18.0,46.0,63.0,8,7.0,28.0,4.0,2,0,1,0,0,1,1,1,1,1,0,0.0
ST000350,1,True,40,65,35,60,4,16,15,40,12.0,4.0,1.33,1.33,2,2,3,1,0,57.0,51.0,45.0,11.0,29.0,40.0,7,4.0,16.0,4.0,1,0,1,1,0,1,1,1,1,1,0,1.0
ST000350,1,True,40,65,35,60,4,16,15,40,12.0,4.0,1.33,1.33,2,2,3,1,0,43.0,48.0,41.0,13.0,16.0,29.0,5,0.0,0.0,0.0,0,0,1,1,1,1,1,1,1,1,0,0.0
ST000350,1,True,40,65,35,60,4,16,15,40,12.0,4.0,1.33,1.33,2,2,3,1,0,44.0,47.0,49.0,4.0,28.0,32.0,5,0.0,0.0,0.0,0,0,1,1,1,1,1,1,1,1,0,0.0
ST000351,1,True,40,65,35,60,4,16,15,40,12.0,8.0,3.33,3.33,1,1,3,0,0,48.0,41.0,45.0,18.0,46.0,63.0,8,7.0,28.0,4.0,2,0,1,0,0,1,1,1,1,1,0,0.0
ST000351,1,True,40,65,35,60,4,16,15,40,12.0,8.0,3.33,3.33,1,1,3,1,0,52.0,37.0,48.0,6.0,16.0,22.0,5,0.0,0.0,0.0,0,0,1,1,1,1,1,1,1,1,0,0.0
ST000351,1,True,40,65,35,60,4,16,15,40,12.0,8.0,3.33,3.33,1,1,3,1,0,41.0,39.0,50.0,16.0,35.0,51.0,2,6.0,24.0,4.0,1,0,1,1,0,1,1,1,0,1,0,1.0
ST000351,1,True,40,65,35,60,4,16,15,40,12.0,8.0,3.33,3.33,1,1,3,1,0,44.0,39.0,48.0,12.0,28.0,40.0,7,4.0,16.0,4.0,1,0,1,1,0,1,1,1,1,1,0,1.0
ST000352,0,True,65,85,60,80,10,24,30,58,12.0,12.0,6.67,6.67,0,0,2,1,0,70.0,63.0,72.0,23.0,41.0,64.0,3,7.0,28.0,4.0,1,2,1,1,0,0,1,0,0,0,0,1.0
ST000352,0,True,65,85,60,80,10,24,30,58,12.0,12.0,6.67,6.67,0,0,2,0,0,78.0,65.0,70.0,18.0,46.0,63.0,8,7.0,28.0,4.0,2,2,1,0,0,0,0,0,0,0,0,0.0
ST000352,0,True,65,85,60,80,10,24,30,58,12.0,12.0,6.67,6.67,0,0,2,1,0,74.0,64.0,67.0,11.0,39.0,50.0,2,6.0,24.0,4.0,1,2,1,1,0,0,1,0,0,0,0,1.0
ST000352,0,True,65,85,60,80,10,24,30,58,12.0,12.0,6.67,6.67,0,0,2,1,0,75.0,79.0,61.0,18.0,50.0,68.0,3,7.0,28.0,4.0,1,2,1,1,0,0,0,0,0,0,0,1.0
ST000353,1,True,80,95,75,90,18,28,45,65,16.0,16.0,9.0,9.0,0,0,2,1,0,85.0,75.0,81.0,27.0,65.0,92.0,6,10.0,40.0,4.0,1,1,1,1,0,0,0,0,0,0,0,1.0
ST000353,1,True,80,95,75,90,18,28,45,65,16.0,16.0,9.0,9.0,0,0,2,1,0,86.0,89.0,85.0,26.0,64.0,90.0,6,10.0,40.0,4.0,1,1,1,1,0,0,0,0,0,0,0,1.0
ST000353,1,True,80,95,75,90,18,28,45,65,16.0,16.0,9.0,9.0,0,0,2,1,0,88.0,79.0,86.0,18.0,47.0,65.0,3,7.0,28.0,4.0,1,1,1,1,0,0,0,0,0,0,0,1.0
ST000353,1,True,80,95,75,90,18,28,45,65,16.0,16.0,9.0,9.0,0,0,2,1,0,93.0,76.0,91.0,22.0,60.0,82.0,1,9.0,36.0,4.0,1,1,1,1,0,0,0,0,0,0,0,1.0
ST000354,1,True,65,85,60,80,10,24,30,58,12.0,12.0,7.0,7.0,0,0,2,1,0,69.0,65.0,73.0,10.0,56.0,66.0,3,7.0,28.0,4.0,1,2,1,1,0,0,1,0,0,0,0,1.0
ST000354,1,True,65,85,60,80,10,24,30,58,12.0,12.0,7.0,7.0,0,0,2,0,0,81.0,68.0,79.0,18.0,46.0,63.0,8,7.0,28.0,4.0,2,1,1,0,0,0,0,0,0,0,0,0.0
ST000354,1,True,65,85,60,80,10,24,30,58,12.0,12.0,7.0,7.0,0,0,2,1,0,79.0,80.0,78.0,17.0,56.0,73.0,0,8.0,32.0,4.0,1,1,1,1,0,0,0,0,0,0,0,1.0
ST000354,1,True,65,85,60,80,10,24,30,58,12.0,12.0,7.0,7.0,0,0,2,1,0,74.0,61.0,62.0,19.0,32.0,51.0,2,6.0,24.0,4.0,1,2,1,1,0,0,1,0,0,0,0,1.0
ST000355,1,True,65,85,60,80,10,24,30,58,16.0,16.0,7.75,7.75,0,0,2,1,0,70.0,73.0,79.0,19.0,55.0,74.0,0,8.0,32.0,4.0,1,1,1,1,0,0,1,0,0,0,0,1.0
ST000355,1,True,65,85,60,80,10,24,30,58,16.0,16.0,7.75,7.75,0,0,2,1,0,68.0,67.0,55.0,13.0,58.0,71.0,0,8.0,32.0,4.0,1,2,1,1,0,0,1,0,0,0,0,1.0
ST000355,1,True,65,85,60,80,10,24,30,58,16.0,16.0,7.75,7.75,0,0,2,1,0,71.0,72.0,58.0,17.0,49.0,66.0,3,7.0,28.0,4.0,1,1,1,1,0,0,1,0,0,0,0,1.0
ST000355,1,True,65,85,60,80,10,24,30,58,16.0,16.0,7.75,7.75,0,0,2,1,0,74.0,60.0,77.0,20.0,53.0,73.0,0,8.0,32.0,4.0,1,1,1,1,0,0,1,0,0,0,0,1.0
ST000356,1,True,90,100,90,100,24,30,55,70,16.0,16.0,9.25,9.25,0,0,2,1,0,91.0,94.0,85.0,27.0,55.0,82.0,1,9.0,36.0,4.0,1,1,1,1,0,0,0,0,0,0,0,1.0
ST000356,1,True,90,100,90,100,24,30,55,70,16.0,16.0,9.25,9.25,0,0,2,1,0,100.0,94.0,87.0,25.0,59.0,84.0,1,9.0,36.0,4.0,1,1,1,1,0,0,0,0,0,0,0,1.0
ST000356,1,True,90,100,90,100,24,30,55,70,16.0,16.0,9.25,9.25,0,0,2,1,0,97.0,90.0,86.0,25.0,60.0,85.0,1,9.0,36.0,4.0,1,1,1,1,0,0,0,0,0,0,0,1.0
ST000356,1,True,90,100,90,100,24,30,55,70,16.0,16.0,9.25,9.25,0,0,2,1,0,96.0,99.0,96.0,28.0,70.0,98.0,6,10.0,40.0,4.0,1,1,1,1,0,0,0,0,0,0,0,1.0
ST000357,0,True,80,95,75,90,18,28,45,65,16.0,16.0,8.25,8.25,0,0,2,1,0,82.0,77.0,78.0,26.0,46.0,72.0,0,8.0,32.0,4.0,1,1,1,1,0,0,0,0,0,0,0,1.0
ST000357,0,True,80,95,75,90,18,28,45,65,16.0,16.0,8.25,8.25,0,0,2,1,0,91.0,78.0,88.0,28.0,58.0,86.0,1,9.0,36.0,4.0,1,1,1,1,0,0,0,0,0,0,0,1.0
ST000357,0,True,80,95,75,90,18,28,45,65,16.0,16.0,8.25,8.25,0,0,2,1,0,83.0,83.0,89.0,25.0,46.0,71.0,0,8.0,32.0,4.0,1,1,1,1,0,0,0,0,0,0,0,1.0
ST000357,0,True,80,95,75,90,18,28,45,65,16.0,16.0,8.25,8.25,0,0,2,1,0,83.0,82.0,92.0,19.0,54.0,73.0,0,8.0,32.0,4.0,1,1,1,1,0,0,0,0,0,0,0,1.0
ST000358,1,True,90,100,90,100,24,30,55,70,16.0,16.0,9.75,9.75,0,0,2,1,0,93.0,91.0,93.0,25.0,62.0,87.0,1,9.0,36.0,4.0,1,1,1,1,0,0,0,0,0,0,0,1.0
ST000358,1,True,90,100,90,100,24,30,55,70,16.0,16.0,9.75,9.75,0,0,2,1,0,100.0,100.0,96.0,30.0,65.0,95.0,6,10.0,40.0,4.0,1,1,1,1,0,0,0,0,0,0,0,1.0
ST000358,1,True,90,100,90,100,24,30,55,70,16.0,16.0,9.75,9.75,0,0,2,1,0,91.0,91.0,98.0,29.0,64.0,93.0,6,10.0,40.0,4.0,1,1,1,1,0,0,0,0,0,0,0,1.0
ST000358,1,True,90,100,90,100,24,30,55,70,16.0,16.0,9.75,9.75,0,0,2,1,0,100.0,94.0,93.0,26.0,70.0,96.0,6,10.0,40.0,4.0,1,1,1,1,0,0,0,0,0,0,0,1.0
ST000359,1,True,65,85,60,80,10,24,30,58,16.0,16.0,6.25,6.25,0,0,2,1,0,75.0,60.0,63.0,23.0,33.0,56.0,2,6.0,24.0,4.0,1,2,1,1,0,0,0,0,0,1,0,1.0
ST000359,1,True,65,85,60,80,10,24,30,58,16.0,16.0,6.25,6.25,0,0,2,1,0,66.0,64.0,64.0,14.0,30.0,44.0,7,4.0,16.0,4.0,1,2,1,1,0,0,1,0,0,1,0,1.0
ST000359,1,True,65,85,60,80,10,24,30,58,16.0,16.0,6.25,6.25,0,0,2,1,0,76.0,64.0,70.0,20.0,48.0,68.0,3,7.0,28.0,4.0,1,2,1,1,0,0,0,0,0,1,0,1.0
ST000359,1,True,65,85,60,80,10,24,30,58,16.0,16.0,6.25,6.25,0,0,2,1,0,83.0,63.0,71.0,24.0,53.0,77.0,0,8.0,32.0,4.0,1,2,1,1,0,0,0,0,0,1,0,1.0
ST000360,1,True,65,85,60,80,10,24,30,58,12.0,12.0,6.67,6.67,0,0,2,0,0,79.0,66.0,75.0,18.0,46.0,63.0,8,7.0,28.0,4.0,2,1,1,0,0,0,0,0,0,0,0,0.0
ST000360,1,True,65,85,60,80,10,24,30,58,12.0,12.0,6.67,6.67,0,0,2,1,0,65.0,60.0,53.0,18.0,35.0,53.0,2,6.0,24.0,4.0,1,2,1,1,0,0,1,0,0,0,0,1.0
ST000360,1,True,65,85,60,80,10,24,30,58,12.0,12.0,6.67,6.67,0,0,2,1,0,73.0,76.0,72.0,15.0,58.0,73.0,0,8.0,32.0,4.0,1,2,1,1,0,0,1,0,0,0,0,1.0
ST000360,1,True,65,85,60,80,10,24,30,58,12.0,12.0,6.67,6.67,0,0,2,1,0,74.0,70.0,79.0,21.0,36.0,57.0,2,6.0,24.0,4.0,1,1,1,1,0,0,1,0,0,0,0,1.0
ST000361,1,True,20,50,20,45,0,12,0,30,12.0,0.0,0.0,0.0,3,3,0,1,0,44.0,45.0,35.0,9.0,24.0,33.0,5,0.0,0.0,0.0,0,0,1,1,1,1,1,1,1,1,0,0.0
ST000361,1,True,20,50,20,45,0,12,0,30,12.0,0.0,0.0,0.0,3,3,0,0,0,26.0,25.0,21.0,18.0,46.0,63.0,8,7.0,28.0,4.0,2,0,1,0,0,1,1,1,1,1,0,0.0
ST000361,1,True,20,50,20,45,0,12,0,30,12.0,0.0,0.0,0.0,3,3,0,1,0,27.0,23.0,30.0,5.0,1.0,6.0,5,0.0,0.0,0.0,0,0,1,1,1,1,1,1,1,1,0,0.0
ST000361,1,True,20,50,20,45,0,12,0,30,12.0,0.0,0.0,0.0,3,3,0,1,0,50.0,33.0,35.0,5.0,11.0,16.0,5,0.0,0.0,0.0,0,0,1,1,1,1,1,1,1,1,0,0.0
ST000362,1,True,90,100,90,100,24,30,55,70,16.0,16.0,9.25,9.25,0,0,2,1,0,94.0,92.0,93.0,24.0,55.0,79.0,0,8.0,32.0,4.0,1,1,1,1,0,0,0,0,0,0,0,1.0
ST000362,1,True,90,100,90,100,24,30,55,70,16.0,16.0,9.25,9.25,0,0,2,1,0,91.0,94.0,93.0,25.0,59.0,84.0,1,9.0,36.0,4.0,1,1,1,1,0,0,0,0,0,0,0,1.0
ST000362,1,True,90,100,90,100,24,30,55,70,16.0,16.0,9.25,9.25,0,0,2,1,0,94.0,90.0,96.0,26.0,70.0,96.0,6,10.0,40.0,4.0,1,1,1,1,0,0,0,0,0,0,0,1.0
ST000362,1,True,90,100,90,100,24,30,55,70,16.0,16.0,9.25,9.25,0,0,2,1,0,92.0,97.0,86.0,26.0,68.0,94.0,6,10.0,40.0,4.0,1,1,1,1,0,0,0,0,0,0,0,1.0
ST000363,1,False,40,65,35,60,4,16,15,40,0.0,0.0,0.0,0.0,0,0,1,2,0,0.0,0.0,0.0,18.0,46.0,63.0,8,7.0,28.0,4.0,2,0,0,0,0,0,1,1,1,1,0,0.0
ST000364,0,True,80,95,75,90,18,28,45,65,16.0,16.0,8.0,8.0,0,0,2,1,0,93.0,76.0,87.0,21.0,45.0,66.0,3,7.0,28.0,4.0,1,1,1,1,0,0,0,0,0,0,0,1.0
ST000364,0,True,80,95,75,90,18,28,45,65,16.0,16.0,8.0,8.0,0,0,2,1,0,82.0,87.0,87.0,23.0,48.0,71.0,0,8.0,32.0,4.0,1,1,1,1,0,0,0,0,0,0,0,1.0
ST000364,0,True,80,95,75,90,18,28,45,65,16.0,16.0,8.0,8.0,0,0,2,1,0,85.0,88.0,75.0,23.0,59.0,82.0,1,9.0,36.0,4.0,1,1,1,1,0,0,0,0,0,0,0,1.0
ST000364,0,True,80,95,75,90,18,28,45,65,16.0,16.0,8.0,8.0,0,0,2,1,0,83.0,80.0,84.0,22.0,48.0,70.0,0,8.0,32.0,4.0,1,1,1,1,0,0,0,0,0,0,0,1.0
ST000365,1,True,20,50,20,45,0,12,0,30,16.0,0.0,0.0,0.0,4,4,0,1,0,26.0,24.0,35.0,1.0,12.0,13.0,5,0.0,0.0,0.0,0,0,1,1,1,1,1,1,1,1,0,0.0
ST000365,1,True,20,50,20,45,0,12,0,30,16.0,0.0,0.0,0.0,4,4,0,1,0,27.0,20.0,16.0,1.0,14.0,15.0,5,0.0,0.0,0.0,0,0,1,1,1,1,1,1,1,1,0,0.0
ST000365,1,True,20,50,20,45,0,12,0,30,16.0,0.0,0.0,0.0,4,4,0,1,0,26.0,29.0,25.0,9.0,1.0,10.0,5,0.0,0.0,0.0,0,0,1,1,1,1,1,1,1,1,0,0.0
ST000365,1,True,20,50,20,45,0,12,0,30,16.0,0.0,0.0,0.0,4,4,0,1,1,24.0,26.0,14.0,10.0,21.0,31.0,5,0.0,0.0,0.0,0,0,1,1,1,1,1,1,1,1,1,0.0
ST000366,1,True,65,85,60,80,10,24,30,58,16.0,16.0,6.0,6.0,0,0,2,1,1,82.0,66.0,73.0,15.0,35.0,50.0,2,6.0,24.0,4.0,1,2,1,1,0,0,0,0,0,1,1,1.0
ST000366,1,True,65,85,60,80,10,24,30,58,16.0,16.0,6.0,6.0,0,0,2,1,0,78.0,67.0,63.0,18.0,33.0,51.0,2,6.0,24.0,4.0,1,2,1,1,0,0,0,0,0,1,0,1.0
ST000366,1,True,65,85,60,80,10,24,30,58,16.0,16.0,6.0,6.0,0,0,2,1,0,69.0,62.0,55.0,10.0,46.0,56.0,2,6.0,24.0,4.0,1,2,1,1,0,0,1,0,0,1,0,1.0
ST000366,1,True,65,85,60,80,10,24,30,58,16.0,16.0,6.0,6.0,0,0,2,1,0,67.0,71.0,67.0,11.0,43.0,54.0,2,6.0,24.0,4.0,1,2,1,1,0,0,1,0,0,1,0,1.0
ST000367,1,True,55,75,50,70,8,20,25,50,16.0,16.0,5.75,5.75,0,0,2,1,0,61.0,50.0,49.0,15.0,50.0,65.0,3,7.0,28.0,4.0,1,2,1,1,0,0,1,1,1,1,0,1.0
ST000367,1,True,55,75,50,70,8,20,25,50,16.0,16.0,5.75,5.75,0,0,2,1,0,56.0,58.0,61.0,15.0,30.0,45.0,4,5.0,20.0,4.0,1,2,1,1,0,0,1,1,0,1,0,1.0
ST000367,1,True,55,75,50,70,8,20,25,50,16.0,16.0,5.75,5.75,0,0,2,1,0,57.0,59.0,49.0,14.0,35.0,49.0,4,5.0,20.0,4.0,1,2,1,1,0,0,1,1,1,1,0,1.0
ST000367,1,True,55,75,50,70,8,20,25,50,16.0,16.0,5.75,5.75,0,0,2,1,0,74.0,57.0,64.0,9.0,49.0,58.0,2,6.0,24.0,4.0,1,2,1,1,0,0,1,1,0,1,0,1.0
ST000368,0,True,20,50,20,45,0,12,0,30,12.0,0.0,0.0,0.0,3,3,0,1,0,21.0,22.0,25.0,9.0,21.0,30.0,5,0.0,0.0,0.0,0,0,1,1,1,1,1,1,1,1,0,0.0
ST000368,0,True,20,50,20,45,0,12,0,30,12.0,0.0,0.0,0.0,3,3,0,1,0,33.0,27.0,34.0,5.0,12.0,17.0,5,0.0,0.0,0.0,0,0,1,1,1,1,1,1,1,1,0,0.0
ST000368,0,True,20,50,20,45,0,12,0,30,12.0,0.0,0.0,0.0,3,3,0,0,0,47.0,39.0,35.0,18.0,46.0,63.0,8,7.0,28.0,4.0,2,0,1,0,0,1,1,1,1,1,0,0.0
ST000368,0,True,20,50,20,45,0,12,0,30,12.0,0.0,0.0,0.0,3,3,0,1,1,36.0,35.0,21.0,9.0,2.0,11.0,5,0.0,0.0,0.0,0,0,1,1,1,1,1,1,1,1,1,0.0
ST000369,0,True,20,50,20,45,0,12,0,30,8.0,0.0,0.0,0.0,2,2,3,0,0,36.0,27.0,21.0,18.0,46.0,63.0,8,7.0,28.0,4.0,2,0,1,0,0,1,1,1,1,1,0,0.0
ST000369,0,True,20,50,20,45,0,12,0,30,8.0,0.0,0.0,0.0,2,2,3,1,0,38.0,24.0,29.0,8.0,20.0,28.0,5,0.0,0.0,0.0,0,0,1,1,1,1,1,1,1,1,0,0.0
ST000369,0,True,20,50,20,45,0,12,0,30,8.0,0.0,0.0,0.0,2,2,3,1,0,45.0,45.0,33.0,0.0,13.0,13.0,5,0.0,0.0,0.0,0,0,1,1,1,1,1,1,1,1,0,0.0
ST000369,0,True,20,50,20,45,0,12,0,30,8.0,0.0,0.0,0.0,2,2,3,0,0,25.0,24.0,20.0,18.0,46.0,63.0,8,7.0,28.0,4.0,2,0,1,0,0,1,1,1,1,1,0,0.0
ST000370,1,True,80,95,75,90,18,28,45,65,16.0,16.0,8.25,8.25,0,0,2,1,0,87.0,87.0,79.0,25.0,51.0,76.0,0,8.0,32.0,4.0,1,1,1,1,0,0,0,0,0,0,0,1.0
ST000370,1,True,80,95,75,90,18,28,45,65,16.0,16.0,8.25,8.25,0,0,2,1,0,80.0,84.0,76.0,26.0,59.0,85.0,1,9.0,36.0,4.0,1,1,1,1,0,0,0,0,0,0,0,1.0
ST000370,1,True,80,95,75,90,18,28,45,65,16.0,16.0,8.25,8.25,0,0,2,1,0,80.0,75.0,73.0,24.0,65.0,89.0,1,9.0,36.0,4.0,1,1,1,1,0,0,0,0,0,0,0,1.0
ST000370,1,True,80,95,75,90,18,28,45,65,16.0,16.0,8.25,8.25,0,0,2,1,0,84.0,83.0,82.0,23.0,45.0,68.0,3,7.0,28.0,4.0,1,1,1,1,0,0,0,0,0,0,0,1.0
ST000371,1,True,20,50,20,45,0,12,0,30,12.0,0.0,0.0,0.0,3,3,0,1,1,24.0,23.0,33.0,10.0,11.0,21.0,5,0.0,0.0,0.0,0,0,1,1,1,1,1,1,1,1,1,0.0
ST000371,1,True,20,50,20,45,0,12,0,30,12.0,0.0,0.0,0.0,3,3,0,1,1,28.0,27.0,20.0,2.0,5.0,7.0,5,0.0,0.0,0.0,0,0,1,1,1,1,1,1,1,1,1,0.0
ST000371,1,True,20,50,20,45,0,12,0,30,12.0,0.0,0.0,0.0,3,3,0,1,1,20.0,22.0,14.0,6.0,22.0,28.0,5,0.0,0.0,0.0,0,0,1,1,1,1,1,1,1,1,1,0.0
ST000371,1,True,20,50,20,45,0,12,0,30,12.0,0.0,0.0,0.0,3,3,0,0,0,29.0,28.0,15.0,18.0,46.0,63.0,8,7.0,28.0,4.0,2,0,1,0,0,1,1,1,1,1,0,0.0
ST000372,1,True,65,85,60,80,10,24,30,58,16.0,16.0,6.75,6.75,0,0,2,1,0,76.0,75.0,79.0,24.0,39.0,63.0,3,7.0,28.0,4.0,1,1,1,1,0,0,0,0,0,0,0,1.0
ST000372,1,True,65,85,60,80,10,24,30,58,16.0,16.0,6.75,6.75,0,0,2,1,0,82.0,67.0,74.0,24.0,33.0,57.0,2,6.0,24.0,4.0,1,1,1,1,0,0,0,0,0,0,0,1.0
ST000372,1,True,65,85,60,80,10,24,30,58,16.0,16.0,6.75,6.75,0,0,2,1,1,78.0,61.0,69.0,18.0,46.0,64.0,3,7.0,28.0,4.0,1,2,1,1,0,0,0,0,0,0,1,1.0
ST000372,1,True,65,85,60,80,10,24,30,58,16.0,16.0,6.75,6.75,0,0,2,1,0,76.0,73.0,80.0,15.0,51.0,66.0,3,7.0,28.0,4.0,1,1,1,1,0,0,0,0,0,0,0,1.0
ST000373,1,True,55,75,50,70,8,20,25,50,16.0,16.0,6.5,6.5,0,0,2,1,0,55.0,55.0,57.0,11.0,50.0,61.0,3,7.0,28.0,4.0,1,2,1,1,0,0,1,1,0,0,0,1.0
ST000373,1,True,55,75,50,70,8,20,25,50,16.0,16.0,6.5,6.5,0,0,2,1,0,58.0,59.0,47.0,20.0,30.0,50.0,2,6.0,24.0,4.0,1,2,1,1,0,0,1,1,1,0,0,1.0
ST000373,1,True,55,75,50,70,8,20,25,50,16.0,16.0,6.5,6.5,0,0,2,1,0,63.0,55.0,57.0,13.0,48.0,61.0,3,7.0,28.0,4.0,1,2,1,1,0,0,1,1,0,0,0,1.0
ST000373,1,True,55,75,50,70,8,20,25,50,16.0,16.0,6.5,6.5,0,0,2,1,0,63.0,64.0,59.0,12.0,41.0,53.0,2,6.0,24.0,4.0,1,2,1,1,0,0,1,0,0,0,0,1.0
ST000374,1,True,65,85,60,80,10,24,30,58,12.0,12.0,7.0,7.0,0,0,2,1,0,84.0,65.0,75.0,14.0,53.0,67.0,3,7.0,28.0,4.0,1,1,1,1,0,0,0,0,0,0,0,1.0
ST000374,1,True,65,85,60,80,10,24,30,58,12.0,12.0,7.0,7.0,0,0,2,0,0,68.0,71.0,65.0,18.0,46.0,63.0,8,7.0,28.0,4.0,2,2,1,0,0,0,1,0,0,0,0,0.0
ST000374,1,True,65,85,60,80,10,24,30,58,12.0,12.0,7.0,7.0,0,0,2,1,0,72.0,67.0,67.0,19.0,55.0,74.0,0,8.0,32.0,4.0,1,2,1,1,0,0,1,0,0,0,0,1.0
ST000374,1,True,65,85,60,80,10,24,30,58,12.0,12.0,7.0,7.0,0,0,2,1,0,82.0,63.0,70.0,15.0,38.0,53.0,2,6.0,24.0,4.0,1,1,1,1,0,0,0,0,0,0,0,1.0
ST000375,0,True,65,85,60,80,10,24,30,58,16.0,16.0,6.75,6.75,0,0,2,1,0,71.0,76.0,74.0,13.0,50.0,63.0,3,7.0,28.0,4.0,1,1,1,1,0,0,1,0,0,0,0,1.0
ST000375,0,True,65,85,60,80,10,24,30,58,16.0,16.0,6.75,6.75,0,0,2,1,0,67.0,60.0,59.0,12.0,54.0,66.0,3,7.0,28.0,4.0,1,2,1,1,0,0,1,0,0,0,0,1.0
ST000375,0,True,65,85,60,80,10,24,30,58,16.0,16.0,6.75,6.75,0,0,2,1,0,72.0,64.0,63.0,10.0,41.0,51.0,2,6.0,24.0,4.0,1,2,1,1,0,0,1,0,0,0,0,1.0
ST000375,0,True,65,85,60,80,10,24,30,58,16.0,16.0,6.75,6.75,0,0,2,1,0,65.0,65.0,63.0,19.0,50.0,69.0,3,7.0,28.0,4.0,1,2,1,1,0,0,1,0,0,0,0,1.0
ST000376,1,True,40,65,35,60,4,16,15,40,16.0,4.0,1.5,1.5,3,3,0,1,1,55.0,42.0,41.0,7.0,15.0,22.0,5,0.0,0.0,0.0,0,0,1,1,1,1,1,1,1,1,1,0.0
ST000376,1,True,40,65,35,60,4,16,15,40,16.0,4.0,1.5,1.5,3,3,0,1,0,46.0,48.0,37.0,15.0,39.0,54.0,2,6.0,24.0,4.0,1,0,1,1,0,1,1,1,1,1,0,1.0
ST000376,1,True,40,65,35,60,4,16,15,40,16.0,4.0,1.5,1.5,3,3,0,1,0,65.0,60.0,50.0,6.0,32.0,38.0,5,0.0,0.0,0.0,0,0,1,1,1,1,1,0,0,1,0,0.0
ST000376,1,True,40,65,35,60,4,16,15,40,16.0,4.0,1.5,1.5,3,3,0,1,0,61.0,56.0,50.0,8.0,18.0,26.0,5,0.0,0.0,0.0,0,0,1,1,1,1,1,1,0,1,0,0.0
ST000377,0,True,55,75,50,70,8,20,25,50,16.0,16.0,4.75,4.75,0,0,2,1,0,75.0,64.0,62.0,9.0,32.0,41.0,7,4.0,16.0,4.0,1,2,1,1,0,0,0,0,0,1,0,1.0
ST000377,0,True,55,75,50,70,8,20,25,50,16.0,16.0,4.75,4.75,0,0,2,1,0,69.0,64.0,54.0,10.0,31.0,41.0,7,4.0,16.0,4.0,1,2,1,1,0,0,1,0,0,1,0,1.0
ST000377,0,True,55,75,50,70,8,20,25,50,16.0,16.0,4.75,4.75,0,0,2,1,0,57.0,61.0,60.0,19.0,39.0,58.0,2,6.0,24.0,4.0,1,2,1,1,0,0,1,0,0,1,0,1.0
ST000377,0,True,55,75,50,70,8,20,25,50,16.0,16.0,4.75,4.75,0,0,2,1,1,71.0,68.0,62.0,18.0,27.0,45.0,4,5.0,20.0,4.0,1,2,1,1,0,0,1,0,0,1,1,1.0
ST000378,0,True,55,75,50,70,8,20,25,50,16.0,12.0,4.5,4.5,1,1,3,1,0,61.0,53.0,53.0,17.0,37.0,54.0,2,6.0,24.0,4.0,1,0,1,1,0,1,1,1,0,1,0,1.0
ST000378,0,True,55,75,50,70,8,20,25,50,16.0,12.0,4.5,4.5,1,1,3,1,0,74.0,62.0,62.0,15.0,36.0,51.0,2,6.0,24.0,4.0,1,2,1,1,0,1,1,0,0,1,0,1.0
ST000378,0,True,55,75,50,70,8,20,25,50,16.0,12.0,4.5,4.5,1,1,3,1,0,72.0,68.0,63.0,8.0,30.0,38.0,5,0.0,0.0,0.0,0,2,1,1,1,1,1,0,0,1,0,0.0
ST000378,0,True,55,75,50,70,8,20,25,50,16.0,12.0,4.5,4.5,1,1,3,1,0,71.0,64.0,65.0,13.0,38.0,51.0,2,6.0,24.0,4.0,1,2,1,1,0,1,1,0,0,1,0,1.0
ST000379,1,True,65,85,60,80,10,24,30,58,12.0,12.0,6.33,6.33,0,0,2,1,0,84.0,77.0,69.0,17.0,50.0,67.0,3,7.0,28.0,4.0,1,1,1,1,0,0,0,0,0,1,0,1.0
ST000379,1,True,65,85,60,80,10,24,30,58,12.0,12.0,6.33,6.33,0,0,2,1,0,65.0,70.0,56.0,23.0,33.0,56.0,2,6.0,24.0,4.0,1,2,1,1,0,0,1,0,0,1,0,1.0
ST000379,1,True,65,85,60,80,10,24,30,58,12.0,12.0,6.33,6.33,0,0,2,1,0,76.0,69.0,65.0,14.0,37.0,51.0,2,6.0,24.0,4.0,1,2,1,1,0,0,0,0,0,1,0,1.0
ST000379,1,True,65,85,60,80,10,24,30,58,12.0,12.0,6.33,6.33,0,0,2,0,0,65.0,65.0,61.0,18.0,46.0,63.0,8,7.0,28.0,4.0,2,2,1,0,0,0,1,0,0,1,0,0.0
ST000380,0,True,40,65,35,60,4,16,15,40,16.0,4.0,1.25,1.25,3,3,0,1,0,63.0,58.0,50.0,12.0,26.0,38.0,5,0.0,0.0,0.0,0,0,1,1,1,1,1,1,0,1,0,0.0
ST000380,0,True,40,65,35,60,4,16,15,40,16.0,4.0,1.25,1.25,3,3,0,1,0,58.0,45.0,43.0,16.0,32.0,48.0,4,5.0,20.0,4.0,1,0,1,1,0,1,1,1,1,1,0,1.0
ST000380,0,True,40,65,35,60,4,16,15,40,16.0,4.0,1.25,1.25,3,3,0,1,0,62.0,50.0,47.0,6.0,31.0,37.0,5,0.0,0.0,0.0,0,0,1,1,1,1,1,1,1,1,0,0.0
ST000380,0,True,40,65,35,60,4,16,15,40,16.0,4.0,1.25,1.25,3,3,0,1,0,47.0,47.0,40.0,7.0,30.0,37.0,5,0.0,0.0,0.0,0,0,1,1,1,1,1,1,1,1,0,0.0
ST000381,1,True,65,85,60,80,10,24,30,58,16.0,16.0,8.0,8.0,0,0,2,1,0,65.0,63.0,68.0,23.0,43.0,66.0,3,7.0,28.0,4.0,1,1,1,1,0,0,1,0,0,0,0,1.0
ST000381,1,True,65,85,60,80,10,24,30,58,16.0,16.0,8.0,8.0,0,0,2,1,0,73.0,76.0,58.0,16.0,54.0,70.0,0,8.0,32.0,4.0,1,1,1,1,0,0,1,0,0,0,0,1.0
ST000381,1,True,65,85,60,80,10,24,30,58,16.0,16.0,8.0,8.0,0,0,2,1,0,79.0,68.0,70.0,23.0,58.0,81.0,1,9.0,36.0,4.0,1,1,1,1,0,0,0,0,0,0,0,1.0
ST000381,1,True,65,85,60,80,10,24,30,58,16.0,16.0,8.0,8.0,0,0,2,1,0,85.0,67.0,74.0,24.0,55.0,79.0,0,8.0,32.0,4.0,1,1,1,1,0,0,0,0,0,0,0,1.0
ST000382,1,True,40,65,35,60,4,16,15,40,16.0,4.0,1.0,1.0,3,3,0,1,1,57.0,49.0,43.0,10.0,15.0,25.0,5,0.0,0.0,0.0,0,0,1,1,1,1,1,1,1,1,1,0.0
ST000382,1,True,40,65,35,60,4,16,15,40,16.0,4.0,1.0,1.0,3,3,0,1,0,47.0,40.0,44.0,16.0,19.0,35.0,5,0.0,0.0,0.0,0,0,1,1,1,1,1,1,1,1,0,0.0
ST000382,1,True,40,65,35,60,4,16,15,40,16.0,4.0,1.0,1.0,3,3,0,1,0,50.0,55.0,45.0,15.0,27.0,42.0,7,4.0,16.0,4.0,1,0,1,1,0,1,1,1,1,1,0,1.0
ST000382,1,True,40,65,35,60,4,16,15,40,16.0,4.0,1.0,1.0,3,3,0,1,1,57.0,40.0,50.0,9.0,19.0,28.0,5,0.0,0.0,0.0,0,0,1,1,1,1,1,1,0,1,1,0.0
ST000383,1,True,90,100,90,100,24,30,55,70,16.0,16.0,9.5,9.5,0,0,2,1,0,98.0,93.0,95.0,28.0,67.0,95.0,6,10.0,40.0,4.0,1,1,1,1,0,0,0,0,0,0,0,1.0
ST000383,1,True,90,100,90,100,24,30,55,70,16.0,16.0,9.5,9.5,0,0,2,1,0,94.0,92.0,91.0,29.0,56.0,85.0,1,9.0,36.0,4.0,1,1,1,1,0,0,0,0,0,0,0,1.0
ST000383,1,True,90,100,90,100,24,30,55,70,16.0,16.0,9.5,9.5,0,0,2,1,0,99.0,94.0,94.0,24.0,56.0,80.0,1,9.0,36.0,4.0,1,1,1,1,0,0,0,0,0,0,0,1.0
ST000383,1,True,90,100,90,100,24,30,55,70,16.0,16.0,9.5,9.5,0,0,2,1,0,94.0,93.0,88.0,28.0,66.0,94.0,6,10.0,40.0,4.0,1,1,1,1,0,0,0,0,0,0,0,1.0
ST000384,0,True,65,85,60,80,10,24,30,58,16.0,16.0,7.25,7.25,0,0,2,1,0,84.0,80.0,80.0,21.0,53.0,74.0,0,8.0,32.0,4.0,1,1,1,1,0,0,0,0,0,0,0,1.0
ST000384,0,True,65,85,60,80,10,24,30,58,16.0,16.0,7.25,7.25,0,0,2,1,0,81.0,80.0,79.0,21.0,57.0,78.0,0,8.0,32.0,4.0,1,1,1,1,0,0,0,0,0,0,0,1.0
ST000384,0,True,65,85,60,80,10,24,30,58,16.0,16.0,7.25,7.25,0,0,2,1,0,80.0,63.0,77.0,12.0,38.0,50.0,2,6.0,24.0,4.0,1,1,1,1,0,0,0,0,0,0,0,1.0
ST000384,0,True,65,85,60,80,10,24,30,58,16.0,16.0,7.25,7.25,0,0,2,1,0,69.0,72.0,59.0,13.0,50.0,63.0,3,7.0,28.0,4.0,1,2,1,1,0,0,1,0,0,0,0,1.0
ST000385,0,True,80,95,75,90,18,28,45,65,16.0,16.0,7.5,7.5,0,0,2,1,0,95.0,81.0,80.0,19.0,47.0,66.0,3,7.0,28.0,4.0,1,1,1,1,0,0,0,0,0,0,0,1.0
ST000385,0,True,80,95,75,90,18,28,45,65,16.0,16.0,7.5,7.5,0,0,2,1,0,83.0,83.0,92.0,19.0,49.0,68.0,3,7.0,28.0,4.0,1,1,1,1,0,0,0,0,0,0,0,1.0
ST000385,0,True,80,95,75,90,18,28,45,65,16.0,16.0,7.5,7.5,0,0,2,1,0,83.0,76.0,87.0,21.0,60.0,81.0,1,9.0,36.0,4.0,1,1,1,1,0,0,0,0,0,0,0,1.0
ST000385,0,True,80,95,75,90,18,28,45,65,16.0,16.0,7.5,7.5,0,0,2,1,0,92.0,75.0,89.0,21.0,48.0,69.0,3,7.0,28.0,4.0,1,1,1,1,0,0,0,0,0,0,0,1.0
ST000386,0,True,65,85,60,80,10,24,30,58,16.0,16.0,6.5,6.5,0,0,2,1,0,68.0,68.0,72.0,23.0,42.0,65.0,3,7.0,28.0,4.0,1,2,1,1,0,0,1,0,0,0,0,1.0
ST000386,0,True,65,85,60,80,10,24,30,58,16.0,16.0,6.5,6.5,0,0,2,1,0,70.0,65.0,66.0,10.0,43.0,53.0,2,6.0,24.0,4.0,1,2,1,1,0,0,1,0,0,0,0,1.0
ST000386,0,True,65,85,60,80,10,24,30,58,16.0,16.0,6.5,6.5,0,0,2,1,0,85.0,65.0,79.0,11.0,41.0,52.0,2,6.0,24.0,4.0,1,1,1,1,0,0,0,0,0,0,0,1.0
ST000386,0,True,65,85,60,80,10,24,30,58,16.0,16.0,6.5,6.5,0,0,2,1,0,65.0,67.0,64.0,19.0,42.0,61.0,3,7.0,28.0,4.0,1,2,1,1,0,0,1,0,0,0,0,1.0
ST000387,0,True,80,95,75,90,18,28,45,65,16.0,16.0,8.5,8.5,0,0,2,1,0,84.0,83.0,72.0,23.0,59.0,82.0,1,9.0,36.0,4.0,1,1,1,1,0,0,0,0,0,0,0,1.0
ST000387,0,True,80,95,75,90,18,28,45,65,16.0,16.0,8.5,8.5,0,0,2,1,0,87.0,79.0,91.0,28.0,59.0,87.0,1,9.0,36.0,4.0,1,1,1,1,0,0,0,0,0,0,0,1.0
ST000387,0,True,80,95,75,90,18,28,45,65,16.0,16.0,8.5,8.5,0,0,2,1,0,92.0,89.0,88.0,28.0,46.0,74.0,0,8.0,32.0,4.0,1,1,1,1,0,0,0,0,0,0,0,1.0
ST000387,0,True,80,95,75,90,18,28,45,65,16.0,16.0,8.5,8.5,0,0,2,1,0,84.0,81.0,87.0,19.0,51.0,70.0,0,8.0,32.0,4.0,1,1,1,1,0,0,0,0,0,0,0,1.0
ST000388,1,True,80,95,75,90,18,28,45,65,16.0,16.0,8.25,8.25,0,0,2,1,0,95.0,86.0,81.0,20.0,58.0,78.0,0,8.0,32.0,4.0,1,1,1,1,0,0,0,0,0,0,0,1.0
ST000388,1,True,80,95,75,90,18,28,45,65,16.0,16.0,8.25,8.25,0,0,2,1,0,87.0,78.0,90.0,27.0,45.0,72.0,0,8.0,32.0,4.0,1,1,1,1,0,0,0,0,0,0,0,1.0
ST000388,1,True,80,95,75,90,18,28,45,65,16.0,16.0,8.25,8.25,0,0,2,1,0,83.0,75.0,76.0,19.0,60.0,79.0,0,8.0,32.0,4.0,1,1,1,1,0,0,0,0,0,0,0,1.0
ST000388,1,True,80,95,75,90,18,28,45,65,16.0,16.0,8.25,8.25,0,0,2,1,0,90.0,87.0,79.0,18.0,62.0,80.0,1,9.0,36.0,4.0,1,1,1,1,0,0,0,0,0,0,0,1.0
ST000389,1,True,65,85,60,80,10,24,30,58,16.0,16.0,6.5,6.5,0,0,2,1,0,69.0,74.0,79.0,19.0,31.0,50.0,2,6.0,24.0,4.0,1,2,1,1,0,0,1,0,0,0,0,1.0
ST000389,1,True,65,85,60,80,10,24,30,58,16.0,16.0,6.5,6.5,0,0,2,1,0,65.0,70.0,55.0,18.0,38.0,56.0,2,6.0,24.0,4.0,1,2,1,1,0,0,1,0,0,0,0,1.0
ST000389,1,True,65,85,60,80,10,24,30,58,16.0,16.0,6.5,6.5,0,0,2,1,0,81.0,72.0,72.0,16.0,43.0,59.0,2,6.0,24.0,4.0,1,1,1,1,0,0,0,0,0,0,0,1.0
ST000389,1,True,65,85,60,80,10,24,30,58,16.0,16.0,6.5,6.5,0,0,2,1,0,66.0,60.0,72.0,24.0,54.0,78.0,0,8.0,32.0,4.0,1,2,1,1,0,0,1,0,0,0,0,1.0
ST000390,0,True,65,85,60,80,10,24,30,58,16.0,16.0,7.75,7.75,0,0,2,1,0,68.0,66.0,65.0,14.0,55.0,69.0,3,7.0,28.0,4.0,1,1,1,1,0,0,1,0,0,0,0,1.0
ST000390,0,True,65,85,60,80,10,24,30,58,16.0,16.0,7.75,7.75,0,0,2,1,1,68.0,67.0,64.0,20.0,51.0,71.0,0,8.0,32.0,4.0,1,2,1,1,0,0,1,0,0,0,1,1.0
ST000390,0,True,65,85,60,80,10,24,30,58,16.0,16.0,7.75,7.75,0,0,2,1,0,72.0,77.0,59.0,15.0,57.0,72.0,0,8.0,32.0,4.0,1,1,1,1,0,0,1,0,0,0,0,1.0
ST000390,0,True,65,85,60,80,10,24,30,58,16.0,16.0,7.75,7.75,0,0,2,1,0,79.0,78.0,73.0,24.0,48.0,72.0,0,8.0,32.0,4.0,1,1,1,1,0,0,0,0,0,0,0,1.0
ST000391,0,True,20,50,20,45,0,12,0,30,16.0,0.0,0.0,0.0,4,4,0,1,0,35.0,35.0,35.0,7.0,20.0,27.0,5,0.0,0.0,0.0,0,0,1,1,1,1,1,1,1,1,0,0.0
ST000391,0,True,20,50,20,45,0,12,0,30,16.0,0.0,0.0,0.0,4,4,0,1,0,25.0,23.0,20.0,2.0,20.0,22.0,5,0.0,0.0,0.0,0,0,1,1,1,1,1,1,1,1,0,0.0
ST000391,0,True,20,50,20,45,0,12,0,30,16.0,0.0,0.0,0.0,4,4,0,1,0,37.0,37.0,28.0,10.0,2.0,12.0,5,0.0,0.0,0.0,0,0,1,1,1,1,1,1,1,1,0,0.0
ST000391,0,True,20,50,20,45,0,12,0,30,16.0,0.0,0.0,0.0,4,4,0,1,0,27.0,20.0,28.0,11.0,22.0,33.0,5,0.0,0.0,0.0,0,0,1,1,1,1,1,1,1,1,0,0.0
ST000392,0,True,55,75,50,70,8,20,25,50,12.0,12.0,6.33,6.33,0,0,2,1,1,66.0,63.0,57.0,15.0,48.0,63.0,3,7.0,28.0,4.0,1,2,1,1,0,0,1,0,0,1,1,1.0
ST000392,0,True,55,75,50,70,8,20,25,50,12.0,12.0,6.33,6.33,0,0,2,1,0,68.0,66.0,64.0,17.0,36.0,53.0,2,6.0,24.0,4.0,1,2,1,1,0,0,1,0,0,1,0,1.0
ST000392,0,True,55,75,50,70,8,20,25,50,12.0,12.0,6.33,6.33,0,0,2,0,0,57.0,56.0,56.0,18.0,46.0,63.0,8,7.0,28.0,4.0,2,2,1,0,0,0,1,1,0,1,0,0.0
ST000392,0,True,55,75,50,70,8,20,25,50,12.0,12.0,6.33,6.33,0,0,2,1,1,65.0,62.0,56.0,10.0,43.0,53.0,2,6.0,24.0,4.0,1,2,1,1,0,0,1,0,0,1,1,1.0
ST000393,0,True,55,75,50,70,8,20,25,50,16.0,16.0,6.0,6.0,0,0,2,1,0,69.0,63.0,56.0,13.0,49.0,62.0,3,7.0,28.0,4.0,1,2,1,1,0,0,1,0,0,1,0,1.0
ST000393,0,True,55,75,50,70,8,20,25,50,16.0,16.0,6.0,6.0,0,0,2,1,0,56.0,57.0,51.0,11.0,45.0,56.0,2,6.0,24.0,4.0,1,2,1,1,0,0,1,1,0,1,0,1.0
ST000393,0,True,55,75,50,70,8,20,25,50,16.0,16.0,6.0,6.0,0,0,2,1,0,57.0,52.0,54.0,12.0,34.0,46.0,4,5.0,20.0,4.0,1,2,1,1,0,0,1,1,0,1,0,1.0
ST000393,0,True,55,75,50,70,8,20,25,50,16.0,16.0,6.0,6.0,0,0,2,1,0,65.0,50.0,54.0,10.0,47.0,57.0,2,6.0,24.0,4.0,1,2,1,1,0,0,1,1,0,1,0,1.0
ST000394,0,True,40,65,35,60,4,16,15,40,12.0,8.0,3.33,3.33,1,1,3,0,0,49.0,44.0,41.0,18.0,46.0,63.0,8,7.0,28.0,4.0,2,0,1,0,0,1,1,1,1,1,0,0.0
ST000394,0,True,40,65,35,60,4,16,15,40,12.0,8.0,3.33,3.33,1,1,3,1,0,62.0,56.0,49.0,9.0,21.0,30.0,5,0.0,0.0,0.0,0,0,1,1,1,1,1,1,1,1,0,0.0
ST000394,0,True,40,65,35,60,4,16,15,40,12.0,8.0,3.33,3.33,1,1,3,1,0,58.0,38.0,47.0,14.0,38.0,52.0,2,6.0,24.0,4.0,1,0,1,1,0,1,1,1,1,1,0,1.0
ST000394,0,True,40,65,35,60,4,16,15,40,12.0,8.0,3.33,3.33,1,1,3,1,0,57.0,55.0,44.0,9.0,34.0,43.0,7,4.0,16.0,4.0,1,0,1,1,0,1,1,1,1,1,0,1.0
ST000395,0,True,55,75,50,70,8,20,25,50,16.0,16.0,6.0,6.0,0,0,2,1,0,71.0,63.0,58.0,15.0,47.0,62.0,3,7.0,28.0,4.0,1,2,1,1,0,0,1,0,0,1,0,1.0
ST000395,0,True,55,75,50,70,8,20,25,50,16.0,16.0,6.0,6.0,0,0,2,1,0,55.0,58.0,57.0,17.0,38.0,55.0,2,6.0,24.0,4.0,1,2,1,1,0,0,1,1,0,1,0,1.0
ST000395,0,True,55,75,50,70,8,20,25,50,16.0,16.0,6.0,6.0,0,0,2,1,0,55.0,55.0,52.0,11.0,39.0,50.0,2,6.0,24.0,4.0,1,2,1,1,0,0,1,1,0,1,0,1.0
ST000395,0,True,55,75,50,70,8,20,25,50,16.0,16.0,6.0,6.0,0,0,2,1,0,62.0,63.0,60.0,20.0,28.0,48.0,4,5.0,20.0,4.0,1,2,1,1,0,0,1,0,0,1,0,1.0
ST000396,1,True,20,50,20,45,0,12,0,30,12.0,0.0,0.0,0.0,3,3,0,1,0,22.0,21.0,23.0,11.0,19.0,30.0,5,0.0,0.0,0.0,0,0,1,1,1,1,1,1,1,1,0,0.0
ST000396,1,True,20,50,20,45,0,12,0,30,12.0,0.0,0.0,0.0,3,3,0,1,0,28.0,29.0,15.0,3.0,10.0,13.0,5,0.0,0.0,0.0,0,0,1,1,1,1,1,1,1,1,0,0.0
ST000396,1,True,20,50,20,45,0,12,0,30,12.0,0.0,0.0,0.0,3,3,0,1,0,38.0,38.0,28.0,7.0,30.0,37.0,5,0.0,0.0,0.0,0,0,1,1,1,1,1,1,1,1,0,0.0
ST000396,1,True,20,50,20,45,0,12,0,30,12.0,0.0,0.0,0.0,3,3,0,0,0,24.0,29.0,32.0,18.0,46.0,63.0,8,7.0,28.0,4.0,2,0,1,0,0,1,1,1,1,1,0,0.0
ST000397,0,True,65,85,60,80,10,24,30,58,16.0,16.0,6.25,6.25,0,0,2,1,0,78.0,72.0,71.0,13.0,51.0,64.0,3,7.0,28.0,4.0,1,2,1,1,0,0,0,0,0,1,0,1.0
ST000397,0,True,65,85,60,80,10,24,30,58,16.0,16.0,6.25,6.25,0,0,2,1,0,77.0,76.0,69.0,24.0,37.0,61.0,3,7.0,28.0,4.0,1,2,1,1,0,0,0,0,0,1,0,1.0
ST000397,0,True,65,85,60,80,10,24,30,58,16.0,16.0,6.25,6.25,0,0,2,1,0,68.0,69.0,71.0,11.0,35.0,46.0,4,5.0,20.0,4.0,1,2,1,1,0,0,1,0,0,1,0,1.0
ST000397,0,True,65,85,60,80,10,24,30,58,16.0,16.0,6.25,6.25,0,0,2,1,0,83.0,74.0,68.0,11.0,44.0,55.0,2,6.0,24.0,4.0,1,2,1,1,0,0,0,0,0,1,0,1.0
ST000398,0,True,65,85,60,80,10,24,30,58,16.0,16.0,6.75,6.75,0,0,2,1,0,71.0,65.0,68.0,19.0,54.0,73.0,0,8.0,32.0,4.0,1,2,1,1,0,0,1,0,0,0,0,1.0
ST000398,0,True,65,85,60,80,10,24,30,58,16.0,16.0,6.75,6.75,0,0,2,1,1,76.0,73.0,65.0,21.0,31.0,52.0,2,6.0,24.0,4.0,1,2,1,1,0,0,0,0,0,0,1,1.0
ST000398,0,True,65,85,60,80,10,24,30,58,16.0,16.0,6.75,6.75,0,0,2,1,1,81.0,61.0,78.0,12.0,35.0,47.0,4,5.0,20.0,4.0,1,2,1,1,0,0,0,0,0,0,1,1.0
ST000398,0,True,65,85,60,80,10,24,30,58,16.0,16.0,6.75,6.75,0,0,2,1,0,77.0,70.0,63.0,12.0,58.0,70.0,0,8.0,32.0,4.0,1,2,1,1,0,0,0,0,0,0,0,1.0
ST000399,1,True,20,50,20,45,0,12,0,30,12.0,0.0,0.0,0.0,3,3,0,0,0,37.0,26.0,32.0,18.0,46.0,63.0,8,7.0,28.0,4.0,2,0,1,0,0,1,1,1,1,1,0,0.0
ST000399,1,True,20,50,20,45,0,12,0,30,12.0,0.0,0.0,0.0,3,3,0,1,1,39.0,26.0,29.0,8.0,5.0,13.0,5,0.0,0.0,0.0,0,0,1,1,1,1,1,1,1,1,1,0.0
ST000399,1,True,20,50,20,45,0,12,0,30,12.0,0.0,0.0,0.0,3,3,0,1,0,40.0,40.0,29.0,1.0,5.0,6.0,5,0.0,0.0,0.0,0,0,1,1,1,1,1,1,1,1,0,0.0
ST000399,1,True,20,50,20,45,0,12,0,30,12.0,0.0,0.0,0.0,3,3,0,1,0,46.0,31.0,32.0,11.0,14.0,25.0,5,0.0,0.0,0.0,0,0,1,1,1,1,1,1,1,1,0,0.0
ST000400,1,True,20,50,20,45,0,12,0,30,12.0,0.0,0.0,0.0,3,3,0,1,0,32.0,37.0,30.0,0.0,23.0,23.0,5,0.0,0.0,0.0,0,0,1,1,1,1,1,1,1,1,0,0.0
ST000400,1,True,20,50,20,45,0,12,0,30,12.0,0.0,0.0,0.0,3,3,0,1,1,49.0,38.0,34.0,1.0,11.0,12.0,5,0.0,0.0,0.0,0,0,1,1,1,1,1,1,1,1,1,0.0
ST000400,1,True,20,50,20,45,0,12,0,30,12.0,0.0,0.0,0.0,3,3,0,1,1,50.0,35.0,35.0,1.0,28.0,29.0,5,0.0,0.0,0.0,0,0,1,1,1,1,1,1,1,1,1,0.0
ST000400,1,True,20,50,20,45,0,12,0,30,12.0,0.0,0.0,0.0,3,3,0,0,0,39.0,38.0,28.0,18.0,46.0,63.0,8,7.0,28.0,4.0,2,0,1,0,0,1,1,1,1,1,0,0.0
ST000401,0,True,40,65,35,60,4,16,15,40,16.0,12.0,3.5,3.5,1,1,3,1,1,64.0,53.0,50.0,15.0,30.0,45.0,4,5.0,20.0,4.0,1,0,1,1,0,1,1,1,0,1,1,1.0
ST000401,0,True,40,65,35,60,4,16,15,40,16.0,12.0,3.5,3.5,1,1,3,1,0,63.0,47.0,49.0,16.0,33.0,49.0,4,5.0,20.0,4.0,1,0,1,1,0,1,1,1,1,1,0,1.0
ST000401,0,True,40,65,35,60,4,16,15,40,16.0,12.0,3.5,3.5,1,1,3,1,0,63.0,46.0,50.0,11.0,17.0,28.0,5,0.0,0.0,0.0,0,0,1,1,1,1,1,1,0,1,0,0.0
ST000401,0,True,40,65,35,60,4,16,15,40,16.0,12.0,3.5,3.5,1,1,3,1,0,57.0,46.0,49.0,11.0,33.0,44.0,7,4.0,16.0,4.0,1,0,1,1,0,1,1,1,1,1,0,1.0
ST000402,1,True,65,85,60,80,10,24,30,58,16.0,16.0,7.0,7.0,0,0,2,1,1,67.0,70.0,57.0,15.0,47.0,62.0,3,7.0,28.0,4.0,1,2,1,1,0,0,1,0,0,0,1,1.0
ST000402,1,True,65,85,60,80,10,24,30,58,16.0,16.0,7.0,7.0,0,0,2,1,0,79.0,80.0,78.0,16.0,58.0,74.0,0,8.0,32.0,4.0,1,1,1,1,0,0,0,0,0,0,0,1.0
ST000402,1,True,65,85,60,80,10,24,30,58,16.0,16.0,7.0,7.0,0,0,2,1,0,73.0,65.0,72.0,19.0,35.0,54.0,2,6.0,24.0,4.0,1,2,1,1,0,0,1,0,0,0,0,1.0
ST000402,1,True,65,85,60,80,10,24,30,58,16.0,16.0,7.0,7.0,0,0,2,1,0,84.0,72.0,75.0,18.0,42.0,60.0,3,7.0,28.0,4.0,1,1,1,1,0,0,0,0,0,0,0,1.0
ST000403,1,True,65,85,60,80,10,24,30,58,16.0,16.0,6.5,6.5,0,0,2,1,0,82.0,73.0,70.0,13.0,52.0,65.0,3,7.0,28.0,4.0,1,1,1,1,0,0,0,0,0,0,0,1.0
ST000403,1,True,65,85,60,80,10,24,30,58,16.0,16.0,6.5,6.5,0,0,2,1,0,69.0,68.0,56.0,14.0,44.0,58.0,2,6.0,24.0,4.0,1,2,1,1,0,0,1,0,0,0,0,1.0
ST000403,1,True,65,85,60,80,10,24,30,58,16.0,16.0,6.5,6.5,0,0,2,1,0,66.0,63.0,57.0,17.0,45.0,62.0,3,7.0,28.0,4.0,1,2,1,1,0,0,1,0,0,0,0,1.0
ST000403,1,True,65,85,60,80,10,24,30,58,16.0,16.0,6.5,6.5,0,0,2,1,0,81.0,63.0,75.0,10.0,46.0,56.0,2,6.0,24.0,4.0,1,2,1,1,0,0,0,0,0,0,0,1.0
ST000404,1,True,80,95,75,90,18,28,45,65,16.0,16.0,8.25,8.25,0,0,2,1,0,94.0,84.0,92.0,27.0,45.0,72.0,0,8.0,32.0,4.0,1,1,1,1,0,0,0,0,0,0,0,1.0
ST000404,1,True,80,95,75,90,18,28,45,65,16.0,16.0,8.25,8.25,0,0,2,1,0,95.0,75.0,81.0,24.0,65.0,89.0,1,9.0,36.0,4.0,1,1,1,1,0,0,0,0,0,0,0,1.0
ST000404,1,True,80,95,75,90,18,28,45,65,16.0,16.0,8.25,8.25,0,0,2,1,0,84.0,87.0,90.0,18.0,53.0,71.0,0,8.0,32.0,4.0,1,1,1,1,0,0,0,0,0,0,0,1.0
ST000404,1,True,80,95,75,90,18,28,45,65,16.0,16.0,8.25,8.25,0,0,2,1,0,88.0,87.0,91.0,18.0,58.0,76.0,0,8.0,32.0,4.0,1,1,1,1,0,0,0,0,0,0,0,1.0
ST000405,0,True,65,85,60,80,10,24,30,58,12.0,12.0,6.67,6.67,0,0,2,1,0,70.0,61.0,79.0,21.0,56.0,77.0,0,8.0,32.0,4.0,1,2,1,1,0,0,1,0,0,0,0,1.0
ST000405,0,True,65,85,60,80,10,24,30,58,12.0,12.0,6.67,6.67,0,0,2,1,0,78.0,74.0,77.0,13.0,31.0,44.0,7,4.0,16.0,4.0,1,1,1,1,0,0,0,0,0,0,0,1.0
ST000405,0,True,65,85,60,80,10,24,30,58,12.0,12.0,6.67,6.67,0,0,2,1,0,74.0,79.0,66.0,20.0,50.0,70.0,0,8.0,32.0,4.0,1,2,1,1,0,0,1,0,0,0,0,1.0
ST000405,0,True,65,85,60,80,10,24,30,58,12.0,12.0,6.67,6.67,0,0,2,0,0,72.0,75.0,72.0,18.0,46.0,63.0,8,7.0,28.0,4.0,2,2,1,0,0,0,1,0,0,0,0,0.0
ST000406,0,True,65,85,60,80,10,24,30,58,16.0,16.0,7.0,7.0,0,0,2,1,0,73.0,63.0,76.0,17.0,55.0,72.0,0,8.0,32.0,4.0,1,2,1,1,0,0,1,0,0,0,0,1.0
ST000406,0,True,65,85,60,80,10,24,30,58,16.0,16.0,7.0,7.0,0,0,2,1,0,81.0,74.0,66.0,15.0,31.0,46.0,4,5.0,20.0,4.0,1,1,1,1,0,0,0,0,0,0,0,1.0
ST000406,0,True,65,85,60,80,10,24,30,58,16.0,16.0,7.0,7.0,0,0,2,1,0,80.0,74.0,80.0,11.0,52.0,63.0,3,7.0,28.0,4.0,1,1,1,1,0,0,0,0,0,0,0,1.0
ST000406,0,True,65,85,60,80,10,24,30,58,16.0,16.0,7.0,7.0,0,0,2,1,0,73.0,67.0,74.0,24.0,48.0,72.0,0,8.0,32.0,4.0,1,1,1,1,0,0,1,0,0,0,0,1.0
ST000407,0,True,65,85,60,80,10,24,30,58,16.0,16.0,6.0,6.0,0,0,2,1,0,73.0,69.0,77.0,13.0,32.0,45.0,4,5.0,20.0,4.0,1,2,1,1,0,0,1,0,0,1,0,1.0
ST000407,0,True,65,85,60,80,10,24,30,58,16.0,16.0,6.0,6.0,0,0,2,1,0,76.0,76.0,71.0,19.0,35.0,54.0,2,6.0,24.0,4.0,1,2,1,1,0,0,0,0,0,1,0,1.0
ST000407,0,True,65,85,60,80,10,24,30,58,16.0,16.0,6.0,6.0,0,0,2,1,0,68.0,72.0,73.0,18.0,36.0,54.0,2,6.0,24.0,4.0,1,2,1,1,0,0,1,0,0,1,0,1.0
ST000407,0,True,65,85,60,80,10,24,30,58,16.0,16.0,6.0,6.0,0,0,2,1,0,67.0,64.0,67.0,23.0,41.0,64.0,3,7.0,28.0,4.0,1,2,1,1,0,0,1,0,0,1,0,1.0
ST000408,1,True,40,65,35,60,4,16,15,40,12.0,4.0,1.33,1.33,2,2,3,1,1,51.0,40.0,46.0,16.0,24.0,40.0,7,4.0,16.0,4.0,1,0,1,1,0,1,1,1,1,1,1,1.0
ST000408,1,True,40,65,35,60,4,16,15,40,12.0,4.0,1.33,1.33,2,2,3,0,0,57.0,54.0,48.0,18.0,46.0,63.0,8,7.0,28.0,4.0,2,0,1,0,0,1,1,1,1,1,0,0.0
ST000408,1,True,40,65,35,60,4,16,15,40,12.0,4.0,1.33,1.33,2,2,3,1,0,62.0,52.0,49.0,8.0,25.0,33.0,5,0.0,0.0,0.0,0,0,1,1,1,1,1,1,1,1,0,0.0
ST000408,1,True,40,65,35,60,4,16,15,40,12.0,4.0,1.33,1.33,2,2,3,1,0,57.0,41.0,48.0,11.0,28.0,39.0,5,0.0,0.0,0.0,0,0,1,1,1,1,1,1,1,1,0,0.0
ST000409,1,True,55,75,50,70,8,20,25,50,16.0,8.0,3.0,3.0,2,2,3,1,0,60.0,59.0,50.0,8.0,27.0,35.0,5,0.0,0.0,0.0,0,0,1,1,1,1,1,1,0,1,0,0.0
ST000409,1,True,55,75,50,70,8,20,25,50,16.0,8.0,3.0,3.0,2,2,3,1,0,72.0,54.0,61.0,9.0,29.0,38.0,5,0.0,0.0,0.0,0,0,1,1,1,1,1,1,0,1,0,0.0
ST000409,1,True,55,75,50,70,8,20,25,50,16.0,8.0,3.0,3.0,2,2,3,1,0,58.0,57.0,64.0,9.0,39.0,48.0,4,5.0,20.0,4.0,1,0,1,1,0,1,1,1,0,1,0,1.0
ST000409,1,True,55,75,50,70,8,20,25,50,16.0,8.0,3.0,3.0,2,2,3,1,0,75.0,55.0,64.0,18.0,49.0,67.0,3,7.0,28.0,4.0,1,0,1,1,0,1,0,1,0,1,0,1.0
ST000410,1,True,65,85,60,80,10,24,30,58,16.0,16.0,6.5,6.5,0,0,2,1,0,79.0,76.0,74.0,23.0,40.0,63.0,3,7.0,28.0,4.0,1,1,1,1,0,0,0,0,0,0,0,1.0
ST000410,1,True,65,85,60,80,10,24,30,58,16.0,16.0,6.5,6.5,0,0,2,1,0,73.0,69.0,74.0,12.0,56.0,68.0,3,7.0,28.0,4.0,1,2,1,1,0,0,1,0,0,0,0,1.0
ST000410,1,True,65,85,60,80,10,24,30,58,16.0,16.0,6.5,6.5,0,0,2,1,0,73.0,75.0,79.0,17.0,37.0,54.0,2,6.0,24.0,4.0,1,1,1,1,0,0,1,0,0,0,0,1.0
ST000410,1,True,65,85,60,80,10,24,30,58,16.0,16.0,6.5,6.5,0,0,2,1,0,74.0,70.0,80.0,20.0,32.0,52.0,2,6.0,24.0,4.0,1,2,1,1,0,0,1,0,0,0,0,1.0
ST000411,0,True,65,85,60,80,10,24,30,58,12.0,12.0,6.33,6.33,0,0,2,1,0,80.0,79.0,77.0,12.0,43.0,55.0,2,6.0,24.0,4.0,1,1,1,1,0,0,0,0,0,1,0,1.0
ST000411,0,True,65,85,60,80,10,24,30,58,12.0,12.0,6.33,6.33,0,0,2,0,0,78.0,76.0,70.0,18.0,46.0,63.0,8,7.0,28.0,4.0,2,2,1,0,0,0,0,0,0,1,0,0.0
ST000411,0,True,65,85,60,80,10,24,30,58,12.0,12.0,6.33,6.33,0,0,2,1,0,73.0,74.0,76.0,23.0,38.0,61.0,3,7.0,28.0,4.0,1,2,1,1,0,0,1,0,0,1,0,1.0
ST000411,0,True,65,85,60,80,10,24,30,58,12.0,12.0,6.33,6.33,0,0,2,1,0,71.0,75.0,77.0,18.0,34.0,52.0,2,6.0,24.0,4.0,1,2,1,1,0,0,1,0,0,1,0,1.0
ST000412,0,True,55,75,50,70,8,20,25,50,12.0,12.0,7.0,7.0,0,0,2,1,0,70.0,66.0,61.0,12.0,49.0,61.0,3,7.0,28.0,4.0,1,2,1,1,0,0,1,0,0,0,0,1.0
ST000412,0,True,55,75,50,70,8,20,25,50,12.0,12.0,7.0,7.0,0,0,2,1,0,71.0,57.0,57.0,17.0,45.0,62.0,3,7.0,28.0,4.0,1,2,1,1,0,0,1,1,0,0,0,1.0
ST000412,0,True,55,75,50,70,8,20,25,50,12.0,12.0,7.0,7.0,0,0,2,1,0,60.0,60.0,57.0,16.0,49.0,65.0,3,7.0,28.0,4.0,1,2,1,1,0,0,1,0,0,0,0,1.0
ST000412,0,True,55,75,50,70,8,20,25,50,12.0,12.0,7.0,7.0,0,0,2,0,0,70.0,65.0,65.0,18.0,46.0,63.0,8,7.0,28.0,4.0,2,2,1,0,0,0,1,0,0,0,0,0.0
ST000413,0,True,20,50,20,45,0,12,0,30,16.0,0.0,0.0,0.0,4,4,0,1,0,31.0,28.0,16.0,5.0,6.0,11.0,5,0.0,0.0,0.0,0,0,1,1,1,1,1,1,1,1,0,0.0
ST000413,0,True,20,50,20,45,0,12,0,30,16.0,0.0,0.0,0.0,4,4,0,1,0,35.0,40.0,30.0,3.0,22.0,25.0,5,0.0,0.0,0.0,0,0,1,1,1,1,1,1,1,1,0,0.0
ST000413,0,True,20,50,20,45,0,12,0,30,16.0,0.0,0.0,0.0,4,4,0,1,0,36.0,20.0,22.0,8.0,2.0,10.0,5,0.0,0.0,0.0,0,0,1,1,1,1,1,1,1,1,0,0.0
ST000413,0,True,20,50,20,45,0,12,0,30,16.0,0.0,0.0,0.0,4,4,0,1,1,36.0,36.0,28.0,7.0,13.0,20.0,5,0.0,0.0,0.0,0,0,1,1,1,1,1,1,1,1,1,0.0
ST000414,0,True,80,95,75,90,18,28,45,65,16.0,16.0,8.0,8.0,0,0,2,1,0,91.0,77.0,92.0,27.0,62.0,89.0,1,9.0,36.0,4.0,1,1,1,1,0,0,0,0,0,0,0,1.0
ST000414,0,True,80,95,75,90,18,28,45,65,16.0,16.0,8.0,8.0,0,0,2,1,0,89.0,88.0,80.0,25.0,47.0,72.0,0,8.0,32.0,4.0,1,1,1,1,0,0,0,0,0,0,0,1.0
ST000414,0,True,80,95,75,90,18,28,45,65,16.0,16.0,8.0,8.0,0,0,2,1,0,93.0,82.0,92.0,19.0,53.0,72.0,0,8.0,32.0,4.0,1,1,1,1,0,0,0,0,0,0,0,1.0
ST000414,0,True,80,95,75,90,18,28,45,65,16.0,16.0,8.0,8.0,0,0,2,1,0,94.0,86.0,79.0,20.0,48.0,68.0,3,7.0,28.0,4.0,1,1,1,1,0,0,0,0,0,0,0,1.0
ST000415,0,True,65,85,60,80,10,24,30,58,16.0,16.0,7.25,7.25,0,0,2,1,0,66.0,66.0,51.0,16.0,56.0,72.0,0,8.0,32.0,4.0,1,2,1,1,0,0,1,0,0,0,0,1.0
ST000415,0,True,65,85,60,80,10,24,30,58,16.0,16.0,7.25,7.25,0,0,2,1,0,84.0,64.0,69.0,20.0,45.0,65.0,3,7.0,28.0,4.0,1,1,1,1,0,0,0,0,0,0,0,1.0
ST000415,0,True,65,85,60,80,10,24,30,58,16.0,16.0,7.25,7.25,0,0,2,1,0,68.0,66.0,70.0,16.0,47.0,63.0,3,7.0,28.0,4.0,1,2,1,1,0,0,1,0,0,0,0,1.0
ST000415,0,True,65,85,60,80,10,24,30,58,16.0,16.0,7.25,7.25,0,0,2,1,0,85.0,77.0,79.0,23.0,40.0,63.0,3,7.0,28.0,4.0,1,1,1,1,0,0,0,0,0,0,0,1.0
ST000416,1,True,20,50,20,45,0,12,0,30,12.0,4.0,1.33,1.33,2,2,3,0,0,50.0,43.0,35.0,18.0,46.0,63.0,8,7.0,28.0,4.0,2,0,1,0,0,1,1,1,1,1,0,0.0
ST000416,1,True,20,50,20,45,0,12,0,30,12.0,4.0,1.33,1.33,2,2,3,1,0,27.0,24.0,27.0,10.0,9.0,19.0,5,0.0,0.0,0.0,0,0,1,1,1,1,1,1,1,1,0,0.0
ST000416,1,True,20,50,20,45,0,12,0,30,12.0,4.0,1.33,1.33,2,2,3,1,0,21.0,20.0,9.0,12.0,29.0,41.0,7,4.0,16.0,4.0,1,0,1,1,0,1,1,1,1,1,0,1.0
ST000416,1,True,20,50,20,45,0,12,0,30,12.0,4.0,1.33,1.33,2,2,3,1,0,25.0,22.0,31.0,10.0,16.0,26.0,5,0.0,0.0,0.0,0,0,1,1,1,1,1,1,1,1,0,0.0
ST000417,0,True,80,95,75,90,18,28,45,65,16.0,16.0,8.5,8.5,0,0,2,1,0,84.0,77.0,70.0,23.0,52.0,75.0,0,8.0,32.0,4.0,1,1,1,1,0,0,0,0,0,0,0,1.0
ST000417,0,True,80,95,75,90,18,28,45,65,16.0,16.0,8.5,8.5,0,0,2,1,0,88.0,77.0,76.0,28.0,65.0,93.0,6,10.0,40.0,4.0,1,1,1,1,0,0,0,0,0,0,0,1.0
ST000417,0,True,80,95,75,90,18,28,45,65,16.0,16.0,8.5,8.5,0,0,2,1,0,83.0,81.0,80.0,18.0,60.0,78.0,0,8.0,32.0,4.0,1,1,1,1,0,0,0,0,0,0,0,1.0
ST000417,0,True,80,95,75,90,18,28,45,65,16.0,16.0,8.5,8.5,0,0,2,1,0,87.0,75.0,84.0,26.0,48.0,74.0,0,8.0,32.0,4.0,1,1,1,1,0,0,0,0,0,0,0,1.0
ST000418,0,True,65,85,60,80,10,24,30,58,16.0,16.0,7.25,7.25,0,0,2,1,0,74.0,60.0,79.0,11.0,46.0,57.0,2,6.0,24.0,4.0,1,1,1,1,0,0,1,0,0,0,0,1.0
ST000418,0,True,65,85,60,80,10,24,30,58,16.0,16.0,7.25,7.25,0,0,2,1,0,70.0,63.0,55.0,15.0,55.0,70.0,0,8.0,32.0,4.0,1,2,1,1,0,0,1,0,0,0,0,1.0
ST000418,0,True,65,85,60,80,10,24,30,58,16.0,16.0,7.25,7.25,0,0,2,1,0,72.0,70.0,70.0,16.0,48.0,64.0,3,7.0,28.0,4.0,1,1,1,1,0,0,1,0,0,0,0,1.0
ST000418,0,True,65,85,60,80,10,24,30,58,16.0,16.0,7.25,7.25,0,0,2,1,1,81.0,62.0,70.0,20.0,51.0,71.0,0,8.0,32.0,4.0,1,2,1,1,0,0,0,0,0,0,1,1.0
ST000419,0,True,80,95,75,90,18,28,45,65,16.0,16.0,8.75,8.75,0,0,2,1,0,94.0,82.0,88.0,27.0,58.0,85.0,1,9.0,36.0,4.0,1,1,1,1,0,0,0,0,0,0,0,1.0
ST000419,0,True,80,95,75,90,18,28,45,65,16.0,16.0,8.75,8.75,0,0,2,1,0,80.0,85.0,85.0,26.0,48.0,74.0,0,8.0,32.0,4.0,1,1,1,1,0,0,0,0,0,0,0,1.0
ST000419,0,True,80,95,75,90,18,28,45,65,16.0,16.0,8.75,8.75,0,0,2,1,0,95.0,77.0,92.0,24.0,50.0,74.0,0,8.0,32.0,4.0,1,1,1,1,0,0,0,0,0,0,0,1.0
ST000419,0,True,80,95,75,90,18,28,45,65,16.0,16.0,8.75,8.75,0,0,2,1,0,83.0,79.0,91.0,28.0,64.0,92.0,6,10.0,40.0,4.0,1,1,1,1,0,0,0,0,0,0,0,1.0
ST000420,1,True,80,95,75,90,18,28,45,65,16.0,16.0,8.25,8.25,0,0,2,1,0,83.0,75.0,82.0,23.0,62.0,85.0,1,9.0,36.0,4.0,1,1,1,1,0,0,0,0,0,0,0,1.0
ST000420,1,True,80,95,75,90,18,28,45,65,16.0,16.0,8.25,8.25,0,0,2,1,0,87.0,88.0,73.0,22.0,56.0,78.0,0,8.0,32.0,4.0,1,1,1,1,0,0,0,0,0,0,0,1.0
ST000420,1,True,80,95,75,90,18,28,45,65,16.0,16.0,8.25,8.25,0,0,2,1,0,88.0,76.0,91.0,22.0,51.0,73.0,0,8.0,32.0,4.0,1,1,1,1,0,0,0,0,0,0,0,1.0
ST000420,1,True,80,95,75,90,18,28,45,65,16.0,16.0,8.25,8.25,0,0,2,1,0,92.0,90.0,81.0,20.0,57.0,77.0,0,8.0,32.0,4.0,1,1,1,1,0,0,0,0,0,0,0,1.0
ST000421,1,True,65,85,60,80,10,24,30,58,16.0,16.0,6.75,6.75,0,0,2,1,0,69.0,65.0,60.0,19.0,38.0,57.0,2,6.0,24.0,4.0,1,2,1,1,0,0,1,0,0,0,0,1.0
ST000421,1,True,65,85,60,80,10,24,30,58,16.0,16.0,6.75,6.75,0,0,2,1,0,83.0,74.0,74.0,15.0,46.0,61.0,3,7.0,28.0,4.0,1,1,1,1,0,0,0,0,0,0,0,1.0
ST000421,1,True,65,85,60,80,10,24,30,58,16.0,16.0,6.75,6.75,0,0,2,1,0,80.0,60.0,73.0,22.0,46.0,68.0,3,7.0,28.0,4.0,1,2,1,1,0,0,0,0,0,0,0,1.0
ST000421,1,True,65,85,60,80,10,24,30,58,16.0,16.0,6.75,6.75,0,0,2,1,0,74.0,75.0,78.0,16.0,44.0,60.0,3,7.0,28.0,4.0,1,1,1,1,0,0,1,0,0,0,0,1.0
ST000422,0,True,55,75,50,70,8,20,25,50,16.0,12.0,4.0,4.0,1,1,3,1,0,61.0,60.0,55.0,9.0,30.0,39.0,5,0.0,0.0,0.0,0,0,1,1,1,1,1,0,0,1,0,0.0
ST000422,0,True,55,75,50,70,8,20,25,50,16.0,12.0,4.0,4.0,1,1,3,1,0,70.0,70.0,58.0,20.0,49.0,69.0,3,7.0,28.0,4.0,1,2,1,1,0,1,1,0,0,1,0,1.0
ST000422,0,True,55,75,50,70,8,20,25,50,16.0,12.0,4.0,4.0,1,1,3,1,0,68.0,67.0,56.0,15.0,26.0,41.0,7,4.0,16.0,4.0,1,2,1,1,0,1,1,0,0,1,0,1.0
ST000422,0,True,55,75,50,70,8,20,25,50,16.0,12.0,4.0,4.0,1,1,3,1,1,71.0,55.0,62.0,15.0,30.0,45.0,4,5.0,20.0,4.0,1,0,1,1,0,1,1,1,0,1,1,1.0
ST000423,0,True,80,95,75,90,18,28,45,65,16.0,16.0,8.0,8.0,0,0,2,1,0,92.0,88.0,78.0,25.0,53.0,78.0,0,8.0,32.0,4.0,1,1,1,1,0,0,0,0,0,0,0,1.0
ST000423,0,True,80,95,75,90,18,28,45,65,16.0,16.0,8.0,8.0,0,0,2,1,0,89.0,86.0,76.0,21.0,60.0,81.0,1,9.0,36.0,4.0,1,1,1,1,0,0,0,0,0,0,0,1.0
ST000423,0,True,80,95,75,90,18,28,45,65,16.0,16.0,8.0,8.0,0,0,2,1,0,88.0,85.0,75.0,19.0,48.0,67.0,3,7.0,28.0,4.0,1,1,1,1,0,0,0,0,0,0,0,1.0
ST000423,0,True,80,95,75,90,18,28,45,65,16.0,16.0,8.0,8.0,0,0,2,1,0,87.0,85.0,81.0,18.0,59.0,77.0,0,8.0,32.0,4.0,1,1,1,1,0,0,0,0,0,0,0,1.0
ST000424,0,True,80,95,75,90,18,28,45,65,16.0,16.0,7.75,7.75,0,0,2,1,0,93.0,88.0,85.0,18.0,50.0,68.0,3,7.0,28.0,4.0,1,1,1,1,0,0,0,0,0,0,0,1.0
ST000424,0,True,80,95,75,90,18,28,45,65,16.0,16.0,7.75,7.75,0,0,2,1,0,92.0,87.0,79.0,24.0,55.0,79.0,0,8.0,32.0,4.0,1,1,1,1,0,0,0,0,0,0,0,1.0
ST000424,0,True,80,95,75,90,18,28,45,65,16.0,16.0,7.75,7.75,0,0,2,1,0,92.0,79.0,85.0,19.0,58.0,77.0,0,8.0,32.0,4.0,1,1,1,1,0,0,0,0,0,0,0,1.0
ST000424,0,True,80,95,75,90,18,28,45,65,16.0,16.0,7.75,7.75,0,0,2,1,0,86.0,89.0,75.0,28.0,51.0,79.0,0,8.0,32.0,4.0,1,1,1,1,0,0,0,0,0,0,0,1.0
ST000425,0,True,55,75,50,70,8,20,25,50,12.0,12.0,6.33,6.33,0,0,2,1,1,56.0,51.0,45.0,20.0,47.0,67.0,3,7.0,28.0,4.0,1,2,1,1,0,0,1,1,1,1,1,1.0
ST000425,0,True,55,75,50,70,8,20,25,50,12.0,12.0,6.33,6.33,0,0,2,1,0,64.0,67.0,61.0,15.0,31.0,46.0,4,5.0,20.0,4.0,1,2,1,1,0,0,1,0,0,1,0,1.0
ST000425,0,True,55,75,50,70,8,20,25,50,12.0,12.0,6.33,6.33,0,0,2,1,1,67.0,60.0,62.0,18.0,42.0,60.0,3,7.0,28.0,4.0,1,2,1,1,0,0,1,0,0,1,1,1.0
ST000425,0,True,55,75,50,70,8,20,25,50,12.0,12.0,6.33,6.33,0,0,2,0,0,64.0,57.0,57.0,18.0,46.0,63.0,8,7.0,28.0,4.0,2,2,1,0,0,0,1,1,0,1,0,0.0
ST000426,0,True,40,65,35,60,4,16,15,40,16.0,4.0,1.0,1.0,3,3,0,1,0,48.0,41.0,38.0,10.0,31.0,41.0,7,4.0,16.0,4.0,1,0,1,1,0,1,1,1,1,1,0,1.0
ST000426,0,True,40,65,35,60,4,16,15,40,16.0,4.0,1.0,1.0,3,3,0,1,0,48.0,45.0,40.0,5.0,30.0,35.0,5,0.0,0.0,0.0,0,0,1,1,1,1,1,1,1,1,0,0.0
ST000426,0,True,40,65,35,60,4,16,15,40,16.0,4.0,1.0,1.0,3,3,0,1,0,58.0,50.0,44.0,5.0,34.0,39.0,5,0.0,0.0,0.0,0,0,1,1,1,1,1,1,1,1,0,0.0
ST000426,0,True,40,65,35,60,4,16,15,40,16.0,4.0,1.0,1.0,3,3,0,1,0,48.0,43.0,50.0,5.0,32.0,37.0,5,0.0,0.0,0.0,0,0,1,1,1,1,1,1,0,1,0,0.0
ST000427,1,True,65,85,60,80,10,24,30,58,16.0,16.0,6.75,6.75,0,0,2,1,1,83.0,75.0,73.0,10.0,51.0,61.0,3,7.0,28.0,4.0,1,2,1,1,0,0,0,0,0,0,1,1.0
ST000427,1,True,65,85,60,80,10,24,30,58,16.0,16.0,6.75,6.75,0,0,2,1,0,77.0,73.0,64.0,23.0,43.0,66.0,3,7.0,28.0,4.0,1,2,1,1,0,0,0,0,0,0,0,1.0
ST000427,1,True,65,85,60,80,10,24,30,58,16.0,16.0,6.75,6.75,0,0,2,1,0,71.0,70.0,76.0,20.0,56.0,76.0,0,8.0,32.0,4.0,1,2,1,1,0,0,1,0,0,0,0,1.0
ST000427,1,True,65,85,60,80,10,24,30,58,16.0,16.0,6.75,6.75,0,0,2,1,0,71.0,75.0,57.0,17.0,30.0,47.0,4,5.0,20.0,4.0,1,2,1,1,0,0,1,0,0,0,0,1.0
ST000428,1,True,20,50,20,45,0,12,0,30,12.0,0.0,0.0,0.0,3,3,0,1,1,41.0,39.0,35.0,3.0,13.0,16.0,5,0.0,0.0,0.0,0,0,1,1,1,1,1,1,1,1,1,0.0
ST000428,1,True,20,50,20,45,0,12,0,30,12.0,0.0,0.0,0.0,3,3,0,1,1,34.0,35.0,29.0,1.0,4.0,5.0,5,0.0,0.0,0.0,0,0,1,1,1,1,1,1,1,1,1,0.0
ST000428,1,True,20,50,20,45,0,12,0,30,12.0,0.0,0.0,0.0,3,3,0,0,0,20.0,22.0,30.0,18.0,46.0,63.0,8,7.0,28.0,4.0,2,0,1,0,0,1,1,1,1,1,0,0.0
ST000428,1,True,20,50,20,45,0,12,0,30,12.0,0.0,0.0,0.0,3,3,0,1,1,27.0,25.0,13.0,0.0,9.0,9.0,5,0.0,0.0,0.0,0,0,1,1,1,1,1,1,1,1,1,0.0
ST000429,1,True,55,75,50,70,8,20,25,50,8.0,8.0,6.0,6.0,0,0,2,0,0,74.0,69.0,61.0,18.0,46.0,63.0,8,7.0,28.0,4.0,2,2,1,0,0,0,1,0,0,1,0,0.0
ST000429,1,True,55,75,50,70,8,20,25,50,8.0,8.0,6.0,6.0,0,0,2,1,0,69.0,68.0,57.0,10.0,37.0,47.0,4,5.0,20.0,4.0,1,2,1,1,0,0,1,0,0,1,0,1.0
ST000429,1,True,55,75,50,70,8,20,25,50,8.0,8.0,6.0,6.0,0,0,2,1,0,56.0,57.0,56.0,18.0,43.0,61.0,3,7.0,28.0,4.0,1,2,1,1,0,0,1,1,0,1,0,1.0
ST000429,1,True,55,75,50,70,8,20,25,50,8.0,8.0,6.0,6.0,0,0,2,0,0,68.0,63.0,55.0,18.0,46.0,63.0,8,7.0,28.0,4.0,2,2,1,0,0,0,1,0,0,1,0,0.0
ST000430,1,True,40,65,35,60,4,16,15,40,12.0,0.0,0.0,0.0,3,3,0,0,0,52.0,50.0,48.0,18.0,46.0,63.0,8,7.0,28.0,4.0,2,0,1,0,0,1,1,1,1,1,0,0.0
ST000430,1,True,40,65,35,60,4,16,15,40,12.0,0.0,0.0,0.0,3,3,0,1,1,46.0,43.0,37.0,11.0,24.0,35.0,5,0.0,0.0,0.0,0,0,1,1,1,1,1,1,1,1,1,0.0
ST000430,1,True,40,65,35,60,4,16,15,40,12.0,0.0,0.0,0.0,3,3,0,1,0,51.0,42.0,37.0,11.0,20.0,31.0,5,0.0,0.0,0.0,0,0,1,1,1,1,1,1,1,1,0,0.0
ST000430,1,True,40,65,35,60,4,16,15,40,12.0,0.0,0.0,0.0,3,3,0,1,0,63.0,47.0,49.0,16.0,15.0,31.0,5,0.0,0.0,0.0,0,0,1,1,1,1,1,1,1,1,0,0.0
ST000431,1,True,65,85,60,80,10,24,30,58,16.0,16.0,7.0,7.0,0,0,2,1,0,68.0,66.0,77.0,23.0,42.0,65.0,3,7.0,28.0,4.0,1,2,1,1,0,0,1,0,0,0,0,1.0
ST000431,1,True,65,85,60,80,10,24,30,58,16.0,16.0,7.0,7.0,0,0,2,1,0,71.0,68.0,67.0,19.0,50.0,69.0,3,7.0,28.0,4.0,1,2,1,1,0,0,1,0,0,0,0,1.0
ST000431,1,True,65,85,60,80,10,24,30,58,16.0,16.0,7.0,7.0,0,0,2,1,0,70.0,64.0,69.0,13.0,40.0,53.0,2,6.0,24.0,4.0,1,2,1,1,0,0,1,0,0,0,0,1.0
ST000431,1,True,65,85,60,80,10,24,30,58,16.0,16.0,7.0,7.0,0,0,2,1,0,81.0,63.0,70.0,24.0,48.0,72.0,0,8.0,32.0,4.0,1,1,1,1,0,0,0,0,0,0,0,1.0
ST000432,0,True,55,75,50,70,8,20,25,50,16.0,16.0,5.0,5.0,0,0,2,1,0,74.0,55.0,62.0,12.0,34.0,46.0,4,5.0,20.0,4.0,1,2,1,1,0,0,1,1,0,1,0,1.0
ST000432,0,True,55,75,50,70,8,20,25,50,16.0,16.0,5.0,5.0,0,0,2,1,0,70.0,68.0,59.0,10.0,44.0,54.0,2,6.0,24.0,4.0,1,2,1,1,0,0,1,0,0,1,0,1.0
ST000432,0,True,55,75,50,70,8,20,25,50,16.0,16.0,5.0,5.0,0,0,2,1,0,66.0,54.0,63.0,9.0,40.0,49.0,4,5.0,20.0,4.0,1,2,1,1,0,0,1,1,0,1,0,1.0
ST000432,0,True,55,75,50,70,8,20,25,50,16.0,16.0,5.0,5.0,0,0,2,1,1,70.0,57.0,59.0,16.0,27.0,43.0,7,4.0,16.0,4.0,1,2,1,1,0,0,1,1,0,1,1,1.0
ST000433,1,True,40,65,35,60,4,16,15,40,16.0,8.0,2.5,2.5,2,2,3,1,0,57.0,37.0,43.0,14.0,30.0,44.0,7,4.0,16.0,4.0,1,0,1,1,0,1,1,1,1,1,0,1.0
ST000433,1,True,40,65,35,60,4,16,15,40,16.0,8.0,2.5,2.5,2,2,3,1,0,49.0,38.0,37.0,15.0,22.0,37.0,5,0.0,0.0,0.0,0,0,1,1,1,1,1,1,1,1,0,0.0
ST000433,1,True,40,65,35,60,4,16,15,40,16.0,8.0,2.5,2.5,2,2,3,1,0,62.0,45.0,49.0,14.0,37.0,51.0,2,6.0,24.0,4.0,1,0,1,1,0,1,1,1,1,1,0,1.0
ST000433,1,True,40,65,35,60,4,16,15,40,16.0,8.0,2.5,2.5,2,2,3,1,0,43.0,37.0,39.0,8.0,27.0,35.0,5,0.0,0.0,0.0,0,0,1,1,1,1,1,1,1,1,0,0.0
ST000434,0,True,40,65,35,60,4,16,15,40,8.0,4.0,2.0,2.0,1,1,3,1,0,52.0,39.0,44.0,7.0,17.0,24.0,5,0.0,0.0,0.0,0,0,1,1,1,1,1,1,1,1,0,0.0
ST000434,0,True,40,65,35,60,4,16,15,40,8.0,4.0,2.0,2.0,1,1,3,0,0,64.0,55.0,50.0,18.0,46.0,63.0,8,7.0,28.0,4.0,2,0,1,0,0,1,1,1,0,1,0,0.0
ST000434,0,True,40,65,35,60,4,16,15,40,8.0,4.0,2.0,2.0,1,1,3,0,0,55.0,41.0,48.0,18.0,46.0,63.0,8,7.0,28.0,4.0,2,0,1,0,0,1,1,1,1,1,0,0.0
ST000434,0,True,40,65,35,60,4,16,15,40,8.0,4.0,2.0,2.0,1,1,3,1,0,58.0,57.0,48.0,12.0,31.0,43.0,7,4.0,16.0,4.0,1,0,1,1,0,1,1,1,1,1,0,1.0
ST000435,1,True,80,95,75,90,18,28,45,65,16.0,16.0,8.5,8.5,0,0,2,1,0,80.0,82.0,72.0,21.0,53.0,74.0,0,8.0,32.0,4.0,1,1,1,1,0,0,0,0,0,0,0,1.0
ST000435,1,True,80,95,75,90,18,28,45,65,16.0,16.0,8.5,8.5,0,0,2,1,0,85.0,76.0,70.0,20.0,61.0,81.0,1,9.0,36.0,4.0,1,1,1,1,0,0,0,0,0,0,0,1.0
ST000435,1,True,80,95,75,90,18,28,45,65,16.0,16.0,8.5,8.5,0,0,2,1,0,92.0,87.0,80.0,21.0,61.0,82.0,1,9.0,36.0,4.0,1,1,1,1,0,0,0,0,0,0,0,1.0
ST000435,1,True,80,95,75,90,18,28,45,65,16.0,16.0,8.5,8.5,0,0,2,1,0,86.0,81.0,78.0,22.0,51.0,73.0,0,8.0,32.0,4.0,1,1,1,1,0,0,0,0,0,0,0,1.0
ST000436,0,True,55,75,50,70,8,20,25,50,12.0,12.0,6.67,6.67,0,0,2,1,0,64.0,55.0,64.0,16.0,47.0,63.0,3,7.0,28.0,4.0,1,2,1,1,0,0,1,1,0,0,0,1.0
ST000436,0,True,55,75,50,70,8,20,25,50,12.0,12.0,6.67,6.67,0,0,2,1,0,56.0,50.0,54.0,15.0,32.0,47.0,4,5.0,20.0,4.0,1,2,1,1,0,0,1,1,0,0,0,1.0
ST000436,0,True,55,75,50,70,8,20,25,50,12.0,12.0,6.67,6.67,0,0,2,1,0,60.0,52.0,60.0,20.0,50.0,70.0,0,8.0,32.0,4.0,1,2,1,1,0,0,1,1,0,0,0,1.0
ST000436,0,True,55,75,50,70,8,20,25,50,12.0,12.0,6.67,6.67,0,0,2,0,0,55.0,54.0,59.0,18.0,46.0,63.0,8,7.0,28.0,4.0,2,2,1,0,0,0,1,1,0,0,0,0.0
ST000437,0,True,80,95,75,90,18,28,45,65,16.0,16.0,8.25,8.25,0,0,2,1,0,91.0,90.0,81.0,21.0,50.0,71.0,0,8.0,32.0,4.0,1,1,1,1,0,0,0,0,0,0,0,1.0
ST000437,0,True,80,95,75,90,18,28,45,65,16.0,16.0,8.25,8.25,0,0,2,1,0,91.0,88.0,92.0,26.0,49.0,75.0,0,8.0,32.0,4.0,1,1,1,1,0,0,0,0,0,0,0,1.0
ST000437,0,True,80,95,75,90,18,28,45,65,16.0,16.0,8.25,8.25,0,0,2,1,0,91.0,82.0,79.0,26.0,53.0,79.0,0,8.0,32.0,4.0,1,1,1,1,0,0,0,0,0,0,0,1.0
ST000437,0,True,80,95,75,90,18,28,45,65,16.0,16.0,8.25,8.25,0,0,2,1,0,86.0,77.0,77.0,26.0,54.0,80.0,1,9.0,36.0,4.0,1,1,1,1,0,0,0,0,0,0,0,1.0
ST000438,1,True,80,95,75,90,18,28,45,65,16.0,16.0,8.25,8.25,0,0,2,1,0,85.0,80.0,87.0,27.0,51.0,78.0,0,8.0,32.0,4.0,1,1,1,1,0,0,0,0,0,0,0,1.0
ST000438,1,True,80,95,75,90,18,28,45,65,16.0,16.0,8.25,8.25,0,0,2,1,0,91.0,84.0,85.0,23.0,54.0,77.0,0,8.0,32.0,4.0,1,1,1,1,0,0,0,0,0,0,0,1.0
ST000438,1,True,80,95,75,90,18,28,45,65,16.0,16.0,8.25,8.25,0,0,2,1,0,92.0,82.0,89.0,21.0,59.0,80.0,1,9.0,36.0,4.0,1,1,1,1,0,0,0,0,0,0,0,1.0
ST000438,1,True,80,95,75,90,18,28,45,65,16.0,16.0,8.25,8.25,0,0,2,1,0,87.0,85.0,73.0,21.0,58.0,79.0,0,8.0,32.0,4.0,1,1,1,1,0,0,0,0,0,0,0,1.0
ST000439,1,True,65,85,60,80,10,24,30,58,16.0,16.0,6.75,6.75,0,0,2,1,0,80.0,70.0,80.0,21.0,32.0,53.0,2,6.0,24.0,4.0,1,1,1,1,0,0,0,0,0,0,0,1.0
ST000439,1,True,65,85,60,80,10,24,30,58,16.0,16.0,6.75,6.75,0,0,2,1,0,67.0,71.0,64.0,24.0,39.0,63.0,3,7.0,28.0,4.0,1,2,1,1,0,0,1,0,0,0,0,1.0
ST000439,1,True,65,85,60,80,10,24,30,58,16.0,16.0,6.75,6.75,0,0,2,1,0,67.0,71.0,67.0,23.0,51.0,74.0,0,8.0,32.0,4.0,1,2,1,1,0,0,1,0,0,0,0,1.0
ST000439,1,True,65,85,60,80,10,24,30,58,16.0,16.0,6.75,6.75,0,0,2,1,0,84.0,80.0,75.0,17.0,41.0,58.0,2,6.0,24.0,4.0,1,1,1,1,0,0,0,0,0,0,0,1.0
ST000440,0,True,80,95,75,90,18,28,45,65,16.0,16.0,8.0,8.0,0,0,2,1,0,90.0,82.0,91.0,25.0,52.0,77.0,0,8.0,32.0,4.0,1,1,1,1,0,0,0,0,0,0,0,1.0
ST000440,0,True,80,95,75,90,18,28,45,65,16.0,16.0,8.0,8.0,0,0,2,1,0,88.0,86.0,73.0,20.0,51.0,71.0,0,8.0,32.0,4.0,1,1,1,1,0,0,0,0,0,0,0,1.0
ST000440,0,True,80,95,75,90,18,28,45,65,16.0,16.0,8.0,8.0,0,0,2,1,0,93.0,75.0,78.0,20.0,59.0,79.0,0,8.0,32.0,4.0,1,1,1,1,0,0,0,0,0,0,0,1.0
ST000440,0,True,80,95,75,90,18,28,45,65,16.0,16.0,8.0,8.0,0,0,2,1,0,84.0,83.0,81.0,26.0,53.0,79.0,0,8.0,32.0,4.0,1,1,1,1,0,0,0,0,0,0,0,1.0
ST000441,0,True,90,100,90,100,24,30,55,70,16.0,16.0,9.5,9.5,0,0,2,1,0,94.0,93.0,86.0,24.0,58.0,82.0,1,9.0,36.0,4.0,1,1,1,1,0,0,0,0,0,0,0,1.0
ST000441,0,True,90,100,90,100,24,30,55,70,16.0,16.0,9.5,9.5,0,0,2,1,0,94.0,96.0,93.0,28.0,70.0,98.0,6,10.0,40.0,4.0,1,1,1,1,0,0,0,0,0,0,0,1.0
ST000441,0,True,90,100,90,100,24,30,55,70,16.0,16.0,9.5,9.5,0,0,2,1,0,94.0,94.0,99.0,26.0,63.0,89.0,1,9.0,36.0,4.0,1,1,1,1,0,0,0,0,0,0,0,1.0
ST000441,0,True,90,100,90,100,24,30,55,70,16.0,16.0,9.5,9.5,0,0,2,1,0,91.0,91.0,100.0,27.0,66.0,93.0,6,10.0,40.0,4.0,1,1,1,1,0,0,0,0,0,0,0,1.0
ST000442,1,True,55,75,50,70,8,20,25,50,16.0,12.0,5.0,5.0,1,1,3,1,0,74.0,64.0,60.0,18.0,47.0,65.0,3,7.0,28.0,4.0,1,2,1,1,0,1,1,0,0,1,0,1.0
ST000442,1,True,55,75,50,70,8,20,25,50,16.0,12.0,5.0,5.0,1,1,3,1,0,74.0,57.0,65.0,8.0,28.0,36.0,5,0.0,0.0,0.0,0,2,1,1,1,1,1,1,0,1,0,0.0
ST000442,1,True,55,75,50,70,8,20,25,50,16.0,12.0,5.0,5.0,1,1,3,1,0,69.0,65.0,57.0,19.0,50.0,69.0,3,7.0,28.0,4.0,1,2,1,1,0,1,1,0,0,1,0,1.0
ST000442,1,True,55,75,50,70,8,20,25,50,16.0,12.0,5.0,5.0,1,1,3,1,0,60.0,50.0,47.0,17.0,36.0,53.0,2,6.0,24.0,4.0,1,0,1,1,0,1,1,1,1,1,0,1.0
ST000443,1,True,55,75,50,70,8,20,25,50,16.0,8.0,3.25,3.25,2,2,3,1,1,66.0,64.0,56.0,11.0,26.0,37.0,5,0.0,0.0,0.0,0,0,1,1,1,1,1,0,0,1,1,0.0
ST000443,1,True,55,75,50,70,8,20,25,50,16.0,8.0,3.25,3.25,2,2,3,1,0,65.0,58.0,55.0,19.0,49.0,68.0,3,7.0,28.0,4.0,1,0,1,1,0,1,1,1,0,1,0,1.0
ST000443,1,True,55,75,50,70,8,20,25,50,16.0,8.0,3.25,3.25,2,2,3,1,0,55.0,54.0,60.0,10.0,27.0,37.0,5,0.0,0.0,0.0,0,0,1,1,1,1,1,1,0,1,0,0.0
ST000443,1,True,55,75,50,70,8,20,25,50,16.0,8.0,3.25,3.25,2,2,3,1,0,65.0,68.0,65.0,19.0,35.0,54.0,2,6.0,24.0,4.0,1,0,1,1,0,1,1,0,0,1,0,1.0
ST000444,1,True,90,100,90,100,24,30,55,70,16.0,16.0,9.25,9.25,0,0,2,1,0,95.0,91.0,91.0,25.0,55.0,80.0,1,9.0,36.0,4.0,1,1,1,1,0,0,0,0,0,0,0,1.0
ST000444,1,True,90,100,90,100,24,30,55,70,16.0,16.0,9.25,9.25,0,0,2,1,0,96.0,91.0,93.0,24.0,58.0,82.0,1,9.0,36.0,4.0,1,1,1,1,0,0,0,0,0,0,0,1.0
ST000444,1,True,90,100,90,100,24,30,55,70,16.0,16.0,9.25,9.25,0,0,2,1,0,99.0,97.0,86.0,24.0,56.0,80.0,1,9.0,36.0,4.0,1,1,1,1,0,0,0,0,0,0,0,1.0
ST000444,1,True,90,100,90,100,24,30,55,70,16.0,16.0,9.25,9.25,0,0,2,1,0,95.0,92.0,98.0,30.0,68.0,98.0,6,10.0,40.0,4.0,1,1,1,1,0,0,0,0,0,0,0,1.0
ST000445,0,True,80,95,75,90,18,28,45,65,16.0,16.0,8.0,8.0,0,0,2,1,0,81.0,84.0,83.0,22.0,63.0,85.0,1,9.0,36.0,4.0,1,1,1,1,0,0,0,0,0,0,0,1.0
ST000445,0,True,80,95,75,90,18,28,45,65,16.0,16.0,8.0,8.0,0,0,2,1,0,83.0,86.0,86.0,21.0,57.0,78.0,0,8.0,32.0,4.0,1,1,1,1,0,0,0,0,0,0,0,1.0
ST000445,0,True,80,95,75,90,18,28,45,65,16.0,16.0,8.0,8.0,0,0,2,1,0,80.0,83.0,89.0,20.0,47.0,67.0,3,7.0,28.0,4.0,1,1,1,1,0,0,0,0,0,0,0,1.0
ST000445,0,True,80,95,75,90,18,28,45,65,16.0,16.0,8.0,8.0,0,0,2,1,0,86.0,84.0,85.0,20.0,51.0,71.0,0,8.0,32.0,4.0,1,1,1,1,0,0,0,0,0,0,0,1.0
ST000446,1,True,65,85,60,80,10,24,30,58,16.0,16.0,7.0,7.0,0,0,2,1,0,77.0,61.0,64.0,22.0,35.0,57.0,2,6.0,24.0,4.0,1,2,1,1,0,0,0,0,0,0,0,1.0
ST000446,1,True,65,85,60,80,10,24,30,58,16.0,16.0,7.0,7.0,0,0,2,1,0,74.0,63.0,65.0,18.0,54.0,72.0,0,8.0,32.0,4.0,1,2,1,1,0,0,1,0,0,0,0,1.0
ST000446,1,True,65,85,60,80,10,24,30,58,16.0,16.0,7.0,7.0,0,0,2,1,0,81.0,70.0,69.0,15.0,39.0,54.0,2,6.0,24.0,4.0,1,1,1,1,0,0,0,0,0,0,0,1.0
ST000446,1,True,65,85,60,80,10,24,30,58,16.0,16.0,7.0,7.0,0,0,2,1,0,71.0,65.0,80.0,23.0,50.0,73.0,0,8.0,32.0,4.0,1,1,1,1,0,0,1,0,0,0,0,1.0
ST000447,1,True,65,85,60,80,10,24,30,58,16.0,16.0,6.5,6.5,0,0,2,1,0,77.0,75.0,71.0,13.0,51.0,64.0,3,7.0,28.0,4.0,1,2,1,1,0,0,0,0,0,0,0,1.0
ST000447,1,True,65,85,60,80,10,24,30,58,16.0,16.0,6.5,6.5,0,0,2,1,0,68.0,63.0,69.0,18.0,38.0,56.0,2,6.0,24.0,4.0,1,2,1,1,0,0,1,0,0,0,0,1.0
ST000447,1,True,65,85,60,80,10,24,30,58,16.0,16.0,6.5,6.5,0,0,2,1,0,74.0,68.0,60.0,16.0,50.0,66.0,3,7.0,28.0,4.0,1,2,1,1,0,0,1,0,0,0,0,1.0
ST000447,1,True,65,85,60,80,10,24,30,58,16.0,16.0,6.5,6.5,0,0,2,1,0,83.0,72.0,80.0,19.0,32.0,51.0,2,6.0,24.0,4.0,1,1,1,1,0,0,0,0,0,0,0,1.0
ST000448,0,True,65,85,60,80,10,24,30,58,16.0,16.0,7.25,7.25,0,0,2,1,1,69.0,70.0,62.0,17.0,58.0,75.0,0,8.0,32.0,4.0,1,2,1,1,0,0,1,0,0,0,1,1.0
ST000448,0,True,65,85,60,80,10,24,30,58,16.0,16.0,7.25,7.25,0,0,2,1,0,78.0,63.0,76.0,13.0,38.0,51.0,2,6.0,24.0,4.0,1,1,1,1,0,0,0,0,0,0,0,1.0
ST000448,0,True,65,85,60,80,10,24,30,58,16.0,16.0,7.25,7.25,0,0,2,1,0,79.0,61.0,64.0,22.0,39.0,61.0,3,7.0,28.0,4.0,1,2,1,1,0,0,0,0,0,0,0,1.0
ST000448,0,True,65,85,60,80,10,24,30,58,16.0,16.0,7.25,7.25,0,0,2,1,0,70.0,62.0,77.0,22.0,53.0,75.0,0,8.0,32.0,4.0,1,1,1,1,0,0,1,0,0,0,0,1.0
ST000449,1,True,65,85,60,80,10,24,30,58,4.0,4.0,7.0,7.0,0,0,2,0,0,81.0,79.0,66.0,18.0,46.0,63.0,8,7.0,28.0,4.0,2,1,1,0,0,0,0,0,0,0,0,0.0
ST000449,1,True,65,85,60,80,10,24,30,58,4.0,4.0,7.0,7.0,0,0,2,0,0,83.0,74.0,68.0,18.0,46.0,63.0,8,7.0,28.0,4.0,2,1,1,0,0,0,0,0,0,0,0,0.0
ST000449,1,True,65,85,60,80,10,24,30,58,4.0,4.0,7.0,7.0,0,0,2,0,0,80.0,68.0,80.0,18.0,46.0,63.0,8,7.0,28.0,4.0,2,1,1,0,0,0,0,0,0,0,0,0.0
ST000449,1,True,65,85,60,80,10,24,30,58,4.0,4.0,7.0,7.0,0,0,2,1,0,69.0,64.0,72.0,22.0,39.0,61.0,3,7.0,28.0,4.0,1,2,1,1,0,0,1,0,0,0,0,1.0
ST000450,0,True,40,65,35,60,4,16,15,40,16.0,8.0,2.0,2.0,2,2,3,1,0,62.0,46.0,49.0,15.0,20.0,35.0,5,0.0,0.0,0.0,0,0,1,1,1,1,1,1,1,1,0,0.0
ST000450,0,True,40,65,35,60,4,16,15,40,16.0,8.0,2.0,2.0,2,2,3,1,0,42.0,38.0,34.0,11.0,30.0,41.0,7,4.0,16.0,4.0,1,0,1,1,0,1,1,1,1,1,0,1.0
ST000450,0,True,40,65,35,60,4,16,15,40,16.0,8.0,2.0,2.0,2,2,3,1,0,41.0,42.0,42.0,16.0,17.0,33.0,5,0.0,0.0,0.0,0,0,1,1,1,1,1,1,1,1,0,0.0
ST000450,0,True,40,65,35,60,4,16,15,40,16.0,8.0,2.0,2.0,2,2,3,1,0,54.0,35.0,40.0,5.0,36.0,41.0,7,4.0,16.0,4.0,1,0,1,1,0,1,1,1,1,1,0,1.0
ST000451,1,True,55,75,50,70,8,20,25,50,16.0,16.0,4.75,4.75,0,0,2,1,0,68.0,52.0,56.0,14.0,30.0,44.0,7,4.0,16.0,4.0,1,2,1,1,0,0,1,1,0,1,0,1.0
ST000451,1,True,55,75,50,70,8,20,25,50,16.0,16.0,4.75,4.75,0,0,2,1,0,58.0,56.0,57.0,17.0,40.0,57.0,2,6.0,24.0,4.0,1,2,1,1,0,0,1,1,0,1,0,1.0
ST000451,1,True,55,75,50,70,8,20,25,50,16.0,16.0,4.75,4.75,0,0,2,1,0,72.0,53.0,64.0,20.0,25.0,45.0,4,5.0,20.0,4.0,1,2,1,1,0,0,1,1,0,1,0,1.0
ST000451,1,True,55,75,50,70,8,20,25,50,16.0,16.0,4.75,4.75,0,0,2,1,0,63.0,57.0,56.0,16.0,25.0,41.0,7,4.0,16.0,4.0,1,2,1,1,0,0,1,1,0,1,0,1.0
ST000452,1,True,40,65,35,60,4,16,15,40,16.0,8.0,2.0,2.0,2,2,3,1,0,61.0,49.0,46.0,14.0,29.0,43.0,7,4.0,16.0,4.0,1,0,1,1,0,1,1,1,1,1,0,1.0
ST000452,1,True,40,65,35,60,4,16,15,40,16.0,8.0,2.0,2.0,2,2,3,1,0,57.0,44.0,48.0,4.0,19.0,23.0,5,0.0,0.0,0.0,0,0,1,1,1,1,1,1,1,1,0,0.0
ST000452,1,True,40,65,35,60,4,16,15,40,16.0,8.0,2.0,2.0,2,2,3,1,1,50.0,53.0,50.0,5.0,37.0,42.0,7,4.0,16.0,4.0,1,0,1,1,0,1,1,1,0,1,1,1.0
ST000452,1,True,40,65,35,60,4,16,15,40,16.0,8.0,2.0,2.0,2,2,3,1,0,53.0,52.0,45.0,12.0,19.0,31.0,5,0.0,0.0,0.0,0,0,1,1,1,1,1,1,1,1,0,0.0
ST000453,0,True,80,95,75,90,18,28,45,65,16.0,16.0,8.5,8.5,0,0,2,1,0,86.0,75.0,78.0,27.0,49.0,76.0,0,8.0,32.0,4.0,1,1,1,1,0,0,0,0,0,0,0,1.0
ST000453,0,True,80,95,75,90,18,28,45,65,16.0,16.0,8.5,8.5,0,0,2,1,0,89.0,90.0,92.0,27.0,59.0,86.0,1,9.0,36.0,4.0,1,1,1,1,0,0,0,0,0,0,0,1.0
ST000453,0,True,80,95,75,90,18,28,45,65,16.0,16.0,8.5,8.5,0,0,2,1,0,83.0,80.0,83.0,22.0,49.0,71.0,0,8.0,32.0,4.0,1,1,1,1,0,0,0,0,0,0,0,1.0
ST000453,0,True,80,95,75,90,18,28,45,65,16.0,16.0,8.5,8.5,0,0,2,1,0,87.0,81.0,82.0,23.0,60.0,83.0,1,9.0,36.0,4.0,1,1,1,1,0,0,0,0,0,0,0,1.0
ST000454,1,True,80,95,75,90,18,28,45,65,16.0,16.0,8.0,8.0,0,0,2,1,0,86.0,87.0,72.0,21.0,50.0,71.0,0,8.0,32.0,4.0,1,1,1,1,0,0,0,0,0,0,0,1.0
ST000454,1,True,80,95,75,90,18,28,45,65,16.0,16.0,8.0,8.0,0,0,2,1,0,85.0,80.0,72.0,26.0,58.0,84.0,1,9.0,36.0,4.0,1,1,1,1,0,0,0,0,0,0,0,1.0
ST000454,1,True,80,95,75,90,18,28,45,65,16.0,16.0,8.0,8.0,0,0,2,1,0,89.0,77.0,83.0,22.0,46.0,68.0,3,7.0,28.0,4.0,1,1,1,1,0,0,0,0,0,0,0,1.0
ST000454,1,True,80,95,75,90,18,28,45,65,16.0,16.0,8.0,8.0,0,0,2,1,0,90.0,82.0,92.0,26.0,46.0,72.0,0,8.0,32.0,4.0,1,1,1,1,0,0,0,0,0,0,0,1.0
ST000455,0,True,80,95,75,90,18,28,45,65,16.0,16.0,8.75,8.75,0,0,2,1,0,82.0,83.0,70.0,28.0,49.0,77.0,0,8.0,32.0,4.0,1,1,1,1,0,0,0,0,0,0,0,1.0
ST000455,0,True,80,95,75,90,18,28,45,65,16.0,16.0,8.75,8.75,0,0,2,1,0,86.0,84.0,85.0,27.0,58.0,85.0,1,9.0,36.0,4.0,1,1,1,1,0,0,0,0,0,0,0,1.0
ST000455,0,True,80,95,75,90,18,28,45,65,16.0,16.0,8.75,8.75,0,0,2,1,0,81.0,83.0,86.0,27.0,65.0,92.0,6,10.0,40.0,4.0,1,1,1,1,0,0,0,0,0,0,0,1.0
ST000455,0,True,80,95,75,90,18,28,45,65,16.0,16.0,8.75,8.75,0,0,2,1,0,90.0,88.0,87.0,27.0,49.0,76.0,0,8.0,32.0,4.0,1,1,1,1,0,0,0,0,0,0,0,1.0
ST000456,1,True,65,85,60,80,10,24,30,58,16.0,16.0,7.0,7.0,0,0,2,1,0,77.0,79.0,74.0,22.0,30.0,52.0,2,6.0,24.0,4.0,1,1,1,1,0,0,0,0,0,0,0,1.0
ST000456,1,True,65,85,60,80,10,24,30,58,16.0,16.0,7.0,7.0,0,0,2,1,0,79.0,77.0,75.0,15.0,57.0,72.0,0,8.0,32.0,4.0,1,1,1,1,0,0,0,0,0,0,0,1.0
ST000456,1,True,65,85,60,80,10,24,30,58,16.0,16.0,7.0,7.0,0,0,2,1,0,72.0,71.0,66.0,23.0,36.0,59.0,2,6.0,24.0,4.0,1,2,1,1,0,0,1,0,0,0,0,1.0
ST000456,1,True,65,85,60,80,10,24,30,58,16.0,16.0,7.0,7.0,0,0,2,1,0,66.0,60.0,57.0,24.0,53.0,77.0,0,8.0,32.0,4.0,1,2,1,1,0,0,1,0,0,0,0,1.0
ST000457,0,True,55,75,50,70,8,20,25,50,16.0,8.0,3.0,3.0,2,2,3,1,0,60.0,61.0,65.0,17.0,42.0,59.0,2,6.0,24.0,4.0,1,0,1,1,0,1,1,0,0,1,0,1.0
ST000457,0,True,55,75,50,70,8,20,25,50,16.0,8.0,3.0,3.0,2,2,3,1,0,55.0,50.0,56.0,13.0,26.0,39.0,5,0.0,0.0,0.0,0,0,1,1,1,1,1,1,0,1,0,0.0
ST000457,0,True,55,75,50,70,8,20,25,50,16.0,8.0,3.0,3.0,2,2,3,1,0,69.0,57.0,62.0,14.0,25.0,39.0,5,0.0,0.0,0.0,0,0,1,1,1,1,1,1,0,1,0,0.0
ST000457,0,True,55,75,50,70,8,20,25,50,16.0,8.0,3.0,3.0,2,2,3,1,0,74.0,66.0,59.0,15.0,42.0,57.0,2,6.0,24.0,4.0,1,0,1,1,0,1,1,0,0,1,0,1.0
ST000458,1,True,65,85,60,80,10,24,30,58,16.0,16.0,7.0,7.0,0,0,2,1,0,67.0,70.0,68.0,23.0,52.0,75.0,0,8.0,32.0,4.0,1,2,1,1,0,0,1,0,0,0,0,1.0
ST000458,1,True,65,85,60,80,10,24,30,58,16.0,16.0,7.0,7.0,0,0,2,1,0,76.0,72.0,71.0,19.0,45.0,64.0,3,7.0,28.0,4.0,1,1,1,1,0,0,0,0,0,0,0,1.0
ST000458,1,True,65,85,60,80,10,24,30,58,16.0,16.0,7.0,7.0,0,0,2,1,0,78.0,68.0,78.0,13.0,48.0,61.0,3,7.0,28.0,4.0,1,1,1,1,0,0,0,0,0,0,0,1.0
ST000458,1,True,65,85,60,80,10,24,30,58,16.0,16.0,7.0,7.0,0,0,2,1,0,73.0,68.0,71.0,17.0,34.0,51.0,2,6.0,24.0,4.0,1,2,1,1,0,0,1,0,0,0,0,1.0
ST000459,1,True,80,95,75,90,18,28,45,65,16.0,16.0,8.0,8.0,0,0,2,1,0,92.0,83.0,88.0,18.0,47.0,65.0,3,7.0,28.0,4.0,1,1,1,1,0,0,0,0,0,0,0,1.0
ST000459,1,True,80,95,75,90,18,28,45,65,16.0,16.0,8.0,8.0,0,0,2,1,0,82.0,84.0,75.0,21.0,50.0,71.0,0,8.0,32.0,4.0,1,1,1,1,0,0,0,0,0,0,0,1.0
ST000459,1,True,80,95,75,90,18,28,45,65,16.0,16.0,8.0,8.0,0,0,2,1,0,85.0,80.0,71.0,27.0,56.0,83.0,1,9.0,36.0,4.0,1,1,1,1,0,0,0,0,0,0,0,1.0
ST000459,1,True,80,95,75,90,18,28,45,65,16.0,16.0,8.0,8.0,0,0,2,1,0,92.0,79.0,78.0,24.0,51.0,75.0,0,8.0,32.0,4.0,1,1,1,1,0,0,0,0,0,0,0,1.0
ST000460,1,False,65,85,60,80,10,24,30,58,0.0,0.0,0.0,0.0,0,0,1,2,0,0.0,0.0,0.0,18.0,46.0,63.0,8,7.0,28.0,4.0,2,0,0,0,0,0,1,1,1,1,0,0.0
ST000461,0,True,65,85,60,80,10,24,30,58,16.0,16.0,6.25,6.25,0,0,2,1,1,66.0,64.0,65.0,15.0,36.0,51.0,2,6.0,24.0,4.0,1,2,1,1,0,0,1,0,0,1,1,1.0
ST000461,0,True,65,85,60,80,10,24,30,58,16.0,16.0,6.25,6.25,0,0,2,1,0,69.0,69.0,60.0,18.0,45.0,63.0,3,7.0,28.0,4.0,1,2,1,1,0,0,1,0,0,1,0,1.0
ST000461,0,True,65,85,60,80,10,24,30,58,16.0,16.0,6.25,6.25,0,0,2,1,0,78.0,79.0,65.0,17.0,42.0,59.0,2,6.0,24.0,4.0,1,2,1,1,0,0,0,0,0,1,0,1.0
ST000461,0,True,65,85,60,80,10,24,30,58,16.0,16.0,6.25,6.25,0,0,2,1,0,72.0,63.0,70.0,18.0,41.0,59.0,2,6.0,24.0,4.0,1,2,1,1,0,0,1,0,0,1,0,1.0
ST000462,0,True,65,85,60,80,10,24,30,58,16.0,16.0,7.25,7.25,0,0,2,1,0,66.0,70.0,70.0,24.0,44.0,68.0,3,7.0,28.0,4.0,1,2,1,1,0,0,1,0,0,0,0,1.0
ST000462,0,True,65,85,60,80,10,24,30,58,16.0,16.0,7.25,7.25,0,0,2,1,0,75.0,68.0,78.0,20.0,54.0,74.0,0,8.0,32.0,4.0,1,1,1,1,0,0,0,0,0,0,0,1.0
ST000462,0,True,65,85,60,80,10,24,30,58,16.0,16.0,7.25,7.25,0,0,2,1,0,67.0,68.0,72.0,11.0,48.0,59.0,2,6.0,24.0,4.0,1,2,1,1,0,0,1,0,0,0,0,1.0
ST000462,0,True,65,85,60,80,10,24,30,58,16.0,16.0,7.25,7.25,0,0,2,1,0,73.0,72.0,79.0,24.0,53.0,77.0,0,8.0,32.0,4.0,1,1,1,1,0,0,1,0,0,0,0,1.0
ST000463,0,True,80,95,75,90,18,28,45,65,16.0,16.0,7.75,7.75,0,0,2,1,0,85.0,85.0,90.0,20.0,50.0,70.0,0,8.0,32.0,4.0,1,1,1,1,0,0,0,0,0,0,0,1.0
ST000463,0,True,80,95,75,90,18,28,45,65,16.0,16.0,7.75,7.75,0,0,2,1,0,80.0,78.0,90.0,20.0,52.0,72.0,0,8.0,32.0,4.0,1,1,1,1,0,0,0,0,0,0,0,1.0
ST000463,0,True,80,95,75,90,18,28,45,65,16.0,16.0,7.75,7.75,0,0,2,1,0,89.0,89.0,77.0,23.0,56.0,79.0,0,8.0,32.0,4.0,1,1,1,1,0,0,0,0,0,0,0,1.0
ST000463,0,True,80,95,75,90,18,28,45,65,16.0,16.0,7.75,7.75,0,0,2,1,0,86.0,80.0,75.0,18.0,46.0,64.0,3,7.0,28.0,4.0,1,1,1,1,0,0,0,0,0,0,0,1.0
ST000464,1,True,40,65,35,60,4,16,15,40,16.0,8.0,2.5,2.5,2,2,3,1,0,47.0,47.0,41.0,16.0,30.0,46.0,4,5.0,20.0,4.0,1,0,1,1,0,1,1,1,1,1,0,1.0
ST000464,1,True,40,65,35,60,4,16,15,40,16.0,8.0,2.5,2.5,2,2,3,1,0,50.0,55.0,39.0,10.0,37.0,47.0,4,5.0,20.0,4.0,1,0,1,1,0,1,1,1,1,1,0,1.0
ST000464,1,True,40,65,35,60,4,16,15,40,16.0,8.0,2.5,2.5,2,2,3,1,1,65.0,49.0,50.0,5.0,23.0,28.0,5,0.0,0.0,0.0,0,0,1,1,1,1,1,1,0,1,1,0.0
ST000464,1,True,40,65,35,60,4,16,15,40,16.0,8.0,2.5,2.5,2,2,3,1,0,44.0,48.0,30.0,4.0,23.0,27.0,5,0.0,0.0,0.0,0,0,1,1,1,1,1,1,1,1,0,0.0
ST000465,0,True,65,85,60,80,10,24,30,58,16.0,16.0,6.25,6.25,0,0,2,1,0,83.0,63.0,69.0,16.0,44.0,60.0,3,7.0,28.0,4.0,1,2,1,1,0,0,0,0,0,1,0,1.0
ST000465,0,True,65,85,60,80,10,24,30,58,16.0,16.0,6.25,6.25,0,0,2,1,0,73.0,77.0,61.0,14.0,34.0,48.0,4,5.0,20.0,4.0,1,2,1,1,0,0,1,0,0,1,0,1.0
ST000465,0,True,65,85,60,80,10,24,30,58,16.0,16.0,6.25,6.25,0,0,2,1,0,73.0,67.0,60.0,20.0,40.0,60.0,3,7.0,28.0,4.0,1,2,1,1,0,0,1,0,0,1,0,1.0
ST000465,0,True,65,85,60,80,10,24,30,58,16.0,16.0,6.25,6.25,0,0,2,1,0,77.0,80.0,69.0,14.0,42.0,56.0,2,6.0,24.0,4.0,1,2,1,1,0,0,0,0,0,1,0,1.0
ST000466,0,True,65,85,60,80,10,24,30,58,12.0,12.0,6.67,6.67,0,0,2,1,0,67.0,72.0,61.0,11.0,33.0,44.0,7,4.0,16.0,4.0,1,2,1,1,0,0,1,0,0,0,0,1.0
ST000466,0,True,65,85,60,80,10,24,30,58,12.0,12.0,6.67,6.67,0,0,2,1,0,75.0,80.0,64.0,21.0,54.0,75.0,0,8.0,32.0,4.0,1,2,1,1,0,0,0,0,0,0,0,1.0
ST000466,0,True,65,85,60,80,10,24,30,58,12.0,12.0,6.67,6.67,0,0,2,1,0,74.0,74.0,63.0,20.0,52.0,72.0,0,8.0,32.0,4.0,1,2,1,1,0,0,1,0,0,0,0,1.0
ST000466,0,True,65,85,60,80,10,24,30,58,12.0,12.0,6.67,6.67,0,0,2,0,0,80.0,69.0,66.0,18.0,46.0,63.0,8,7.0,28.0,4.0,2,2,1,0,0,0,0,0,0,0,0,0.0
ST000467,1,False,65,85,60,80,10,24,30,58,0.0,0.0,0.0,0.0,0,0,1,2,0,0.0,0.0,0.0,18.0,46.0,63.0,8,7.0,28.0,4.0,2,0,0,0,0,0,1,1,1,1,0,0.0
ST000468,0,True,90,100,90,100,24,30,55,70,16.0,16.0,9.25,9.25,0,0,2,1,0,96.0,95.0,88.0,27.0,58.0,85.0,1,9.0,36.0,4.0,1,1,1,1,0,0,0,0,0,0,0,1.0
ST000468,0,True,90,100,90,100,24,30,55,70,16.0,16.0,9.25,9.25,0,0,2,1,0,96.0,96.0,95.0,26.0,65.0,91.0,6,10.0,40.0,4.0,1,1,1,1,0,0,0,0,0,0,0,1.0
ST000468,0,True,90,100,90,100,24,30,55,70,16.0,16.0,9.25,9.25,0,0,2,1,0,90.0,90.0,95.0,25.0,60.0,85.0,1,9.0,36.0,4.0,1,1,1,1,0,0,0,0,0,0,0,1.0
ST000468,0,True,90,100,90,100,24,30,55,70,16.0,16.0,9.25,9.25,0,0,2,1,0,100.0,91.0,85.0,29.0,58.0,87.0,1,9.0,36.0,4.0,1,1,1,1,0,0,0,0,0,0,0,1.0
ST000469,1,True,80,95,75,90,18,28,45,65,16.0,16.0,8.5,8.5,0,0,2,1,0,81.0,81.0,88.0,27.0,50.0,77.0,0,8.0,32.0,4.0,1,1,1,1,0,0,0,0,0,0,0,1.0
ST000469,1,True,80,95,75,90,18,28,45,65,16.0,16.0,8.5,8.5,0,0,2,1,0,94.0,77.0,84.0,22.0,57.0,79.0,0,8.0,32.0,4.0,1,1,1,1,0,0,0,0,0,0,0,1.0
ST000469,1,True,80,95,75,90,18,28,45,65,16.0,16.0,8.5,8.5,0,0,2,1,0,83.0,77.0,75.0,20.0,64.0,84.0,1,9.0,36.0,4.0,1,1,1,1,0,0,0,0,0,0,0,1.0
ST000469,1,True,80,95,75,90,18,28,45,65,16.0,16.0,8.5,8.5,0,0,2,1,0,83.0,84.0,83.0,27.0,59.0,86.0,1,9.0,36.0,4.0,1,1,1,1,0,0,0,0,0,0,0,1.0
ST000470,1,True,55,75,50,70,8,20,25,50,16.0,16.0,5.0,5.0,0,0,2,1,0,72.0,65.0,60.0,10.0,46.0,56.0,2,6.0,24.0,4.0,1,2,1,1,0,0,1,0,0,1,0,1.0
ST000470,1,True,55,75,50,70,8,20,25,50,16.0,16.0,5.0,5.0,0,0,2,1,0,62.0,52.0,52.0,18.0,25.0,43.0,7,4.0,16.0,4.0,1,2,1,1,0,0,1,1,0,1,0,1.0
ST000470,1,True,55,75,50,70,8,20,25,50,16.0,16.0,5.0,5.0,0,0,2,1,0,62.0,52.0,59.0,12.0,35.0,47.0,4,5.0,20.0,4.0,1,2,1,1,0,0,1,1,0,1,0,1.0
ST000470,1,True,55,75,50,70,8,20,25,50,16.0,16.0,5.0,5.0,0,0,2,1,0,66.0,51.0,51.0,16.0,32.0,48.0,4,5.0,20.0,4.0,1,2,1,1,0,0,1,1,0,1,0,1.0
ST000471,1,True,55,75,50,70,8,20,25,50,16.0,12.0,3.75,3.75,1,1,3,1,0,69.0,52.0,54.0,18.0,39.0,57.0,2,6.0,24.0,4.0,1,0,1,1,0,1,1,1,0,1,0,1.0
ST000471,1,True,55,75,50,70,8,20,25,50,16.0,12.0,3.75,3.75,1,1,3,1,0,75.0,68.0,60.0,11.0,26.0,37.0,5,0.0,0.0,0.0,0,2,1,1,1,1,0,0,0,1,0,0.0
ST000471,1,True,55,75,50,70,8,20,25,50,16.0,12.0,3.75,3.75,1,1,3,1,0,74.0,70.0,59.0,15.0,34.0,49.0,4,5.0,20.0,4.0,1,2,1,1,0,1,1,0,0,1,0,1.0
ST000471,1,True,55,75,50,70,8,20,25,50,16.0,12.0,3.75,3.75,1,1,3,1,0,56.0,54.0,47.0,8.0,35.0,43.0,7,4.0,16.0,4.0,1,0,1,1,0,1,1,1,1,1,0,1.0
ST000472,1,True,40,65,35,60,4,16,15,40,16.0,0.0,0.0,0.0,4,4,0,1,0,61.0,44.0,46.0,10.0,28.0,38.0,5,0.0,0.0,0.0,0,0,1,1,1,1,1,1,1,1,0,0.0
ST000472,1,True,40,65,35,60,4,16,15,40,16.0,0.0,0.0,0.0,4,4,0,1,0,57.0,45.0,50.0,8.0,25.0,33.0,5,0.0,0.0,0.0,0,0,1,1,1,1,1,1,0,1,0,0.0
ST000472,1,True,40,65,35,60,4,16,15,40,16.0,0.0,0.0,0.0,4,4,0,1,1,61.0,52.0,46.0,5.0,30.0,35.0,5,0.0,0.0,0.0,0,0,1,1,1,1,1,1,1,1,1,0.0
ST000472,1,True,40,65,35,60,4,16,15,40,16.0,0.0,0.0,0.0,4,4,0,1,1,49.0,47.0,49.0,9.0,15.0,24.0,5,0.0,0.0,0.0,0,0,1,1,1,1,1,1,1,1,1,0.0
ST000473,1,True,65,85,60,80,10,24,30,58,16.0,16.0,6.75,6.75,0,0,2,1,0,83.0,76.0,76.0,13.0,48.0,61.0,3,7.0,28.0,4.0,1,1,1,1,0,0,0,0,0,0,0,1.0
ST000473,1,True,65,85,60,80,10,24,30,58,16.0,16.0,6.75,6.75,0,0,2,1,0,81.0,73.0,77.0,19.0,49.0,68.0,3,7.0,28.0,4.0,1,1,1,1,0,0,0,0,0,0,0,1.0
ST000473,1,True,65,85,60,80,10,24,30,58,16.0,16.0,6.75,6.75,0,0,2,1,0,80.0,64.0,65.0,18.0,45.0,63.0,3,7.0,28.0,4.0,1,2,1,1,0,0,0,0,0,0,0,1.0
ST000473,1,True,65,85,60,80,10,24,30,58,16.0,16.0,6.75,6.75,0,0,2,1,0,80.0,79.0,66.0,23.0,31.0,54.0,2,6.0,24.0,4.0,1,1,1,1,0,0,0,0,0,0,0,1.0
ST000474,1,True,40,65,35,60,4,16,15,40,16.0,4.0,1.0,1.0,3,3,0,1,0,49.0,42.0,47.0,6.0,15.0,21.0,5,0.0,0.0,0.0,0,0,1,1,1,1,1,1,1,1,0,0.0
ST000474,1,True,40,65,35,60,4,16,15,40,16.0,4.0,1.0,1.0,3,3,0,1,0,58.0,38.0,47.0,7.0,22.0,29.0,5,0.0,0.0,0.0,0,0,1,1,1,1,1,1,1,1,0,0.0
ST000474,1,True,40,65,35,60,4,16,15,40,16.0,4.0,1.0,1.0,3,3,0,1,0,59.0,39.0,45.0,8.0,21.0,29.0,5,0.0,0.0,0.0,0,0,1,1,1,1,1,1,1,1,0,0.0
ST000474,1,True,40,65,35,60,4,16,15,40,16.0,4.0,1.0,1.0,3,3,0,1,0,61.0,47.0,49.0,14.0,30.0,44.0,7,4.0,16.0,4.0,1,0,1,1,0,1,1,1,1,1,0,1.0
ST000475,1,True,80,95,75,90,18,28,45,65,16.0,16.0,8.75,8.75,0,0,2,1,0,91.0,89.0,85.0,23.0,61.0,84.0,1,9.0,36.0,4.0,1,1,1,1,0,0,0,0,0,0,0,1.0
ST000475,1,True,80,95,75,90,18,28,45,65,16.0,16.0,8.75,8.75,0,0,2,1,0,85.0,77.0,74.0,21.0,59.0,80.0,1,9.0,36.0,4.0,1,1,1,1,0,0,0,0,0,0,0,1.0
ST000475,1,True,80,95,75,90,18,28,45,65,16.0,16.0,8.75,8.75,0,0,2,1,0,92.0,80.0,90.0,27.0,60.0,87.0,1,9.0,36.0,4.0,1,1,1,1,0,0,0,0,0,0,0,1.0
ST000475,1,True,80,95,75,90,18,28,45,65,16.0,16.0,8.75,8.75,0,0,2,1,0,88.0,85.0,84.0,22.0,49.0,71.0,0,8.0,32.0,4.0,1,1,1,1,0,0,0,0,0,0,0,1.0
ST000476,1,True,65,85,60,80,10,24,30,58,16.0,16.0,7.25,7.25,0,0,2,1,0,79.0,63.0,76.0,14.0,41.0,55.0,2,6.0,24.0,4.0,1,1,1,1,0,0,0,0,0,0,0,1.0
ST000476,1,True,65,85,60,80,10,24,30,58,16.0,16.0,7.25,7.25,0,0,2,1,0,71.0,72.0,80.0,15.0,54.0,69.0,3,7.0,28.0,4.0,1,1,1,1,0,0,1,0,0,0,0,1.0
ST000476,1,True,65,85,60,80,10,24,30,58,16.0,16.0,7.25,7.25,0,0,2,1,1,73.0,70.0,75.0,22.0,49.0,71.0,0,8.0,32.0,4.0,1,2,1,1,0,0,1,0,0,0,1,1.0
ST000476,1,True,65,85,60,80,10,24,30,58,16.0,16.0,7.25,7.25,0,0,2,1,0,66.0,61.0,51.0,18.0,52.0,70.0,0,8.0,32.0,4.0,1,2,1,1,0,0,1,0,0,0,0,1.0
ST000477,1,True,65,85,60,80,10,24,30,58,16.0,16.0,6.0,6.0,0,0,2,1,0,84.0,67.0,74.0,18.0,31.0,49.0,4,5.0,20.0,4.0,1,2,1,1,0,0,0,0,0,1,0,1.0
ST000477,1,True,65,85,60,80,10,24,30,58,16.0,16.0,6.0,6.0,0,0,2,1,0,72.0,72.0,80.0,19.0,50.0,69.0,3,7.0,28.0,4.0,1,2,1,1,0,0,1,0,0,1,0,1.0
ST000477,1,True,65,85,60,80,10,24,30,58,16.0,16.0,6.0,6.0,0,0,2,1,0,66.0,65.0,75.0,12.0,34.0,46.0,4,5.0,20.0,4.0,1,2,1,1,0,0,1,0,0,1,0,1.0
ST000477,1,True,65,85,60,80,10,24,30,58,16.0,16.0,6.0,6.0,0,0,2,1,0,68.0,67.0,65.0,17.0,49.0,66.0,3,7.0,28.0,4.0,1,2,1,1,0,0,1,0,0,1,0,1.0
ST000478,0,True,65,85,60,80,10,24,30,58,16.0,16.0,7.0,7.0,0,0,2,1,0,67.0,61.0,64.0,20.0,52.0,72.0,0,8.0,32.0,4.0,1,2,1,1,0,0,1,0,0,0,0,1.0
ST000478,0,True,65,85,60,80,10,24,30,58,16.0,16.0,7.0,7.0,0,0,2,1,0,82.0,68.0,70.0,21.0,37.0,58.0,2,6.0,24.0,4.0,1,1,1,1,0,0,0,0,0,0,0,1.0
ST000478,0,True,65,85,60,80,10,24,30,58,16.0,16.0,7.0,7.0,0,0,2,1,0,74.0,62.0,64.0,18.0,44.0,62.0,3,7.0,28.0,4.0,1,2,1,1,0,0,1,0,0,0,0,1.0
ST000478,0,True,65,85,60,80,10,24,30,58,16.0,16.0,7.0,7.0,0,0,2,1,0,84.0,69.0,78.0,13.0,49.0,62.0,3,7.0,28.0,4.0,1,1,1,1,0,0,0,0,0,0,0,1.0
ST000479,1,True,65,85,60,80,10,24,30,58,16.0,16.0,6.25,6.25,0,0,2,1,0,82.0,80.0,77.0,19.0,37.0,56.0,2,6.0,24.0,4.0,1,1,1,1,0,0,0,0,0,1,0,1.0
ST000479,1,True,65,85,60,80,10,24,30,58,16.0,16.0,6.25,6.25,0,0,2,1,0,78.0,61.0,77.0,21.0,45.0,66.0,3,7.0,28.0,4.0,1,2,1,1,0,0,0,0,0,1,0,1.0
ST000479,1,True,65,85,60,80,10,24,30,58,16.0,16.0,6.25,6.25,0,0,2,1,0,79.0,60.0,74.0,18.0,38.0,56.0,2,6.0,24.0,4.0,1,2,1,1,0,0,0,0,0,1,0,1.0
ST000479,1,True,65,85,60,80,10,24,30,58,16.0,16.0,6.25,6.25,0,0,2,1,0,79.0,73.0,77.0,12.0,47.0,59.0,2,6.0,24.0,4.0,1,2,1,1,0,0,0,0,0,1,0,1.0
ST000480,0,True,65,85,60,80,10,24,30,58,16.0,16.0,6.5,6.5,0,0,2,1,0,77.0,77.0,71.0,19.0,40.0,59.0,2,6.0,24.0,4.0,1,1,1,1,0,0,0,0,0,0,0,1.0
ST000480,0,True,65,85,60,80,10,24,30,58,16.0,16.0,6.5,6.5,0,0,2,1,0,79.0,78.0,77.0,18.0,58.0,76.0,0,8.0,32.0,4.0,1,1,1,1,0,0,0,0,0,0,0,1.0
ST000480,0,True,65,85,60,80,10,24,30,58,16.0,16.0,6.5,6.5,0,0,2,1,0,66.0,68.0,58.0,18.0,32.0,50.0,2,6.0,24.0,4.0,1,2,1,1,0,0,1,0,0,0,0,1.0
ST000480,0,True,65,85,60,80,10,24,30,58,16.0,16.0,6.5,6.5,0,0,2,1,0,80.0,65.0,72.0,22.0,31.0,53.0,2,6.0,24.0,4.0,1,2,1,1,0,0,0,0,0,0,0,1.0
ST000481,0,True,80,95,75,90,18,28,45,65,16.0,16.0,7.5,7.5,0,0,2,1,0,84.0,85.0,82.0,20.0,46.0,66.0,3,7.0,28.0,4.0,1,1,1,1,0,0,0,0,0,0,0,1.0
ST000481,0,True,80,95,75,90,18,28,45,65,16.0,16.0,7.5,7.5,0,0,2,1,0,95.0,75.0,87.0,19.0,56.0,75.0,0,8.0,32.0,4.0,1,1,1,1,0,0,0,0,0,0,0,1.0
ST000481,0,True,80,95,75,90,18,28,45,65,16.0,16.0,7.5,7.5,0,0,2,1,0,90.0,80.0,91.0,18.0,48.0,66.0,3,7.0,28.0,4.0,1,1,1,1,0,0,0,0,0,0,0,1.0
ST000481,0,True,80,95,75,90,18,28,45,65,16.0,16.0,7.5,7.5,0,0,2,1,0,95.0,77.0,91.0,26.0,53.0,79.0,0,8.0,32.0,4.0,1,1,1,1,0,0,0,0,0,0,0,1.0
ST000482,1,True,55,75,50,70,8,20,25,50,16.0,12.0,4.0,4.0,1,1,3,1,0,66.0,63.0,64.0,10.0,34.0,44.0,7,4.0,16.0,4.0,1,2,1,1,0,1,1,0,0,1,0,1.0
ST000482,1,True,55,75,50,70,8,20,25,50,16.0,12.0,4.0,4.0,1,1,3,1,0,63.0,54.0,51.0,16.0,44.0,60.0,3,7.0,28.0,4.0,1,0,1,1,0,1,1,1,0,1,0,1.0
ST000482,1,True,55,75,50,70,8,20,25,50,16.0,12.0,4.0,4.0,1,1,3,1,0,58.0,59.0,43.0,15.0,34.0,49.0,4,5.0,20.0,4.0,1,0,1,1,0,1,1,1,1,1,0,1.0
ST000482,1,True,55,75,50,70,8,20,25,50,16.0,12.0,4.0,4.0,1,1,3,1,0,62.0,55.0,62.0,9.0,27.0,36.0,5,0.0,0.0,0.0,0,0,1,1,1,1,1,1,0,1,0,0.0
ST000483,0,True,80,95,75,90,18,28,45,65,16.0,16.0,8.25,8.25,0,0,2,1,0,95.0,79.0,91.0,27.0,51.0,78.0,0,8.0,32.0,4.0,1,1,1,1,0,0,0,0,0,0,0,1.0
ST000483,0,True,80,95,75,90,18,28,45,65,16.0,16.0,8.25,8.25,0,0,2,1,0,94.0,87.0,81.0,26.0,48.0,74.0,0,8.0,32.0,4.0,1,1,1,1,0,0,0,0,0,0,0,1.0
ST000483,0,True,80,95,75,90,18,28,45,65,16.0,16.0,8.25,8.25,0,0,2,1,0,82.0,87.0,75.0,21.0,58.0,79.0,0,8.0,32.0,4.0,1,1,1,1,0,0,0,0,0,0,0,1.0
ST000483,0,True,80,95,75,90,18,28,45,65,16.0,16.0,8.25,8.25,0,0,2,1,0,95.0,76.0,92.0,22.0,60.0,82.0,1,9.0,36.0,4.0,1,1,1,1,0,0,0,0,0,0,0,1.0
ST000484,1,True,55,75,50,70,8,20,25,50,16.0,16.0,6.0,6.0,0,0,2,1,1,71.0,57.0,57.0,17.0,47.0,64.0,3,7.0,28.0,4.0,1,2,1,1,0,0,1,1,0,1,1,1.0
ST000484,1,True,55,75,50,70,8,20,25,50,16.0,16.0,6.0,6.0,0,0,2,1,0,62.0,63.0,48.0,13.0,31.0,44.0,7,4.0,16.0,4.0,1,2,1,1,0,0,1,0,1,1,0,1.0
ST000484,1,True,55,75,50,70,8,20,25,50,16.0,16.0,6.0,6.0,0,0,2,1,0,74.0,68.0,62.0,9.0,44.0,53.0,2,6.0,24.0,4.0,1,2,1,1,0,0,1,0,0,1,0,1.0
ST000484,1,True,55,75,50,70,8,20,25,50,16.0,16.0,6.0,6.0,0,0,2,1,0,60.0,58.0,51.0,16.0,48.0,64.0,3,7.0,28.0,4.0,1,2,1,1,0,0,1,1,0,1,0,1.0
ST000485,1,True,65,85,60,80,10,24,30,58,16.0,16.0,7.0,7.0,0,0,2,1,0,67.0,62.0,60.0,14.0,55.0,69.0,3,7.0,28.0,4.0,1,2,1,1,0,0,1,0,0,0,0,1.0
ST000485,1,True,65,85,60,80,10,24,30,58,16.0,16.0,7.0,7.0,0,0,2,1,1,69.0,60.0,57.0,19.0,40.0,59.0,2,6.0,24.0,4.0,1,2,1,1,0,0,1,0,0,0,1,1.0
ST000485,1,True,65,85,60,80,10,24,30,58,16.0,16.0,7.0,7.0,0,0,2,1,0,73.0,73.0,60.0,18.0,51.0,69.0,3,7.0,28.0,4.0,1,2,1,1,0,0,1,0,0,0,0,1.0
ST000485,1,True,65,85,60,80,10,24,30,58,16.0,16.0,7.0,7.0,0,0,2,1,0,79.0,72.0,72.0,24.0,49.0,73.0,0,8.0,32.0,4.0,1,1,1,1,0,0,0,0,0,0,0,1.0
ST000486,1,True,40,65,35,60,4,16,15,40,16.0,4.0,1.5,1.5,3,3,0,1,0,58.0,46.0,44.0,8.0,30.0,38.0,5,0.0,0.0,0.0,0,0,1,1,1,1,1,1,1,1,0,0.0
ST000486,1,True,40,65,35,60,4,16,15,40,16.0,4.0,1.5,1.5,3,3,0,1,0,47.0,46.0,48.0,8.0,23.0,31.0,5,0.0,0.0,0.0,0,0,1,1,1,1,1,1,1,1,0,0.0
ST000486,1,True,40,65,35,60,4,16,15,40,16.0,4.0,1.5,1.5,3,3,0,1,0,45.0,48.0,31.0,14.0,19.0,33.0,5,0.0,0.0,0.0,0,0,1,1,1,1,1,1,1,1,0,0.0
ST000486,1,True,40,65,35,60,4,16,15,40,16.0,4.0,1.5,1.5,3,3,0,1,0,49.0,54.0,45.0,15.0,39.0,54.0,2,6.0,24.0,4.0,1,0,1,1,0,1,1,1,1,1,0,1.0
ST000487,0,True,80,95,75,90,18,28,45,65,16.0,16.0,7.5,7.5,0,0,2,1,0,95.0,77.0,80.0,18.0,49.0,67.0,3,7.0,28.0,4.0,1,1,1,1,0,0,0,0,0,0,0,1.0
ST000487,0,True,80,95,75,90,18,28,45,65,16.0,16.0,7.5,7.5,0,0,2,1,0,84.0,89.0,82.0,26.0,48.0,74.0,0,8.0,32.0,4.0,1,1,1,1,0,0,0,0,0,0,0,1.0
ST000487,0,True,80,95,75,90,18,28,45,65,16.0,16.0,7.5,7.5,0,0,2,1,0,87.0,79.0,76.0,21.0,47.0,68.0,3,7.0,28.0,4.0,1,1,1,1,0,0,0,0,0,0,0,1.0
ST000487,0,True,80,95,75,90,18,28,45,65,16.0,16.0,7.5,7.5,0,0,2,1,0,90.0,88.0,76.0,19.0,59.0,78.0,0,8.0,32.0,4.0,1,1,1,1,0,0,0,0,0,0,0,1.0
ST000488,1,True,20,50,20,45,0,12,0,30,16.0,0.0,0.0,0.0,4,4,0,1,0,39.0,21.0,32.0,10.0,12.0,22.0,5,0.0,0.0,0.0,0,0,1,1,1,1,1,1,1,1,0,0.0
ST000488,1,True,20,50,20,45,0,12,0,30,16.0,0.0,0.0,0.0,4,4,0,1,0,41.0,45.0,35.0,11.0,21.0,32.0,5,0.0,0.0,0.0,0,0,1,1,1,1,1,1,1,1,0,0.0
ST000488,1,True,20,50,20,45,0,12,0,30,16.0,0.0,0.0,0.0,4,4,0,1,1,26.0,21.0,18.0,11.0,10.0,21.0,5,0.0,0.0,0.0,0,0,1,1,1,1,1,1,1,1,1,0.0
ST000488,1,True,20,50,20,45,0,12,0,30,16.0,0.0,0.0,0.0,4,4,0,1,0,26.0,20.0,20.0,5.0,21.0,26.0,5,0.0,0.0,0.0,0,0,1,1,1,1,1,1,1,1,0,0.0
ST000489,0,True,55,75,50,70,8,20,25,50,12.0,12.0,6.0,6.0,0,0,2,1,0,68.0,64.0,58.0,20.0,41.0,61.0,3,7.0,28.0,4.0,1,2,1,1,0,0,1,0,0,1,0,1.0
ST000489,0,True,55,75,50,70,8,20,25,50,12.0,12.0,6.0,6.0,0,0,2,0,0,70.0,66.0,65.0,18.0,46.0,63.0,8,7.0,28.0,4.0,2,2,1,0,0,0,1,0,0,1,0,0.0
ST000489,0,True,55,75,50,70,8,20,25,50,12.0,12.0,6.0,6.0,0,0,2,1,0,72.0,63.0,58.0,11.0,29.0,40.0,7,4.0,16.0,4.0,1,2,1,1,0,0,1,0,0,1,0,1.0
ST000489,0,True,55,75,50,70,8,20,25,50,12.0,12.0,6.0,6.0,0,0,2,1,0,61.0,58.0,63.0,16.0,46.0,62.0,3,7.0,28.0,4.0,1,2,1,1,0,0,1,1,0,1,0,1.0
ST000490,0,True,65,85,60,80,10,24,30,58,16.0,16.0,5.75,5.75,0,0,2,1,0,81.0,80.0,71.0,17.0,31.0,48.0,4,5.0,20.0,4.0,1,2,1,1,0,0,0,0,0,1,0,1.0
ST000490,0,True,65,85,60,80,10,24,30,58,16.0,16.0,5.75,5.75,0,0,2,1,0,78.0,72.0,70.0,19.0,43.0,62.0,3,7.0,28.0,4.0,1,2,1,1,0,0,0,0,0,1,0,1.0
ST000490,0,True,65,85,60,80,10,24,30,58,16.0,16.0,5.75,5.75,0,0,2,1,0,72.0,71.0,62.0,21.0,37.0,58.0,2,6.0,24.0,4.0,1,2,1,1,0,0,1,0,0,1,0,1.0
ST000490,0,True,65,85,60,80,10,24,30,58,16.0,16.0,5.75,5.75,0,0,2,1,0,79.0,70.0,78.0,11.0,37.0,48.0,4,5.0,20.0,4.0,1,2,1,1,0,0,0,0,0,1,0,1.0
ST000491,0,True,40,65,35,60,4,16,15,40,16.0,4.0,1.25,1.25,3,3,0,1,0,62.0,57.0,50.0,9.0,16.0,25.0,5,0.0,0.0,0.0,0,0,1,1,1,1,1,1,0,1,0,0.0
ST000491,0,True,40,65,35,60,4,16,15,40,16.0,4.0,1.25,1.25,3,3,0,1,1,44.0,48.0,44.0,10.0,20.0,30.0,5,0.0,0.0,0.0,0,0,1,1,1,1,1,1,1,1,1,0.0
ST000491,0,True,40,65,35,60,4,16,15,40,16.0,4.0,1.25,1.25,3,3,0,1,0,63.0,52.0,50.0,9.0,23.0,32.0,5,0.0,0.0,0.0,0,0,1,1,1,1,1,1,0,1,0,0.0
ST000491,0,True,40,65,35,60,4,16,15,40,16.0,4.0,1.25,1.25,3,3,0,1,0,64.0,44.0,49.0,11.0,34.0,45.0,4,5.0,20.0,4.0,1,0,1,1,0,1,1,1,1,1,0,1.0
ST000492,1,True,90,100,90,100,24,30,55,70,16.0,16.0,9.5,9.5,0,0,2,1,0,96.0,90.0,93.0,28.0,67.0,95.0,6,10.0,40.0,4.0,1,1,1,1,0,0,0,0,0,0,0,1.0
ST000492,1,True,90,100,90,100,24,30,55,70,16.0,16.0,9.5,9.5,0,0,2,1,0,96.0,95.0,93.0,30.0,57.0,87.0,1,9.0,36.0,4.0,1,1,1,1,0,0,0,0,0,0,0,1.0
ST000492,1,True,90,100,90,100,24,30,55,70,16.0,16.0,9.5,9.5,0,0,2,1,0,96.0,97.0,98.0,29.0,55.0,84.0,1,9.0,36.0,4.0,1,1,1,1,0,0,0,0,0,0,0,1.0
ST000492,1,True,90,100,90,100,24,30,55,70,16.0,16.0,9.5,9.5,0,0,2,1,0,100.0,96.0,99.0,27.0,70.0,97.0,6,10.0,40.0,4.0,1,1,1,1,0,0,0,0,0,0,0,1.0
ST000493,1,True,80,95,75,90,18,28,45,65,16.0,16.0,8.5,8.5,0,0,2,1,0,87.0,81.0,85.0,24.0,65.0,89.0,1,9.0,36.0,4.0,1,1,1,1,0,0,0,0,0,0,0,1.0
ST000493,1,True,80,95,75,90,18,28,45,65,16.0,16.0,8.5,8.5,0,0,2,1,0,82.0,84.0,91.0,23.0,62.0,85.0,1,9.0,36.0,4.0,1,1,1,1,0,0,0,0,0,0,0,1.0
ST000493,1,True,80,95,75,90,18,28,45,65,16.0,16.0,8.5,8.5,0,0,2,1,0,86.0,79.0,83.0,24.0,61.0,85.0,1,9.0,36.0,4.0,1,1,1,1,0,0,0,0,0,0,0,1.0
ST000493,1,True,80,95,75,90,18,28,45,65,16.0,16.0,8.5,8.5,0,0,2,1,0,92.0,79.0,89.0,21.0,46.0,67.0,3,7.0,28.0,4.0,1,1,1,1,0,0,0,0,0,0,0,1.0
ST000494,0,True,80,95,75,90,18,28,45,65,16.0,16.0,8.5,8.5,0,0,2,1,0,82.0,76.0,80.0,19.0,57.0,76.0,0,8.0,32.0,4.0,1,1,1,1,0,0,0,0,0,0,0,1.0
ST000494,0,True,80,95,75,90,18,28,45,65,16.0,16.0,8.5,8.5,0,0,2,1,0,92.0,75.0,87.0,27.0,55.0,82.0,1,9.0,36.0,4.0,1,1,1,1,0,0,0,0,0,0,0,1.0
ST000494,0,True,80,95,75,90,18,28,45,65,16.0,16.0,8.5,8.5,0,0,2,1,0,89.0,88.0,85.0,18.0,63.0,81.0,1,9.0,36.0,4.0,1,1,1,1,0,0,0,0,0,0,0,1.0
ST000494,0,True,80,95,75,90,18,28,45,65,16.0,16.0,8.5,8.5,0,0,2,1,0,93.0,83.0,87.0,27.0,52.0,79.0,0,8.0,32.0,4.0,1,1,1,1,0,0,0,0,0,0,0,1.0
ST000495,1,True,40,65,35,60,4,16,15,40,16.0,4.0,1.0,1.0,3,3,0,1,0,45.0,40.0,38.0,6.0,28.0,34.0,5,0.0,0.0,0.0,0,0,1,1,1,1,1,1,1,1,0,0.0
ST000495,1,True,40,65,35,60,4,16,15,40,16.0,4.0,1.0,1.0,3,3,0,1,0,43.0,40.0,43.0,8.0,26.0,34.0,5,0.0,0.0,0.0,0,0,1,1,1,1,1,1,1,1,0,0.0
ST000495,1,True,40,65,35,60,4,16,15,40,16.0,4.0,1.0,1.0,3,3,0,1,1,52.0,56.0,39.0,4.0,29.0,33.0,5,0.0,0.0,0.0,0,0,1,1,1,1,1,1,1,1,1,0.0
ST000495,1,True,40,65,35,60,4,16,15,40,16.0,4.0,1.0,1.0,3,3,0,1,0,54.0,49.0,46.0,15.0,26.0,41.0,7,4.0,16.0,4.0,1,0,1,1,0,1,1,1,1,1,0,1.0
ST000496,1,True,65,85,60,80,10,24,30,58,16.0,16.0,5.75,5.75,0,0,2,1,0,80.0,64.0,76.0,16.0,57.0,73.0,0,8.0,32.0,4.0,1,2,1,1,0,0,0,0,0,1,0,1.0
ST000496,1,True,65,85,60,80,10,24,30,58,16.0,16.0,5.75,5.75,0,0,2,1,0,85.0,71.0,74.0,12.0,31.0,43.0,7,4.0,16.0,4.0,1,2,1,1,0,0,0,0,0,1,0,1.0
ST000496,1,True,65,85,60,80,10,24,30,58,16.0,16.0,5.75,5.75,0,0,2,1,0,79.0,67.0,75.0,19.0,33.0,52.0,2,6.0,24.0,4.0,1,2,1,1,0,0,0,0,0,1,0,1.0
ST000496,1,True,65,85,60,80,10,24,30,58,16.0,16.0,5.75,5.75,0,0,2,1,0,80.0,60.0,70.0,14.0,32.0,46.0,4,5.0,20.0,4.0,1,2,1,1,0,0,0,0,0,1,0,1.0
ST000497,1,True,55,75,50,70,8,20,25,50,16.0,16.0,6.25,6.25,0,0,2,1,0,57.0,59.0,56.0,20.0,33.0,53.0,2,6.0,24.0,4.0,1,2,1,1,0,0,1,1,0,1,0,1.0
ST000497,1,True,55,75,50,70,8,20,25,50,16.0,16.0,6.25,6.25,0,0,2,1,0,57.0,56.0,49.0,18.0,45.0,63.0,3,7.0,28.0,4.0,1,2,1,1,0,0,1,1,1,1,0,1.0
ST000497,1,True,55,75,50,70,8,20,25,50,16.0,16.0,6.25,6.25,0,0,2,1,0,75.0,55.0,63.0,13.0,39.0,52.0,2,6.0,24.0,4.0,1,2,1,1,0,0,0,1,0,1,0,1.0
ST000497,1,True,55,75,50,70,8,20,25,50,16.0,16.0,6.25,6.25,0,0,2,1,0,75.0,63.0,63.0,17.0,41.0,58.0,2,6.0,24.0,4.0,1,2,1,1,0,0,0,0,0,1,0,1.0
ST000498,1,True,80,95,75,90,18,28,45,65,16.0,16.0,8.5,8.5,0,0,2,1,0,90.0,76.0,79.0,20.0,65.0,85.0,1,9.0,36.0,4.0,1,1,1,1,0,0,0,0,0,0,0,1.0
ST000498,1,True,80,95,75,90,18,28,45,65,16.0,16.0,8.5,8.5,0,0,2,1,0,83.0,79.0,85.0,21.0,56.0,77.0,0,8.0,32.0,4.0,1,1,1,1,0,0,0,0,0,0,0,1.0
ST000498,1,True,80,95,75,90,18,28,45,65,16.0,16.0,8.5,8.5,0,0,2,1,0,81.0,86.0,73.0,24.0,55.0,79.0,0,8.0,32.0,4.0,1,1,1,1,0,0,0,0,0,0,0,1.0
ST000498,1,True,80,95,75,90,18,28,45,65,16.0,16.0,8.5,8.5,0,0,2,1,0,84.0,84.0,82.0,20.0,64.0,84.0,1,9.0,36.0,4.0,1,1,1,1,0,0,0,0,0,0,0,1.0
ST000499,1,True,65,85,60,80,10,24,30,58,12.0,12.0,6.33,6.33,0,0,2,1,0,72.0,76.0,75.0,10.0,42.0,52.0,2,6.0,24.0,4.0,1,2,1,1,0,0,1,0,0,1,0,1.0
ST000499,1,True,65,85,60,80,10,24,30,58,12.0,12.0,6.33,6.33,0,0,2,1,0,84.0,67.0,78.0,17.0,37.0,54.0,2,6.0,24.0,4.0,1,1,1,1,0,0,0,0,0,1,0,1.0
ST000499,1,True,65,85,60,80,10,24,30,58,12.0,12.0,6.33,6.33,0,0,2,1,0,76.0,74.0,75.0,20.0,40.0,60.0,3,7.0,28.0,4.0,1,2,1,1,0,0,0,0,0,1,0,1.0
ST000499,1,True,65,85,60,80,10,24,30,58,12.0,12.0,6.33,6.33,0,0,2,0,0,72.0,75.0,66.0,18.0,46.0,63.0,8,7.0,28.0,4.0,2,2,1,0,0,0,1,0,0,1,0,0.0
ST000500,0,False,80,95,75,90,18,28,45,65,0.0,0.0,0.0,0.0,0,0,1,2,0,0.0,0.0,0.0,18.0,46.0,63.0,8,7.0,28.0,4.0,2,0,0,0,0,0,1,1,1,1,0,0.0
