student_id,roll_number,first_name,last_name,gender,date_of_birth,email,phone,department_id,academic_year_id,semester_id,is_active,profile_id,profile_name,attendance_min,attendance_max,assignment_min,assignment_max,cie_min,cie_max,see_min,see_max,dropout_probability,academic_record_id,semester_id_academic,academic_year_id_academic,credits_registered,credits_earned,sgpa,cgpa,failed_courses,backlog_courses,semester_result,registration_id,course_offering_id,mentor_id,registration_status,is_repeat,attendance_percentage,assignment_completion,lms_activity_score,marks_id,cie_marks,see_marks,total_marks,grade_letter,grade_point,credit_points,credits_registered_marks,credits_earned_marks,result
ST000001,AIML2023001,Pavani,Prasad,Female,2004-07-14,pavani.prasad1@student.college.edu,7540539880,DEP000001,AY000004,SEM000007,True,PRO000001,Average,65,85,60,80,10,24,30,58,0.1,AR000001,SEM000007,AY000004,16.0,16.0,7.0,7.0,0,0,PASS,REG000001,CO000025,MN000010,REGISTERED,False,83.0,63.0,73.0,MK000001,12.0,42.0,54.0,B,6.0,24.0,4.0,4.0,PASS
ST000001,AIML2023001,Pavani,Prasad,Female,2004-07-14,pavani.prasad1@student.college.edu,7540539880,DEP000001,AY000004,SEM000007,True,PRO000001,Average,65,85,60,80,10,24,30,58,0.1,AR000001,SEM000007,AY000004,16.0,16.0,7.0,7.0,0,0,PASS,REG000002,CO000026,MN000011,REGISTERED,False,74.0,64.0,70.0,MK000002,19.0,57.0,76.0,A,8.0,32.0,4.0,4.0,PASS
ST000001,AIML2023001,Pavani,Prasad,Female,2004-07-14,pavani.prasad1@student.college.edu,7540539880,DEP000001,AY000004,SEM000007,True,PRO000001,Average,65,85,60,80,10,24,30,58,0.1,AR000001,SEM000007,AY000004,16.0,16.0,7.0,7.0,0,0,PASS,REG000003,CO000027,MN000012,REGISTERED,False,67.0,63.0,62.0,MK000003,23.0,50.0,73.0,A,8.0,32.0,4.0,4.0,PASS
ST000001,AIML2023001,Pavani,Prasad,Female,2004-07-14,pavani.prasad1@student.college.edu,7540539880,DEP000001,AY000004,SEM000007,True,PRO000001,Average,65,85,60,80,10,24,30,58,0.1,AR000001,SEM000007,AY000004,16.0,16.0,7.0,7.0,0,0,PASS,REG000004,CO000028,MN000013,REGISTERED,False,76.0,80.0,64.0,MK000004,11.0,42.0,53.0,B,6.0,24.0,4.0,4.0,PASS
ST000002,AIML2023002,Yuvraj,Dada,Male,2005-01-17,yuvraj.dada2@student.college.edu,6521479097,DEP000001,AY000004,SEM000007,True,PRO000002,Average,65,85,60,80,10,24,30,58,0.1,AR000002,SEM000007,AY000004,16.0,16.0,7.0,7.0,0,0,PASS,REG000005,CO000025,MN000010,REGISTERED,False,69.0,73.0,55.0,MK000005,20.0,42.0,62.0,B+,7.0,28.0,4.0,4.0,PASS
ST000002,AIML2023002,Yuvraj,Dada,Male,2005-01-17,yuvraj.dada2@student.college.edu,6521479097,DEP000001,AY000004,SEM000007,True,PRO000002,Average,65,85,60,80,10,24,30,58,0.1,AR000002,SEM000007,AY000004,16.0,16.0,7.0,7.0,0,0,PASS,REG000006,CO000026,MN000011,REGISTERED,False,84.0,75.0,73.0,MK000006,17.0,46.0,63.0,B+,7.0,28.0,4.0,4.0,PASS
ST000002,AIML2023002,Yuvraj,Dada,Male,2005-01-17,yuvraj.dada2@student.college.edu,6521479097,DEP000001,AY000004,SEM000007,True,PRO000002,Average,65,85,60,80,10,24,30,58,0.1,AR000002,SEM000007,AY000004,16.0,16.0,7.0,7.0,0,0,PASS,REG000007,CO000027,MN000012,REGISTERED,False,85.0,76.0,72.0,MK000007,23.0,30.0,53.0,B,6.0,24.0,4.0,4.0,PASS
ST000002,AIML2023002,Yuvraj,Dada,Male,2005-01-17,yuvraj.dada2@student.college.edu,6521479097,DEP000001,AY000004,SEM000007,True,PRO000002,Average,65,85,60,80,10,24,30,58,0.1,AR000002,SEM000007,AY000004,16.0,16.0,7.0,7.0,0,0,PASS,REG000008,CO000028,MN000013,REGISTERED,False,78.0,64.0,70.0,MK000008,23.0,51.0,74.0,A,8.0,32.0,4.0,4.0,PASS
ST000003,AIML2023003,Owen,Bal,Male,2005-06-19,owen.bal3@student.college.edu,6242316123,DEP000001,AY000004,SEM000007,True,PRO000003,Average,65,85,60,80,10,24,30,58,0.1,AR000003,SEM000007,AY000004,16.0,16.0,6.5,6.5,0,0,PASS,REG000009,CO000025,MN000010,REGISTERED,False,74.0,74.0,68.0,MK000009,15.0,33.0,48.0,C,5.0,20.0,4.0,4.0,PASS
ST000003,AIML2023003,Owen,Bal,Male,2005-06-19,owen.bal3@student.college.edu,6242316123,DEP000001,AY000004,SEM000007,True,PRO000003,Average,65,85,60,80,10,24,30,58,0.1,AR000003,SEM000007,AY000004,16.0,16.0,6.5,6.5,0,0,PASS,REG000010,CO000026,MN000011,REGISTERED,False,67.0,66.0,69.0,MK000010,17.0,33.0,50.0,B,6.0,24.0,4.0,4.0,PASS
ST000003,AIML2023003,Owen,Bal,Male,2005-06-19,owen.bal3@student.college.edu,6242316123,DEP000001,AY000004,SEM000007,True,PRO000003,Average,65,85,60,80,10,24,30,58,0.1,AR000003,SEM000007,AY000004,16.0,16.0,6.5,6.5,0,0,PASS,REG000011,CO000027,MN000012,REGISTERED,False,84.0,73.0,77.0,MK000011,15.0,49.0,64.0,B+,7.0,28.0,4.0,4.0,PASS
ST000003,AIML2023003,Owen,Bal,Male,2005-06-19,owen.bal3@student.college.edu,6242316123,DEP000001,AY000004,SEM000007,True,PRO000003,Average,65,85,60,80,10,24,30,58,0.1,AR000003,SEM000007,AY000004,16.0,16.0,6.5,6.5,0,0,PASS,REG000012,CO000028,MN000013,REGISTERED,False,73.0,60.0,63.0,MK000012,19.0,58.0,77.0,A,8.0,32.0,4.0,4.0,PASS
ST000004,AIML2023004,Warjas,Subramaniam,Male,2004-03-26,warjas.subramaniam4@student.college.edu,9853752076,DEP000001,AY000004,SEM000007,True,PRO000004,Average,65,85,60,80,10,24,30,58,0.1,AR000004,SEM000007,AY000004,16.0,16.0,6.5,6.5,0,0,PASS,REG000013,CO000025,MN000010,REGISTERED,False,84.0,78.0,74.0,MK000013,12.0,45.0,57.0,B,6.0,24.0,4.0,4.0,PASS
ST000004,AIML2023004,Warjas,Subramaniam,Male,2004-03-26,warjas.subramaniam4@student.college.edu,9853752076,DEP000001,AY000004,SEM000007,True,PRO000004,Average,65,85,60,80,10,24,30,58,0.1,AR000004,SEM000007,AY000004,16.0,16.0,6.5,6.5,0,0,PASS,REG000014,CO000026,MN000011,REGISTERED,False,83.0,73.0,73.0,MK000014,14.0,49.0,63.0,B+,7.0,28.0,4.0,4.0,PASS
ST000004,AIML2023004,Warjas,Subramaniam,Male,2004-03-26,warjas.subramaniam4@student.college.edu,9853752076,DEP000001,AY000004,SEM000007,True,PRO000004,Average,65,85,60,80,10,24,30,58,0.1,AR000004,SEM000007,AY000004,16.0,16.0,6.5,6.5,0,0,PASS,REG000015,CO000027,MN000012,REGISTERED,False,72.0,67.0,80.0,MK000015,14.0,40.0,54.0,B,6.0,24.0,4.0,4.0,PASS
ST000004,AIML2023004,Warjas,Subramaniam,Male,2004-03-26,warjas.subramaniam4@student.college.edu,9853752076,DEP000001,AY000004,SEM000007,True,PRO000004,Average,65,85,60,80,10,24,30,58,0.1,AR000004,SEM000007,AY000004,16.0,16.0,6.5,6.5,0,0,PASS,REG000016,CO000028,MN000013,REGISTERED,False,80.0,62.0,72.0,MK000016,15.0,48.0,63.0,B+,7.0,28.0,4.0,4.0,PASS
ST000005,AIML2023005,Ati,Gandhi,Female,2005-02-12,ati.gandhi5@student.college.edu,8505064747,DEP000001,AY000004,SEM000007,True,PRO000005,Good,80,95,75,90,18,28,45,65,0.03,AR000005,SEM000007,AY000004,16.0,16.0,8.25,8.25,0,0,PASS,REG000017,CO000025,MN000010,REGISTERED,False,84.0,76.0,82.0,MK000017,28.0,51.0,79.0,A,8.0,32.0,4.0,4.0,PASS
ST000005,AIML2023005,Ati,Gandhi,Female,2005-02-12,ati.gandhi5@student.college.edu,8505064747,DEP000001,AY000004,SEM000007,True,PRO000005,Good,80,95,75,90,18,28,45,65,0.03,AR000005,SEM000007,AY000004,16.0,16.0,8.25,8.25,0,0,PASS,REG000018,CO000026,MN000011,REGISTERED,False,89.0,75.0,84.0,MK000018,19.0,54.0,73.0,A,8.0,32.0,4.0,4.0,PASS
ST000005,AIML2023005,Ati,Gandhi,Female,2005-02-12,ati.gandhi5@student.college.edu,8505064747,DEP000001,AY000004,SEM000007,True,PRO000005,Good,80,95,75,90,18,28,45,65,0.03,AR000005,SEM000007,AY000004,16.0,16.0,8.25,8.25,0,0,PASS,REG000019,CO000027,MN000012,REGISTERED,False,95.0,88.0,91.0,MK000019,26.0,59.0,85.0,A+,9.0,36.0,4.0,4.0,PASS
ST000005,AIML2023005,Ati,Gandhi,Female,2005-02-12,ati.gandhi5@student.college.edu,8505064747,DEP000001,AY000004,SEM000007,True,PRO000005,Good,80,95,75,90,18,28,45,65,0.03,AR000005,SEM000007,AY000004,16.0,16.0,8.25,8.25,0,0,PASS,REG000020,CO000028,MN000013,REGISTERED,False,84.0,87.0,92.0,MK000020,23.0,50.0,73.0,A,8.0,32.0,4.0,4.0,PASS
ST000006,AIML2023006,Praneel,Babu,Male,2005-01-01,praneel.babu6@student.college.edu,7423017742,DEP000001,AY000004,SEM000007,True,PRO000006,Good,80,95,75,90,18,28,45,65,0.03,AR000006,SEM000007,AY000004,16.0,16.0,8.0,8.0,0,0,PASS,REG000021,CO000025,MN000010,REGISTERED,False,81.0,78.0,72.0,MK000021,26.0,49.0,75.0,A,8.0,32.0,4.0,4.0,PASS
ST000006,AIML2023006,Praneel,Babu,Male,2005-01-01,praneel.babu6@student.college.edu,7423017742,DEP000001,AY000004,SEM000007,True,PRO000006,Good,80,95,75,90,18,28,45,65,0.03,AR000006,SEM000007,AY000004,16.0,16.0,8.0,8.0,0,0,PASS,REG000022,CO000026,MN000011,REGISTERED,False,95.0,75.0,84.0,MK000022,25.0,45.0,70.0,A,8.0,32.0,4.0,4.0,PASS
ST000006,AIML2023006,Praneel,Babu,Male,2005-01-01,praneel.babu6@student.college.edu,7423017742,DEP000001,AY000004,SEM000007,True,PRO000006,Good,80,95,75,90,18,28,45,65,0.03,AR000006,SEM000007,AY000004,16.0,16.0,8.0,8.0,0,0,PASS,REG000023,CO000027,MN000012,REGISTERED,False,88.0,88.0,83.0,MK000023,19.0,60.0,79.0,A,8.0,32.0,4.0,4.0,PASS
ST000006,AIML2023006,Praneel,Babu,Male,2005-01-01,praneel.babu6@student.college.edu,7423017742,DEP000001,AY000004,SEM000007,True,PRO000006,Good,80,95,75,90,18,28,45,65,0.03,AR000006,SEM000007,AY000004,16.0,16.0,8.0,8.0,0,0,PASS,REG000024,CO000028,MN000013,REGISTERED,False,94.0,90.0,91.0,MK000024,21.0,51.0,72.0,A,8.0,32.0,4.0,4.0,PASS
ST000007,AIML2023007,Oni,Mannan,Female,2004-10-15,oni.mannan7@student.college.edu,9194719481,DEP000001,AY000004,SEM000007,True,PRO000007,Good,80,95,75,90,18,28,45,65,0.03,AR000007,SEM000007,AY000004,16.0,16.0,8.0,8.0,0,0,PASS,REG000025,CO000025,MN000010,REGISTERED,False,89.0,80.0,81.0,MK000025,24.0,51.0,75.0,A,8.0,32.0,4.0,4.0,PASS
ST000007,AIML2023007,Oni,Mannan,Female,2004-10-15,oni.mannan7@student.college.edu,9194719481,DEP000001,AY000004,SEM000007,True,PRO000007,Good,80,95,75,90,18,28,45,65,0.03,AR000007,SEM000007,AY000004,16.0,16.0,8.0,8.0,0,0,PASS,REG000026,CO000026,MN000011,REGISTERED,False,87.0,81.0,77.0,MK000026,23.0,53.0,76.0,A,8.0,32.0,4.0,4.0,PASS
ST000007,AIML2023007,Oni,Mannan,Female,2004-10-15,oni.mannan7@student.college.edu,9194719481,DEP000001,AY000004,SEM000007,True,PRO000007,Good,80,95,75,90,18,28,45,65,0.03,AR000007,SEM000007,AY000004,16.0,16.0,8.0,8.0,0,0,PASS,REG000027,CO000027,MN000012,REGISTERED,False,84.0,85.0,84.0,MK000027,22.0,54.0,76.0,A,8.0,32.0,4.0,4.0,PASS
ST000007,AIML2023007,Oni,Mannan,Female,2004-10-15,oni.mannan7@student.college.edu,9194719481,DEP000001,AY000004,SEM000007,True,PRO000007,Good,80,95,75,90,18,28,45,65,0.03,AR000007,SEM000007,AY000004,16.0,16.0,8.0,8.0,0,0,PASS,REG000028,CO000028,MN000013,REGISTERED,False,91.0,78.0,85.0,MK000028,21.0,54.0,75.0,A,8.0,32.0,4.0,4.0,PASS
ST000008,AIML2023008,Yashodhara,Devan,Female,2005-03-04,yashodhara.devan8@student.college.edu,8994284173,DEP000001,AY000004,SEM000007,True,PRO000008,Good,80,95,75,90,18,28,45,65,0.03,AR000008,SEM000007,AY000004,12.0,12.0,8.0,8.0,0,0,PASS,REG000029,CO000025,MN000010,CANCELLED,False,83.0,84.0,80.0,,,,,,,,,,
ST000008,AIML2023008,Yashodhara,Devan,Female,2005-03-04,yashodhara.devan8@student.college.edu,8994284173,DEP000001,AY000004,SEM000007,True,PRO000008,Good,80,95,75,90,18,28,45,65,0.03,AR000008,SEM000007,AY000004,12.0,12.0,8.0,8.0,0,0,PASS,REG000030,CO000026,MN000011,REGISTERED,False,95.0,78.0,92.0,MK000029,23.0,59.0,82.0,A+,9.0,36.0,4.0,4.0,PASS
ST000008,AIML2023008,Yashodhara,Devan,Female,2005-03-04,yashodhara.devan8@student.college.edu,8994284173,DEP000001,AY000004,SEM000007,True,PRO000008,Good,80,95,75,90,18,28,45,65,0.03,AR000008,SEM000007,AY000004,12.0,12.0,8.0,8.0,0,0,PASS,REG000031,CO000027,MN000012,REGISTERED,False,95.0,75.0,81.0,MK000030,26.0,50.0,76.0,A,8.0,32.0,4.0,4.0,PASS
ST000008,AIML2023008,Yashodhara,Devan,Female,2005-03-04,yashodhara.devan8@student.college.edu,8994284173,DEP000001,AY000004,SEM000007,True,PRO000008,Good,80,95,75,90,18,28,45,65,0.03,AR000008,SEM000007,AY000004,12.0,12.0,8.0,8.0,0,0,PASS,REG000032,CO000028,MN000013,REGISTERED,False,88.0,81.0,78.0,MK000031,20.0,45.0,65.0,B+,7.0,28.0,4.0,4.0,PASS
ST000009,AIML2023009,Thomas,Balan,Male,2003-09-19,thomas.balan9@student.college.edu,9935938882,DEP000001,AY000004,SEM000007,True,PRO000009,Average,65,85,60,80,10,24,30,58,0.1,AR000009,SEM000007,AY000004,12.0,12.0,7.33,7.33,0,0,PASS,REG000033,CO000025,MN000010,REGISTERED,False,68.0,65.0,53.0,MK000032,20.0,55.0,75.0,A,8.0,32.0,4.0,4.0,PASS
ST000009,AIML2023009,Thomas,Balan,Male,2003-09-19,thomas.balan9@student.college.edu,9935938882,DEP000001,AY000004,SEM000007,True,PRO000009,Average,65,85,60,80,10,24,30,58,0.1,AR000009,SEM000007,AY000004,12.0,12.0,7.33,7.33,0,0,PASS,REG000034,CO000026,MN000011,REGISTERED,False,85.0,80.0,76.0,MK000033,23.0,49.0,72.0,A,8.0,32.0,4.0,4.0,PASS
ST000009,AIML2023009,Thomas,Balan,Male,2003-09-19,thomas.balan9@student.college.edu,9935938882,DEP000001,AY000004,SEM000007,True,PRO000009,Average,65,85,60,80,10,24,30,58,0.1,AR000009,SEM000007,AY000004,12.0,12.0,7.33,7.33,0,0,PASS,REG000035,CO000027,MN000012,CANCELLED,False,79.0,62.0,67.0,,,,,,,,,,
ST000009,AIML2023009,Thomas,Balan,Male,2003-09-19,thomas.balan9@student.college.edu,9935938882,DEP000001,AY000004,SEM000007,True,PRO000009,Average,65,85,60,80,10,24,30,58,0.1,AR000009,SEM000007,AY000004,12.0,12.0,7.33,7.33,0,0,PASS,REG000036,CO000028,MN000013,REGISTERED,False,74.0,68.0,62.0,MK000034,16.0,41.0,57.0,B,6.0,24.0,4.0,4.0,PASS
ST000010,AIML2023010,Widisha,Nazareth,Female,2004-06-14,widisha.nazareth10@student.college.edu,7365226500,DEP000001,AY000004,SEM000007,True,PRO000010,Average,65,85,60,80,10,24,30,58,0.1,AR000010,SEM000007,AY000004,16.0,16.0,6.75,6.75,0,0,PASS,REG000037,CO000025,MN000010,REGISTERED,False,85.0,78.0,79.0,MK000035,21.0,33.0,54.0,B,6.0,24.0,4.0,4.0,PASS
ST000010,AIML2023010,Widisha,Nazareth,Female,2004-06-14,widisha.nazareth10@student.college.edu,7365226500,DEP000001,AY000004,SEM000007,True,PRO000010,Average,65,85,60,80,10,24,30,58,0.1,AR000010,SEM000007,AY000004,16.0,16.0,6.75,6.75,0,0,PASS,REG000038,CO000026,MN000011,REGISTERED,False,77.0,75.0,72.0,MK000036,24.0,50.0,74.0,A,8.0,32.0,4.0,4.0,PASS
ST000010,AIML2023010,Widisha,Nazareth,Female,2004-06-14,widisha.nazareth10@student.college.edu,7365226500,DEP000001,AY000004,SEM000007,True,PRO000010,Average,65,85,60,80,10,24,30,58,0.1,AR000010,SEM000007,AY000004,16.0,16.0,6.75,6.75,0,0,PASS,REG000039,CO000027,MN000012,REGISTERED,False,73.0,68.0,77.0,MK000037,11.0,42.0,53.0,B,6.0,24.0,4.0,4.0,PASS
ST000010,AIML2023010,Widisha,Nazareth,Female,2004-06-14,widisha.nazareth10@student.college.edu,7365226500,DEP000001,AY000004,SEM000007,True,PRO000010,Average,65,85,60,80,10,24,30,58,0.1,AR000010,SEM000007,AY000004,16.0,16.0,6.75,6.75,0,0,PASS,REG000040,CO000028,MN000013,REGISTERED,False,85.0,76.0,72.0,MK000038,19.0,44.0,63.0,B+,7.0,28.0,4.0,4.0,PASS
ST000011,AIML2023011,Maya,Borah,Female,2004-10-05,maya.borah11@student.college.edu,7666651538,DEP000001,AY000004,SEM000007,True,PRO000011,Declining,40,65,35,60,4,16,15,40,0.45,AR000011,SEM000007,AY000004,12.0,12.0,4.0,4.0,0,0,PASS,REG000041,CO000025,MN000010,REGISTERED,False,46.0,48.0,42.0,MK000039,9.0,34.0,43.0,P,4.0,16.0,4.0,4.0,PASS
ST000011,AIML2023011,Maya,Borah,Female,2004-10-05,maya.borah11@student.college.edu,7666651538,DEP000001,AY000004,SEM000007,True,PRO000011,Declining,40,65,35,60,4,16,15,40,0.45,AR000011,SEM000007,AY000004,12.0,12.0,4.0,4.0,0,0,PASS,REG000042,CO000026,MN000011,REGISTERED,False,53.0,50.0,48.0,MK000040,8.0,33.0,41.0,P,4.0,16.0,4.0,4.0,PASS
ST000011,AIML2023011,Maya,Borah,Female,2004-10-05,maya.borah11@student.college.edu,7666651538,DEP000001,AY000004,SEM000007,True,PRO000011,Declining,40,65,35,60,4,16,15,40,0.45,AR000011,SEM000007,AY000004,12.0,12.0,4.0,4.0,0,0,PASS,REG000043,CO000027,MN000012,CANCELLED,False,59.0,50.0,44.0,,,,,,,,,,
ST000011,AIML2023011,Maya,Borah,Female,2004-10-05,maya.borah11@student.college.edu,7666651538,DEP000001,AY000004,SEM000007,True,PRO000011,Declining,40,65,35,60,4,16,15,40,0.45,AR000011,SEM000007,AY000004,12.0,12.0,4.0,4.0,0,0,PASS,REG000044,CO000028,MN000013,REGISTERED,False,41.0,39.0,49.0,MK000041,15.0,29.0,44.0,P,4.0,16.0,4.0,4.0,PASS
ST000012,AIML2023012,Ekaraj,Choudhary,Male,2005-08-24,ekaraj.choudhary12@student.college.edu,7698184005,DEP000001,AY000004,SEM000007,True,PRO000012,Good,80,95,75,90,18,28,45,65,0.03,AR000012,SEM000007,AY000004,16.0,16.0,8.5,8.5,0,0,PASS,REG000045,CO000025,MN000010,REGISTERED,False,95.0,76.0,92.0,MK000042,28.0,63.0,91.0,O,10.0,40.0,4.0,4.0,PASS
ST000012,AIML2023012,Ekaraj,Choudhary,Male,2005-08-24,ekaraj.choudhary12@student.college.edu,7698184005,DEP000001,AY000004,SEM000007,True,PRO000012,Good,80,95,75,90,18,28,45,65,0.03,AR000012,SEM000007,AY000004,16.0,16.0,8.5,8.5,0,0,PASS,REG000046,CO000026,MN000011,REGISTERED,False,93.0,82.0,90.0,MK000043,21.0,63.0,84.0,A+,9.0,36.0,4.0,4.0,PASS
ST000012,AIML2023012,Ekaraj,Choudhary,Male,2005-08-24,ekaraj.choudhary12@student.college.edu,7698184005,DEP000001,AY000004,SEM000007,True,PRO000012,Good,80,95,75,90,18,28,45,65,0.03,AR000012,SEM000007,AY000004,16.0,16.0,8.5,8.5,0,0,PASS,REG000047,CO000027,MN000012,REGISTERED,False,87.0,79.0,86.0,MK000044,18.0,58.0,76.0,A,8.0,32.0,4.0,4.0,PASS
ST000012,AIML2023012,Ekaraj,Choudhary,Male,2005-08-24,ekaraj.choudhary12@student.college.edu,7698184005,DEP000001,AY000004,SEM000007,True,PRO000012,Good,80,95,75,90,18,28,45,65,0.03,AR000012,SEM000007,AY000004,16.0,16.0,8.5,8.5,0,0,PASS,REG000048,CO000028,MN000013,REGISTERED,False,89.0,83.0,75.0,MK000045,19.0,50.0,69.0,B+,7.0,28.0,4.0,4.0,PASS
ST000013,AIML2023013,Vaishnavi,Banik,Female,2006-01-24,vaishnavi.banik13@student.college.edu,7985773022,DEP000001,AY000004,SEM000007,True,PRO000013,Excellent,90,100,90,100,24,30,55,70,0.01,AR000013,SEM000007,AY000004,16.0,16.0,9.75,9.75,0,0,PASS,REG000049,CO000025,MN000010,REGISTERED,False,98.0,98.0,87.0,MK000046,27.0,64.0,91.0,O,10.0,40.0,4.0,4.0,PASS
ST000013,AIML2023013,Vaishnavi,Banik,Female,2006-01-24,vaishnavi.banik13@student.college.edu,7985773022,DEP000001,AY000004,SEM000007,True,PRO000013,Excellent,90,100,90,100,24,30,55,70,0.01,AR000013,SEM000007,AY000004,16.0,16.0,9.75,9.75,0,0,PASS,REG000050,CO000026,MN000011,REGISTERED,False,100.0,91.0,96.0,MK000047,30.0,60.0,90.0,O,10.0,40.0,4.0,4.0,PASS
ST000013,AIML2023013,Vaishnavi,Banik,Female,2006-01-24,vaishnavi.banik13@student.college.edu,7985773022,DEP000001,AY000004,SEM000007,True,PRO000013,Excellent,90,100,90,100,24,30,55,70,0.01,AR000013,SEM000007,AY000004,16.0,16.0,9.75,9.75,0,0,PASS,REG000051,CO000027,MN000012,REGISTERED,False,100.0,98.0,98.0,MK000048,26.0,57.0,83.0,A+,9.0,36.0,4.0,4.0,PASS
ST000013,AIML2023013,Vaishnavi,Banik,Female,2006-01-24,vaishnavi.banik13@student.college.edu,7985773022,DEP000001,AY000004,SEM000007,True,PRO000013,Excellent,90,100,90,100,24,30,55,70,0.01,AR000013,SEM000007,AY000004,16.0,16.0,9.75,9.75,0,0,PASS,REG000052,CO000028,MN000013,REGISTERED,False,100.0,98.0,85.0,MK000049,30.0,66.0,96.0,O,10.0,40.0,4.0,4.0,PASS
ST000014,AIML2023014,Ojasvi,Bhagat,Female,2003-08-04,ojasvi.bhagat14@student.college.edu,8403727533,DEP000001,AY000004,SEM000007,True,PRO000014,Good,80,95,75,90,18,28,45,65,0.03,AR000014,SEM000007,AY000004,16.0,16.0,8.5,8.5,0,0,PASS,REG000053,CO000025,MN000010,REGISTERED,False,89.0,76.0,81.0,MK000050,27.0,55.0,82.0,A+,9.0,36.0,4.0,4.0,PASS
ST000014,AIML2023014,Ojasvi,Bhagat,Female,2003-08-04,ojasvi.bhagat14@student.college.edu,8403727533,DEP000001,AY000004,SEM000007,True,PRO000014,Good,80,95,75,90,18,28,45,65,0.03,AR000014,SEM000007,AY000004,16.0,16.0,8.5,8.5,0,0,PASS,REG000054,CO000026,MN000011,REGISTERED,True,91.0,86.0,89.0,MK000051,19.0,58.0,77.0,A,8.0,32.0,4.0,4.0,PASS
ST000014,AIML2023014,Ojasvi,Bhagat,Female,2003-08-04,ojasvi.bhagat14@student.college.edu,8403727533,DEP000001,AY000004,SEM000007,True,PRO000014,Good,80,95,75,90,18,28,45,65,0.03,AR000014,SEM000007,AY000004,16.0,16.0,8.5,8.5,0,0,PASS,REG000055,CO000027,MN000012,REGISTERED,False,84.0,87.0,83.0,MK000052,26.0,58.0,84.0,A+,9.0,36.0,4.0,4.0,PASS
ST000014,AIML2023014,Ojasvi,Bhagat,Female,2003-08-04,ojasvi.bhagat14@student.college.edu,8403727533,DEP000001,AY000004,SEM000007,True,PRO000014,Good,80,95,75,90,18,28,45,65,0.03,AR000014,SEM000007,AY000004,16.0,16.0,8.5,8.5,0,0,PASS,REG000056,CO000028,MN000013,REGISTERED,False,92.0,87.0,77.0,MK000053,18.0,53.0,71.0,A,8.0,32.0,4.0,4.0,PASS
ST000015,AIML2023015,Yagnesh,Pingle,Male,2003-10-18,yagnesh.pingle15@student.college.edu,8755132182,DEP000001,AY000004,SEM000007,True,PRO000015,Average,65,85,60,80,10,24,30,58,0.1,AR000015,SEM000007,AY000004,16.0,16.0,7.0,7.0,0,0,PASS,REG000057,CO000025,MN000010,REGISTERED,False,66.0,63.0,55.0,MK000054,15.0,53.0,68.0,B+,7.0,28.0,4.0,4.0,PASS
ST000015,AIML2023015,Yagnesh,Pingle,Male,2003-10-18,yagnesh.pingle15@student.college.edu,8755132182,DEP000001,AY000004,SEM000007,True,PRO000015,Average,65,85,60,80,10,24,30,58,0.1,AR000015,SEM000007,AY000004,16.0,16.0,7.0,7.0,0,0,PASS,REG000058,CO000026,MN000011,REGISTERED,False,69.0,61.0,65.0,MK000055,10.0,55.0,65.0,B+,7.0,28.0,4.0,4.0,PASS
ST000015,AIML2023015,Yagnesh,Pingle,Male,2003-10-18,yagnesh.pingle15@student.college.edu,8755132182,DEP000001,AY000004,SEM000007,True,PRO000015,Average,65,85,60,80,10,24,30,58,0.1,AR000015,SEM000007,AY000004,16.0,16.0,7.0,7.0,0,0,PASS,REG000059,CO000027,MN000012,REGISTERED,False,84.0,74.0,71.0,MK000056,16.0,34.0,50.0,B,6.0,24.0,4.0,4.0,PASS
ST000015,AIML2023015,Yagnesh,Pingle,Male,2003-10-18,yagnesh.pingle15@student.college.edu,8755132182,DEP000001,AY000004,SEM000007,True,PRO000015,Average,65,85,60,80,10,24,30,58,0.1,AR000015,SEM000007,AY000004,16.0,16.0,7.0,7.0,0,0,PASS,REG000060,CO000028,MN000013,REGISTERED,False,77.0,78.0,78.0,MK000057,17.0,55.0,72.0,A,8.0,32.0,4.0,4.0,PASS
ST000016,AIML2023016,Vidhi,Ahluwalia,Female,2005-03-01,vidhi.ahluwalia16@student.college.edu,9637341331,DEP000001,AY000004,SEM000007,True,PRO000016,Average,65,85,60,80,10,24,30,58,0.1,AR000016,SEM000007,AY000004,16.0,16.0,6.25,6.25,0,0,PASS,REG000061,CO000025,MN000010,REGISTERED,False,82.0,77.0,75.0,MK000058,12.0,32.0,44.0,P,4.0,16.0,4.0,4.0,PASS
ST000016,AIML2023016,Vidhi,Ahluwalia,Female,2005-03-01,vidhi.ahluwalia16@student.college.edu,9637341331,DEP000001,AY000004,SEM000007,True,PRO000016,Average,65,85,60,80,10,24,30,58,0.1,AR000016,SEM000007,AY000004,16.0,16.0,6.25,6.25,0,0,PASS,REG000062,CO000026,MN000011,REGISTERED,False,83.0,71.0,74.0,MK000059,21.0,51.0,72.0,A,8.0,32.0,4.0,4.0,PASS
ST000016,AIML2023016,Vidhi,Ahluwalia,Female,2005-03-01,vidhi.ahluwalia16@student.college.edu,9637341331,DEP000001,AY000004,SEM000007,True,PRO000016,Average,65,85,60,80,10,24,30,58,0.1,AR000016,SEM000007,AY000004,16.0,16.0,6.25,6.25,0,0,PASS,REG000063,CO000027,MN000012,REGISTERED,False,70.0,60.0,70.0,MK000060,15.0,50.0,65.0,B+,7.0,28.0,4.0,4.0,PASS
ST000016,AIML2023016,Vidhi,Ahluwalia,Female,2005-03-01,vidhi.ahluwalia16@student.college.edu,9637341331,DEP000001,AY000004,SEM000007,True,PRO000016,Average,65,85,60,80,10,24,30,58,0.1,AR000016,SEM000007,AY000004,16.0,16.0,6.25,6.25,0,0,PASS,REG000064,CO000028,MN000013,REGISTERED,False,67.0,63.0,67.0,MK000061,18.0,40.0,58.0,B,6.0,24.0,4.0,4.0,PASS
ST000017,AIML2023017,Arjun,Zacharia,Male,2006-02-22,arjun.zacharia17@student.college.edu,6028901405,DEP000001,AY000004,SEM000007,True,PRO000017,Declining,40,65,35,60,4,16,15,40,0.45,AR000017,SEM000007,AY000004,12.0,4.0,1.67,1.67,2,2,PROMOTED,REG000065,CO000025,MN000010,REGISTERED,False,52.0,37.0,48.0,MK000062,4.0,35.0,39.0,F,0.0,0.0,4.0,0.0,FAIL
ST000017,AIML2023017,Arjun,Zacharia,Male,2006-02-22,arjun.zacharia17@student.college.edu,6028901405,DEP000001,AY000004,SEM000007,True,PRO000017,Declining,40,65,35,60,4,16,15,40,0.45,AR000017,SEM000007,AY000004,12.0,4.0,1.67,1.67,2,2,PROMOTED,REG000066,CO000026,MN000011,REGISTERED,False,55.0,47.0,42.0,MK000063,7.0,32.0,39.0,F,0.0,0.0,4.0,0.0,FAIL
ST000017,AIML2023017,Arjun,Zacharia,Male,2006-02-22,arjun.zacharia17@student.college.edu,6028901405,DEP000001,AY000004,SEM000007,True,PRO000017,Declining,40,65,35,60,4,16,15,40,0.45,AR000017,SEM000007,AY000004,12.0,4.0,1.67,1.67,2,2,PROMOTED,REG000067,CO000027,MN000012,REGISTERED,False,58.0,45.0,47.0,MK000064,9.0,36.0,45.0,C,5.0,20.0,4.0,4.0,PASS
ST000017,AIML2023017,Arjun,Zacharia,Male,2006-02-22,arjun.zacharia17@student.college.edu,6028901405,DEP000001,AY000004,SEM000007,True,PRO000017,Declining,40,65,35,60,4,16,15,40,0.45,AR000017,SEM000007,AY000004,12.0,4.0,1.67,1.67,2,2,PROMOTED,REG000068,CO000028,MN000013,CANCELLED,False,60.0,49.0,49.0,,,,,,,,,,
ST000018,AIML2023018,Chandran,Datta,Male,2003-11-08,chandran.datta18@student.college.edu,6278004067,DEP000001,AY000004,SEM000007,True,PRO000018,Excellent,90,100,90,100,24,30,55,70,0.01,AR000018,SEM000007,AY000004,16.0,16.0,9.0,9.0,0,0,PASS,REG000069,CO000025,MN000010,REGISTERED,False,93.0,92.0,95.0,MK000065,30.0,57.0,87.0,A+,9.0,36.0,4.0,4.0,PASS
ST000018,AIML2023018,Chandran,Datta,Male,2003-11-08,chandran.datta18@student.college.edu,6278004067,DEP000001,AY000004,SEM000007,True,PRO000018,Excellent,90,100,90,100,24,30,55,70,0.01,AR000018,SEM000007,AY000004,16.0,16.0,9.0,9.0,0,0,PASS,REG000070,CO000026,MN000011,REGISTERED,False,93.0,91.0,94.0,MK000066,30.0,57.0,87.0,A+,9.0,36.0,4.0,4.0,PASS
ST000018,AIML2023018,Chandran,Datta,Male,2003-11-08,chandran.datta18@student.college.edu,6278004067,DEP000001,AY000004,SEM000007,True,PRO000018,Excellent,90,100,90,100,24,30,55,70,0.01,AR000018,SEM000007,AY000004,16.0,16.0,9.0,9.0,0,0,PASS,REG000071,CO000027,MN000012,REGISTERED,False,96.0,91.0,85.0,MK000067,24.0,58.0,82.0,A+,9.0,36.0,4.0,4.0,PASS
ST000018,AIML2023018,Chandran,Datta,Male,2003-11-08,chandran.datta18@student.college.edu,6278004067,DEP000001,AY000004,SEM000007,True,PRO000018,Excellent,90,100,90,100,24,30,55,70,0.01,AR000018,SEM000007,AY000004,16.0,16.0,9.0,9.0,0,0,PASS,REG000072,CO000028,MN000013,REGISTERED,False,97.0,92.0,87.0,MK000068,29.0,59.0,88.0,A+,9.0,36.0,4.0,4.0,PASS
ST000019,AIML2023019,Vansha,Ram,Female,2006-06-29,vansha.ram19@student.college.edu,9020893465,DEP000001,AY000004,SEM000007,True,PRO000019,Average,65,85,60,80,10,24,30,58,0.1,AR000019,SEM000007,AY000004,16.0,16.0,7.0,7.0,0,0,PASS,REG000073,CO000025,MN000010,REGISTERED,False,80.0,70.0,77.0,MK000069,24.0,30.0,54.0,B,6.0,24.0,4.0,4.0,PASS
ST000019,AIML2023019,Vansha,Ram,Female,2006-06-29,vansha.ram19@student.college.edu,9020893465,DEP000001,AY000004,SEM000007,True,PRO000019,Average,65,85,60,80,10,24,30,58,0.1,AR000019,SEM000007,AY000004,16.0,16.0,7.0,7.0,0,0,PASS,REG000074,CO000026,MN000011,REGISTERED,False,69.0,64.0,76.0,MK000070,21.0,58.0,79.0,A,8.0,32.0,4.0,4.0,PASS
ST000019,AIML2023019,Vansha,Ram,Female,2006-06-29,vansha.ram19@student.college.edu,9020893465,DEP000001,AY000004,SEM000007,True,PRO000019,Average,65,85,60,80,10,24,30,58,0.1,AR000019,SEM000007,AY000004,16.0,16.0,7.0,7.0,0,0,PASS,REG000075,CO000027,MN000012,REGISTERED,False,69.0,63.0,58.0,MK000071,12.0,40.0,52.0,B,6.0,24.0,4.0,4.0,PASS
ST000019,AIML2023019,Vansha,Ram,Female,2006-06-29,vansha.ram19@student.college.edu,9020893465,DEP000001,AY000004,SEM000007,True,PRO000019,Average,65,85,60,80,10,24,30,58,0.1,AR000019,SEM000007,AY000004,16.0,16.0,7.0,7.0,0,0,PASS,REG000076,CO000028,MN000013,REGISTERED,False,67.0,70.0,67.0,MK000072,22.0,48.0,70.0,A,8.0,32.0,4.0,4.0,PASS
ST000020,AIML2023020,Zaid,Kulkarni,Male,2005-08-27,zaid.kulkarni20@student.college.edu,6872699873,DEP000001,AY000004,SEM000007,True,PRO000020,Improving,55,75,50,70,8,20,25,50,0.2,AR000020,SEM000007,AY000004,16.0,16.0,6.75,6.75,0,0,PASS,REG000077,CO000025,MN000010,REGISTERED,False,69.0,59.0,62.0,MK000073,17.0,42.0,59.0,B,6.0,24.0,4.0,4.0,PASS
ST000020,AIML2023020,Zaid,Kulkarni,Male,2005-08-27,zaid.kulkarni20@student.college.edu,6872699873,DEP000001,AY000004,SEM000007,True,PRO000020,Improving,55,75,50,70,8,20,25,50,0.2,AR000020,SEM000007,AY000004,16.0,16.0,6.75,6.75,0,0,PASS,REG000078,CO000026,MN000011,REGISTERED,False,69.0,67.0,59.0,MK000074,18.0,47.0,65.0,B+,7.0,28.0,4.0,4.0,PASS
ST000020,AIML2023020,Zaid,Kulkarni,Male,2005-08-27,zaid.kulkarni20@student.college.edu,6872699873,DEP000001,AY000004,SEM000007,True,PRO000020,Improving,55,75,50,70,8,20,25,50,0.2,AR000020,SEM000007,AY000004,16.0,16.0,6.75,6.75,0,0,PASS,REG000079,CO000027,MN000012,REGISTERED,False,64.0,59.0,59.0,MK000075,17.0,48.0,65.0,B+,7.0,28.0,4.0,4.0,PASS
ST000020,AIML2023020,Zaid,Kulkarni,Male,2005-08-27,zaid.kulkarni20@student.college.edu,6872699873,DEP000001,AY000004,SEM000007,True,PRO000020,Improving,55,75,50,70,8,20,25,50,0.2,AR000020,SEM000007,AY000004,16.0,16.0,6.75,6.75,0,0,PASS,REG000080,CO000028,MN000013,REGISTERED,False,66.0,67.0,54.0,MK000076,12.0,48.0,60.0,B+,7.0,28.0,4.0,4.0,PASS
ST000021,AIML2023021,Yauvani,D’Alia,Female,2005-09-27,yauvani.d’alia21@student.college.edu,9027012243,DEP000001,AY000004,SEM000007,True,PRO000021,Declining,40,65,35,60,4,16,15,40,0.45,AR000021,SEM000007,AY000004,16.0,12.0,3.5,3.5,1,1,PROMOTED,REG000081,CO000025,MN000010,REGISTERED,True,42.0,40.0,32.0,MK000077,9.0,40.0,49.0,C,5.0,20.0,4.0,4.0,PASS
ST000021,AIML2023021,Yauvani,D’Alia,Female,2005-09-27,yauvani.d’alia21@student.college.edu,9027012243,DEP000001,AY000004,SEM000007,True,PRO000021,Declining,40,65,35,60,4,16,15,40,0.45,AR000021,SEM000007,AY000004,16.0,12.0,3.5,3.5,1,1,PROMOTED,REG000082,CO000026,MN000011,REGISTERED,False,40.0,42.0,40.0,MK000078,13.0,36.0,49.0,C,5.0,20.0,4.0,4.0,PASS
ST000021,AIML2023021,Yauvani,D’Alia,Female,2005-09-27,yauvani.d’alia21@student.college.edu,9027012243,DEP000001,AY000004,SEM000007,True,PRO000021,Declining,40,65,35,60,4,16,15,40,0.45,AR000021,SEM000007,AY000004,16.0,12.0,3.5,3.5,1,1,PROMOTED,REG000083,CO000027,MN000012,REGISTERED,False,48.0,38.0,42.0,MK000079,14.0,17.0,31.0,F,0.0,0.0,4.0,0.0,FAIL
ST000021,AIML2023021,Yauvani,D’Alia,Female,2005-09-27,yauvani.d’alia21@student.college.edu,9027012243,DEP000001,AY000004,SEM000007,True,PRO000021,Declining,40,65,35,60,4,16,15,40,0.45,AR000021,SEM000007,AY000004,16.0,12.0,3.5,3.5,1,1,PROMOTED,REG000084,CO000028,MN000013,REGISTERED,False,62.0,59.0,48.0,MK000080,6.0,34.0,40.0,P,4.0,16.0,4.0,4.0,PASS
ST000022,AIML2023022,Dalaja,Upadhyay,Female,2004-06-26,dalaja.upadhyay22@student.college.edu,6219256123,DEP000001,AY000004,SEM000007,True,PRO000022,Excellent,90,100,90,100,24,30,55,70,0.01,AR000022,SEM000007,AY000004,16.0,16.0,9.0,9.0,0,0,PASS,REG000085,CO000025,MN000010,REGISTERED,False,98.0,99.0,90.0,MK000081,28.0,65.0,93.0,O,10.0,40.0,4.0,4.0,PASS
ST000022,AIML2023022,Dalaja,Upadhyay,Female,2004-06-26,dalaja.upadhyay22@student.college.edu,6219256123,DEP000001,AY000004,SEM000007,True,PRO000022,Excellent,90,100,90,100,24,30,55,70,0.01,AR000022,SEM000007,AY000004,16.0,16.0,9.0,9.0,0,0,PASS,REG000086,CO000026,MN000011,REGISTERED,False,92.0,96.0,87.0,MK000082,24.0,56.0,80.0,A+,9.0,36.0,4.0,4.0,PASS
ST000022,AIML2023022,Dalaja,Upadhyay,Female,2004-06-26,dalaja.upadhyay22@student.college.edu,6219256123,DEP000001,AY000004,SEM000007,True,PRO000022,Excellent,90,100,90,100,24,30,55,70,0.01,AR000022,SEM000007,AY000004,16.0,16.0,9.0,9.0,0,0,PASS,REG000087,CO000027,MN000012,REGISTERED,False,97.0,92.0,100.0,MK000083,26.0,59.0,85.0,A+,9.0,36.0,4.0,4.0,PASS
ST000022,AIML2023022,Dalaja,Upadhyay,Female,2004-06-26,dalaja.upadhyay22@student.college.edu,6219256123,DEP000001,AY000004,SEM000007,True,PRO000022,Excellent,90,100,90,100,24,30,55,70,0.01,AR000022,SEM000007,AY000004,16.0,16.0,9.0,9.0,0,0,PASS,REG000088,CO000028,MN000013,REGISTERED,False,96.0,92.0,96.0,MK000084,24.0,55.0,79.0,A,8.0,32.0,4.0,4.0,PASS
ST000023,AIML2023023,Upma,Ramaswamy,Female,2006-04-17,upma.ramaswamy23@student.college.edu,9816582578,DEP000001,AY000004,SEM000007,True,PRO000023,Average,65,85,60,80,10,24,30,58,0.1,AR000023,SEM000007,AY000004,16.0,16.0,6.25,6.25,0,0,PASS,REG000089,CO000025,MN000010,REGISTERED,False,71.0,62.0,68.0,MK000085,10.0,40.0,50.0,B,6.0,24.0,4.0,4.0,PASS
ST000023,AIML2023023,Upma,Ramaswamy,Female,2006-04-17,upma.ramaswamy23@student.college.edu,9816582578,DEP000001,AY000004,SEM000007,True,PRO000023,Average,65,85,60,80,10,24,30,58,0.1,AR000023,SEM000007,AY000004,16.0,16.0,6.25,6.25,0,0,PASS,REG000090,CO000026,MN000011,REGISTERED,False,85.0,65.0,71.0,MK000086,15.0,39.0,54.0,B,6.0,24.0,4.0,4.0,PASS
ST000023,AIML2023023,Upma,Ramaswamy,Female,2006-04-17,upma.ramaswamy23@student.college.edu,9816582578,DEP000001,AY000004,SEM000007,True,PRO000023,Average,65,85,60,80,10,24,30,58,0.1,AR000023,SEM000007,AY000004,16.0,16.0,6.25,6.25,0,0,PASS,REG000091,CO000027,MN000012,REGISTERED,False,73.0,70.0,78.0,MK000087,10.0,38.0,48.0,C,5.0,20.0,4.0,4.0,PASS
ST000023,AIML2023023,Upma,Ramaswamy,Female,2006-04-17,upma.ramaswamy23@student.college.edu,9816582578,DEP000001,AY000004,SEM000007,True,PRO000023,Average,65,85,60,80,10,24,30,58,0.1,AR000023,SEM000007,AY000004,16.0,16.0,6.25,6.25,0,0,PASS,REG000092,CO000028,MN000013,REGISTERED,False,78.0,68.0,75.0,MK000088,24.0,55.0,79.0,A,8.0,32.0,4.0,4.0,PASS
ST000024,AIML2023024,Lucky,Ganguly,Male,2005-01-31,lucky.ganguly24@student.college.edu,9829181384,DEP000001,AY000004,SEM000007,True,PRO000024,Excellent,90,100,90,100,24,30,55,70,0.01,AR000024,SEM000007,AY000004,16.0,16.0,9.5,9.5,0,0,PASS,REG000093,CO000025,MN000010,REGISTERED,False,97.0,95.0,90.0,MK000089,26.0,65.0,91.0,O,10.0,40.0,4.0,4.0,PASS
ST000024,AIML2023024,Lucky,Ganguly,Male,2005-01-31,lucky.ganguly24@student.college.edu,9829181384,DEP000001,AY000004,SEM000007,True,PRO000024,Excellent,90,100,90,100,24,30,55,70,0.01,AR000024,SEM000007,AY000004,16.0,16.0,9.5,9.5,0,0,PASS,REG000094,CO000026,MN000011,REGISTERED,False,90.0,93.0,88.0,MK000090,30.0,70.0,100.0,O,10.0,40.0,4.0,4.0,PASS
ST000024,AIML2023024,Lucky,Ganguly,Male,2005-01-31,lucky.ganguly24@student.college.edu,9829181384,DEP000001,AY000004,SEM000007,True,PRO000024,Excellent,90,100,90,100,24,30,55,70,0.01,AR000024,SEM000007,AY000004,16.0,16.0,9.5,9.5,0,0,PASS,REG000095,CO000027,MN000012,REGISTERED,False,94.0,96.0,98.0,MK000091,25.0,55.0,80.0,A+,9.0,36.0,4.0,4.0,PASS
ST000024,AIML2023024,Lucky,Ganguly,Male,2005-01-31,lucky.ganguly24@student.college.edu,9829181384,DEP000001,AY000004,SEM000007,True,PRO000024,Excellent,90,100,90,100,24,30,55,70,0.01,AR000024,SEM000007,AY000004,16.0,16.0,9.5,9.5,0,0,PASS,REG000096,CO000028,MN000013,REGISTERED,False,91.0,95.0,85.0,MK000092,29.0,59.0,88.0,A+,9.0,36.0,4.0,4.0,PASS
ST000025,AIML2023025,Harshil,Date,Male,2004-06-17,harshil.date25@student.college.edu,7981241620,DEP000001,AY000004,SEM000007,True,PRO000025,HighRisk,20,50,20,45,0,12,0,30,0.8,AR000025,SEM000007,AY000004,12.0,0.0,0.0,0.0,3,3,FAIL,REG000097,CO000025,MN000010,REGISTERED,False,40.0,32.0,32.0,MK000093,0.0,12.0,12.0,F,0.0,0.0,4.0,0.0,FAIL
ST000025,AIML2023025,Harshil,Date,Male,2004-06-17,harshil.date25@student.college.edu,7981241620,DEP000001,AY000004,SEM000007,True,PRO000025,HighRisk,20,50,20,45,0,12,0,30,0.8,AR000025,SEM000007,AY000004,12.0,0.0,0.0,0.0,3,3,FAIL,REG000098,CO000026,MN000011,REGISTERED,False,43.0,26.0,34.0,MK000094,8.0,17.0,25.0,F,0.0,0.0,4.0,0.0,FAIL
ST000025,AIML2023025,Harshil,Date,Male,2004-06-17,harshil.date25@student.college.edu,7981241620,DEP000001,AY000004,SEM000007,True,PRO000025,HighRisk,20,50,20,45,0,12,0,30,0.8,AR000025,SEM000007,AY000004,12.0,0.0,0.0,0.0,3,3,FAIL,REG000099,CO000027,MN000012,CANCELLED,False,46.0,45.0,31.0,,,,,,,,,,
ST000025,AIML2023025,Harshil,Date,Male,2004-06-17,harshil.date25@student.college.edu,7981241620,DEP000001,AY000004,SEM000007,True,PRO000025,HighRisk,20,50,20,45,0,12,0,30,0.8,AR000025,SEM000007,AY000004,12.0,0.0,0.0,0.0,3,3,FAIL,REG000100,CO000028,MN000013,REGISTERED,False,39.0,22.0,26.0,MK000095,11.0,27.0,38.0,F,0.0,0.0,4.0,0.0,FAIL
ST000026,AIML2023026,Januja,Munshi,Female,2005-09-27,januja.munshi26@student.college.edu,7849741613,DEP000001,AY000004,SEM000007,True,PRO000026,HighRisk,20,50,20,45,0,12,0,30,0.8,AR000026,SEM000007,AY000004,8.0,0.0,0.0,0.0,2,2,PROMOTED,REG000101,CO000025,MN000010,REGISTERED,True,20.0,23.0,5.0,MK000096,12.0,10.0,22.0,F,0.0,0.0,4.0,0.0,FAIL
ST000026,AIML2023026,Januja,Munshi,Female,2005-09-27,januja.munshi26@student.college.edu,7849741613,DEP000001,AY000004,SEM000007,True,PRO000026,HighRisk,20,50,20,45,0,12,0,30,0.8,AR000026,SEM000007,AY000004,8.0,0.0,0.0,0.0,2,2,PROMOTED,REG000102,CO000026,MN000011,CANCELLED,False,33.0,28.0,25.0,,,,,,,,,,
ST000026,AIML2023026,Januja,Munshi,Female,2005-09-27,januja.munshi26@student.college.edu,7849741613,DEP000001,AY000004,SEM000007,True,PRO000026,HighRisk,20,50,20,45,0,12,0,30,0.8,AR000026,SEM000007,AY000004,8.0,0.0,0.0,0.0,2,2,PROMOTED,REG000103,CO000027,MN000012,CANCELLED,False,22.0,20.0,29.0,,,,,,,,,,
ST000026,AIML2023026,Januja,Munshi,Female,2005-09-27,januja.munshi26@student.college.edu,7849741613,DEP000001,AY000004,SEM000007,True,PRO000026,HighRisk,20,50,20,45,0,12,0,30,0.8,AR000026,SEM000007,AY000004,8.0,0.0,0.0,0.0,2,2,PROMOTED,REG000104,CO000028,MN000013,REGISTERED,False,46.0,33.0,34.0,MK000097,3.0,21.0,24.0,F,0.0,0.0,4.0,0.0,FAIL
ST000027,AIML2023027,Chaitanya,Bhandari,Male,2005-04-04,chaitanya.bhandari27@student.college.edu,8649514725,DEP000001,AY000004,SEM000007,True,PRO000027,Good,80,95,75,90,18,28,45,65,0.03,AR000027,SEM000007,AY000004,16.0,16.0,8.25,8.25,0,0,PASS,REG000105,CO000025,MN000010,REGISTERED,False,92.0,80.0,82.0,MK000098,23.0,49.0,72.0,A,8.0,32.0,4.0,4.0,PASS
ST000027,AIML2023027,Chaitanya,Bhandari,Male,2005-04-04,chaitanya.bhandari27@student.college.edu,8649514725,DEP000001,AY000004,SEM000007,True,PRO000027,Good,80,95,75,90,18,28,45,65,0.03,AR000027,SEM000007,AY000004,16.0,16.0,8.25,8.25,0,0,PASS,REG000106,CO000026,MN000011,REGISTERED,False,95.0,80.0,80.0,MK000099,24.0,49.0,73.0,A,8.0,32.0,4.0,4.0,PASS
ST000027,AIML2023027,Chaitanya,Bhandari,Male,2005-04-04,chaitanya.bhandari27@student.college.edu,8649514725,DEP000001,AY000004,SEM000007,True,PRO000027,Good,80,95,75,90,18,28,45,65,0.03,AR000027,SEM000007,AY000004,16.0,16.0,8.25,8.25,0,0,PASS,REG000107,CO000027,MN000012,REGISTERED,False,84.0,81.0,71.0,MK000100,21.0,53.0,74.0,A,8.0,32.0,4.0,4.0,PASS
ST000027,AIML2023027,Chaitanya,Bhandari,Male,2005-04-04,chaitanya.bhandari27@student.college.edu,8649514725,DEP000001,AY000004,SEM000007,True,PRO000027,Good,80,95,75,90,18,28,45,65,0.03,AR000027,SEM000007,AY000004,16.0,16.0,8.25,8.25,0,0,PASS,REG000108,CO000028,MN000013,REGISTERED,False,82.0,81.0,90.0,MK000101,27.0,56.0,83.0,A+,9.0,36.0,4.0,4.0,PASS
ST000028,AIML2023028,Owen,Dhingra,Male,2003-12-25,owen.dhingra28@student.college.edu,7069508983,DEP000001,AY000004,SEM000007,True,PRO000028,Average,65,85,60,80,10,24,30,58,0.1,AR000028,SEM000007,AY000004,16.0,16.0,6.75,6.75,0,0,PASS,REG000109,CO000025,MN000010,REGISTERED,False,75.0,65.0,70.0,MK000102,15.0,46.0,61.0,B+,7.0,28.0,4.0,4.0,PASS
ST000028,AIML2023028,Owen,Dhingra,Male,2003-12-25,owen.dhingra28@student.college.edu,7069508983,DEP000001,AY000004,SEM000007,True,PRO000028,Average,65,85,60,80,10,24,30,58,0.1,AR000028,SEM000007,AY000004,16.0,16.0,6.75,6.75,0,0,PASS,REG000110,CO000026,MN000011,REGISTERED,False,85.0,65.0,76.0,MK000103,18.0,30.0,48.0,C,5.0,20.0,4.0,4.0,PASS
ST000028,AIML2023028,Owen,Dhingra,Male,2003-12-25,owen.dhingra28@student.college.edu,7069508983,DEP000001,AY000004,SEM000007,True,PRO000028,Average,65,85,60,80,10,24,30,58,0.1,AR000028,SEM000007,AY000004,16.0,16.0,6.75,6.75,0,0,PASS,REG000111,CO000027,MN000012,REGISTERED,False,67.0,61.0,66.0,MK000104,20.0,45.0,65.0,B+,7.0,28.0,4.0,4.0,PASS
ST000028,AIML2023028,Owen,Dhingra,Male,2003-12-25,owen.dhingra28@student.college.edu,7069508983,DEP000001,AY000004,SEM000007,True,PRO000028,Average,65,85,60,80,10,24,30,58,0.1,AR000028,SEM000007,AY000004,16.0,16.0,6.75,6.75,0,0,PASS,REG000112,CO000028,MN000013,REGISTERED,False,69.0,67.0,70.0,MK000105,21.0,49.0,70.0,A,8.0,32.0,4.0,4.0,PASS
ST000029,AIML2023029,Chandani,Hayre,Female,2006-07-15,chandani.hayre29@student.college.edu,9309360343,DEP000001,AY000004,SEM000007,True,PRO000029,Excellent,90,100,90,100,24,30,55,70,0.01,AR000029,SEM000007,AY000004,16.0,16.0,9.5,9.5,0,0,PASS,REG000113,CO000025,MN000010,REGISTERED,False,94.0,93.0,91.0,MK000106,24.0,70.0,94.0,O,10.0,40.0,4.0,4.0,PASS
ST000029,AIML2023029,Chandani,Hayre,Female,2006-07-15,chandani.hayre29@student.college.edu,9309360343,DEP000001,AY000004,SEM000007,True,PRO000029,Excellent,90,100,90,100,24,30,55,70,0.01,AR000029,SEM000007,AY000004,16.0,16.0,9.5,9.5,0,0,PASS,REG000114,CO000026,MN000011,REGISTERED,False,99.0,96.0,87.0,MK000107,28.0,65.0,93.0,O,10.0,40.0,4.0,4.0,PASS
ST000029,AIML2023029,Chandani,Hayre,Female,2006-07-15,chandani.hayre29@student.college.edu,9309360343,DEP000001,AY000004,SEM000007,True,PRO000029,Excellent,90,100,90,100,24,30,55,70,0.01,AR000029,SEM000007,AY000004,16.0,16.0,9.5,9.5,0,0,PASS,REG000115,CO000027,MN000012,REGISTERED,False,90.0,93.0,91.0,MK000108,26.0,61.0,87.0,A+,9.0,36.0,4.0,4.0,PASS
ST000029,AIML2023029,Chandani,Hayre,Female,2006-07-15,chandani.hayre29@student.college.edu,9309360343,DEP000001,AY000004,SEM000007,True,PRO000029,Excellent,90,100,90,100,24,30,55,70,0.01,AR000029,SEM000007,AY000004,16.0,16.0,9.5,9.5,0,0,PASS,REG000116,CO000028,MN000013,REGISTERED,False,97.0,90.0,98.0,MK000109,27.0,62.0,89.0,A+,9.0,36.0,4.0,4.0,PASS
ST000030,AIML2023030,Raghav,Joshi,Male,2006-03-26,raghav.joshi30@student.college.edu,6102970745,DEP000001,AY000004,SEM000007,True,PRO000030,Good,80,95,75,90,18,28,45,65,0.03,AR000030,SEM000007,AY000004,16.0,16.0,8.25,8.25,0,0,PASS,REG000117,CO000025,MN000010,REGISTERED,False,80.0,81.0,78.0,MK000110,25.0,56.0,81.0,A+,9.0,36.0,4.0,4.0,PASS
ST000030,AIML2023030,Raghav,Joshi,Male,2006-03-26,raghav.joshi30@student.college.edu,6102970745,DEP000001,AY000004,SEM000007,True,PRO000030,Good,80,95,75,90,18,28,45,65,0.03,AR000030,SEM000007,AY000004,16.0,16.0,8.25,8.25,0,0,PASS,REG000118,CO000026,MN000011,REGISTERED,False,84.0,78.0,73.0,MK000111,22.0,49.0,71.0,A,8.0,32.0,4.0,4.0,PASS
ST000030,AIML2023030,Raghav,Joshi,Male,2006-03-26,raghav.joshi30@student.college.edu,6102970745,DEP000001,AY000004,SEM000007,True,PRO000030,Good,80,95,75,90,18,28,45,65,0.03,AR000030,SEM000007,AY000004,16.0,16.0,8.25,8.25,0,0,PASS,REG000119,CO000027,MN000012,REGISTERED,False,85.0,79.0,92.0,MK000112,23.0,47.0,70.0,A,8.0,32.0,4.0,4.0,PASS
ST000030,AIML2023030,Raghav,Joshi,Male,2006-03-26,raghav.joshi30@student.college.edu,6102970745,DEP000001,AY000004,SEM000007,True,PRO000030,Good,80,95,75,90,18,28,45,65,0.03,AR000030,SEM000007,AY000004,16.0,16.0,8.25,8.25,0,0,PASS,REG000120,CO000028,MN000013,REGISTERED,False,81.0,86.0,81.0,MK000113,18.0,58.0,76.0,A,8.0,32.0,4.0,4.0,PASS
ST000031,AIML2023031,Damyanti,Morar,Female,2006-02-09,damyanti.morar31@student.college.edu,9064079373,DEP000001,AY000004,SEM000007,True,PRO000031,Good,80,95,75,90,18,28,45,65,0.03,AR000031,SEM000007,AY000004,16.0,16.0,8.75,8.75,0,0,PASS,REG000121,CO000025,MN000010,REGISTERED,False,83.0,77.0,81.0,MK000114,26.0,51.0,77.0,A,8.0,32.0,4.0,4.0,PASS
ST000031,AIML2023031,Damyanti,Morar,Female,2006-02-09,damyanti.morar31@student.college.edu,9064079373,DEP000001,AY000004,SEM000007,True,PRO000031,Good,80,95,75,90,18,28,45,65,0.03,AR000031,SEM000007,AY000004,16.0,16.0,8.75,8.75,0,0,PASS,REG000122,CO000026,MN000011,REGISTERED,False,86.0,79.0,84.0,MK000115,23.0,65.0,88.0,A+,9.0,36.0,4.0,4.0,PASS
ST000031,AIML2023031,Damyanti,Morar,Female,2006-02-09,damyanti.morar31@student.college.edu,9064079373,DEP000001,AY000004,SEM000007,True,PRO000031,Good,80,95,75,90,18,28,45,65,0.03,AR000031,SEM000007,AY000004,16.0,16.0,8.75,8.75,0,0,PASS,REG000123,CO000027,MN000012,REGISTERED,False,92.0,88.0,85.0,MK000116,28.0,60.0,88.0,A+,9.0,36.0,4.0,4.0,PASS
ST000031,AIML2023031,Damyanti,Morar,Female,2006-02-09,damyanti.morar31@student.college.edu,9064079373,DEP000001,AY000004,SEM000007,True,PRO000031,Good,80,95,75,90,18,28,45,65,0.03,AR000031,SEM000007,AY000004,16.0,16.0,8.75,8.75,0,0,PASS,REG000124,CO000028,MN000013,REGISTERED,False,81.0,85.0,81.0,MK000117,24.0,61.0,85.0,A+,9.0,36.0,4.0,4.0,PASS
ST000032,AIML2023032,Rudra,Munshi,Male,2006-04-18,rudra.munshi32@student.college.edu,8585081057,DEP000001,AY000004,SEM000007,True,PRO000032,Improving,55,75,50,70,8,20,25,50,0.2,AR000032,SEM000007,AY000004,16.0,16.0,6.25,6.25,0,0,PASS,REG000125,CO000025,MN000010,REGISTERED,False,70.0,61.0,64.0,MK000118,20.0,34.0,54.0,B,6.0,24.0,4.0,4.0,PASS
ST000032,AIML2023032,Rudra,Munshi,Male,2006-04-18,rudra.munshi32@student.college.edu,8585081057,DEP000001,AY000004,SEM000007,True,PRO000032,Improving,55,75,50,70,8,20,25,50,0.2,AR000032,SEM000007,AY000004,16.0,16.0,6.25,6.25,0,0,PASS,REG000126,CO000026,MN000011,REGISTERED,False,70.0,66.0,59.0,MK000119,10.0,48.0,58.0,B,6.0,24.0,4.0,4.0,PASS
ST000032,AIML2023032,Rudra,Munshi,Male,2006-04-18,rudra.munshi32@student.college.edu,8585081057,DEP000001,AY000004,SEM000007,True,PRO000032,Improving,55,75,50,70,8,20,25,50,0.2,AR000032,SEM000007,AY000004,16.0,16.0,6.25,6.25,0,0,PASS,REG000127,CO000027,MN000012,REGISTERED,False,64.0,63.0,62.0,MK000120,18.0,39.0,57.0,B,6.0,24.0,4.0,4.0,PASS
ST000032,AIML2023032,Rudra,Munshi,Male,2006-04-18,rudra.munshi32@student.college.edu,8585081057,DEP000001,AY000004,SEM000007,True,PRO000032,Improving,55,75,50,70,8,20,25,50,0.2,AR000032,SEM000007,AY000004,16.0,16.0,6.25,6.25,0,0,PASS,REG000128,CO000028,MN000013,REGISTERED,False,74.0,65.0,60.0,MK000121,17.0,45.0,62.0,B+,7.0,28.0,4.0,4.0,PASS
ST000033,AIML2023033,Neel,Sunder,Male,2006-02-21,neel.sunder33@student.college.edu,6602261616,DEP000001,AY000004,SEM000007,True,PRO000033,Average,65,85,60,80,10,24,30,58,0.1,AR000033,SEM000007,AY000004,16.0,16.0,5.75,5.75,0,0,PASS,REG000129,CO000025,MN000010,REGISTERED,False,69.0,64.0,57.0,MK000122,11.0,30.0,41.0,P,4.0,16.0,4.0,4.0,PASS
ST000033,AIML2023033,Neel,Sunder,Male,2006-02-21,neel.sunder33@student.college.edu,6602261616,DEP000001,AY000004,SEM000007,True,PRO000033,Average,65,85,60,80,10,24,30,58,0.1,AR000033,SEM000007,AY000004,16.0,16.0,5.75,5.75,0,0,PASS,REG000130,CO000026,MN000011,REGISTERED,False,83.0,80.0,74.0,MK000123,19.0,39.0,58.0,B,6.0,24.0,4.0,4.0,PASS
ST000033,AIML2023033,Neel,Sunder,Male,2006-02-21,neel.sunder33@student.college.edu,6602261616,DEP000001,AY000004,SEM000007,True,PRO000033,Average,65,85,60,80,10,24,30,58,0.1,AR000033,SEM000007,AY000004,16.0,16.0,5.75,5.75,0,0,PASS,REG000131,CO000027,MN000012,REGISTERED,False,78.0,67.0,70.0,MK000124,24.0,30.0,54.0,B,6.0,24.0,4.0,4.0,PASS
ST000033,AIML2023033,Neel,Sunder,Male,2006-02-21,neel.sunder33@student.college.edu,6602261616,DEP000001,AY000004,SEM000007,True,PRO000033,Average,65,85,60,80,10,24,30,58,0.1,AR000033,SEM000007,AY000004,16.0,16.0,5.75,5.75,0,0,PASS,REG000132,CO000028,MN000013,REGISTERED,False,77.0,71.0,77.0,MK000125,18.0,45.0,63.0,B+,7.0,28.0,4.0,4.0,PASS
ST000034,AIML2023034,Yashawini,Shan,Female,2004-01-20,yashawini.shan34@student.college.edu,7760106042,DEP000001,AY000004,SEM000007,True,PRO000034,Average,65,85,60,80,10,24,30,58,0.1,AR000034,SEM000007,AY000004,16.0,16.0,7.25,7.25,0,0,PASS,REG000133,CO000025,MN000010,REGISTERED,False,76.0,70.0,66.0,MK000126,16.0,55.0,71.0,A,8.0,32.0,4.0,4.0,PASS
ST000034,AIML2023034,Yashawini,Shan,Female,2004-01-20,yashawini.shan34@student.college.edu,7760106042,DEP000001,AY000004,SEM000007,True,PRO000034,Average,65,85,60,80,10,24,30,58,0.1,AR000034,SEM000007,AY000004,16.0,16.0,7.25,7.25,0,0,PASS,REG000134,CO000026,MN000011,REGISTERED,False,78.0,65.0,71.0,MK000127,12.0,53.0,65.0,B+,7.0,28.0,4.0,4.0,PASS
ST000034,AIML2023034,Yashawini,Shan,Female,2004-01-20,yashawini.shan34@student.college.edu,7760106042,DEP000001,AY000004,SEM000007,True,PRO000034,Average,65,85,60,80,10,24,30,58,0.1,AR000034,SEM000007,AY000004,16.0,16.0,7.25,7.25,0,0,PASS,REG000135,CO000027,MN000012,REGISTERED,False,82.0,70.0,76.0,MK000128,10.0,51.0,61.0,B+,7.0,28.0,4.0,4.0,PASS
ST000034,AIML2023034,Yashawini,Shan,Female,2004-01-20,yashawini.shan34@student.college.edu,7760106042,DEP000001,AY000004,SEM000007,True,PRO000034,Average,65,85,60,80,10,24,30,58,0.1,AR000034,SEM000007,AY000004,16.0,16.0,7.25,7.25,0,0,PASS,REG000136,CO000028,MN000013,REGISTERED,False,74.0,77.0,69.0,MK000129,24.0,37.0,61.0,B+,7.0,28.0,4.0,4.0,PASS
ST000035,AIML2023035,Kabir,Vyas,Male,2005-05-11,kabir.vyas35@student.college.edu,9238035008,DEP000001,AY000004,SEM000007,False,PRO000035,Average,65,85,60,80,10,24,30,58,0.1,AR000035,SEM000007,AY000004,0.0,0.0,0.0,0.0,0,0,NOT_REGISTERED,,,,,,,,,,,,,,,,,,
ST000036,AIML2023036,Gaurav,Venkataraman,Male,2004-03-13,gaurav.venkataraman36@student.college.edu,8850918569,DEP000001,AY000004,SEM000007,True,PRO000036,Average,65,85,60,80,10,24,30,58,0.1,AR000036,SEM000007,AY000004,16.0,16.0,6.5,6.5,0,0,PASS,REG000137,CO000025,MN000010,REGISTERED,False,76.0,69.0,78.0,MK000130,16.0,50.0,66.0,B+,7.0,28.0,4.0,4.0,PASS
ST000036,AIML2023036,Gaurav,Venkataraman,Male,2004-03-13,gaurav.venkataraman36@student.college.edu,8850918569,DEP000001,AY000004,SEM000007,True,PRO000036,Average,65,85,60,80,10,24,30,58,0.1,AR000036,SEM000007,AY000004,16.0,16.0,6.5,6.5,0,0,PASS,REG000138,CO000026,MN000011,REGISTERED,False,65.0,69.0,70.0,MK000131,24.0,31.0,55.0,B,6.0,24.0,4.0,4.0,PASS
ST000036,AIML2023036,Gaurav,Venkataraman,Male,2004-03-13,gaurav.venkataraman36@student.college.edu,8850918569,DEP000001,AY000004,SEM000007,True,PRO000036,Average,65,85,60,80,10,24,30,58,0.1,AR000036,SEM000007,AY000004,16.0,16.0,6.5,6.5,0,0,PASS,REG000139,CO000027,MN000012,REGISTERED,False,65.0,64.0,55.0,MK000132,16.0,41.0,57.0,B,6.0,24.0,4.0,4.0,PASS
ST000036,AIML2023036,Gaurav,Venkataraman,Male,2004-03-13,gaurav.venkataraman36@student.college.edu,8850918569,DEP000001,AY000004,SEM000007,True,PRO000036,Average,65,85,60,80,10,24,30,58,0.1,AR000036,SEM000007,AY000004,16.0,16.0,6.5,6.5,0,0,PASS,REG000140,CO000028,MN000013,REGISTERED,False,83.0,79.0,79.0,MK000133,14.0,52.0,66.0,B+,7.0,28.0,4.0,4.0,PASS
ST000037,AIML2023037,Teerth,Nath,Male,2004-01-18,teerth.nath37@student.college.edu,7162668660,DEP000001,AY000004,SEM000007,True,PRO000037,Average,65,85,60,80,10,24,30,58,0.1,AR000037,SEM000007,AY000004,16.0,16.0,5.75,5.75,0,0,PASS,REG000141,CO000025,MN000010,REGISTERED,False,81.0,64.0,70.0,MK000134,10.0,39.0,49.0,C,5.0,20.0,4.0,4.0,PASS
ST000037,AIML2023037,Teerth,Nath,Male,2004-01-18,teerth.nath37@student.college.edu,7162668660,DEP000001,AY000004,SEM000007,True,PRO000037,Average,65,85,60,80,10,24,30,58,0.1,AR000037,SEM000007,AY000004,16.0,16.0,5.75,5.75,0,0,PASS,REG000142,CO000026,MN000011,REGISTERED,False,84.0,77.0,73.0,MK000135,16.0,50.0,66.0,B+,7.0,28.0,4.0,4.0,PASS
ST000037,AIML2023037,Teerth,Nath,Male,2004-01-18,teerth.nath37@student.college.edu,7162668660,DEP000001,AY000004,SEM000007,True,PRO000037,Average,65,85,60,80,10,24,30,58,0.1,AR000037,SEM000007,AY000004,16.0,16.0,5.75,5.75,0,0,PASS,REG000143,CO000027,MN000012,REGISTERED,False,73.0,63.0,79.0,MK000136,10.0,37.0,47.0,C,5.0,20.0,4.0,4.0,PASS
ST000037,AIML2023037,Teerth,Nath,Male,2004-01-18,teerth.nath37@student.college.edu,7162668660,DEP000001,AY000004,SEM000007,True,PRO000037,Average,65,85,60,80,10,24,30,58,0.1,AR000037,SEM000007,AY000004,16.0,16.0,5.75,5.75,0,0,PASS,REG000144,CO000028,MN000013,REGISTERED,False,78.0,66.0,80.0,MK000137,20.0,33.0,53.0,B,6.0,24.0,4.0,4.0,PASS
ST000038,AIML2023038,Omisha,Bajwa,Female,2006-03-06,omisha.bajwa38@student.college.edu,6460355226,DEP000001,AY000004,SEM000007,True,PRO000038,Average,65,85,60,80,10,24,30,58,0.1,AR000038,SEM000007,AY000004,12.0,12.0,7.0,7.0,0,0,PASS,REG000145,CO000025,MN000010,REGISTERED,False,77.0,78.0,62.0,MK000138,12.0,56.0,68.0,B+,7.0,28.0,4.0,4.0,PASS
ST000038,AIML2023038,Omisha,Bajwa,Female,2006-03-06,omisha.bajwa38@student.college.edu,6460355226,DEP000001,AY000004,SEM000007,True,PRO000038,Average,65,85,60,80,10,24,30,58,0.1,AR000038,SEM000007,AY000004,12.0,12.0,7.0,7.0,0,0,PASS,REG000146,CO000026,MN000011,REGISTERED,False,74.0,64.0,66.0,MK000139,23.0,36.0,59.0,B,6.0,24.0,4.0,4.0,PASS
ST000038,AIML2023038,Omisha,Bajwa,Female,2006-03-06,omisha.bajwa38@student.college.edu,6460355226,DEP000001,AY000004,SEM000007,True,PRO000038,Average,65,85,60,80,10,24,30,58,0.1,AR000038,SEM000007,AY000004,12.0,12.0,7.0,7.0,0,0,PASS,REG000147,CO000027,MN000012,CANCELLED,False,79.0,64.0,72.0,,,,,,,,,,
ST000038,AIML2023038,Omisha,Bajwa,Female,2006-03-06,omisha.bajwa38@student.college.edu,6460355226,DEP000001,AY000004,SEM000007,True,PRO000038,Average,65,85,60,80,10,24,30,58,0.1,AR000038,SEM000007,AY000004,12.0,12.0,7.0,7.0,0,0,PASS,REG000148,CO000028,MN000013,REGISTERED,False,65.0,61.0,62.0,MK000140,15.0,58.0,73.0,A,8.0,32.0,4.0,4.0,PASS
ST000039,AIML2023039,Shivansh,Chopra,Male,2006-03-02,shivansh.chopra39@student.college.edu,6002811977,DEP000001,AY000004,SEM000007,True,PRO000039,Improving,55,75,50,70,8,20,25,50,0.2,AR000039,SEM000007,AY000004,12.0,12.0,5.33,5.33,0,0,PASS,REG000149,CO000025,MN000010,CANCELLED,False,75.0,63.0,61.0,,,,,,,,,,
ST000039,AIML2023039,Shivansh,Chopra,Male,2006-03-02,shivansh.chopra39@student.college.edu,6002811977,DEP000001,AY000004,SEM000007,True,PRO000039,Improving,55,75,50,70,8,20,25,50,0.2,AR000039,SEM000007,AY000004,12.0,12.0,5.33,5.33,0,0,PASS,REG000150,CO000026,MN000011,REGISTERED,False,65.0,54.0,65.0,MK000141,19.0,45.0,64.0,B+,7.0,28.0,4.0,4.0,PASS
ST000039,AIML2023039,Shivansh,Chopra,Male,2006-03-02,shivansh.chopra39@student.college.edu,6002811977,DEP000001,AY000004,SEM000007,True,PRO000039,Improving,55,75,50,70,8,20,25,50,0.2,AR000039,SEM000007,AY000004,12.0,12.0,5.33,5.33,0,0,PASS,REG000151,CO000027,MN000012,REGISTERED,False,64.0,63.0,64.0,MK000142,14.0,29.0,43.0,P,4.0,16.0,4.0,4.0,PASS
ST000039,AIML2023039,Shivansh,Chopra,Male,2006-03-02,shivansh.chopra39@student.college.edu,6002811977,DEP000001,AY000004,SEM000007,True,PRO000039,Improving,55,75,50,70,8,20,25,50,0.2,AR000039,SEM000007,AY000004,12.0,12.0,5.33,5.33,0,0,PASS,REG000152,CO000028,MN000013,REGISTERED,False,68.0,65.0,65.0,MK000143,11.0,34.0,45.0,C,5.0,20.0,4.0,4.0,PASS
ST000040,AIML2023040,Chanakya,Nagi,Male,2003-11-23,chanakya.nagi40@student.college.edu,8800522224,DEP000001,AY000004,SEM000007,True,PRO000040,Declining,40,65,35,60,4,16,15,40,0.45,AR000040,SEM000007,AY000004,16.0,8.0,2.0,2.0,2,2,PROMOTED,REG000153,CO000025,MN000010,REGISTERED,True,53.0,54.0,39.0,MK000144,8.0,34.0,42.0,P,4.0,16.0,4.0,4.0,PASS
ST000040,AIML2023040,Chanakya,Nagi,Male,2003-11-23,chanakya.nagi40@student.college.edu,8800522224,DEP000001,AY000004,SEM000007,True,PRO000040,Declining,40,65,35,60,4,16,15,40,0.45,AR000040,SEM000007,AY000004,16.0,8.0,2.0,2.0,2,2,PROMOTED,REG000154,CO000026,MN000011,REGISTERED,False,60.0,59.0,45.0,MK000145,9.0,30.0,39.0,F,0.0,0.0,4.0,0.0,FAIL
ST000040,AIML2023040,Chanakya,Nagi,Male,2003-11-23,chanakya.nagi40@student.college.edu,8800522224,DEP000001,AY000004,SEM000007,True,PRO000040,Declining,40,65,35,60,4,16,15,40,0.45,AR000040,SEM000007,AY000004,16.0,8.0,2.0,2.0,2,2,PROMOTED,REG000155,CO000027,MN000012,REGISTERED,False,41.0,36.0,41.0,MK000146,7.0,28.0,35.0,F,0.0,0.0,4.0,0.0,FAIL
ST000040,AIML2023040,Chanakya,Nagi,Male,2003-11-23,chanakya.nagi40@student.college.edu,8800522224,DEP000001,AY000004,SEM000007,True,PRO000040,Declining,40,65,35,60,4,16,15,40,0.45,AR000040,SEM000007,AY000004,16.0,8.0,2.0,2.0,2,2,PROMOTED,REG000156,CO000028,MN000013,REGISTERED,False,54.0,51.0,46.0,MK000147,13.0,27.0,40.0,P,4.0,16.0,4.0,4.0,PASS
ST000041,AIML2023041,Tejas,Setty,Male,2005-03-18,tejas.setty41@student.college.edu,8108761209,DEP000001,AY000004,SEM000007,True,PRO000041,Average,65,85,60,80,10,24,30,58,0.1,AR000041,SEM000007,AY000004,16.0,16.0,6.75,6.75,0,0,PASS,REG000157,CO000025,MN000010,REGISTERED,False,65.0,64.0,65.0,MK000148,21.0,34.0,55.0,B,6.0,24.0,4.0,4.0,PASS
ST000041,AIML2023041,Tejas,Setty,Male,2005-03-18,tejas.setty41@student.college.edu,8108761209,DEP000001,AY000004,SEM000007,True,PRO000041,Average,65,85,60,80,10,24,30,58,0.1,AR000041,SEM000007,AY000004,16.0,16.0,6.75,6.75,0,0,PASS,REG000158,CO000026,MN000011,REGISTERED,False,83.0,68.0,72.0,MK000149,24.0,45.0,69.0,B+,7.0,28.0,4.0,4.0,PASS
ST000041,AIML2023041,Tejas,Setty,Male,2005-03-18,tejas.setty41@student.college.edu,8108761209,DEP000001,AY000004,SEM000007,True,PRO000041,Average,65,85,60,80,10,24,30,58,0.1,AR000041,SEM000007,AY000004,16.0,16.0,6.75,6.75,0,0,PASS,REG000159,CO000027,MN000012,REGISTERED,False,80.0,63.0,69.0,MK000150,20.0,55.0,75.0,A,8.0,32.0,4.0,4.0,PASS
ST000041,AIML2023041,Tejas,Setty,Male,2005-03-18,tejas.setty41@student.college.edu,8108761209,DEP000001,AY000004,SEM000007,True,PRO000041,Average,65,85,60,80,10,24,30,58,0.1,AR000041,SEM000007,AY000004,16.0,16.0,6.75,6.75,0,0,PASS,REG000160,CO000028,MN000013,REGISTERED,False,79.0,80.0,67.0,MK000151,21.0,33.0,54.0,B,6.0,24.0,4.0,4.0,PASS
ST000042,AIML2023042,Zayan,Mandal,Male,2004-09-12,zayan.mandal42@student.college.edu,8392226225,DEP000001,AY000004,SEM000007,True,PRO000042,Excellent,90,100,90,100,24,30,55,70,0.01,AR000042,SEM000007,AY000004,16.0,16.0,9.25,9.25,0,0,PASS,REG000161,CO000025,MN000010,REGISTERED,False,90.0,94.0,100.0,MK000152,26.0,63.0,89.0,A+,9.0,36.0,4.0,4.0,PASS
ST000042,AIML2023042,Zayan,Mandal,Male,2004-09-12,zayan.mandal42@student.college.edu,8392226225,DEP000001,AY000004,SEM000007,True,PRO000042,Excellent,90,100,90,100,24,30,55,70,0.01,AR000042,SEM000007,AY000004,16.0,16.0,9.25,9.25,0,0,PASS,REG000162,CO000026,MN000011,REGISTERED,False,100.0,90.0,90.0,MK000153,26.0,68.0,94.0,O,10.0,40.0,4.0,4.0,PASS
ST000042,AIML2023042,Zayan,Mandal,Male,2004-09-12,zayan.mandal42@student.college.edu,8392226225,DEP000001,AY000004,SEM000007,True,PRO000042,Excellent,90,100,90,100,24,30,55,70,0.01,AR000042,SEM000007,AY000004,16.0,16.0,9.25,9.25,0,0,PASS,REG000163,CO000027,MN000012,REGISTERED,False,91.0,91.0,98.0,MK000154,24.0,57.0,81.0,A+,9.0,36.0,4.0,4.0,PASS
ST000042,AIML2023042,Zayan,Mandal,Male,2004-09-12,zayan.mandal42@student.college.edu,8392226225,DEP000001,AY000004,SEM000007,True,PRO000042,Excellent,90,100,90,100,24,30,55,70,0.01,AR000042,SEM000007,AY000004,16.0,16.0,9.25,9.25,0,0,PASS,REG000164,CO000028,MN000013,REGISTERED,False,97.0,93.0,87.0,MK000155,27.0,62.0,89.0,A+,9.0,36.0,4.0,4.0,PASS
ST000043,AIML2023043,Zashil,Dube,Male,2005-11-23,zashil.dube43@student.college.edu,6558110745,DEP000001,AY000004,SEM000007,True,PRO000043,Improving,55,75,50,70,8,20,25,50,0.2,AR000043,SEM000007,AY000004,12.0,12.0,5.67,5.67,0,0,PASS,REG000165,CO000025,MN000010,REGISTERED,False,63.0,51.0,54.0,MK000156,16.0,47.0,63.0,B+,7.0,28.0,4.0,4.0,PASS
ST000043,AIML2023043,Zashil,Dube,Male,2005-11-23,zashil.dube43@student.college.edu,6558110745,DEP000001,AY000004,SEM000007,True,PRO000043,Improving,55,75,50,70,8,20,25,50,0.2,AR000043,SEM000007,AY000004,12.0,12.0,5.67,5.67,0,0,PASS,REG000166,CO000026,MN000011,CANCELLED,False,67.0,68.0,58.0,,,,,,,,,,
ST000043,AIML2023043,Zashil,Dube,Male,2005-11-23,zashil.dube43@student.college.edu,6558110745,DEP000001,AY000004,SEM000007,True,PRO000043,Improving,55,75,50,70,8,20,25,50,0.2,AR000043,SEM000007,AY000004,12.0,12.0,5.67,5.67,0,0,PASS,REG000167,CO000027,MN000012,REGISTERED,False,60.0,51.0,63.0,MK000157,17.0,29.0,46.0,C,5.0,20.0,4.0,4.0,PASS
ST000043,AIML2023043,Zashil,Dube,Male,2005-11-23,zashil.dube43@student.college.edu,6558110745,DEP000001,AY000004,SEM000007,True,PRO000043,Improving,55,75,50,70,8,20,25,50,0.2,AR000043,SEM000007,AY000004,12.0,12.0,5.67,5.67,0,0,PASS,REG000168,CO000028,MN000013,REGISTERED,False,61.0,56.0,53.0,MK000158,10.0,39.0,49.0,C,5.0,20.0,4.0,4.0,PASS
ST000044,AIML2023044,Jackson,Date,Male,2004-11-21,jackson.date44@student.college.edu,7725601581,DEP000001,AY000004,SEM000007,True,PRO000044,Excellent,90,100,90,100,24,30,55,70,0.01,AR000044,SEM000007,AY000004,16.0,16.0,9.5,9.5,0,0,PASS,REG000169,CO000025,MN000010,REGISTERED,False,99.0,94.0,98.0,MK000159,24.0,60.0,84.0,A+,9.0,36.0,4.0,4.0,PASS
ST000044,AIML2023044,Jackson,Date,Male,2004-11-21,jackson.date44@student.college.edu,7725601581,DEP000001,AY000004,SEM000007,True,PRO000044,Excellent,90,100,90,100,24,30,55,70,0.01,AR000044,SEM000007,AY000004,16.0,16.0,9.5,9.5,0,0,PASS,REG000170,CO000026,MN000011,REGISTERED,False,94.0,90.0,94.0,MK000160,27.0,62.0,89.0,A+,9.0,36.0,4.0,4.0,PASS
ST000044,AIML2023044,Jackson,Date,Male,2004-11-21,jackson.date44@student.college.edu,7725601581,DEP000001,AY000004,SEM000007,True,PRO000044,Excellent,90,100,90,100,24,30,55,70,0.01,AR000044,SEM000007,AY000004,16.0,16.0,9.5,9.5,0,0,PASS,REG000171,CO000027,MN000012,REGISTERED,False,91.0,96.0,100.0,MK000161,29.0,62.0,91.0,O,10.0,40.0,4.0,4.0,PASS
ST000044,AIML2023044,Jackson,Date,Male,2004-11-21,jackson.date44@student.college.edu,7725601581,DEP000001,AY000004,SEM000007,True,PRO000044,Excellent,90,100,90,100,24,30,55,70,0.01,AR000044,SEM000007,AY000004,16.0,16.0,9.5,9.5,0,0,PASS,REG000172,CO000028,MN000013,REGISTERED,False,94.0,96.0,95.0,MK000162,29.0,61.0,90.0,O,10.0,40.0,4.0,4.0,PASS
ST000045,AIML2023045,Banjeet,Wason,Male,2004-09-06,banjeet.wason45@student.college.edu,8315698094,DEP000001,AY000004,SEM000007,True,PRO000045,HighRisk,20,50,20,45,0,12,0,30,0.8,AR000045,SEM000007,AY000004,12.0,0.0,0.0,0.0,3,3,FAIL,REG000173,CO000025,MN000010,REGISTERED,True,20.0,25.0,10.0,MK000163,4.0,22.0,26.0,F,0.0,0.0,4.0,0.0,FAIL
ST000045,AIML2023045,Banjeet,Wason,Male,2004-09-06,banjeet.wason45@student.college.edu,8315698094,DEP000001,AY000004,SEM000007,True,PRO000045,HighRisk,20,50,20,45,0,12,0,30,0.8,AR000045,SEM000007,AY000004,12.0,0.0,0.0,0.0,3,3,FAIL,REG000174,CO000026,MN000011,REGISTERED,True,32.0,26.0,30.0,MK000164,3.0,29.0,32.0,F,0.0,0.0,4.0,0.0,FAIL
ST000045,AIML2023045,Banjeet,Wason,Male,2004-09-06,banjeet.wason45@student.college.edu,8315698094,DEP000001,AY000004,SEM000007,True,PRO000045,HighRisk,20,50,20,45,0,12,0,30,0.8,AR000045,SEM000007,AY000004,12.0,0.0,0.0,0.0,3,3,FAIL,REG000175,CO000027,MN000012,CANCELLED,False,32.0,26.0,33.0,,,,,,,,,,
ST000045,AIML2023045,Banjeet,Wason,Male,2004-09-06,banjeet.wason45@student.college.edu,8315698094,DEP000001,AY000004,SEM000007,True,PRO000045,HighRisk,20,50,20,45,0,12,0,30,0.8,AR000045,SEM000007,AY000004,12.0,0.0,0.0,0.0,3,3,FAIL,REG000176,CO000028,MN000013,REGISTERED,False,34.0,39.0,20.0,MK000165,8.0,18.0,26.0,F,0.0,0.0,4.0,0.0,FAIL
ST000046,AIML2023046,Ekiya,Bhardwaj,Female,2004-01-14,ekiya.bhardwaj46@student.college.edu,9454459568,DEP000001,AY000004,SEM000007,True,PRO000046,Average,65,85,60,80,10,24,30,58,0.1,AR000046,SEM000007,AY000004,16.0,16.0,7.5,7.5,0,0,PASS,REG000177,CO000025,MN000010,REGISTERED,False,74.0,66.0,73.0,MK000166,15.0,38.0,53.0,B,6.0,24.0,4.0,4.0,PASS
ST000046,AIML2023046,Ekiya,Bhardwaj,Female,2004-01-14,ekiya.bhardwaj46@student.college.edu,9454459568,DEP000001,AY000004,SEM000007,True,PRO000046,Average,65,85,60,80,10,24,30,58,0.1,AR000046,SEM000007,AY000004,16.0,16.0,7.5,7.5,0,0,PASS,REG000178,CO000026,MN000011,REGISTERED,False,85.0,70.0,70.0,MK000167,24.0,58.0,82.0,A+,9.0,36.0,4.0,4.0,PASS
ST000046,AIML2023046,Ekiya,Bhardwaj,Female,2004-01-14,ekiya.bhardwaj46@student.college.edu,9454459568,DEP000001,AY000004,SEM000007,True,PRO000046,Average,65,85,60,80,10,24,30,58,0.1,AR000046,SEM000007,AY000004,16.0,16.0,7.5,7.5,0,0,PASS,REG000179,CO000027,MN000012,REGISTERED,False,65.0,63.0,52.0,MK000168,20.0,54.0,74.0,A,8.0,32.0,4.0,4.0,PASS
ST000046,AIML2023046,Ekiya,Bhardwaj,Female,2004-01-14,ekiya.bhardwaj46@student.college.edu,9454459568,DEP000001,AY000004,SEM000007,True,PRO000046,Average,65,85,60,80,10,24,30,58,0.1,AR000046,SEM000007,AY000004,16.0,16.0,7.5,7.5,0,0,PASS,REG000180,CO000028,MN000013,REGISTERED,True,78.0,70.0,72.0,MK000169,14.0,54.0,68.0,B+,7.0,28.0,4.0,4.0,PASS
ST000047,AIML2023047,Qabil,Khanna,Male,2005-07-04,qabil.khanna47@student.college.edu,8980764069,DEP000001,AY000004,SEM000007,True,PRO000047,Good,80,95,75,90,18,28,45,65,0.03,AR000047,SEM000007,AY000004,16.0,16.0,8.5,8.5,0,0,PASS,REG000181,CO000025,MN000010,REGISTERED,False,83.0,86.0,83.0,MK000170,21.0,61.0,82.0,A+,9.0,36.0,4.0,4.0,PASS
ST000047,AIML2023047,Qabil,Khanna,Male,2005-07-04,qabil.khanna47@student.college.edu,8980764069,DEP000001,AY000004,SEM000007,True,PRO000047,Good,80,95,75,90,18,28,45,65,0.03,AR000047,SEM000007,AY000004,16.0,16.0,8.5,8.5,0,0,PASS,REG000182,CO000026,MN000011,REGISTERED,False,83.0,83.0,81.0,MK000171,24.0,55.0,79.0,A,8.0,32.0,4.0,4.0,PASS
ST000047,AIML2023047,Qabil,Khanna,Male,2005-07-04,qabil.khanna47@student.college.edu,8980764069,DEP000001,AY000004,SEM000007,True,PRO000047,Good,80,95,75,90,18,28,45,65,0.03,AR000047,SEM000007,AY000004,16.0,16.0,8.5,8.5,0,0,PASS,REG000183,CO000027,MN000012,REGISTERED,False,80.0,77.0,82.0,MK000172,28.0,60.0,88.0,A+,9.0,36.0,4.0,4.0,PASS
ST000047,AIML2023047,Qabil,Khanna,Male,2005-07-04,qabil.khanna47@student.college.edu,8980764069,DEP000001,AY000004,SEM000007,True,PRO000047,Good,80,95,75,90,18,28,45,65,0.03,AR000047,SEM000007,AY000004,16.0,16.0,8.5,8.5,0,0,PASS,REG000184,CO000028,MN000013,REGISTERED,False,82.0,80.0,92.0,MK000173,21.0,54.0,75.0,A,8.0,32.0,4.0,4.0,PASS
ST000048,AIML2023048,Charita,Naidu,Female,2004-05-06,charita.naidu48@student.college.edu,8442818878,DEP000001,AY000004,SEM000007,True,PRO000048,Improving,55,75,50,70,8,20,25,50,0.2,AR000048,SEM000007,AY000004,16.0,16.0,5.5,5.5,0,0,PASS,REG000185,CO000025,MN000010,REGISTERED,False,69.0,54.0,62.0,MK000174,12.0,45.0,57.0,B,6.0,24.0,4.0,4.0,PASS
ST000048,AIML2023048,Charita,Naidu,Female,2004-05-06,charita.naidu48@student.college.edu,8442818878,DEP000001,AY000004,SEM000007,True,PRO000048,Improving,55,75,50,70,8,20,25,50,0.2,AR000048,SEM000007,AY000004,16.0,16.0,5.5,5.5,0,0,PASS,REG000186,CO000026,MN000011,REGISTERED,False,64.0,56.0,49.0,MK000175,11.0,38.0,49.0,C,5.0,20.0,4.0,4.0,PASS
ST000048,AIML2023048,Charita,Naidu,Female,2004-05-06,charita.naidu48@student.college.edu,8442818878,DEP000001,AY000004,SEM000007,True,PRO000048,Improving,55,75,50,70,8,20,25,50,0.2,AR000048,SEM000007,AY000004,16.0,16.0,5.5,5.5,0,0,PASS,REG000187,CO000027,MN000012,REGISTERED,True,64.0,68.0,59.0,MK000176,14.0,42.0,56.0,B,6.0,24.0,4.0,4.0,PASS
ST000048,AIML2023048,Charita,Naidu,Female,2004-05-06,charita.naidu48@student.college.edu,8442818878,DEP000001,AY000004,SEM000007,True,PRO000048,Improving,55,75,50,70,8,20,25,50,0.2,AR000048,SEM000007,AY000004,16.0,16.0,5.5,5.5,0,0,PASS,REG000188,CO000028,MN000013,REGISTERED,False,60.0,50.0,50.0,MK000177,20.0,26.0,46.0,C,5.0,20.0,4.0,4.0,PASS
ST000049,AIML2023049,Reyansh,Setty,Male,2006-06-09,reyansh.setty49@student.college.edu,7959230379,DEP000001,AY000004,SEM000007,True,PRO000049,Average,65,85,60,80,10,24,30,58,0.1,AR000049,SEM000007,AY000004,16.0,16.0,5.5,5.5,0,0,PASS,REG000189,CO000025,MN000010,REGISTERED,False,74.0,61.0,71.0,MK000178,11.0,30.0,41.0,P,4.0,16.0,4.0,4.0,PASS
ST000049,AIML2023049,Reyansh,Setty,Male,2006-06-09,reyansh.setty49@student.college.edu,7959230379,DEP000001,AY000004,SEM000007,True,PRO000049,Average,65,85,60,80,10,24,30,58,0.1,AR000049,SEM000007,AY000004,16.0,16.0,5.5,5.5,0,0,PASS,REG000190,CO000026,MN000011,REGISTERED,False,80.0,80.0,67.0,MK000179,16.0,35.0,51.0,B,6.0,24.0,4.0,4.0,PASS
ST000049,AIML2023049,Reyansh,Setty,Male,2006-06-09,reyansh.setty49@student.college.edu,7959230379,DEP000001,AY000004,SEM000007,True,PRO000049,Average,65,85,60,80,10,24,30,58,0.1,AR000049,SEM000007,AY000004,16.0,16.0,5.5,5.5,0,0,PASS,REG000191,CO000027,MN000012,REGISTERED,False,79.0,74.0,75.0,MK000180,20.0,33.0,53.0,B,6.0,24.0,4.0,4.0,PASS
ST000049,AIML2023049,Reyansh,Setty,Male,2006-06-09,reyansh.setty49@student.college.edu,7959230379,DEP000001,AY000004,SEM000007,True,PRO000049,Average,65,85,60,80,10,24,30,58,0.1,AR000049,SEM000007,AY000004,16.0,16.0,5.5,5.5,0,0,PASS,REG000192,CO000028,MN000013,REGISTERED,False,69.0,67.0,70.0,MK000181,14.0,42.0,56.0,B,6.0,24.0,4.0,4.0,PASS
ST000050,AIML2023050,Gaurika,Virk,Female,2006-05-04,gaurika.virk50@student.college.edu,9666855954,DEP000001,AY000004,SEM000007,True,PRO000050,Average,65,85,60,80,10,24,30,58,0.1,AR000050,SEM000007,AY000004,8.0,8.0,8.0,8.0,0,0,PASS,REG000193,CO000025,MN000010,CANCELLED,False,70.0,63.0,59.0,,,,,,,,,,
ST000050,AIML2023050,Gaurika,Virk,Female,2006-05-04,gaurika.virk50@student.college.edu,9666855954,DEP000001,AY000004,SEM000007,True,PRO000050,Average,65,85,60,80,10,24,30,58,0.1,AR000050,SEM000007,AY000004,8.0,8.0,8.0,8.0,0,0,PASS,REG000194,CO000026,MN000011,CANCELLED,False,79.0,70.0,80.0,,,,,,,,,,
ST000050,AIML2023050,Gaurika,Virk,Female,2006-05-04,gaurika.virk50@student.college.edu,9666855954,DEP000001,AY000004,SEM000007,True,PRO000050,Average,65,85,60,80,10,24,30,58,0.1,AR000050,SEM000007,AY000004,8.0,8.0,8.0,8.0,0,0,PASS,REG000195,CO000027,MN000012,REGISTERED,False,71.0,65.0,64.0,MK000182,24.0,50.0,74.0,A,8.0,32.0,4.0,4.0,PASS
ST000050,AIML2023050,Gaurika,Virk,Female,2006-05-04,gaurika.virk50@student.college.edu,9666855954,DEP000001,AY000004,SEM000007,True,PRO000050,Average,65,85,60,80,10,24,30,58,0.1,AR000050,SEM000007,AY000004,8.0,8.0,8.0,8.0,0,0,PASS,REG000196,CO000028,MN000013,REGISTERED,False,82.0,79.0,76.0,MK000183,24.0,51.0,75.0,A,8.0,32.0,4.0,4.0,PASS
ST000051,AIML2023051,Yash,Dube,Male,2005-12-09,yash.dube51@student.college.edu,9147773909,DEP000001,AY000004,SEM000007,True,PRO000051,Declining,40,65,35,60,4,16,15,40,0.45,AR000051,SEM000007,AY000004,16.0,12.0,3.5,3.5,1,1,PROMOTED,REG000197,CO000025,MN000010,REGISTERED,False,53.0,52.0,45.0,MK000184,11.0,24.0,35.0,F,0.0,0.0,4.0,0.0,FAIL
ST000051,AIML2023051,Yash,Dube,Male,2005-12-09,yash.dube51@student.college.edu,9147773909,DEP000001,AY000004,SEM000007,True,PRO000051,Declining,40,65,35,60,4,16,15,40,0.45,AR000051,SEM000007,AY000004,16.0,12.0,3.5,3.5,1,1,PROMOTED,REG000198,CO000026,MN000011,REGISTERED,False,47.0,52.0,47.0,MK000185,14.0,34.0,48.0,C,5.0,20.0,4.0,4.0,PASS
ST000051,AIML2023051,Yash,Dube,Male,2005-12-09,yash.dube51@student.college.edu,9147773909,DEP000001,AY000004,SEM000007,True,PRO000051,Declining,40,65,35,60,4,16,15,40,0.45,AR000051,SEM000007,AY000004,16.0,12.0,3.5,3.5,1,1,PROMOTED,REG000199,CO000027,MN000012,REGISTERED,False,40.0,44.0,28.0,MK000186,11.0,36.0,47.0,C,5.0,20.0,4.0,4.0,PASS
ST000051,AIML2023051,Yash,Dube,Male,2005-12-09,yash.dube51@student.college.edu,9147773909,DEP000001,AY000004,SEM000007,True,PRO000051,Declining,40,65,35,60,4,16,15,40,0.45,AR000051,SEM000007,AY000004,16.0,12.0,3.5,3.5,1,1,PROMOTED,REG000200,CO000028,MN000013,REGISTERED,False,53.0,52.0,47.0,MK000187,5.0,36.0,41.0,P,4.0,16.0,4.0,4.0,PASS
ST000052,AIML2023052,Turvi,Kara,Female,2006-06-09,turvi.kara52@student.college.edu,7771769511,DEP000001,AY000004,SEM000007,True,PRO000052,Good,80,95,75,90,18,28,45,65,0.03,AR000052,SEM000007,AY000004,16.0,16.0,8.25,8.25,0,0,PASS,REG000201,CO000025,MN000010,REGISTERED,False,91.0,89.0,82.0,MK000188,21.0,62.0,83.0,A+,9.0,36.0,4.0,4.0,PASS
ST000052,AIML2023052,Turvi,Kara,Female,2006-06-09,turvi.kara52@student.college.edu,7771769511,DEP000001,AY000004,SEM000007,True,PRO000052,Good,80,95,75,90,18,28,45,65,0.03,AR000052,SEM000007,AY000004,16.0,16.0,8.25,8.25,0,0,PASS,REG000202,CO000026,MN000011,REGISTERED,False,80.0,82.0,84.0,MK000189,23.0,60.0,83.0,A+,9.0,36.0,4.0,4.0,PASS
ST000052,AIML2023052,Turvi,Kara,Female,2006-06-09,turvi.kara52@student.college.edu,7771769511,DEP000001,AY000004,SEM000007,True,PRO000052,Good,80,95,75,90,18,28,45,65,0.03,AR000052,SEM000007,AY000004,16.0,16.0,8.25,8.25,0,0,PASS,REG000203,CO000027,MN000012,REGISTERED,False,81.0,84.0,76.0,MK000190,28.0,45.0,73.0,A,8.0,32.0,4.0,4.0,PASS
ST000052,AIML2023052,Turvi,Kara,Female,2006-06-09,turvi.kara52@student.college.edu,7771769511,DEP000001,AY000004,SEM000007,True,PRO000052,Good,80,95,75,90,18,28,45,65,0.03,AR000052,SEM000007,AY000004,16.0,16.0,8.25,8.25,0,0,PASS,REG000204,CO000028,MN000013,REGISTERED,False,95.0,88.0,89.0,MK000191,20.0,48.0,68.0,B+,7.0,28.0,4.0,4.0,PASS
ST000053,AIML2023053,Daniel,Iyengar,Male,2004-02-27,daniel.iyengar53@student.college.edu,9753705777,DEP000001,AY000004,SEM000007,True,PRO000053,Declining,40,65,35,60,4,16,15,40,0.45,AR000053,SEM000007,AY000004,12.0,8.0,3.67,3.67,1,1,PROMOTED,REG000205,CO000025,MN000010,REGISTERED,False,56.0,58.0,45.0,MK000192,9.0,28.0,37.0,F,0.0,0.0,4.0,0.0,FAIL
ST000053,AIML2023053,Daniel,Iyengar,Male,2004-02-27,daniel.iyengar53@student.college.edu,9753705777,DEP000001,AY000004,SEM000007,True,PRO000053,Declining,40,65,35,60,4,16,15,40,0.45,AR000053,SEM000007,AY000004,12.0,8.0,3.67,3.67,1,1,PROMOTED,REG000206,CO000026,MN000011,CANCELLED,False,54.0,43.0,39.0,,,,,,,,,,
ST000053,AIML2023053,Daniel,Iyengar,Male,2004-02-27,daniel.iyengar53@student.college.edu,9753705777,DEP000001,AY000004,SEM000007,True,PRO000053,Declining,40,65,35,60,4,16,15,40,0.45,AR000053,SEM000007,AY000004,12.0,8.0,3.67,3.67,1,1,PROMOTED,REG000207,CO000027,MN000012,REGISTERED,False,55.0,57.0,48.0,MK000193,15.0,40.0,55.0,B,6.0,24.0,4.0,4.0,PASS
ST000053,AIML2023053,Daniel,Iyengar,Male,2004-02-27,daniel.iyengar53@student.college.edu,9753705777,DEP000001,AY000004,SEM000007,True,PRO000053,Declining,40,65,35,60,4,16,15,40,0.45,AR000053,SEM000007,AY000004,12.0,8.0,3.67,3.67,1,1,PROMOTED,REG000208,CO000028,MN000013,REGISTERED,False,46.0,46.0,36.0,MK000194,14.0,31.0,45.0,C,5.0,20.0,4.0,4.0,PASS
ST000054,AIML2023054,Raghav,Mane,Male,2005-02-19,raghav.mane54@student.college.edu,9774163547,DEP000001,AY000004,SEM000007,True,PRO000054,Average,65,85,60,80,10,24,30,58,0.1,AR000054,SEM000007,AY000004,16.0,16.0,7.25,7.25,0,0,PASS,REG000209,CO000025,MN000010,REGISTERED,False,81.0,73.0,68.0,MK000195,24.0,54.0,78.0,A,8.0,32.0,4.0,4.0,PASS
ST000054,AIML2023054,Raghav,Mane,Male,2005-02-19,raghav.mane54@student.college.edu,9774163547,DEP000001,AY000004,SEM000007,True,PRO000054,Average,65,85,60,80,10,24,30,58,0.1,AR000054,SEM000007,AY000004,16.0,16.0,7.25,7.25,0,0,PASS,REG000210,CO000026,MN000011,REGISTERED,False,72.0,72.0,68.0,MK000196,11.0,34.0,45.0,C,5.0,20.0,4.0,4.0,PASS
ST000054,AIML2023054,Raghav,Mane,Male,2005-02-19,raghav.mane54@student.college.edu,9774163547,DEP000001,AY000004,SEM000007,True,PRO000054,Average,65,85,60,80,10,24,30,58,0.1,AR000054,SEM000007,AY000004,16.0,16.0,7.25,7.25,0,0,PASS,REG000211,CO000027,MN000012,REGISTERED,False,79.0,65.0,65.0,MK000197,15.0,57.0,72.0,A,8.0,32.0,4.0,4.0,PASS
ST000054,AIML2023054,Raghav,Mane,Male,2005-02-19,raghav.mane54@student.college.edu,9774163547,DEP000001,AY000004,SEM000007,True,PRO000054,Average,65,85,60,80,10,24,30,58,0.1,AR000054,SEM000007,AY000004,16.0,16.0,7.25,7.25,0,0,PASS,REG000212,CO000028,MN000013,REGISTERED,False,78.0,63.0,70.0,MK000198,18.0,54.0,72.0,A,8.0,32.0,4.0,4.0,PASS
ST000055,AIML2023055,Kavya,Randhawa,Female,2004-12-18,kavya.randhawa55@student.college.edu,8210726708,DEP000001,AY000004,SEM000007,True,PRO000055,HighRisk,20,50,20,45,0,12,0,30,0.8,AR000055,SEM000007,AY000004,12.0,0.0,0.0,0.0,3,3,FAIL,REG000213,CO000025,MN000010,REGISTERED,True,38.0,24.0,29.0,MK000199,6.0,28.0,34.0,F,0.0,0.0,4.0,0.0,FAIL
ST000055,AIML2023055,Kavya,Randhawa,Female,2004-12-18,kavya.randhawa55@student.college.edu,8210726708,DEP000001,AY000004,SEM000007,True,PRO000055,HighRisk,20,50,20,45,0,12,0,30,0.8,AR000055,SEM000007,AY000004,12.0,0.0,0.0,0.0,3,3,FAIL,REG000214,CO000026,MN000011,REGISTERED,False,29.0,31.0,15.0,MK000200,10.0,15.0,25.0,F,0.0,0.0,4.0,0.0,FAIL
ST000055,AIML2023055,Kavya,Randhawa,Female,2004-12-18,kavya.randhawa55@student.college.edu,8210726708,DEP000001,AY000004,SEM000007,True,PRO000055,HighRisk,20,50,20,45,0,12,0,30,0.8,AR000055,SEM000007,AY000004,12.0,0.0,0.0,0.0,3,3,FAIL,REG000215,CO000027,MN000012,REGISTERED,True,50.0,44.0,35.0,MK000201,6.0,8.0,14.0,F,0.0,0.0,4.0,0.0,FAIL
ST000055,AIML2023055,Kavya,Randhawa,Female,2004-12-18,kavya.randhawa55@student.college.edu,8210726708,DEP000001,AY000004,SEM000007,True,PRO000055,HighRisk,20,50,20,45,0,12,0,30,0.8,AR000055,SEM000007,AY000004,12.0,0.0,0.0,0.0,3,3,FAIL,REG000216,CO000028,MN000013,CANCELLED,False,28.0,29.0,16.0,,,,,,,,,,
ST000056,AIML2023056,Ekaja,Choudhry,Female,2004-08-23,ekaja.choudhry56@student.college.edu,6348531041,DEP000001,AY000004,SEM000007,True,PRO000056,Average,65,85,60,80,10,24,30,58,0.1,AR000056,SEM000007,AY000004,16.0,16.0,6.75,6.75,0,0,PASS,REG000217,CO000025,MN000010,REGISTERED,False,83.0,78.0,78.0,MK000202,14.0,53.0,67.0,B+,7.0,28.0,4.0,4.0,PASS
ST000056,AIML2023056,Ekaja,Choudhry,Female,2004-08-23,ekaja.choudhry56@student.college.edu,6348531041,DEP000001,AY000004,SEM000007,True,PRO000056,Average,65,85,60,80,10,24,30,58,0.1,AR000056,SEM000007,AY000004,16.0,16.0,6.75,6.75,0,0,PASS,REG000218,CO000026,MN000011,REGISTERED,False,74.0,70.0,69.0,MK000203,24.0,47.0,71.0,A,8.0,32.0,4.0,4.0,PASS
ST000056,AIML2023056,Ekaja,Choudhry,Female,2004-08-23,ekaja.choudhry56@student.college.edu,6348531041,DEP000001,AY000004,SEM000007,True,PRO000056,Average,65,85,60,80,10,24,30,58,0.1,AR000056,SEM000007,AY000004,16.0,16.0,6.75,6.75,0,0,PASS,REG000219,CO000027,MN000012,REGISTERED,True,74.0,69.0,66.0,MK000204,13.0,41.0,54.0,B,6.0,24.0,4.0,4.0,PASS
ST000056,AIML2023056,Ekaja,Choudhry,Female,2004-08-23,ekaja.choudhry56@student.college.edu,6348531041,DEP000001,AY000004,SEM000007,True,PRO000056,Average,65,85,60,80,10,24,30,58,0.1,AR000056,SEM000007,AY000004,16.0,16.0,6.75,6.75,0,0,PASS,REG000220,CO000028,MN000013,REGISTERED,False,83.0,78.0,76.0,MK000205,11.0,43.0,54.0,B,6.0,24.0,4.0,4.0,PASS
ST000057,AIML2023057,Ridhi,Bath,Female,2004-09-11,ridhi.bath57@student.college.edu,9970186823,DEP000001,AY000004,SEM000007,True,PRO000057,Average,65,85,60,80,10,24,30,58,0.1,AR000057,SEM000007,AY000004,16.0,16.0,6.75,6.75,0,0,PASS,REG000221,CO000025,MN000010,REGISTERED,False,67.0,67.0,65.0,MK000206,11.0,37.0,48.0,C,5.0,20.0,4.0,4.0,PASS
ST000057,AIML2023057,Ridhi,Bath,Female,2004-09-11,ridhi.bath57@student.college.edu,9970186823,DEP000001,AY000004,SEM000007,True,PRO000057,Average,65,85,60,80,10,24,30,58,0.1,AR000057,SEM000007,AY000004,16.0,16.0,6.75,6.75,0,0,PASS,REG000222,CO000026,MN000011,REGISTERED,False,79.0,78.0,70.0,MK000207,20.0,58.0,78.0,A,8.0,32.0,4.0,4.0,PASS
ST000057,AIML2023057,Ridhi,Bath,Female,2004-09-11,ridhi.bath57@student.college.edu,9970186823,DEP000001,AY000004,SEM000007,True,PRO000057,Average,65,85,60,80,10,24,30,58,0.1,AR000057,SEM000007,AY000004,16.0,16.0,6.75,6.75,0,0,PASS,REG000223,CO000027,MN000012,REGISTERED,False,75.0,66.0,74.0,MK000208,10.0,56.0,66.0,B+,7.0,28.0,4.0,4.0,PASS
ST000057,AIML2023057,Ridhi,Bath,Female,2004-09-11,ridhi.bath57@student.college.edu,9970186823,DEP000001,AY000004,SEM000007,True,PRO000057,Average,65,85,60,80,10,24,30,58,0.1,AR000057,SEM000007,AY000004,16.0,16.0,6.75,6.75,0,0,PASS,REG000224,CO000028,MN000013,REGISTERED,False,83.0,75.0,70.0,MK000209,13.0,47.0,60.0,B+,7.0,28.0,4.0,4.0,PASS
ST000058,AIML2023058,Odika,Mander,Female,2004-01-26,odika.mander58@student.college.edu,6973754468,DEP000001,AY000004,SEM000007,True,PRO000058,Average,65,85,60,80,10,24,30,58,0.1,AR000058,SEM000007,AY000004,16.0,16.0,6.75,6.75,0,0,PASS,REG000225,CO000025,MN000010,REGISTERED,False,84.0,70.0,70.0,MK000210,11.0,47.0,58.0,B,6.0,24.0,4.0,4.0,PASS
ST000058,AIML2023058,Odika,Mander,Female,2004-01-26,odika.mander58@student.college.edu,6973754468,DEP000001,AY000004,SEM000007,True,PRO000058,Average,65,85,60,80,10,24,30,58,0.1,AR000058,SEM000007,AY000004,16.0,16.0,6.75,6.75,0,0,PASS,REG000226,CO000026,MN000011,REGISTERED,False,73.0,76.0,67.0,MK000211,19.0,50.0,69.0,B+,7.0,28.0,4.0,4.0,PASS
ST000058,AIML2023058,Odika,Mander,Female,2004-01-26,odika.mander58@student.college.edu,6973754468,DEP000001,AY000004,SEM000007,True,PRO000058,Average,65,85,60,80,10,24,30,58,0.1,AR000058,SEM000007,AY000004,16.0,16.0,6.75,6.75,0,0,PASS,REG000227,CO000027,MN000012,REGISTERED,False,79.0,62.0,66.0,MK000212,19.0,42.0,61.0,B+,7.0,28.0,4.0,4.0,PASS
ST000058,AIML2023058,Odika,Mander,Female,2004-01-26,odika.mander58@student.college.edu,6973754468,DEP000001,AY000004,SEM000007,True,PRO000058,Average,65,85,60,80,10,24,30,58,0.1,AR000058,SEM000007,AY000004,16.0,16.0,6.75,6.75,0,0,PASS,REG000228,CO000028,MN000013,REGISTERED,False,78.0,74.0,63.0,MK000213,22.0,47.0,69.0,B+,7.0,28.0,4.0,4.0,PASS
ST000059,AIML2023059,Warhi,Murty,Female,2005-04-05,warhi.murty59@student.college.edu,7411963168,DEP000001,AY000004,SEM000007,True,PRO000059,Improving,55,75,50,70,8,20,25,50,0.2,AR000059,SEM000007,AY000004,12.0,12.0,4.33,4.33,0,0,PASS,REG000229,CO000025,MN000010,REGISTERED,False,73.0,58.0,63.0,MK000214,9.0,39.0,48.0,C,5.0,20.0,4.0,4.0,PASS
ST000059,AIML2023059,Warhi,Murty,Female,2005-04-05,warhi.murty59@student.college.edu,7411963168,DEP000001,AY000004,SEM000007,True,PRO000059,Improving,55,75,50,70,8,20,25,50,0.2,AR000059,SEM000007,AY000004,12.0,12.0,4.33,4.33,0,0,PASS,REG000230,CO000026,MN000011,REGISTERED,False,74.0,59.0,65.0,MK000215,16.0,25.0,41.0,P,4.0,16.0,4.0,4.0,PASS
ST000059,AIML2023059,Warhi,Murty,Female,2005-04-05,warhi.murty59@student.college.edu,7411963168,DEP000001,AY000004,SEM000007,True,PRO000059,Improving,55,75,50,70,8,20,25,50,0.2,AR000059,SEM000007,AY000004,12.0,12.0,4.33,4.33,0,0,PASS,REG000231,CO000027,MN000012,REGISTERED,False,68.0,51.0,55.0,MK000216,15.0,25.0,40.0,P,4.0,16.0,4.0,4.0,PASS
ST000059,AIML2023059,Warhi,Murty,Female,2005-04-05,warhi.murty59@student.college.edu,7411963168,DEP000001,AY000004,SEM000007,True,PRO000059,Improving,55,75,50,70,8,20,25,50,0.2,AR000059,SEM000007,AY000004,12.0,12.0,4.33,4.33,0,0,PASS,REG000232,CO000028,MN000013,CANCELLED,False,65.0,68.0,54.0,,,,,,,,,,
ST000060,AIML2023060,Oscar,Zacharia,Male,2004-11-30,oscar.zacharia60@student.college.edu,9332482358,DEP000001,AY000004,SEM000007,True,PRO000060,Good,80,95,75,90,18,28,45,65,0.03,AR000060,SEM000007,AY000004,16.0,16.0,8.25,8.25,0,0,PASS,REG000233,CO000025,MN000010,REGISTERED,False,80.0,77.0,78.0,MK000217,21.0,54.0,75.0,A,8.0,32.0,4.0,4.0,PASS
ST000060,AIML2023060,Oscar,Zacharia,Male,2004-11-30,oscar.zacharia60@student.college.edu,9332482358,DEP000001,AY000004,SEM000007,True,PRO000060,Good,80,95,75,90,18,28,45,65,0.03,AR000060,SEM000007,AY000004,16.0,16.0,8.25,8.25,0,0,PASS,REG000234,CO000026,MN000011,REGISTERED,False,85.0,81.0,71.0,MK000218,23.0,48.0,71.0,A,8.0,32.0,4.0,4.0,PASS
ST000060,AIML2023060,Oscar,Zacharia,Male,2004-11-30,oscar.zacharia60@student.college.edu,9332482358,DEP000001,AY000004,SEM000007,True,PRO000060,Good,80,95,75,90,18,28,45,65,0.03,AR000060,SEM000007,AY000004,16.0,16.0,8.25,8.25,0,0,PASS,REG000235,CO000027,MN000012,REGISTERED,False,83.0,86.0,70.0,MK000219,26.0,49.0,75.0,A,8.0,32.0,4.0,4.0,PASS
ST000060,AIML2023060,Oscar,Zacharia,Male,2004-11-30,oscar.zacharia60@student.college.edu,9332482358,DEP000001,AY000004,SEM000007,True,PRO000060,Good,80,95,75,90,18,28,45,65,0.03,AR000060,SEM000007,AY000004,16.0,16.0,8.25,8.25,0,0,PASS,REG000236,CO000028,MN000013,REGISTERED,False,85.0,88.0,79.0,MK000220,24.0,65.0,89.0,A+,9.0,36.0,4.0,4.0,PASS
ST000061,AIML2023061,Ekantika,Sekhon,Female,2006-05-23,ekantika.sekhon61@student.college.edu,6637082804,DEP000001,AY000004,SEM000007,True,PRO000061,Excellent,90,100,90,100,24,30,55,70,0.01,AR000061,SEM000007,AY000004,16.0,16.0,9.25,9.25,0,0,PASS,REG000237,CO000025,MN000010,REGISTERED,False,100.0,100.0,85.0,MK000221,27.0,56.0,83.0,A+,9.0,36.0,4.0,4.0,PASS
ST000061,AIML2023061,Ekantika,Sekhon,Female,2006-05-23,ekantika.sekhon61@student.college.edu,6637082804,DEP000001,AY000004,SEM000007,True,PRO000061,Excellent,90,100,90,100,24,30,55,70,0.01,AR000061,SEM000007,AY000004,16.0,16.0,9.25,9.25,0,0,PASS,REG000238,CO000026,MN000011,REGISTERED,False,91.0,91.0,94.0,MK000222,30.0,57.0,87.0,A+,9.0,36.0,4.0,4.0,PASS
ST000061,AIML2023061,Ekantika,Sekhon,Female,2006-05-23,ekantika.sekhon61@student.college.edu,6637082804,DEP000001,AY000004,SEM000007,True,PRO000061,Excellent,90,100,90,100,24,30,55,70,0.01,AR000061,SEM000007,AY000004,16.0,16.0,9.25,9.25,0,0,PASS,REG000239,CO000027,MN000012,REGISTERED,False,93.0,96.0,100.0,MK000223,29.0,68.0,97.0,O,10.0,40.0,4.0,4.0,PASS
ST000061,AIML2023061,Ekantika,Sekhon,Female,2006-05-23,ekantika.sekhon61@student.college.edu,6637082804,DEP000001,AY000004,SEM000007,True,PRO000061,Excellent,90,100,90,100,24,30,55,70,0.01,AR000061,SEM000007,AY000004,16.0,16.0,9.25,9.25,0,0,PASS,REG000240,CO000028,MN000013,REGISTERED,False,95.0,96.0,89.0,MK000224,28.0,60.0,88.0,A+,9.0,36.0,4.0,4.0,PASS
ST000062,AIML2023062,Vihaan,Wali,Male,2004-10-31,vihaan.wali62@student.college.edu,6215937030,DEP000001,AY000004,SEM000007,True,PRO000062,Declining,40,65,35,60,4,16,15,40,0.45,AR000062,SEM000007,AY000004,16.0,4.0,1.5,1.5,3,3,FAIL,REG000241,CO000025,MN000010,REGISTERED,False,50.0,55.0,42.0,MK000225,13.0,22.0,35.0,F,0.0,0.0,4.0,0.0,FAIL
ST000062,AIML2023062,Vihaan,Wali,Male,2004-10-31,vihaan.wali62@student.college.edu,6215937030,DEP000001,AY000004,SEM000007,True,PRO000062,Declining,40,65,35,60,4,16,15,40,0.45,AR000062,SEM000007,AY000004,16.0,4.0,1.5,1.5,3,3,FAIL,REG000242,CO000026,MN000011,REGISTERED,False,65.0,58.0,50.0,MK000226,16.0,36.0,52.0,B,6.0,24.0,4.0,4.0,PASS
ST000062,AIML2023062,Vihaan,Wali,Male,2004-10-31,vihaan.wali62@student.college.edu,6215937030,DEP000001,AY000004,SEM000007,True,PRO000062,Declining,40,65,35,60,4,16,15,40,0.45,AR000062,SEM000007,AY000004,16.0,4.0,1.5,1.5,3,3,FAIL,REG000243,CO000027,MN000012,REGISTERED,False,40.0,43.0,43.0,MK000227,16.0,21.0,37.0,F,0.0,0.0,4.0,0.0,FAIL
ST000062,AIML2023062,Vihaan,Wali,Male,2004-10-31,vihaan.wali62@student.college.edu,6215937030,DEP000001,AY000004,SEM000007,True,PRO000062,Declining,40,65,35,60,4,16,15,40,0.45,AR000062,SEM000007,AY000004,16.0,4.0,1.5,1.5,3,3,FAIL,REG000244,CO000028,MN000013,REGISTERED,False,51.0,43.0,45.0,MK000228,5.0,19.0,24.0,F,0.0,0.0,4.0,0.0,FAIL
ST000063,AIML2023063,Eiravati,Karan,Female,2005-11-01,eiravati.karan63@student.college.edu,6257828639,DEP000001,AY000004,SEM000007,True,PRO000063,Good,80,95,75,90,18,28,45,65,0.03,AR000063,SEM000007,AY000004,12.0,12.0,8.0,8.0,0,0,PASS,REG000245,CO000025,MN000010,CANCELLED,False,81.0,76.0,71.0,,,,,,,,,,
ST000063,AIML2023063,Eiravati,Karan,Female,2005-11-01,eiravati.karan63@student.college.edu,6257828639,DEP000001,AY000004,SEM000007,True,PRO000063,Good,80,95,75,90,18,28,45,65,0.03,AR000063,SEM000007,AY000004,12.0,12.0,8.0,8.0,0,0,PASS,REG000246,CO000026,MN000011,REGISTERED,False,84.0,85.0,87.0,MK000229,19.0,51.0,70.0,A,8.0,32.0,4.0,4.0,PASS
ST000063,AIML2023063,Eiravati,Karan,Female,2005-11-01,eiravati.karan63@student.college.edu,6257828639,DEP000001,AY000004,SEM000007,True,PRO000063,Good,80,95,75,90,18,28,45,65,0.03,AR000063,SEM000007,AY000004,12.0,12.0,8.0,8.0,0,0,PASS,REG000247,CO000027,MN000012,REGISTERED,False,86.0,88.0,82.0,MK000230,21.0,52.0,73.0,A,8.0,32.0,4.0,4.0,PASS
ST000063,AIML2023063,Eiravati,Karan,Female,2005-11-01,eiravati.karan63@student.college.edu,6257828639,DEP000001,AY000004,SEM000007,True,PRO000063,Good,80,95,75,90,18,28,45,65,0.03,AR000063,SEM000007,AY000004,12.0,12.0,8.0,8.0,0,0,PASS,REG000248,CO000028,MN000013,REGISTERED,False,88.0,81.0,74.0,MK000231,24.0,54.0,78.0,A,8.0,32.0,4.0,4.0,PASS
ST000064,AIML2023064,Lajita,Sunder,Female,2003-10-12,lajita.sunder64@student.college.edu,8646346012,DEP000001,AY000004,SEM000007,True,PRO000064,Average,65,85,60,80,10,24,30,58,0.1,AR000064,SEM000007,AY000004,16.0,16.0,7.0,7.0,0,0,PASS,REG000249,CO000025,MN000010,REGISTERED,False,79.0,60.0,66.0,MK000232,16.0,57.0,73.0,A,8.0,32.0,4.0,4.0,PASS
ST000064,AIML2023064,Lajita,Sunder,Female,2003-10-12,lajita.sunder64@student.college.edu,8646346012,DEP000001,AY000004,SEM000007,True,PRO000064,Average,65,85,60,80,10,24,30,58,0.1,AR000064,SEM000007,AY000004,16.0,16.0,7.0,7.0,0,0,PASS,REG000250,CO000026,MN000011,REGISTERED,False,83.0,63.0,75.0,MK000233,10.0,52.0,62.0,B+,7.0,28.0,4.0,4.0,PASS
ST000064,AIML2023064,Lajita,Sunder,Female,2003-10-12,lajita.sunder64@student.college.edu,8646346012,DEP000001,AY000004,SEM000007,True,PRO000064,Average,65,85,60,80,10,24,30,58,0.1,AR000064,SEM000007,AY000004,16.0,16.0,7.0,7.0,0,0,PASS,REG000251,CO000027,MN000012,REGISTERED,False,80.0,61.0,72.0,MK000234,17.0,47.0,64.0,B+,7.0,28.0,4.0,4.0,PASS
ST000064,AIML2023064,Lajita,Sunder,Female,2003-10-12,lajita.sunder64@student.college.edu,8646346012,DEP000001,AY000004,SEM000007,True,PRO000064,Average,65,85,60,80,10,24,30,58,0.1,AR000064,SEM000007,AY000004,16.0,16.0,7.0,7.0,0,0,PASS,REG000252,CO000028,MN000013,REGISTERED,False,72.0,75.0,72.0,MK000235,12.0,40.0,52.0,B,6.0,24.0,4.0,4.0,PASS
ST000065,AIML2023065,Udarsh,Pal,Male,2004-07-01,udarsh.pal65@student.college.edu,8027682957,DEP000001,AY000004,SEM000007,True,PRO000065,Declining,40,65,35,60,4,16,15,40,0.45,AR000065,SEM000007,AY000004,12.0,8.0,3.0,3.0,1,1,PROMOTED,REG000253,CO000025,MN000010,REGISTERED,False,54.0,55.0,47.0,MK000236,7.0,21.0,28.0,F,0.0,0.0,4.0,0.0,FAIL
ST000065,AIML2023065,Udarsh,Pal,Male,2004-07-01,udarsh.pal65@student.college.edu,8027682957,DEP000001,AY000004,SEM000007,True,PRO000065,Declining,40,65,35,60,4,16,15,40,0.45,AR000065,SEM000007,AY000004,12.0,8.0,3.0,3.0,1,1,PROMOTED,REG000254,CO000026,MN000011,REGISTERED,True,55.0,43.0,43.0,MK000237,13.0,30.0,43.0,P,4.0,16.0,4.0,4.0,PASS
ST000065,AIML2023065,Udarsh,Pal,Male,2004-07-01,udarsh.pal65@student.college.edu,8027682957,DEP000001,AY000004,SEM000007,True,PRO000065,Declining,40,65,35,60,4,16,15,40,0.45,AR000065,SEM000007,AY000004,12.0,8.0,3.0,3.0,1,1,PROMOTED,REG000255,CO000027,MN000012,CANCELLED,False,64.0,49.0,49.0,,,,,,,,,,
ST000065,AIML2023065,Udarsh,Pal,Male,2004-07-01,udarsh.pal65@student.college.edu,8027682957,DEP000001,AY000004,SEM000007,True,PRO000065,Declining,40,65,35,60,4,16,15,40,0.45,AR000065,SEM000007,AY000004,12.0,8.0,3.0,3.0,1,1,PROMOTED,REG000256,CO000028,MN000013,REGISTERED,False,56.0,42.0,50.0,MK000238,11.0,34.0,45.0,C,5.0,20.0,4.0,4.0,PASS
ST000066,AIML2023066,Veer,Sood,Male,2005-12-26,veer.sood66@student.college.edu,6500375378,DEP000001,AY000004,SEM000007,True,PRO000066,Improving,55,75,50,70,8,20,25,50,0.2,AR000066,SEM000007,AY000004,16.0,12.0,3.25,3.25,1,1,PROMOTED,REG000257,CO000025,MN000010,REGISTERED,False,60.0,65.0,63.0,MK000239,8.0,39.0,47.0,C,5.0,20.0,4.0,4.0,PASS
ST000066,AIML2023066,Veer,Sood,Male,2005-12-26,veer.sood66@student.college.edu,6500375378,DEP000001,AY000004,SEM000007,True,PRO000066,Improving,55,75,50,70,8,20,25,50,0.2,AR000066,SEM000007,AY000004,16.0,12.0,3.25,3.25,1,1,PROMOTED,REG000258,CO000026,MN000011,REGISTERED,False,71.0,61.0,56.0,MK000240,17.0,26.0,43.0,P,4.0,16.0,4.0,4.0,PASS
ST000066,AIML2023066,Veer,Sood,Male,2005-12-26,veer.sood66@student.college.edu,6500375378,DEP000001,AY000004,SEM000007,True,PRO000066,Improving,55,75,50,70,8,20,25,50,0.2,AR000066,SEM000007,AY000004,16.0,12.0,3.25,3.25,1,1,PROMOTED,REG000259,CO000027,MN000012,REGISTERED,False,74.0,69.0,62.0,MK000241,8.0,28.0,36.0,F,0.0,0.0,4.0,0.0,FAIL
ST000066,AIML2023066,Veer,Sood,Male,2005-12-26,veer.sood66@student.college.edu,6500375378,DEP000001,AY000004,SEM000007,True,PRO000066,Improving,55,75,50,70,8,20,25,50,0.2,AR000066,SEM000007,AY000004,16.0,12.0,3.25,3.25,1,1,PROMOTED,REG000260,CO000028,MN000013,REGISTERED,False,60.0,53.0,52.0,MK000242,14.0,29.0,43.0,P,4.0,16.0,4.0,4.0,PASS
ST000067,AIML2023067,Fiyaz,Chana,Male,2005-08-02,fiyaz.chana67@student.college.edu,7210373989,DEP000001,AY000004,SEM000007,True,PRO000067,Declining,40,65,35,60,4,16,15,40,0.45,AR000067,SEM000007,AY000004,16.0,0.0,0.0,0.0,4,4,FAIL,REG000261,CO000025,MN000010,REGISTERED,False,41.0,44.0,31.0,MK000243,4.0,30.0,34.0,F,0.0,0.0,4.0,0.0,FAIL
ST000067,AIML2023067,Fiyaz,Chana,Male,2005-08-02,fiyaz.chana67@student.college.edu,7210373989,DEP000001,AY000004,SEM000007,True,PRO000067,Declining,40,65,35,60,4,16,15,40,0.45,AR000067,SEM000007,AY000004,16.0,0.0,0.0,0.0,4,4,FAIL,REG000262,CO000026,MN000011,REGISTERED,False,51.0,54.0,49.0,MK000244,7.0,19.0,26.0,F,0.0,0.0,4.0,0.0,FAIL
ST000067,AIML2023067,Fiyaz,Chana,Male,2005-08-02,fiyaz.chana67@student.college.edu,7210373989,DEP000001,AY000004,SEM000007,True,PRO000067,Declining,40,65,35,60,4,16,15,40,0.45,AR000067,SEM000007,AY000004,16.0,0.0,0.0,0.0,4,4,FAIL,REG000263,CO000027,MN000012,REGISTERED,False,61.0,58.0,49.0,MK000245,9.0,30.0,39.0,F,0.0,0.0,4.0,0.0,FAIL
ST000067,AIML2023067,Fiyaz,Chana,Male,2005-08-02,fiyaz.chana67@student.college.edu,7210373989,DEP000001,AY000004,SEM000007,True,PRO000067,Declining,40,65,35,60,4,16,15,40,0.45,AR000067,SEM000007,AY000004,16.0,0.0,0.0,0.0,4,4,FAIL,REG000264,CO000028,MN000013,REGISTERED,True,58.0,40.0,48.0,MK000246,7.0,20.0,27.0,F,0.0,0.0,4.0,0.0,FAIL
ST000068,AIML2023068,Simon,Kaul,Male,2004-06-13,simon.kaul68@student.college.edu,8301485926,DEP000001,AY000004,SEM000007,True,PRO000068,Average,65,85,60,80,10,24,30,58,0.1,AR000068,SEM000007,AY000004,16.0,16.0,7.25,7.25,0,0,PASS,REG000265,CO000025,MN000010,REGISTERED,True,81.0,67.0,74.0,MK000247,21.0,54.0,75.0,A,8.0,32.0,4.0,4.0,PASS
ST000068,AIML2023068,Simon,Kaul,Male,2004-06-13,simon.kaul68@student.college.edu,8301485926,DEP000001,AY000004,SEM000007,True,PRO000068,Average,65,85,60,80,10,24,30,58,0.1,AR000068,SEM000007,AY000004,16.0,16.0,7.25,7.25,0,0,PASS,REG000266,CO000026,MN000011,REGISTERED,False,80.0,77.0,71.0,MK000248,17.0,56.0,73.0,A,8.0,32.0,4.0,4.0,PASS
ST000068,AIML2023068,Simon,Kaul,Male,2004-06-13,simon.kaul68@student.college.edu,8301485926,DEP000001,AY000004,SEM000007,True,PRO000068,Average,65,85,60,80,10,24,30,58,0.1,AR000068,SEM000007,AY000004,16.0,16.0,7.25,7.25,0,0,PASS,REG000267,CO000027,MN000012,REGISTERED,False,65.0,61.0,74.0,MK000249,19.0,43.0,62.0,B+,7.0,28.0,4.0,4.0,PASS
ST000068,AIML2023068,Simon,Kaul,Male,2004-06-13,simon.kaul68@student.college.edu,8301485926,DEP000001,AY000004,SEM000007,True,PRO000068,Average,65,85,60,80,10,24,30,58,0.1,AR000068,SEM000007,AY000004,16.0,16.0,7.25,7.25,0,0,PASS,REG000268,CO000028,MN000013,REGISTERED,False,78.0,74.0,80.0,MK000250,10.0,41.0,51.0,B,6.0,24.0,4.0,4.0,PASS
ST000069,AIML2023069,Isha,Sidhu,Female,2006-05-21,isha.sidhu69@student.college.edu,8855700757,DEP000001,AY000004,SEM000007,True,PRO000069,Good,80,95,75,90,18,28,45,65,0.03,AR000069,SEM000007,AY000004,16.0,16.0,8.75,8.75,0,0,PASS,REG000269,CO000025,MN000010,REGISTERED,False,93.0,85.0,78.0,MK000251,23.0,45.0,68.0,B+,7.0,28.0,4.0,4.0,PASS
ST000069,AIML2023069,Isha,Sidhu,Female,2006-05-21,isha.sidhu69@student.college.edu,8855700757,DEP000001,AY000004,SEM000007,True,PRO000069,Good,80,95,75,90,18,28,45,65,0.03,AR000069,SEM000007,AY000004,16.0,16.0,8.75,8.75,0,0,PASS,REG000270,CO000026,MN000011,REGISTERED,False,94.0,79.0,84.0,MK000252,18.0,62.0,80.0,A+,9.0,36.0,4.0,4.0,PASS
ST000069,AIML2023069,Isha,Sidhu,Female,2006-05-21,isha.sidhu69@student.college.edu,8855700757,DEP000001,AY000004,SEM000007,True,PRO000069,Good,80,95,75,90,18,28,45,65,0.03,AR000069,SEM000007,AY000004,16.0,16.0,8.75,8.75,0,0,PASS,REG000271,CO000027,MN000012,REGISTERED,False,90.0,80.0,79.0,MK000253,26.0,65.0,91.0,O,10.0,40.0,4.0,4.0,PASS
ST000069,AIML2023069,Isha,Sidhu,Female,2006-05-21,isha.sidhu69@student.college.edu,8855700757,DEP000001,AY000004,SEM000007,True,PRO000069,Good,80,95,75,90,18,28,45,65,0.03,AR000069,SEM000007,AY000004,16.0,16.0,8.75,8.75,0,0,PASS,REG000272,CO000028,MN000013,REGISTERED,False,90.0,90.0,91.0,MK000254,28.0,52.0,80.0,A+,9.0,36.0,4.0,4.0,PASS
ST000070,AIML2023070,Vivaan,Brahmbhatt,Male,2005-03-01,vivaan.brahmbhatt70@student.college.edu,9123155030,DEP000001,AY000004,SEM000007,True,PRO000070,Excellent,90,100,90,100,24,30,55,70,0.01,AR000070,SEM000007,AY000004,16.0,16.0,9.5,9.5,0,0,PASS,REG000273,CO000025,MN000010,REGISTERED,False,98.0,96.0,100.0,MK000255,30.0,70.0,100.0,O,10.0,40.0,4.0,4.0,PASS
ST000070,AIML2023070,Vivaan,Brahmbhatt,Male,2005-03-01,vivaan.brahmbhatt70@student.college.edu,9123155030,DEP000001,AY000004,SEM000007,True,PRO000070,Excellent,90,100,90,100,24,30,55,70,0.01,AR000070,SEM000007,AY000004,16.0,16.0,9.5,9.5,0,0,PASS,REG000274,CO000026,MN000011,REGISTERED,False,91.0,94.0,99.0,MK000256,28.0,70.0,98.0,O,10.0,40.0,4.0,4.0,PASS
ST000070,AIML2023070,Vivaan,Brahmbhatt,Male,2005-03-01,vivaan.brahmbhatt70@student.college.edu,9123155030,DEP000001,AY000004,SEM000007,True,PRO000070,Excellent,90,100,90,100,24,30,55,70,0.01,AR000070,SEM000007,AY000004,16.0,16.0,9.5,9.5,0,0,PASS,REG000275,CO000027,MN000012,REGISTERED,False,91.0,90.0,85.0,MK000257,26.0,59.0,85.0,A+,9.0,36.0,4.0,4.0,PASS
ST000070,AIML2023070,Vivaan,Brahmbhatt,Male,2005-03-01,vivaan.brahmbhatt70@student.college.edu,9123155030,DEP000001,AY000004,SEM000007,True,PRO000070,Excellent,90,100,90,100,24,30,55,70,0.01,AR000070,SEM000007,AY000004,16.0,16.0,9.5,9.5,0,0,PASS,REG000276,CO000028,MN000013,REGISTERED,False,99.0,100.0,96.0,MK000258,24.0,56.0,80.0,A+,9.0,36.0,4.0,4.0,PASS
ST000071,AIML2023071,Darsh,Palla,Male,2004-07-12,darsh.palla71@student.college.edu,6380044391,DEP000001,AY000004,SEM000007,True,PRO000071,Average,65,85,60,80,10,24,30,58,0.1,AR000071,SEM000007,AY000004,16.0,16.0,5.5,5.5,0,0,PASS,REG000277,CO000025,MN000010,REGISTERED,False,70.0,74.0,59.0,MK000259,13.0,30.0,43.0,P,4.0,16.0,4.0,4.0,PASS
ST000071,AIML2023071,Darsh,Palla,Male,2004-07-12,darsh.palla71@student.college.edu,6380044391,DEP000001,AY000004,SEM000007,True,PRO000071,Average,65,85,60,80,10,24,30,58,0.1,AR000071,SEM000007,AY000004,16.0,16.0,5.5,5.5,0,0,PASS,REG000278,CO000026,MN000011,REGISTERED,False,68.0,61.0,69.0,MK000260,10.0,46.0,56.0,B,6.0,24.0,4.0,4.0,PASS
ST000071,AIML2023071,Darsh,Palla,Male,2004-07-12,darsh.palla71@student.college.edu,6380044391,DEP000001,AY000004,SEM000007,True,PRO000071,Average,65,85,60,80,10,24,30,58,0.1,AR000071,SEM000007,AY000004,16.0,16.0,5.5,5.5,0,0,PASS,REG000279,CO000027,MN000012,REGISTERED,False,81.0,69.0,75.0,MK000261,18.0,42.0,60.0,B+,7.0,28.0,4.0,4.0,PASS
ST000071,AIML2023071,Darsh,Palla,Male,2004-07-12,darsh.palla71@student.college.edu,6380044391,DEP000001,AY000004,SEM000007,True,PRO000071,Average,65,85,60,80,10,24,30,58,0.1,AR000071,SEM000007,AY000004,16.0,16.0,5.5,5.5,0,0,PASS,REG000280,CO000028,MN000013,REGISTERED,False,70.0,74.0,59.0,MK000262,13.0,32.0,45.0,C,5.0,20.0,4.0,4.0,PASS
ST000072,AIML2023072,Gunbir,Kant,Male,2005-11-19,gunbir.kant72@student.college.edu,8809176732,DEP000001,AY000004,SEM000007,True,PRO000072,Good,80,95,75,90,18,28,45,65,0.03,AR000072,SEM000007,AY000004,16.0,16.0,8.5,8.5,0,0,PASS,REG000281,CO000025,MN000010,REGISTERED,False,83.0,76.0,89.0,MK000263,26.0,53.0,79.0,A,8.0,32.0,4.0,4.0,PASS
ST000072,AIML2023072,Gunbir,Kant,Male,2005-11-19,gunbir.kant72@student.college.edu,8809176732,DEP000001,AY000004,SEM000007,True,PRO000072,Good,80,95,75,90,18,28,45,65,0.03,AR000072,SEM000007,AY000004,16.0,16.0,8.5,8.5,0,0,PASS,REG000282,CO000026,MN000011,REGISTERED,False,89.0,82.0,75.0,MK000264,26.0,53.0,79.0,A,8.0,32.0,4.0,4.0,PASS
ST000072,AIML2023072,Gunbir,Kant,Male,2005-11-19,gunbir.kant72@student.college.edu,8809176732,DEP000001,AY000004,SEM000007,True,PRO000072,Good,80,95,75,90,18,28,45,65,0.03,AR000072,SEM000007,AY000004,16.0,16.0,8.5,8.5,0,0,PASS,REG000283,CO000027,MN000012,REGISTERED,False,95.0,88.0,84.0,MK000265,24.0,59.0,83.0,A+,9.0,36.0,4.0,4.0,PASS
ST000072,AIML2023072,Gunbir,Kant,Male,2005-11-19,gunbir.kant72@student.college.edu,8809176732,DEP000001,AY000004,SEM000007,True,PRO000072,Good,80,95,75,90,18,28,45,65,0.03,AR000072,SEM000007,AY000004,16.0,16.0,8.5,8.5,0,0,PASS,REG000284,CO000028,MN000013,REGISTERED,False,86.0,76.0,82.0,MK000266,20.0,63.0,83.0,A+,9.0,36.0,4.0,4.0,PASS
ST000073,AIML2023073,Irya,Bawa,Female,2005-04-13,irya.bawa73@student.college.edu,6637128847,DEP000001,AY000004,SEM000007,True,PRO000073,Average,65,85,60,80,10,24,30,58,0.1,AR000073,SEM000007,AY000004,12.0,12.0,6.0,6.0,0,0,PASS,REG000285,CO000025,MN000010,REGISTERED,False,81.0,61.0,72.0,MK000267,11.0,55.0,66.0,B+,7.0,28.0,4.0,4.0,PASS
ST000073,AIML2023073,Irya,Bawa,Female,2005-04-13,irya.bawa73@student.college.edu,6637128847,DEP000001,AY000004,SEM000007,True,PRO000073,Average,65,85,60,80,10,24,30,58,0.1,AR000073,SEM000007,AY000004,12.0,12.0,6.0,6.0,0,0,PASS,REG000286,CO000026,MN000011,CANCELLED,False,80.0,69.0,72.0,,,,,,,,,,
ST000073,AIML2023073,Irya,Bawa,Female,2005-04-13,irya.bawa73@student.college.edu,6637128847,DEP000001,AY000004,SEM000007,True,PRO000073,Average,65,85,60,80,10,24,30,58,0.1,AR000073,SEM000007,AY000004,12.0,12.0,6.0,6.0,0,0,PASS,REG000287,CO000027,MN000012,REGISTERED,False,67.0,68.0,68.0,MK000268,13.0,36.0,49.0,C,5.0,20.0,4.0,4.0,PASS
ST000073,AIML2023073,Irya,Bawa,Female,2005-04-13,irya.bawa73@student.college.edu,6637128847,DEP000001,AY000004,SEM000007,True,PRO000073,Average,65,85,60,80,10,24,30,58,0.1,AR000073,SEM000007,AY000004,12.0,12.0,6.0,6.0,0,0,PASS,REG000288,CO000028,MN000013,REGISTERED,False,69.0,62.0,60.0,MK000269,11.0,41.0,52.0,B,6.0,24.0,4.0,4.0,PASS
ST000074,AIML2023074,Bhanumati,Dugar,Female,2005-08-06,bhanumati.dugar74@student.college.edu,9197468551,DEP000001,AY000004,SEM000007,True,PRO000074,Average,65,85,60,80,10,24,30,58,0.1,AR000074,SEM000007,AY000004,16.0,16.0,6.25,6.25,0,0,PASS,REG000289,CO000025,MN000010,REGISTERED,False,83.0,76.0,70.0,MK000270,10.0,57.0,67.0,B+,7.0,28.0,4.0,4.0,PASS
ST000074,AIML2023074,Bhanumati,Dugar,Female,2005-08-06,bhanumati.dugar74@student.college.edu,9197468551,DEP000001,AY000004,SEM000007,True,PRO000074,Average,65,85,60,80,10,24,30,58,0.1,AR000074,SEM000007,AY000004,16.0,16.0,6.25,6.25,0,0,PASS,REG000290,CO000026,MN000011,REGISTERED,False,84.0,64.0,79.0,MK000271,11.0,39.0,50.0,B,6.0,24.0,4.0,4.0,PASS
ST000074,AIML2023074,Bhanumati,Dugar,Female,2005-08-06,bhanumati.dugar74@student.college.edu,9197468551,DEP000001,AY000004,SEM000007,True,PRO000074,Average,65,85,60,80,10,24,30,58,0.1,AR000074,SEM000007,AY000004,16.0,16.0,6.25,6.25,0,0,PASS,REG000291,CO000027,MN000012,REGISTERED,False,70.0,73.0,64.0,MK000272,10.0,37.0,47.0,C,5.0,20.0,4.0,4.0,PASS
ST000074,AIML2023074,Bhanumati,Dugar,Female,2005-08-06,bhanumati.dugar74@student.college.edu,9197468551,DEP000001,AY000004,SEM000007,True,PRO000074,Average,65,85,60,80,10,24,30,58,0.1,AR000074,SEM000007,AY000004,16.0,16.0,6.25,6.25,0,0,PASS,REG000292,CO000028,MN000013,REGISTERED,False,83.0,69.0,80.0,MK000273,11.0,54.0,65.0,B+,7.0,28.0,4.0,4.0,PASS
ST000075,AIML2023075,Daksha,Sampath,Female,2004-07-27,daksha.sampath75@student.college.edu,6418316677,DEP000001,AY000004,SEM000007,True,PRO000075,Average,65,85,60,80,10,24,30,58,0.1,AR000075,SEM000007,AY000004,16.0,16.0,6.25,6.25,0,0,PASS,REG000293,CO000025,MN000010,REGISTERED,True,65.0,65.0,51.0,MK000274,14.0,55.0,69.0,B+,7.0,28.0,4.0,4.0,PASS
ST000075,AIML2023075,Daksha,Sampath,Female,2004-07-27,daksha.sampath75@student.college.edu,6418316677,DEP000001,AY000004,SEM000007,True,PRO000075,Average,65,85,60,80,10,24,30,58,0.1,AR000075,SEM000007,AY000004,16.0,16.0,6.25,6.25,0,0,PASS,REG000294,CO000026,MN000011,REGISTERED,False,77.0,64.0,66.0,MK000275,15.0,41.0,56.0,B,6.0,24.0,4.0,4.0,PASS
ST000075,AIML2023075,Daksha,Sampath,Female,2004-07-27,daksha.sampath75@student.college.edu,6418316677,DEP000001,AY000004,SEM000007,True,PRO000075,Average,65,85,60,80,10,24,30,58,0.1,AR000075,SEM000007,AY000004,16.0,16.0,6.25,6.25,0,0,PASS,REG000295,CO000027,MN000012,REGISTERED,False,84.0,64.0,80.0,MK000276,12.0,42.0,54.0,B,6.0,24.0,4.0,4.0,PASS
ST000075,AIML2023075,Daksha,Sampath,Female,2004-07-27,daksha.sampath75@student.college.edu,6418316677,DEP000001,AY000004,SEM000007,True,PRO000075,Average,65,85,60,80,10,24,30,58,0.1,AR000075,SEM000007,AY000004,16.0,16.0,6.25,6.25,0,0,PASS,REG000296,CO000028,MN000013,REGISTERED,False,75.0,79.0,71.0,MK000277,17.0,38.0,55.0,B,6.0,24.0,4.0,4.0,PASS
ST000076,AIML2023076,Veda,Vohra,Female,2004-08-01,veda.vohra76@student.college.edu,6866396236,DEP000001,AY000004,SEM000007,True,PRO000076,Average,65,85,60,80,10,24,30,58,0.1,AR000076,SEM000007,AY000004,16.0,16.0,6.0,6.0,0,0,PASS,REG000297,CO000025,MN000010,REGISTERED,False,73.0,65.0,72.0,MK000278,20.0,35.0,55.0,B,6.0,24.0,4.0,4.0,PASS
ST000076,AIML2023076,Veda,Vohra,Female,2004-08-01,veda.vohra76@student.college.edu,6866396236,DEP000001,AY000004,SEM000007,True,PRO000076,Average,65,85,60,80,10,24,30,58,0.1,AR000076,SEM000007,AY000004,16.0,16.0,6.0,6.0,0,0,PASS,REG000298,CO000026,MN000011,REGISTERED,False,68.0,65.0,76.0,MK000279,17.0,30.0,47.0,C,5.0,20.0,4.0,4.0,PASS
ST000076,AIML2023076,Veda,Vohra,Female,2004-08-01,veda.vohra76@student.college.edu,6866396236,DEP000001,AY000004,SEM000007,True,PRO000076,Average,65,85,60,80,10,24,30,58,0.1,AR000076,SEM000007,AY000004,16.0,16.0,6.0,6.0,0,0,PASS,REG000299,CO000027,MN000012,REGISTERED,False,79.0,77.0,76.0,MK000280,17.0,31.0,48.0,C,5.0,20.0,4.0,4.0,PASS
ST000076,AIML2023076,Veda,Vohra,Female,2004-08-01,veda.vohra76@student.college.edu,6866396236,DEP000001,AY000004,SEM000007,True,PRO000076,Average,65,85,60,80,10,24,30,58,0.1,AR000076,SEM000007,AY000004,16.0,16.0,6.0,6.0,0,0,PASS,REG000300,CO000028,MN000013,REGISTERED,False,74.0,74.0,73.0,MK000281,15.0,56.0,71.0,A,8.0,32.0,4.0,4.0,PASS
ST000077,AIML2023077,Siya,Deo,Female,2004-06-24,siya.deo77@student.college.edu,7588095850,DEP000001,AY000004,SEM000007,True,PRO000077,Improving,55,75,50,70,8,20,25,50,0.2,AR000077,SEM000007,AY000004,16.0,8.0,2.75,2.75,2,2,PROMOTED,REG000301,CO000025,MN000010,REGISTERED,False,72.0,54.0,65.0,MK000282,8.0,30.0,38.0,F,0.0,0.0,4.0,0.0,FAIL
ST000077,AIML2023077,Siya,Deo,Female,2004-06-24,siya.deo77@student.college.edu,7588095850,DEP000001,AY000004,SEM000007,True,PRO000077,Improving,55,75,50,70,8,20,25,50,0.2,AR000077,SEM000007,AY000004,16.0,8.0,2.75,2.75,2,2,PROMOTED,REG000302,CO000026,MN000011,REGISTERED,False,73.0,63.0,60.0,MK000283,10.0,28.0,38.0,F,0.0,0.0,4.0,0.0,FAIL
ST000077,AIML2023077,Siya,Deo,Female,2004-06-24,siya.deo77@student.college.edu,7588095850,DEP000001,AY000004,SEM000007,True,PRO000077,Improving,55,75,50,70,8,20,25,50,0.2,AR000077,SEM000007,AY000004,16.0,8.0,2.75,2.75,2,2,PROMOTED,REG000303,CO000027,MN000012,REGISTERED,False,63.0,62.0,61.0,MK000284,16.0,34.0,50.0,B,6.0,24.0,4.0,4.0,PASS
ST000077,AIML2023077,Siya,Deo,Female,2004-06-24,siya.deo77@student.college.edu,7588095850,DEP000001,AY000004,SEM000007,True,PRO000077,Improving,55,75,50,70,8,20,25,50,0.2,AR000077,SEM000007,AY000004,16.0,8.0,2.75,2.75,2,2,PROMOTED,REG000304,CO000028,MN000013,REGISTERED,False,64.0,69.0,54.0,MK000285,20.0,29.0,49.0,C,5.0,20.0,4.0,4.0,PASS
ST000078,AIML2023078,Yug,Oommen,Male,2004-08-13,yug.oommen78@student.college.edu,6361275280,DEP000001,AY000004,SEM000007,True,PRO000078,Declining,40,65,35,60,4,16,15,40,0.45,AR000078,SEM000007,AY000004,16.0,4.0,1.25,1.25,3,3,FAIL,REG000305,CO000025,MN000010,REGISTERED,False,61.0,54.0,48.0,MK000286,6.0,18.0,24.0,F,0.0,0.0,4.0,0.0,FAIL
ST000078,AIML2023078,Yug,Oommen,Male,2004-08-13,yug.oommen78@student.college.edu,6361275280,DEP000001,AY000004,SEM000007,True,PRO000078,Declining,40,65,35,60,4,16,15,40,0.45,AR000078,SEM000007,AY000004,16.0,4.0,1.25,1.25,3,3,FAIL,REG000306,CO000026,MN000011,REGISTERED,False,53.0,40.0,46.0,MK000287,11.0,28.0,39.0,F,0.0,0.0,4.0,0.0,FAIL
ST000078,AIML2023078,Yug,Oommen,Male,2004-08-13,yug.oommen78@student.college.edu,6361275280,DEP000001,AY000004,SEM000007,True,PRO000078,Declining,40,65,35,60,4,16,15,40,0.45,AR000078,SEM000007,AY000004,16.0,4.0,1.25,1.25,3,3,FAIL,REG000307,CO000027,MN000012,REGISTERED,False,41.0,36.0,39.0,MK000288,9.0,21.0,30.0,F,0.0,0.0,4.0,0.0,FAIL
ST000078,AIML2023078,Yug,Oommen,Male,2004-08-13,yug.oommen78@student.college.edu,6361275280,DEP000001,AY000004,SEM000007,True,PRO000078,Declining,40,65,35,60,4,16,15,40,0.45,AR000078,SEM000007,AY000004,16.0,4.0,1.25,1.25,3,3,FAIL,REG000308,CO000028,MN000013,REGISTERED,False,47.0,44.0,44.0,MK000289,13.0,34.0,47.0,C,5.0,20.0,4.0,4.0,PASS
ST000079,AIML2023079,Oscar,Dyal,Male,2006-05-17,oscar.dyal79@student.college.edu,8425505253,DEP000001,AY000004,SEM000007,True,PRO000079,HighRisk,20,50,20,45,0,12,0,30,0.8,AR000079,SEM000007,AY000004,16.0,0.0,0.0,0.0,4,4,FAIL,REG000309,CO000025,MN000010,REGISTERED,False,32.0,31.0,18.0,MK000290,2.0,13.0,15.0,F,0.0,0.0,4.0,0.0,FAIL
ST000079,AIML2023079,Oscar,Dyal,Male,2006-05-17,oscar.dyal79@student.college.edu,8425505253,DEP000001,AY000004,SEM000007,True,PRO000079,HighRisk,20,50,20,45,0,12,0,30,0.8,AR000079,SEM000007,AY000004,16.0,0.0,0.0,0.0,4,4,FAIL,REG000310,CO000026,MN000011,REGISTERED,False,30.0,20.0,24.0,MK000291,8.0,19.0,27.0,F,0.0,0.0,4.0,0.0,FAIL
ST000079,AIML2023079,Oscar,Dyal,Male,2006-05-17,oscar.dyal79@student.college.edu,8425505253,DEP000001,AY000004,SEM000007,True,PRO000079,HighRisk,20,50,20,45,0,12,0,30,0.8,AR000079,SEM000007,AY000004,16.0,0.0,0.0,0.0,4,4,FAIL,REG000311,CO000027,MN000012,REGISTERED,False,31.0,30.0,27.0,MK000292,2.0,6.0,8.0,F,0.0,0.0,4.0,0.0,FAIL
ST000079,AIML2023079,Oscar,Dyal,Male,2006-05-17,oscar.dyal79@student.college.edu,8425505253,DEP000001,AY000004,SEM000007,True,PRO000079,HighRisk,20,50,20,45,0,12,0,30,0.8,AR000079,SEM000007,AY000004,16.0,0.0,0.0,0.0,4,4,FAIL,REG000312,CO000028,MN000013,REGISTERED,True,31.0,27.0,19.0,MK000293,5.0,15.0,20.0,F,0.0,0.0,4.0,0.0,FAIL
ST000080,AIML2023080,Chandresh,Khatri,Male,2006-07-21,chandresh.khatri80@student.college.edu,8834711414,DEP000001,AY000004,SEM000007,True,PRO000080,Good,80,95,75,90,18,28,45,65,0.03,AR000080,SEM000007,AY000004,16.0,16.0,7.75,7.75,0,0,PASS,REG000313,CO000025,MN000010,REGISTERED,False,83.0,81.0,81.0,MK000294,24.0,48.0,72.0,A,8.0,32.0,4.0,4.0,PASS
ST000080,AIML2023080,Chandresh,Khatri,Male,2006-07-21,chandresh.khatri80@student.college.edu,8834711414,DEP000001,AY000004,SEM000007,True,PRO000080,Good,80,95,75,90,18,28,45,65,0.03,AR000080,SEM000007,AY000004,16.0,16.0,7.75,7.75,0,0,PASS,REG000314,CO000026,MN000011,REGISTERED,False,82.0,80.0,84.0,MK000295,28.0,49.0,77.0,A,8.0,32.0,4.0,4.0,PASS
ST000080,AIML2023080,Chandresh,Khatri,Male,2006-07-21,chandresh.khatri80@student.college.edu,8834711414,DEP000001,AY000004,SEM000007,True,PRO000080,Good,80,95,75,90,18,28,45,65,0.03,AR000080,SEM000007,AY000004,16.0,16.0,7.75,7.75,0,0,PASS,REG000315,CO000027,MN000012,REGISTERED,False,88.0,86.0,84.0,MK000296,27.0,52.0,79.0,A,8.0,32.0,4.0,4.0,PASS
ST000080,AIML2023080,Chandresh,Khatri,Male,2006-07-21,chandresh.khatri80@student.college.edu,8834711414,DEP000001,AY000004,SEM000007,True,PRO000080,Good,80,95,75,90,18,28,45,65,0.03,AR000080,SEM000007,AY000004,16.0,16.0,7.75,7.75,0,0,PASS,REG000316,CO000028,MN000013,REGISTERED,False,94.0,82.0,80.0,MK000297,24.0,45.0,69.0,B+,7.0,28.0,4.0,4.0,PASS
ST000081,AIML2023081,Harinakshi,Walla,Female,2005-08-20,harinakshi.walla81@student.college.edu,7396459732,DEP000001,AY000004,SEM000007,True,PRO000081,Declining,40,65,35,60,4,16,15,40,0.45,AR000081,SEM000007,AY000004,16.0,8.0,2.5,2.5,2,2,PROMOTED,REG000317,CO000025,MN000010,REGISTERED,True,54.0,59.0,42.0,MK000298,4.0,16.0,20.0,F,0.0,0.0,4.0,0.0,FAIL
ST000081,AIML2023081,Harinakshi,Walla,Female,2005-08-20,harinakshi.walla81@student.college.edu,7396459732,DEP000001,AY000004,SEM000007,True,PRO000081,Declining,40,65,35,60,4,16,15,40,0.45,AR000081,SEM000007,AY000004,16.0,8.0,2.5,2.5,2,2,PROMOTED,REG000318,CO000026,MN000011,REGISTERED,False,64.0,54.0,50.0,MK000299,13.0,39.0,52.0,B,6.0,24.0,4.0,4.0,PASS
ST000081,AIML2023081,Harinakshi,Walla,Female,2005-08-20,harinakshi.walla81@student.college.edu,7396459732,DEP000001,AY000004,SEM000007,True,PRO000081,Declining,40,65,35,60,4,16,15,40,0.45,AR000081,SEM000007,AY000004,16.0,8.0,2.5,2.5,2,2,PROMOTED,REG000319,CO000027,MN000012,REGISTERED,False,51.0,56.0,49.0,MK000300,13.0,25.0,38.0,F,0.0,0.0,4.0,0.0,FAIL
ST000081,AIML2023081,Harinakshi,Walla,Female,2005-08-20,harinakshi.walla81@student.college.edu,7396459732,DEP000001,AY000004,SEM000007,True,PRO000081,Declining,40,65,35,60,4,16,15,40,0.45,AR000081,SEM000007,AY000004,16.0,8.0,2.5,2.5,2,2,PROMOTED,REG000320,CO000028,MN000013,REGISTERED,False,49.0,47.0,35.0,MK000301,10.0,31.0,41.0,P,4.0,16.0,4.0,4.0,PASS
ST000082,AIML2023082,Jeremiah,Deep,Male,2005-08-18,jeremiah.deep82@student.college.edu,8118756846,DEP000001,AY000004,SEM000007,True,PRO000082,Average,65,85,60,80,10,24,30,58,0.1,AR000082,SEM000007,AY000004,16.0,16.0,6.5,6.5,0,0,PASS,REG000321,CO000025,MN000010,REGISTERED,False,83.0,77.0,79.0,MK000302,14.0,52.0,66.0,B+,7.0,28.0,4.0,4.0,PASS
ST000082,AIML2023082,Jeremiah,Deep,Male,2005-08-18,jeremiah.deep82@student.college.edu,8118756846,DEP000001,AY000004,SEM000007,True,PRO000082,Average,65,85,60,80,10,24,30,58,0.1,AR000082,SEM000007,AY000004,16.0,16.0,6.5,6.5,0,0,PASS,REG000322,CO000026,MN000011,REGISTERED,False,71.0,61.0,74.0,MK000303,24.0,33.0,57.0,B,6.0,24.0,4.0,4.0,PASS
ST000082,AIML2023082,Jeremiah,Deep,Male,2005-08-18,jeremiah.deep82@student.college.edu,8118756846,DEP000001,AY000004,SEM000007,True,PRO000082,Average,65,85,60,80,10,24,30,58,0.1,AR000082,SEM000007,AY000004,16.0,16.0,6.5,6.5,0,0,PASS,REG000323,CO000027,MN000012,REGISTERED,False,68.0,68.0,62.0,MK000304,19.0,40.0,59.0,B,6.0,24.0,4.0,4.0,PASS
ST000082,AIML2023082,Jeremiah,Deep,Male,2005-08-18,jeremiah.deep82@student.college.edu,8118756846,DEP000001,AY000004,SEM000007,True,PRO000082,Average,65,85,60,80,10,24,30,58,0.1,AR000082,SEM000007,AY000004,16.0,16.0,6.5,6.5,0,0,PASS,REG000324,CO000028,MN000013,REGISTERED,False,68.0,69.0,55.0,MK000305,19.0,46.0,65.0,B+,7.0,28.0,4.0,4.0,PASS
ST000083,AIML2023083,David,Banerjee,Male,2006-05-09,david.banerjee83@student.college.edu,7962230943,DEP000001,AY000004,SEM000007,True,PRO000083,Average,65,85,60,80,10,24,30,58,0.1,AR000083,SEM000007,AY000004,16.0,16.0,7.25,7.25,0,0,PASS,REG000325,CO000025,MN000010,REGISTERED,False,71.0,69.0,80.0,MK000306,17.0,55.0,72.0,A,8.0,32.0,4.0,4.0,PASS
ST000083,AIML2023083,David,Banerjee,Male,2006-05-09,david.banerjee83@student.college.edu,7962230943,DEP000001,AY000004,SEM000007,True,PRO000083,Average,65,85,60,80,10,24,30,58,0.1,AR000083,SEM000007,AY000004,16.0,16.0,7.25,7.25,0,0,PASS,REG000326,CO000026,MN000011,REGISTERED,False,79.0,80.0,65.0,MK000307,24.0,49.0,73.0,A,8.0,32.0,4.0,4.0,PASS
ST000083,AIML2023083,David,Banerjee,Male,2006-05-09,david.banerjee83@student.college.edu,7962230943,DEP000001,AY000004,SEM000007,True,PRO000083,Average,65,85,60,80,10,24,30,58,0.1,AR000083,SEM000007,AY000004,16.0,16.0,7.25,7.25,0,0,PASS,REG000327,CO000027,MN000012,REGISTERED,False,73.0,64.0,62.0,MK000308,11.0,56.0,67.0,B+,7.0,28.0,4.0,4.0,PASS
ST000083,AIML2023083,David,Banerjee,Male,2006-05-09,david.banerjee83@student.college.edu,7962230943,DEP000001,AY000004,SEM000007,True,PRO000083,Average,65,85,60,80,10,24,30,58,0.1,AR000083,SEM000007,AY000004,16.0,16.0,7.25,7.25,0,0,PASS,REG000328,CO000028,MN000013,REGISTERED,False,71.0,68.0,75.0,MK000309,21.0,30.0,51.0,B,6.0,24.0,4.0,4.0,PASS
ST000084,AIML2023084,Irya,Din,Female,2006-05-06,irya.din84@student.college.edu,8628843966,DEP000001,AY000004,SEM000007,True,PRO000084,Good,80,95,75,90,18,28,45,65,0.03,AR000084,SEM000007,AY000004,16.0,16.0,8.25,8.25,0,0,PASS,REG000329,CO000025,MN000010,REGISTERED,False,81.0,75.0,84.0,MK000310,20.0,53.0,73.0,A,8.0,32.0,4.0,4.0,PASS
ST000084,AIML2023084,Irya,Din,Female,2006-05-06,irya.din84@student.college.edu,8628843966,DEP000001,AY000004,SEM000007,True,PRO000084,Good,80,95,75,90,18,28,45,65,0.03,AR000084,SEM000007,AY000004,16.0,16.0,8.25,8.25,0,0,PASS,REG000330,CO000026,MN000011,REGISTERED,False,87.0,83.0,84.0,MK000311,22.0,65.0,87.0,A+,9.0,36.0,4.0,4.0,PASS
ST000084,AIML2023084,Irya,Din,Female,2006-05-06,irya.din84@student.college.edu,8628843966,DEP000001,AY000004,SEM000007,True,PRO000084,Good,80,95,75,90,18,28,45,65,0.03,AR000084,SEM000007,AY000004,16.0,16.0,8.25,8.25,0,0,PASS,REG000331,CO000027,MN000012,REGISTERED,False,83.0,87.0,75.0,MK000312,20.0,46.0,66.0,B+,7.0,28.0,4.0,4.0,PASS
ST000084,AIML2023084,Irya,Din,Female,2006-05-06,irya.din84@student.college.edu,8628843966,DEP000001,AY000004,SEM000007,True,PRO000084,Good,80,95,75,90,18,28,45,65,0.03,AR000084,SEM000007,AY000004,16.0,16.0,8.25,8.25,0,0,PASS,REG000332,CO000028,MN000013,REGISTERED,False,85.0,89.0,82.0,MK000313,24.0,65.0,89.0,A+,9.0,36.0,4.0,4.0,PASS
ST000085,AIML2023085,Ekapad,Gill,Male,2006-04-02,ekapad.gill85@student.college.edu,8625963292,DEP000001,AY000004,SEM000007,True,PRO000085,Good,80,95,75,90,18,28,45,65,0.03,AR000085,SEM000007,AY000004,16.0,16.0,8.25,8.25,0,0,PASS,REG000333,CO000025,MN000010,REGISTERED,False,88.0,89.0,84.0,MK000314,27.0,51.0,78.0,A,8.0,32.0,4.0,4.0,PASS
ST000085,AIML2023085,Ekapad,Gill,Male,2006-04-02,ekapad.gill85@student.college.edu,8625963292,DEP000001,AY000004,SEM000007,True,PRO000085,Good,80,95,75,90,18,28,45,65,0.03,AR000085,SEM000007,AY000004,16.0,16.0,8.25,8.25,0,0,PASS,REG000334,CO000026,MN000011,REGISTERED,False,81.0,80.0,78.0,MK000315,20.0,52.0,72.0,A,8.0,32.0,4.0,4.0,PASS
ST000085,AIML2023085,Ekapad,Gill,Male,2006-04-02,ekapad.gill85@student.college.edu,8625963292,DEP000001,AY000004,SEM000007,True,PRO000085,Good,80,95,75,90,18,28,45,65,0.03,AR000085,SEM000007,AY000004,16.0,16.0,8.25,8.25,0,0,PASS,REG000335,CO000027,MN000012,REGISTERED,False,90.0,75.0,78.0,MK000316,23.0,60.0,83.0,A+,9.0,36.0,4.0,4.0,PASS
ST000085,AIML2023085,Ekapad,Gill,Male,2006-04-02,ekapad.gill85@student.college.edu,8625963292,DEP000001,AY000004,SEM000007,True,PRO000085,Good,80,95,75,90,18,28,45,65,0.03,AR000085,SEM000007,AY000004,16.0,16.0,8.25,8.25,0,0,PASS,REG000336,CO000028,MN000013,REGISTERED,False,85.0,85.0,82.0,MK000317,25.0,47.0,72.0,A,8.0,32.0,4.0,4.0,PASS
ST000086,AIML2023086,Faras,Bhardwaj,Male,2004-01-20,faras.bhardwaj86@student.college.edu,9980595239,DEP000001,AY000004,SEM000007,True,PRO000086,Average,65,85,60,80,10,24,30,58,0.1,AR000086,SEM000007,AY000004,16.0,16.0,7.0,7.0,0,0,PASS,REG000337,CO000025,MN000010,REGISTERED,False,83.0,78.0,75.0,MK000318,16.0,34.0,50.0,B,6.0,24.0,4.0,4.0,PASS
ST000086,AIML2023086,Faras,Bhardwaj,Male,2004-01-20,faras.bhardwaj86@student.college.edu,9980595239,DEP000001,AY000004,SEM000007,True,PRO000086,Average,65,85,60,80,10,24,30,58,0.1,AR000086,SEM000007,AY000004,16.0,16.0,7.0,7.0,0,0,PASS,REG000338,CO000026,MN000011,REGISTERED,False,85.0,73.0,71.0,MK000319,21.0,57.0,78.0,A,8.0,32.0,4.0,4.0,PASS
ST000086,AIML2023086,Faras,Bhardwaj,Male,2004-01-20,faras.bhardwaj86@student.college.edu,9980595239,DEP000001,AY000004,SEM000007,True,PRO000086,Average,65,85,60,80,10,24,30,58,0.1,AR000086,SEM000007,AY000004,16.0,16.0,7.0,7.0,0,0,PASS,REG000339,CO000027,MN000012,REGISTERED,False,79.0,69.0,76.0,MK000320,16.0,53.0,69.0,B+,7.0,28.0,4.0,4.0,PASS
ST000086,AIML2023086,Faras,Bhardwaj,Male,2004-01-20,faras.bhardwaj86@student.college.edu,9980595239,DEP000001,AY000004,SEM000007,True,PRO000086,Average,65,85,60,80,10,24,30,58,0.1,AR000086,SEM000007,AY000004,16.0,16.0,7.0,7.0,0,0,PASS,REG000340,CO000028,MN000013,REGISTERED,False,68.0,60.0,78.0,MK000321,15.0,47.0,62.0,B+,7.0,28.0,4.0,4.0,PASS
ST000087,AIML2023087,Vinaya,Saxena,Female,2005-06-13,vinaya.saxena87@student.college.edu,8406111873,DEP000001,AY000004,SEM000007,True,PRO000087,Excellent,90,100,90,100,24,30,55,70,0.01,AR000087,SEM000007,AY000004,16.0,16.0,9.5,9.5,0,0,PASS,REG000341,CO000025,MN000010,REGISTERED,False,95.0,90.0,94.0,MK000322,25.0,70.0,95.0,O,10.0,40.0,4.0,4.0,PASS
ST000087,AIML2023087,Vinaya,Saxena,Female,2005-06-13,vinaya.saxena87@student.college.edu,8406111873,DEP000001,AY000004,SEM000007,True,PRO000087,Excellent,90,100,90,100,24,30,55,70,0.01,AR000087,SEM000007,AY000004,16.0,16.0,9.5,9.5,0,0,PASS,REG000342,CO000026,MN000011,REGISTERED,False,92.0,94.0,94.0,MK000323,24.0,55.0,79.0,A,8.0,32.0,4.0,4.0,PASS
ST000087,AIML2023087,Vinaya,Saxena,Female,2005-06-13,vinaya.saxena87@student.college.edu,8406111873,DEP000001,AY000004,SEM000007,True,PRO000087,Excellent,90,100,90,100,24,30,55,70,0.01,AR000087,SEM000007,AY000004,16.0,16.0,9.5,9.5,0,0,PASS,REG000343,CO000027,MN000012,REGISTERED,False,98.0,92.0,95.0,MK000324,30.0,64.0,94.0,O,10.0,40.0,4.0,4.0,PASS
ST000087,AIML2023087,Vinaya,Saxena,Female,2005-06-13,vinaya.saxena87@student.college.edu,8406111873,DEP000001,AY000004,SEM000007,True,PRO000087,Excellent,90,100,90,100,24,30,55,70,0.01,AR000087,SEM000007,AY000004,16.0,16.0,9.5,9.5,0,0,PASS,REG000344,CO000028,MN000013,REGISTERED,False,91.0,94.0,94.0,MK000325,27.0,66.0,93.0,O,10.0,40.0,4.0,4.0,PASS
ST000088,AIML2023088,Damyanti,Swaminathan,Female,2004-10-03,damyanti.swaminathan88@student.college.edu,7948025864,DEP000001,AY000004,SEM000007,True,PRO000088,Excellent,90,100,90,100,24,30,55,70,0.01,AR000088,SEM000007,AY000004,16.0,16.0,9.25,9.25,0,0,PASS,REG000345,CO000025,MN000010,REGISTERED,False,90.0,95.0,99.0,MK000326,25.0,68.0,93.0,O,10.0,40.0,4.0,4.0,PASS
ST000088,AIML2023088,Damyanti,Swaminathan,Female,2004-10-03,damyanti.swaminathan88@student.college.edu,7948025864,DEP000001,AY000004,SEM000007,True,PRO000088,Excellent,90,100,90,100,24,30,55,70,0.01,AR000088,SEM000007,AY000004,16.0,16.0,9.25,9.25,0,0,PASS,REG000346,CO000026,MN000011,REGISTERED,False,98.0,98.0,100.0,MK000327,24.0,59.0,83.0,A+,9.0,36.0,4.0,4.0,PASS
ST000088,AIML2023088,Damyanti,Swaminathan,Female,2004-10-03,damyanti.swaminathan88@student.college.edu,7948025864,DEP000001,AY000004,SEM000007,True,PRO000088,Excellent,90,100,90,100,24,30,55,70,0.01,AR000088,SEM000007,AY000004,16.0,16.0,9.25,9.25,0,0,PASS,REG000347,CO000027,MN000012,REGISTERED,False,92.0,96.0,98.0,MK000328,24.0,62.0,86.0,A+,9.0,36.0,4.0,4.0,PASS
ST000088,AIML2023088,Damyanti,Swaminathan,Female,2004-10-03,damyanti.swaminathan88@student.college.edu,7948025864,DEP000001,AY000004,SEM000007,True,PRO000088,Excellent,90,100,90,100,24,30,55,70,0.01,AR000088,SEM000007,AY000004,16.0,16.0,9.25,9.25,0,0,PASS,REG000348,CO000028,MN000013,REGISTERED,False,99.0,98.0,88.0,MK000329,26.0,55.0,81.0,A+,9.0,36.0,4.0,4.0,PASS
ST000089,AIML2023089,Atharv,Sharma,Male,2005-05-27,atharv.sharma89@student.college.edu,8717752493,DEP000001,AY000004,SEM000007,True,PRO000089,HighRisk,20,50,20,45,0,12,0,30,0.8,AR000089,SEM000007,AY000004,8.0,0.0,0.0,0.0,2,2,PROMOTED,REG000349,CO000025,MN000010,REGISTERED,False,32.0,31.0,22.0,MK000330,4.0,21.0,25.0,F,0.0,0.0,4.0,0.0,FAIL
ST000089,AIML2023089,Atharv,Sharma,Male,2005-05-27,atharv.sharma89@student.college.edu,8717752493,DEP000001,AY000004,SEM000007,True,PRO000089,HighRisk,20,50,20,45,0,12,0,30,0.8,AR000089,SEM000007,AY000004,8.0,0.0,0.0,0.0,2,2,PROMOTED,REG000350,CO000026,MN000011,REGISTERED,False,20.0,21.0,26.0,MK000331,4.0,12.0,16.0,F,0.0,0.0,4.0,0.0,FAIL
ST000089,AIML2023089,Atharv,Sharma,Male,2005-05-27,atharv.sharma89@student.college.edu,8717752493,DEP000001,AY000004,SEM000007,True,PRO000089,HighRisk,20,50,20,45,0,12,0,30,0.8,AR000089,SEM000007,AY000004,8.0,0.0,0.0,0.0,2,2,PROMOTED,REG000351,CO000027,MN000012,CANCELLED,False,33.0,28.0,29.0,,,,,,,,,,
ST000089,AIML2023089,Atharv,Sharma,Male,2005-05-27,atharv.sharma89@student.college.edu,8717752493,DEP000001,AY000004,SEM000007,True,PRO000089,HighRisk,20,50,20,45,0,12,0,30,0.8,AR000089,SEM000007,AY000004,8.0,0.0,0.0,0.0,2,2,PROMOTED,REG000352,CO000028,MN000013,CANCELLED,False,48.0,33.0,34.0,,,,,,,,,,
ST000090,AIML2023090,Dakshesh,Loyal,Male,2005-03-18,dakshesh.loyal90@student.college.edu,7014185873,DEP000001,AY000004,SEM000007,True,PRO000090,Average,65,85,60,80,10,24,30,58,0.1,AR000090,SEM000007,AY000004,16.0,16.0,6.5,6.5,0,0,PASS,REG000353,CO000025,MN000010,REGISTERED,False,66.0,67.0,75.0,MK000332,11.0,39.0,50.0,B,6.0,24.0,4.0,4.0,PASS
ST000090,AIML2023090,Dakshesh,Loyal,Male,2005-03-18,dakshesh.loyal90@student.college.edu,7014185873,DEP000001,AY000004,SEM000007,True,PRO000090,Average,65,85,60,80,10,24,30,58,0.1,AR000090,SEM000007,AY000004,16.0,16.0,6.5,6.5,0,0,PASS,REG000354,CO000026,MN000011,REGISTERED,False,76.0,71.0,66.0,MK000333,22.0,47.0,69.0,B+,7.0,28.0,4.0,4.0,PASS
ST000090,AIML2023090,Dakshesh,Loyal,Male,2005-03-18,dakshesh.loyal90@student.college.edu,7014185873,DEP000001,AY000004,SEM000007,True,PRO000090,Average,65,85,60,80,10,24,30,58,0.1,AR000090,SEM000007,AY000004,16.0,16.0,6.5,6.5,0,0,PASS,REG000355,CO000027,MN000012,REGISTERED,False,74.0,62.0,59.0,MK000334,14.0,40.0,54.0,B,6.0,24.0,4.0,4.0,PASS
ST000090,AIML2023090,Dakshesh,Loyal,Male,2005-03-18,dakshesh.loyal90@student.college.edu,7014185873,DEP000001,AY000004,SEM000007,True,PRO000090,Average,65,85,60,80,10,24,30,58,0.1,AR000090,SEM000007,AY000004,16.0,16.0,6.5,6.5,0,0,PASS,REG000356,CO000028,MN000013,REGISTERED,False,71.0,69.0,69.0,MK000335,15.0,51.0,66.0,B+,7.0,28.0,4.0,4.0,PASS
ST000091,AIML2023091,Chameli,Rout,Female,2005-04-03,chameli.rout91@student.college.edu,8983930548,DEP000001,AY000004,SEM000007,True,PRO000091,Average,65,85,60,80,10,24,30,58,0.1,AR000091,SEM000007,AY000004,16.0,16.0,6.75,6.75,0,0,PASS,REG000357,CO000025,MN000010,REGISTERED,False,80.0,80.0,76.0,MK000336,14.0,47.0,61.0,B+,7.0,28.0,4.0,4.0,PASS
ST000091,AIML2023091,Chameli,Rout,Female,2005-04-03,chameli.rout91@student.college.edu,8983930548,DEP000001,AY000004,SEM000007,True,PRO000091,Average,65,85,60,80,10,24,30,58,0.1,AR000091,SEM000007,AY000004,16.0,16.0,6.75,6.75,0,0,PASS,REG000358,CO000026,MN000011,REGISTERED,False,75.0,72.0,69.0,MK000337,22.0,31.0,53.0,B,6.0,24.0,4.0,4.0,PASS
ST000091,AIML2023091,Chameli,Rout,Female,2005-04-03,chameli.rout91@student.college.edu,8983930548,DEP000001,AY000004,SEM000007,True,PRO000091,Average,65,85,60,80,10,24,30,58,0.1,AR000091,SEM000007,AY000004,16.0,16.0,6.75,6.75,0,0,PASS,REG000359,CO000027,MN000012,REGISTERED,False,76.0,67.0,76.0,MK000338,10.0,56.0,66.0,B+,7.0,28.0,4.0,4.0,PASS
ST000091,AIML2023091,Chameli,Rout,Female,2005-04-03,chameli.rout91@student.college.edu,8983930548,DEP000001,AY000004,SEM000007,True,PRO000091,Average,65,85,60,80,10,24,30,58,0.1,AR000091,SEM000007,AY000004,16.0,16.0,6.75,6.75,0,0,PASS,REG000360,CO000028,MN000013,REGISTERED,False,69.0,72.0,72.0,MK000339,13.0,55.0,68.0,B+,7.0,28.0,4.0,4.0,PASS
ST000092,AIML2023092,Jasmit,Majumdar,Female,2005-04-17,jasmit.majumdar92@student.college.edu,7700082929,DEP000001,AY000004,SEM000007,True,PRO000092,Good,80,95,75,90,18,28,45,65,0.03,AR000092,SEM000007,AY000004,12.0,12.0,8.67,8.67,0,0,PASS,REG000361,CO000025,MN000010,CANCELLED,False,82.0,79.0,77.0,,,,,,,,,,
ST000092,AIML2023092,Jasmit,Majumdar,Female,2005-04-17,jasmit.majumdar92@student.college.edu,7700082929,DEP000001,AY000004,SEM000007,True,PRO000092,Good,80,95,75,90,18,28,45,65,0.03,AR000092,SEM000007,AY000004,12.0,12.0,8.67,8.67,0,0,PASS,REG000362,CO000026,MN000011,REGISTERED,False,80.0,85.0,74.0,MK000340,25.0,48.0,73.0,A,8.0,32.0,4.0,4.0,PASS
ST000092,AIML2023092,Jasmit,Majumdar,Female,2005-04-17,jasmit.majumdar92@student.college.edu,7700082929,DEP000001,AY000004,SEM000007,True,PRO000092,Good,80,95,75,90,18,28,45,65,0.03,AR000092,SEM000007,AY000004,12.0,12.0,8.67,8.67,0,0,PASS,REG000363,CO000027,MN000012,REGISTERED,False,83.0,78.0,75.0,MK000341,28.0,62.0,90.0,O,10.0,40.0,4.0,4.0,PASS
ST000092,AIML2023092,Jasmit,Majumdar,Female,2005-04-17,jasmit.majumdar92@student.college.edu,7700082929,DEP000001,AY000004,SEM000007,True,PRO000092,Good,80,95,75,90,18,28,45,65,0.03,AR000092,SEM000007,AY000004,12.0,12.0,8.67,8.67,0,0,PASS,REG000364,CO000028,MN000013,REGISTERED,False,91.0,87.0,88.0,MK000342,20.0,51.0,71.0,A,8.0,32.0,4.0,4.0,PASS
ST000093,AIML2023093,Geetika,Singhal,Female,2004-05-02,geetika.singhal93@student.college.edu,9685170692,DEP000001,AY000004,SEM000007,True,PRO000093,Improving,55,75,50,70,8,20,25,50,0.2,AR000093,SEM000007,AY000004,12.0,12.0,6.0,6.0,0,0,PASS,REG000365,CO000025,MN000010,CANCELLED,False,60.0,60.0,59.0,,,,,,,,,,
ST000093,AIML2023093,Geetika,Singhal,Female,2004-05-02,geetika.singhal93@student.college.edu,9685170692,DEP000001,AY000004,SEM000007,True,PRO000093,Improving,55,75,50,70,8,20,25,50,0.2,AR000093,SEM000007,AY000004,12.0,12.0,6.0,6.0,0,0,PASS,REG000366,CO000026,MN000011,REGISTERED,False,60.0,50.0,54.0,MK000343,9.0,38.0,47.0,C,5.0,20.0,4.0,4.0,PASS
ST000093,AIML2023093,Geetika,Singhal,Female,2004-05-02,geetika.singhal93@student.college.edu,9685170692,DEP000001,AY000004,SEM000007,True,PRO000093,Improving,55,75,50,70,8,20,25,50,0.2,AR000093,SEM000007,AY000004,12.0,12.0,6.0,6.0,0,0,PASS,REG000367,CO000027,MN000012,REGISTERED,False,59.0,56.0,58.0,MK000344,17.0,50.0,67.0,B+,7.0,28.0,4.0,4.0,PASS
ST000093,AIML2023093,Geetika,Singhal,Female,2004-05-02,geetika.singhal93@student.college.edu,9685170692,DEP000001,AY000004,SEM000007,True,PRO000093,Improving,55,75,50,70,8,20,25,50,0.2,AR000093,SEM000007,AY000004,12.0,12.0,6.0,6.0,0,0,PASS,REG000368,CO000028,MN000013,REGISTERED,False,57.0,57.0,42.0,MK000345,14.0,44.0,58.0,B,6.0,24.0,4.0,4.0,PASS
ST000094,AIML2023094,Aarini,Mohanty,Female,2004-04-02,aarini.mohanty94@student.college.edu,7121926393,DEP000001,AY000004,SEM000007,True,PRO000094,Good,80,95,75,90,18,28,45,65,0.03,AR000094,SEM000007,AY000004,16.0,16.0,8.75,8.75,0,0,PASS,REG000369,CO000025,MN000010,REGISTERED,False,84.0,83.0,74.0,MK000346,19.0,50.0,69.0,B+,7.0,28.0,4.0,4.0,PASS
ST000094,AIML2023094,Aarini,Mohanty,Female,2004-04-02,aarini.mohanty94@student.college.edu,7121926393,DEP000001,AY000004,SEM000007,True,PRO000094,Good,80,95,75,90,18,28,45,65,0.03,AR000094,SEM000007,AY000004,16.0,16.0,8.75,8.75,0,0,PASS,REG000370,CO000026,MN000011,REGISTERED,False,81.0,86.0,75.0,MK000347,25.0,65.0,90.0,O,10.0,40.0,4.0,4.0,PASS
ST000094,AIML2023094,Aarini,Mohanty,Female,2004-04-02,aarini.mohanty94@student.college.edu,7121926393,DEP000001,AY000004,SEM000007,True,PRO000094,Good,80,95,75,90,18,28,45,65,0.03,AR000094,SEM000007,AY000004,16.0,16.0,8.75,8.75,0,0,PASS,REG000371,CO000027,MN000012,REGISTERED,False,83.0,84.0,80.0,MK000348,27.0,63.0,90.0,O,10.0,40.0,4.0,4.0,PASS
ST000094,AIML2023094,Aarini,Mohanty,Female,2004-04-02,aarini.mohanty94@student.college.edu,7121926393,DEP000001,AY000004,SEM000007,True,PRO000094,Good,80,95,75,90,18,28,45,65,0.03,AR000094,SEM000007,AY000004,16.0,16.0,8.75,8.75,0,0,PASS,REG000372,CO000028,MN000013,REGISTERED,True,87.0,87.0,74.0,MK000349,22.0,51.0,73.0,A,8.0,32.0,4.0,4.0,PASS
ST000095,AIML2023095,Reyansh,Boase,Male,2004-08-12,reyansh.boase95@student.college.edu,9845770371,DEP000001,AY000004,SEM000007,True,PRO000095,HighRisk,20,50,20,45,0,12,0,30,0.8,AR000095,SEM000007,AY000004,12.0,4.0,1.33,1.33,2,2,PROMOTED,REG000373,CO000025,MN000010,REGISTERED,False,43.0,25.0,34.0,MK000350,12.0,30.0,42.0,P,4.0,16.0,4.0,4.0,PASS
ST000095,AIML2023095,Reyansh,Boase,Male,2004-08-12,reyansh.boase95@student.college.edu,9845770371,DEP000001,AY000004,SEM000007,True,PRO000095,HighRisk,20,50,20,45,0,12,0,30,0.8,AR000095,SEM000007,AY000004,12.0,4.0,1.33,1.33,2,2,PROMOTED,REG000374,CO000026,MN000011,CANCELLED,False,39.0,23.0,32.0,,,,,,,,,,
ST000095,AIML2023095,Reyansh,Boase,Male,2004-08-12,reyansh.boase95@student.college.edu,9845770371,DEP000001,AY000004,SEM000007,True,PRO000095,HighRisk,20,50,20,45,0,12,0,30,0.8,AR000095,SEM000007,AY000004,12.0,4.0,1.33,1.33,2,2,PROMOTED,REG000375,CO000027,MN000012,REGISTERED,True,37.0,33.0,31.0,MK000351,8.0,24.0,32.0,F,0.0,0.0,4.0,0.0,FAIL
ST000095,AIML2023095,Reyansh,Boase,Male,2004-08-12,reyansh.boase95@student.college.edu,9845770371,DEP000001,AY000004,SEM000007,True,PRO000095,HighRisk,20,50,20,45,0,12,0,30,0.8,AR000095,SEM000007,AY000004,12.0,4.0,1.33,1.33,2,2,PROMOTED,REG000376,CO000028,MN000013,REGISTERED,False,26.0,23.0,19.0,MK000352,5.0,18.0,23.0,F,0.0,0.0,4.0,0.0,FAIL
ST000096,AIML2023096,Megha,Gulati,Female,2004-03-31,megha.gulati96@student.college.edu,7228347713,DEP000001,AY000004,SEM000007,True,PRO000096,Average,65,85,60,80,10,24,30,58,0.1,AR000096,SEM000007,AY000004,16.0,16.0,6.75,6.75,0,0,PASS,REG000377,CO000025,MN000010,REGISTERED,False,82.0,68.0,70.0,MK000353,14.0,57.0,71.0,A,8.0,32.0,4.0,4.0,PASS
ST000096,AIML2023096,Megha,Gulati,Female,2004-03-31,megha.gulati96@student.college.edu,7228347713,DEP000001,AY000004,SEM000007,True,PRO000096,Average,65,85,60,80,10,24,30,58,0.1,AR000096,SEM000007,AY000004,16.0,16.0,6.75,6.75,0,0,PASS,REG000378,CO000026,MN000011,REGISTERED,False,67.0,68.0,76.0,MK000354,23.0,33.0,56.0,B,6.0,24.0,4.0,4.0,PASS
ST000096,AIML2023096,Megha,Gulati,Female,2004-03-31,megha.gulati96@student.college.edu,7228347713,DEP000001,AY000004,SEM000007,True,PRO000096,Average,65,85,60,80,10,24,30,58,0.1,AR000096,SEM000007,AY000004,16.0,16.0,6.75,6.75,0,0,PASS,REG000379,CO000027,MN000012,REGISTERED,True,79.0,75.0,76.0,MK000355,16.0,42.0,58.0,B,6.0,24.0,4.0,4.0,PASS
ST000096,AIML2023096,Megha,Gulati,Female,2004-03-31,megha.gulati96@student.college.edu,7228347713,DEP000001,AY000004,SEM000007,True,PRO000096,Average,65,85,60,80,10,24,30,58,0.1,AR000096,SEM000007,AY000004,16.0,16.0,6.75,6.75,0,0,PASS,REG000380,CO000028,MN000013,REGISTERED,False,67.0,62.0,73.0,MK000356,16.0,53.0,69.0,B+,7.0,28.0,4.0,4.0,PASS
ST000097,AIML2023097,Nakul,Narula,Male,2004-01-25,nakul.narula97@student.college.edu,9499456069,DEP000001,AY000004,SEM000007,True,PRO000097,Good,80,95,75,90,18,28,45,65,0.03,AR000097,SEM000007,AY000004,16.0,16.0,7.75,7.75,0,0,PASS,REG000381,CO000025,MN000010,REGISTERED,False,88.0,85.0,85.0,MK000357,26.0,54.0,80.0,A+,9.0,36.0,4.0,4.0,PASS
ST000097,AIML2023097,Nakul,Narula,Male,2004-01-25,nakul.narula97@student.college.edu,9499456069,DEP000001,AY000004,SEM000007,True,PRO000097,Good,80,95,75,90,18,28,45,65,0.03,AR000097,SEM000007,AY000004,16.0,16.0,7.75,7.75,0,0,PASS,REG000382,CO000026,MN000011,REGISTERED,False,85.0,89.0,78.0,MK000358,20.0,48.0,68.0,B+,7.0,28.0,4.0,4.0,PASS
ST000097,AIML2023097,Nakul,Narula,Male,2004-01-25,nakul.narula97@student.college.edu,9499456069,DEP000001,AY000004,SEM000007,True,PRO000097,Good,80,95,75,90,18,28,45,65,0.03,AR000097,SEM000007,AY000004,16.0,16.0,7.75,7.75,0,0,PASS,REG000383,CO000027,MN000012,REGISTERED,False,89.0,89.0,76.0,MK000359,19.0,53.0,72.0,A,8.0,32.0,4.0,4.0,PASS
ST000097,AIML2023097,Nakul,Narula,Male,2004-01-25,nakul.narula97@student.college.edu,9499456069,DEP000001,AY000004,SEM000007,True,PRO000097,Good,80,95,75,90,18,28,45,65,0.03,AR000097,SEM000007,AY000004,16.0,16.0,7.75,7.75,0,0,PASS,REG000384,CO000028,MN000013,REGISTERED,False,91.0,79.0,89.0,MK000360,18.0,50.0,68.0,B+,7.0,28.0,4.0,4.0,PASS
ST000098,AIML2023098,Meghana,Kamdar,Female,2004-11-19,meghana.kamdar98@student.college.edu,8219764330,DEP000001,AY000004,SEM000007,True,PRO000098,Average,65,85,60,80,10,24,30,58,0.1,AR000098,SEM000007,AY000004,16.0,16.0,6.0,6.0,0,0,PASS,REG000385,CO000025,MN000010,REGISTERED,False,74.0,70.0,63.0,MK000361,12.0,30.0,42.0,P,4.0,16.0,4.0,4.0,PASS
ST000098,AIML2023098,Meghana,Kamdar,Female,2004-11-19,meghana.kamdar98@student.college.edu,8219764330,DEP000001,AY000004,SEM000007,True,PRO000098,Average,65,85,60,80,10,24,30,58,0.1,AR000098,SEM000007,AY000004,16.0,16.0,6.0,6.0,0,0,PASS,REG000386,CO000026,MN000011,REGISTERED,False,80.0,78.0,68.0,MK000362,22.0,57.0,79.0,A,8.0,32.0,4.0,4.0,PASS
ST000098,AIML2023098,Meghana,Kamdar,Female,2004-11-19,meghana.kamdar98@student.college.edu,8219764330,DEP000001,AY000004,SEM000007,True,PRO000098,Average,65,85,60,80,10,24,30,58,0.1,AR000098,SEM000007,AY000004,16.0,16.0,6.0,6.0,0,0,PASS,REG000387,CO000027,MN000012,REGISTERED,False,69.0,67.0,64.0,MK000363,15.0,30.0,45.0,C,5.0,20.0,4.0,4.0,PASS
ST000098,AIML2023098,Meghana,Kamdar,Female,2004-11-19,meghana.kamdar98@student.college.edu,8219764330,DEP000001,AY000004,SEM000007,True,PRO000098,Average,65,85,60,80,10,24,30,58,0.1,AR000098,SEM000007,AY000004,16.0,16.0,6.0,6.0,0,0,PASS,REG000388,CO000028,MN000013,REGISTERED,False,78.0,61.0,72.0,MK000364,18.0,43.0,61.0,B+,7.0,28.0,4.0,4.0,PASS
ST000099,AIML2023099,Turvi,Cheema,Female,2005-11-28,turvi.cheema99@student.college.edu,9947744472,DEP000001,AY000004,SEM000007,True,PRO000099,HighRisk,20,50,20,45,0,12,0,30,0.8,AR000099,SEM000007,AY000004,12.0,0.0,0.0,0.0,3,3,FAIL,REG000389,CO000025,MN000010,CANCELLED,False,41.0,42.0,28.0,,,,,,,,,,
ST000099,AIML2023099,Turvi,Cheema,Female,2005-11-28,turvi.cheema99@student.college.edu,9947744472,DEP000001,AY000004,SEM000007,True,PRO000099,HighRisk,20,50,20,45,0,12,0,30,0.8,AR000099,SEM000007,AY000004,12.0,0.0,0.0,0.0,3,3,FAIL,REG000390,CO000026,MN000011,REGISTERED,False,38.0,37.0,23.0,MK000365,8.0,6.0,14.0,F,0.0,0.0,4.0,0.0,FAIL
ST000099,AIML2023099,Turvi,Cheema,Female,2005-11-28,turvi.cheema99@student.college.edu,9947744472,DEP000001,AY000004,SEM000007,True,PRO000099,HighRisk,20,50,20,45,0,12,0,30,0.8,AR000099,SEM000007,AY000004,12.0,0.0,0.0,0.0,3,3,FAIL,REG000391,CO000027,MN000012,REGISTERED,True,29.0,26.0,30.0,MK000366,1.0,21.0,22.0,F,0.0,0.0,4.0,0.0,FAIL
ST000099,AIML2023099,Turvi,Cheema,Female,2005-11-28,turvi.cheema99@student.college.edu,9947744472,DEP000001,AY000004,SEM000007,True,PRO000099,HighRisk,20,50,20,45,0,12,0,30,0.8,AR000099,SEM000007,AY000004,12.0,0.0,0.0,0.0,3,3,FAIL,REG000392,CO000028,MN000013,REGISTERED,True,25.0,25.0,23.0,MK000367,0.0,4.0,4.0,F,0.0,0.0,4.0,0.0,FAIL
ST000100,AIML2023100,Vinaya,Bhatnagar,Female,2004-01-20,vinaya.bhatnagar100@student.college.edu,7732928649,DEP000001,AY000004,SEM000007,True,PRO000100,Improving,55,75,50,70,8,20,25,50,0.2,AR000100,SEM000007,AY000004,12.0,12.0,5.67,5.67,0,0,PASS,REG000393,CO000025,MN000010,REGISTERED,False,68.0,62.0,65.0,MK000368,12.0,40.0,52.0,B,6.0,24.0,4.0,4.0,PASS
ST000100,AIML2023100,Vinaya,Bhatnagar,Female,2004-01-20,vinaya.bhatnagar100@student.college.edu,7732928649,DEP000001,AY000004,SEM000007,True,PRO000100,Improving,55,75,50,70,8,20,25,50,0.2,AR000100,SEM000007,AY000004,12.0,12.0,5.67,5.67,0,0,PASS,REG000394,CO000026,MN000011,REGISTERED,False,69.0,54.0,58.0,MK000369,11.0,33.0,44.0,P,4.0,16.0,4.0,4.0,PASS
ST000100,AIML2023100,Vinaya,Bhatnagar,Female,2004-01-20,vinaya.bhatnagar100@student.college.edu,7732928649,DEP000001,AY000004,SEM000007,True,PRO000100,Improving,55,75,50,70,8,20,25,50,0.2,AR000100,SEM000007,AY000004,12.0,12.0,5.67,5.67,0,0,PASS,REG000395,CO000027,MN000012,REGISTERED,False,72.0,60.0,62.0,MK000370,16.0,49.0,65.0,B+,7.0,28.0,4.0,4.0,PASS
ST000100,AIML2023100,Vinaya,Bhatnagar,Female,2004-01-20,vinaya.bhatnagar100@student.college.edu,7732928649,DEP000001,AY000004,SEM000007,True,PRO000100,Improving,55,75,50,70,8,20,25,50,0.2,AR000100,SEM000007,AY000004,12.0,12.0,5.67,5.67,0,0,PASS,REG000396,CO000028,MN000013,CANCELLED,False,64.0,53.0,50.0,,,,,,,,,,
ST000101,AIML2023101,Agastya,Bawa,Male,2003-11-25,agastya.bawa101@student.college.edu,7195114757,DEP000001,AY000004,SEM000007,True,PRO000101,Average,65,85,60,80,10,24,30,58,0.1,AR000101,SEM000007,AY000004,16.0,16.0,6.5,6.5,0,0,PASS,REG000397,CO000025,MN000010,REGISTERED,False,66.0,66.0,54.0,MK000371,14.0,34.0,48.0,C,5.0,20.0,4.0,4.0,PASS
ST000101,AIML2023101,Agastya,Bawa,Male,2003-11-25,agastya.bawa101@student.college.edu,7195114757,DEP000001,AY000004,SEM000007,True,PRO000101,Average,65,85,60,80,10,24,30,58,0.1,AR000101,SEM000007,AY000004,16.0,16.0,6.5,6.5,0,0,PASS,REG000398,CO000026,MN000011,REGISTERED,False,70.0,71.0,65.0,MK000372,24.0,46.0,70.0,A,8.0,32.0,4.0,4.0,PASS
ST000101,AIML2023101,Agastya,Bawa,Male,2003-11-25,agastya.bawa101@student.college.edu,7195114757,DEP000001,AY000004,SEM000007,True,PRO000101,Average,65,85,60,80,10,24,30,58,0.1,AR000101,SEM000007,AY000004,16.0,16.0,6.5,6.5,0,0,PASS,REG000399,CO000027,MN000012,REGISTERED,False,72.0,63.0,77.0,MK000373,19.0,37.0,56.0,B,6.0,24.0,4.0,4.0,PASS
ST000101,AIML2023101,Agastya,Bawa,Male,2003-11-25,agastya.bawa101@student.college.edu,7195114757,DEP000001,AY000004,SEM000007,True,PRO000101,Average,65,85,60,80,10,24,30,58,0.1,AR000101,SEM000007,AY000004,16.0,16.0,6.5,6.5,0,0,PASS,REG000400,CO000028,MN000013,REGISTERED,False,73.0,73.0,76.0,MK000374,18.0,49.0,67.0,B+,7.0,28.0,4.0,4.0,PASS
ST000102,AIML2023102,Ryan,Bhavsar,Male,2005-11-15,ryan.bhavsar102@student.college.edu,6172136816,DEP000001,AY000004,SEM000007,True,PRO000102,Average,65,85,60,80,10,24,30,58,0.1,AR000102,SEM000007,AY000004,16.0,16.0,6.75,6.75,0,0,PASS,REG000401,CO000025,MN000010,REGISTERED,False,84.0,79.0,74.0,MK000375,19.0,56.0,75.0,A,8.0,32.0,4.0,4.0,PASS
ST000102,AIML2023102,Ryan,Bhavsar,Male,2005-11-15,ryan.bhavsar102@student.college.edu,6172136816,DEP000001,AY000004,SEM000007,True,PRO000102,Average,65,85,60,80,10,24,30,58,0.1,AR000102,SEM000007,AY000004,16.0,16.0,6.75,6.75,0,0,PASS,REG000402,CO000026,MN000011,REGISTERED,False,65.0,61.0,60.0,MK000376,23.0,58.0,81.0,A+,9.0,36.0,4.0,4.0,PASS
ST000102,AIML2023102,Ryan,Bhavsar,Male,2005-11-15,ryan.bhavsar102@student.college.edu,6172136816,DEP000001,AY000004,SEM000007,True,PRO000102,Average,65,85,60,80,10,24,30,58,0.1,AR000102,SEM000007,AY000004,16.0,16.0,6.75,6.75,0,0,PASS,REG000403,CO000027,MN000012,REGISTERED,False,70.0,61.0,55.0,MK000377,13.0,32.0,45.0,C,5.0,20.0,4.0,4.0,PASS
ST000102,AIML2023102,Ryan,Bhavsar,Male,2005-11-15,ryan.bhavsar102@student.college.edu,6172136816,DEP000001,AY000004,SEM000007,True,PRO000102,Average,65,85,60,80,10,24,30,58,0.1,AR000102,SEM000007,AY000004,16.0,16.0,6.75,6.75,0,0,PASS,REG000404,CO000028,MN000013,REGISTERED,False,67.0,66.0,60.0,MK000378,12.0,36.0,48.0,C,5.0,20.0,4.0,4.0,PASS
ST000103,AIML2023103,Teerth,Gola,Male,2006-07-03,teerth.gola103@student.college.edu,6160647238,DEP000001,AY000004,SEM000007,True,PRO000103,Excellent,90,100,90,100,24,30,55,70,0.01,AR000103,SEM000007,AY000004,16.0,16.0,9.0,9.0,0,0,PASS,REG000405,CO000025,MN000010,REGISTERED,False,95.0,95.0,85.0,MK000379,24.0,63.0,87.0,A+,9.0,36.0,4.0,4.0,PASS
ST000103,AIML2023103,Teerth,Gola,Male,2006-07-03,teerth.gola103@student.college.edu,6160647238,DEP000001,AY000004,SEM000007,True,PRO000103,Excellent,90,100,90,100,24,30,55,70,0.01,AR000103,SEM000007,AY000004,16.0,16.0,9.0,9.0,0,0,PASS,REG000406,CO000026,MN000011,REGISTERED,False,96.0,93.0,87.0,MK000380,25.0,59.0,84.0,A+,9.0,36.0,4.0,4.0,PASS
ST000103,AIML2023103,Teerth,Gola,Male,2006-07-03,teerth.gola103@student.college.edu,6160647238,DEP000001,AY000004,SEM000007,True,PRO000103,Excellent,90,100,90,100,24,30,55,70,0.01,AR000103,SEM000007,AY000004,16.0,16.0,9.0,9.0,0,0,PASS,REG000407,CO000027,MN000012,REGISTERED,False,90.0,92.0,93.0,MK000381,26.0,61.0,87.0,A+,9.0,36.0,4.0,4.0,PASS
ST000103,AIML2023103,Teerth,Gola,Male,2006-07-03,teerth.gola103@student.college.edu,6160647238,DEP000001,AY000004,SEM000007,True,PRO000103,Excellent,90,100,90,100,24,30,55,70,0.01,AR000103,SEM000007,AY000004,16.0,16.0,9.0,9.0,0,0,PASS,REG000408,CO000028,MN000013,REGISTERED,False,94.0,95.0,86.0,MK000382,28.0,60.0,88.0,A+,9.0,36.0,4.0,4.0,PASS
ST000104,AIML2023104,Naksh,Ranganathan,Male,2005-07-22,naksh.ranganathan104@student.college.edu,8682413168,DEP000001,AY000004,SEM000007,False,PRO000104,Excellent,90,100,90,100,24,30,55,70,0.01,AR000104,SEM000007,AY000004,0.0,0.0,0.0,0.0,0,0,NOT_REGISTERED,,,,,,,,,,,,,,,,,,
ST000105,AIML2023105,Wridesh,Krishnamurthy,Male,2004-08-03,wridesh.krishnamurthy105@student.college.edu,7606985561,DEP000001,AY000004,SEM000007,True,PRO000105,Average,65,85,60,80,10,24,30,58,0.1,AR000105,SEM000007,AY000004,16.0,16.0,6.75,6.75,0,0,PASS,REG000409,CO000025,MN000010,REGISTERED,False,67.0,64.0,67.0,MK000383,10.0,55.0,65.0,B+,7.0,28.0,4.0,4.0,PASS
ST000105,AIML2023105,Wridesh,Krishnamurthy,Male,2004-08-03,wridesh.krishnamurthy105@student.college.edu,7606985561,DEP000001,AY000004,SEM000007,True,PRO000105,Average,65,85,60,80,10,24,30,58,0.1,AR000105,SEM000007,AY000004,16.0,16.0,6.75,6.75,0,0,PASS,REG000410,CO000026,MN000011,REGISTERED,False,77.0,73.0,63.0,MK000384,20.0,56.0,76.0,A,8.0,32.0,4.0,4.0,PASS
ST000105,AIML2023105,Wridesh,Krishnamurthy,Male,2004-08-03,wridesh.krishnamurthy105@student.college.edu,7606985561,DEP000001,AY000004,SEM000007,True,PRO000105,Average,65,85,60,80,10,24,30,58,0.1,AR000105,SEM000007,AY000004,16.0,16.0,6.75,6.75,0,0,PASS,REG000411,CO000027,MN000012,REGISTERED,False,68.0,71.0,73.0,MK000385,19.0,41.0,60.0,B+,7.0,28.0,4.0,4.0,PASS
ST000105,AIML2023105,Wridesh,Krishnamurthy,Male,2004-08-03,wridesh.krishnamurthy105@student.college.edu,7606985561,DEP000001,AY000004,SEM000007,True,PRO000105,Average,65,85,60,80,10,24,30,58,0.1,AR000105,SEM000007,AY000004,16.0,16.0,6.75,6.75,0,0,PASS,REG000412,CO000028,MN000013,REGISTERED,False,74.0,69.0,64.0,MK000386,13.0,36.0,49.0,C,5.0,20.0,4.0,4.0,PASS
ST000106,AIML2023106,Dayamai,Lall,Female,2005-10-19,dayamai.lall106@student.college.edu,8093793100,DEP000001,AY000004,SEM000007,True,PRO000106,Average,65,85,60,80,10,24,30,58,0.1,AR000106,SEM000007,AY000004,16.0,16.0,6.5,6.5,0,0,PASS,REG000413,CO000025,MN000010,REGISTERED,False,82.0,79.0,79.0,MK000387,22.0,54.0,76.0,A,8.0,32.0,4.0,4.0,PASS
ST000106,AIML2023106,Dayamai,Lall,Female,2005-10-19,dayamai.lall106@student.college.edu,8093793100,DEP000001,AY000004,SEM000007,True,PRO000106,Average,65,85,60,80,10,24,30,58,0.1,AR000106,SEM000007,AY000004,16.0,16.0,6.5,6.5,0,0,PASS,REG000414,CO000026,MN000011,REGISTERED,False,67.0,66.0,60.0,MK000388,12.0,57.0,69.0,B+,7.0,28.0,4.0,4.0,PASS
ST000106,AIML2023106,Dayamai,Lall,Female,2005-10-19,dayamai.lall106@student.college.edu,8093793100,DEP000001,AY000004,SEM000007,True,PRO000106,Average,65,85,60,80,10,24,30,58,0.1,AR000106,SEM000007,AY000004,16.0,16.0,6.5,6.5,0,0,PASS,REG000415,CO000027,MN000012,REGISTERED,False,65.0,68.0,67.0,MK000389,16.0,31.0,47.0,C,5.0,20.0,4.0,4.0,PASS
ST000106,AIML2023106,Dayamai,Lall,Female,2005-10-19,dayamai.lall106@student.college.edu,8093793100,DEP000001,AY000004,SEM000007,True,PRO000106,Average,65,85,60,80,10,24,30,58,0.1,AR000106,SEM000007,AY000004,16.0,16.0,6.5,6.5,0,0,PASS,REG000416,CO000028,MN000013,REGISTERED,True,66.0,68.0,71.0,MK000390,18.0,38.0,56.0,B,6.0,24.0,4.0,4.0,PASS
ST000107,AIML2023107,Upasna,Toor,Female,2005-10-29,upasna.toor107@student.college.edu,7304476695,DEP000001,AY000004,SEM000007,True,PRO000107,Average,65,85,60,80,10,24,30,58,0.1,AR000107,SEM000007,AY000004,16.0,16.0,6.75,6.75,0,0,PASS,REG000417,CO000025,MN000010,REGISTERED,False,85.0,77.0,80.0,MK000391,23.0,57.0,80.0,A+,9.0,36.0,4.0,4.0,PASS
ST000107,AIML2023107,Upasna,Toor,Female,2005-10-29,upasna.toor107@student.college.edu,7304476695,DEP000001,AY000004,SEM000007,True,PRO000107,Average,65,85,60,80,10,24,30,58,0.1,AR000107,SEM000007,AY000004,16.0,16.0,6.75,6.75,0,0,PASS,REG000418,CO000026,MN000011,REGISTERED,False,65.0,68.0,65.0,MK000392,16.0,39.0,55.0,B,6.0,24.0,4.0,4.0,PASS
ST000107,AIML2023107,Upasna,Toor,Female,2005-10-29,upasna.toor107@student.college.edu,7304476695,DEP000001,AY000004,SEM000007,True,PRO000107,Average,65,85,60,80,10,24,30,58,0.1,AR000107,SEM000007,AY000004,16.0,16.0,6.75,6.75,0,0,PASS,REG000419,CO000027,MN000012,REGISTERED,False,72.0,76.0,58.0,MK000393,15.0,36.0,51.0,B,6.0,24.0,4.0,4.0,PASS
ST000107,AIML2023107,Upasna,Toor,Female,2005-10-29,upasna.toor107@student.college.edu,7304476695,DEP000001,AY000004,SEM000007,True,PRO000107,Average,65,85,60,80,10,24,30,58,0.1,AR000107,SEM000007,AY000004,16.0,16.0,6.75,6.75,0,0,PASS,REG000420,CO000028,MN000013,REGISTERED,False,76.0,67.0,66.0,MK000394,12.0,40.0,52.0,B,6.0,24.0,4.0,4.0,PASS
ST000108,AIML2023108,Harsh,Lal,Male,2006-07-18,harsh.lal108@student.college.edu,7626027884,DEP000001,AY000004,SEM000007,True,PRO000108,HighRisk,20,50,20,45,0,12,0,30,0.8,AR000108,SEM000007,AY000004,8.0,0.0,0.0,0.0,2,2,PROMOTED,REG000421,CO000025,MN000010,REGISTERED,False,42.0,28.0,33.0,MK000395,7.0,2.0,9.0,F,0.0,0.0,4.0,0.0,FAIL
ST000108,AIML2023108,Harsh,Lal,Male,2006-07-18,harsh.lal108@student.college.edu,7626027884,DEP000001,AY000004,SEM000007,True,PRO000108,HighRisk,20,50,20,45,0,12,0,30,0.8,AR000108,SEM000007,AY000004,8.0,0.0,0.0,0.0,2,2,PROMOTED,REG000422,CO000026,MN000011,REGISTERED,False,38.0,33.0,33.0,MK000396,7.0,12.0,19.0,F,0.0,0.0,4.0,0.0,FAIL
ST000108,AIML2023108,Harsh,Lal,Male,2006-07-18,harsh.lal108@student.college.edu,7626027884,DEP000001,AY000004,SEM000007,True,PRO000108,HighRisk,20,50,20,45,0,12,0,30,0.8,AR000108,SEM000007,AY000004,8.0,0.0,0.0,0.0,2,2,PROMOTED,REG000423,CO000027,MN000012,CANCELLED,False,47.0,32.0,32.0,,,,,,,,,,
ST000108,AIML2023108,Harsh,Lal,Male,2006-07-18,harsh.lal108@student.college.edu,7626027884,DEP000001,AY000004,SEM000007,True,PRO000108,HighRisk,20,50,20,45,0,12,0,30,0.8,AR000108,SEM000007,AY000004,8.0,0.0,0.0,0.0,2,2,PROMOTED,REG000424,CO000028,MN000013,CANCELLED,False,40.0,33.0,29.0,,,,,,,,,,
ST000109,AIML2023109,Ijaya,Din,Female,2004-03-16,ijaya.din109@student.college.edu,8663015288,DEP000001,AY000004,SEM000007,True,PRO000109,HighRisk,20,50,20,45,0,12,0,30,0.8,AR000109,SEM000007,AY000004,16.0,0.0,0.0,0.0,4,4,FAIL,REG000425,CO000025,MN000010,REGISTERED,False,46.0,44.0,34.0,MK000397,6.0,15.0,21.0,F,0.0,0.0,4.0,0.0,FAIL
ST000109,AIML2023109,Ijaya,Din,Female,2004-03-16,ijaya.din109@student.college.edu,8663015288,DEP000001,AY000004,SEM000007,True,PRO000109,HighRisk,20,50,20,45,0,12,0,30,0.8,AR000109,SEM000007,AY000004,16.0,0.0,0.0,0.0,4,4,FAIL,REG000426,CO000026,MN000011,REGISTERED,False,24.0,21.0,22.0,MK000398,8.0,28.0,36.0,F,0.0,0.0,4.0,0.0,FAIL
ST000109,AIML2023109,Ijaya,Din,Female,2004-03-16,ijaya.din109@student.college.edu,8663015288,DEP000001,AY000004,SEM000007,True,PRO000109,HighRisk,20,50,20,45,0,12,0,30,0.8,AR000109,SEM000007,AY000004,16.0,0.0,0.0,0.0,4,4,FAIL,REG000427,CO000027,MN000012,REGISTERED,False,30.0,25.0,34.0,MK000399,7.0,26.0,33.0,F,0.0,0.0,4.0,0.0,FAIL
ST000109,AIML2023109,Ijaya,Din,Female,2004-03-16,ijaya.din109@student.college.edu,8663015288,DEP000001,AY000004,SEM000007,True,PRO000109,HighRisk,20,50,20,45,0,12,0,30,0.8,AR000109,SEM000007,AY000004,16.0,0.0,0.0,0.0,4,4,FAIL,REG000428,CO000028,MN000013,REGISTERED,True,43.0,39.0,34.0,MK000400,1.0,3.0,4.0,F,0.0,0.0,4.0,0.0,FAIL
ST000110,AIML2023110,Leela,Shenoy,Female,2006-01-07,leela.shenoy110@student.college.edu,8584634524,DEP000001,AY000004,SEM000007,True,PRO000110,Good,80,95,75,90,18,28,45,65,0.03,AR000110,SEM000007,AY000004,16.0,16.0,8.5,8.5,0,0,PASS,REG000429,CO000025,MN000010,REGISTERED,False,92.0,80.0,77.0,MK000401,23.0,64.0,87.0,A+,9.0,36.0,4.0,4.0,PASS
ST000110,AIML2023110,Leela,Shenoy,Female,2006-01-07,leela.shenoy110@student.college.edu,8584634524,DEP000001,AY000004,SEM000007,True,PRO000110,Good,80,95,75,90,18,28,45,65,0.03,AR000110,SEM000007,AY000004,16.0,16.0,8.5,8.5,0,0,PASS,REG000430,CO000026,MN000011,REGISTERED,False,85.0,87.0,74.0,MK000402,28.0,47.0,75.0,A,8.0,32.0,4.0,4.0,PASS
ST000110,AIML2023110,Leela,Shenoy,Female,2006-01-07,leela.shenoy110@student.college.edu,8584634524,DEP000001,AY000004,SEM000007,True,PRO000110,Good,80,95,75,90,18,28,45,65,0.03,AR000110,SEM000007,AY000004,16.0,16.0,8.5,8.5,0,0,PASS,REG000431,CO000027,MN000012,REGISTERED,False,92.0,79.0,79.0,MK000403,23.0,65.0,88.0,A+,9.0,36.0,4.0,4.0,PASS
ST000110,AIML2023110,Leela,Shenoy,Female,2006-01-07,leela.shenoy110@student.college.edu,8584634524,DEP000001,AY000004,SEM000007,True,PRO000110,Good,80,95,75,90,18,28,45,65,0.03,AR000110,SEM000007,AY000004,16.0,16.0,8.5,8.5,0,0,PASS,REG000432,CO000028,MN000013,REGISTERED,False,92.0,87.0,90.0,MK000404,23.0,51.0,74.0,A,8.0,32.0,4.0,4.0,PASS
ST000111,AIML2023111,Atharv,Wason,Male,2005-01-18,atharv.wason111@student.college.edu,8370420876,DEP000001,AY000004,SEM000007,True,PRO000111,Average,65,85,60,80,10,24,30,58,0.1,AR000111,SEM000007,AY000004,16.0,16.0,6.0,6.0,0,0,PASS,REG000433,CO000025,MN000010,REGISTERED,False,78.0,71.0,70.0,MK000405,24.0,39.0,63.0,B+,7.0,28.0,4.0,4.0,PASS
ST000111,AIML2023111,Atharv,Wason,Male,2005-01-18,atharv.wason111@student.college.edu,8370420876,DEP000001,AY000004,SEM000007,True,PRO000111,Average,65,85,60,80,10,24,30,58,0.1,AR000111,SEM000007,AY000004,16.0,16.0,6.0,6.0,0,0,PASS,REG000434,CO000026,MN000011,REGISTERED,False,68.0,66.0,68.0,MK000406,13.0,34.0,47.0,C,5.0,20.0,4.0,4.0,PASS
ST000111,AIML2023111,Atharv,Wason,Male,2005-01-18,atharv.wason111@student.college.edu,8370420876,DEP000001,AY000004,SEM000007,True,PRO000111,Average,65,85,60,80,10,24,30,58,0.1,AR000111,SEM000007,AY000004,16.0,16.0,6.0,6.0,0,0,PASS,REG000435,CO000027,MN000012,REGISTERED,False,80.0,72.0,73.0,MK000407,13.0,44.0,57.0,B,6.0,24.0,4.0,4.0,PASS
ST000111,AIML2023111,Atharv,Wason,Male,2005-01-18,atharv.wason111@student.college.edu,8370420876,DEP000001,AY000004,SEM000007,True,PRO000111,Average,65,85,60,80,10,24,30,58,0.1,AR000111,SEM000007,AY000004,16.0,16.0,6.0,6.0,0,0,PASS,REG000436,CO000028,MN000013,REGISTERED,False,85.0,65.0,79.0,MK000408,14.0,43.0,57.0,B,6.0,24.0,4.0,4.0,PASS
ST000112,AIML2023112,Rohan,Doctor,Male,2004-05-13,rohan.doctor112@student.college.edu,7876859481,DEP000001,AY000004,SEM000007,True,PRO000112,Improving,55,75,50,70,8,20,25,50,0.2,AR000112,SEM000007,AY000004,16.0,12.0,3.5,3.5,1,1,PROMOTED,REG000437,CO000025,MN000010,REGISTERED,False,72.0,57.0,57.0,MK000409,17.0,32.0,49.0,C,5.0,20.0,4.0,4.0,PASS
ST000112,AIML2023112,Rohan,Doctor,Male,2004-05-13,rohan.doctor112@student.college.edu,7876859481,DEP000001,AY000004,SEM000007,True,PRO000112,Improving,55,75,50,70,8,20,25,50,0.2,AR000112,SEM000007,AY000004,16.0,12.0,3.5,3.5,1,1,PROMOTED,REG000438,CO000026,MN000011,REGISTERED,False,60.0,64.0,48.0,MK000410,9.0,29.0,38.0,F,0.0,0.0,4.0,0.0,FAIL
ST000112,AIML2023112,Rohan,Doctor,Male,2004-05-13,rohan.doctor112@student.college.edu,7876859481,DEP000001,AY000004,SEM000007,True,PRO000112,Improving,55,75,50,70,8,20,25,50,0.2,AR000112,SEM000007,AY000004,16.0,12.0,3.5,3.5,1,1,PROMOTED,REG000439,CO000027,MN000012,REGISTERED,False,55.0,57.0,55.0,MK000411,19.0,27.0,46.0,C,5.0,20.0,4.0,4.0,PASS
ST000112,AIML2023112,Rohan,Doctor,Male,2004-05-13,rohan.doctor112@student.college.edu,7876859481,DEP000001,AY000004,SEM000007,True,PRO000112,Improving,55,75,50,70,8,20,25,50,0.2,AR000112,SEM000007,AY000004,16.0,12.0,3.5,3.5,1,1,PROMOTED,REG000440,CO000028,MN000013,REGISTERED,False,67.0,57.0,53.0,MK000412,8.0,35.0,43.0,P,4.0,16.0,4.0,4.0,PASS
ST000113,AIML2023113,Aradhana,Sehgal,Female,2004-02-29,aradhana.sehgal113@student.college.edu,8948507228,DEP000001,AY000004,SEM000007,True,PRO000113,Good,80,95,75,90,18,28,45,65,0.03,AR000113,SEM000007,AY000004,16.0,16.0,8.0,8.0,0,0,PASS,REG000441,CO000025,MN000010,REGISTERED,False,84.0,75.0,80.0,MK000413,20.0,47.0,67.0,B+,7.0,28.0,4.0,4.0,PASS
ST000113,AIML2023113,Aradhana,Sehgal,Female,2004-02-29,aradhana.sehgal113@student.college.edu,8948507228,DEP000001,AY000004,SEM000007,True,PRO000113,Good,80,95,75,90,18,28,45,65,0.03,AR000113,SEM000007,AY000004,16.0,16.0,8.0,8.0,0,0,PASS,REG000442,CO000026,MN000011,REGISTERED,False,85.0,80.0,81.0,MK000414,20.0,46.0,66.0,B+,7.0,28.0,4.0,4.0,PASS
ST000113,AIML2023113,Aradhana,Sehgal,Female,2004-02-29,aradhana.sehgal113@student.college.edu,8948507228,DEP000001,AY000004,SEM000007,True,PRO000113,Good,80,95,75,90,18,28,45,65,0.03,AR000113,SEM000007,AY000004,16.0,16.0,8.0,8.0,0,0,PASS,REG000443,CO000027,MN000012,REGISTERED,False,92.0,80.0,85.0,MK000415,28.0,55.0,83.0,A+,9.0,36.0,4.0,4.0,PASS
ST000113,AIML2023113,Aradhana,Sehgal,Female,2004-02-29,aradhana.sehgal113@student.college.edu,8948507228,DEP000001,AY000004,SEM000007,True,PRO000113,Good,80,95,75,90,18,28,45,65,0.03,AR000113,SEM000007,AY000004,16.0,16.0,8.0,8.0,0,0,PASS,REG000444,CO000028,MN000013,REGISTERED,False,80.0,80.0,72.0,MK000416,23.0,62.0,85.0,A+,9.0,36.0,4.0,4.0,PASS
ST000114,AIML2023114,Neha,Taneja,Female,2004-05-10,neha.taneja114@student.college.edu,9260378942,DEP000001,AY000004,SEM000007,True,PRO000114,Excellent,90,100,90,100,24,30,55,70,0.01,AR000114,SEM000007,AY000004,16.0,16.0,9.5,9.5,0,0,PASS,REG000445,CO000025,MN000010,REGISTERED,False,98.0,92.0,92.0,MK000417,25.0,67.0,92.0,O,10.0,40.0,4.0,4.0,PASS
ST000114,AIML2023114,Neha,Taneja,Female,2004-05-10,neha.taneja114@student.college.edu,9260378942,DEP000001,AY000004,SEM000007,True,PRO000114,Excellent,90,100,90,100,24,30,55,70,0.01,AR000114,SEM000007,AY000004,16.0,16.0,9.5,9.5,0,0,PASS,REG000446,CO000026,MN000011,REGISTERED,False,95.0,90.0,98.0,MK000418,29.0,58.0,87.0,A+,9.0,36.0,4.0,4.0,PASS
ST000114,AIML2023114,Neha,Taneja,Female,2004-05-10,neha.taneja114@student.college.edu,9260378942,DEP000001,AY000004,SEM000007,True,PRO000114,Excellent,90,100,90,100,24,30,55,70,0.01,AR000114,SEM000007,AY000004,16.0,16.0,9.5,9.5,0,0,PASS,REG000447,CO000027,MN000012,REGISTERED,False,92.0,95.0,100.0,MK000419,24.0,67.0,91.0,O,10.0,40.0,4.0,4.0,PASS
ST000114,AIML2023114,Neha,Taneja,Female,2004-05-10,neha.taneja114@student.college.edu,9260378942,DEP000001,AY000004,SEM000007,True,PRO000114,Excellent,90,100,90,100,24,30,55,70,0.01,AR000114,SEM000007,AY000004,16.0,16.0,9.5,9.5,0,0,PASS,REG000448,CO000028,MN000013,REGISTERED,False,96.0,95.0,95.0,MK000420,27.0,56.0,83.0,A+,9.0,36.0,4.0,4.0,PASS
ST000115,AIML2023115,Imaran,Varkey,Male,2005-09-15,imaran.varkey115@student.college.edu,8426776533,DEP000001,AY000004,SEM000007,True,PRO000115,Good,80,95,75,90,18,28,45,65,0.03,AR000115,SEM000007,AY000004,16.0,16.0,8.5,8.5,0,0,PASS,REG000449,CO000025,MN000010,REGISTERED,False,87.0,82.0,81.0,MK000421,20.0,55.0,75.0,A,8.0,32.0,4.0,4.0,PASS
ST000115,AIML2023115,Imaran,Varkey,Male,2005-09-15,imaran.varkey115@student.college.edu,8426776533,DEP000001,AY000004,SEM000007,True,PRO000115,Good,80,95,75,90,18,28,45,65,0.03,AR000115,SEM000007,AY000004,16.0,16.0,8.5,8.5,0,0,PASS,REG000450,CO000026,MN000011,REGISTERED,False,84.0,75.0,71.0,MK000422,18.0,53.0,71.0,A,8.0,32.0,4.0,4.0,PASS
ST000115,AIML2023115,Imaran,Varkey,Male,2005-09-15,imaran.varkey115@student.college.edu,8426776533,DEP000001,AY000004,SEM000007,True,PRO000115,Good,80,95,75,90,18,28,45,65,0.03,AR000115,SEM000007,AY000004,16.0,16.0,8.5,8.5,0,0,PASS,REG000451,CO000027,MN000012,REGISTERED,False,81.0,77.0,78.0,MK000423,28.0,59.0,87.0,A+,9.0,36.0,4.0,4.0,PASS
ST000115,AIML2023115,Imaran,Varkey,Male,2005-09-15,imaran.varkey115@student.college.edu,8426776533,DEP000001,AY000004,SEM000007,True,PRO000115,Good,80,95,75,90,18,28,45,65,0.03,AR000115,SEM000007,AY000004,16.0,16.0,8.5,8.5,0,0,PASS,REG000452,CO000028,MN000013,REGISTERED,False,89.0,81.0,78.0,MK000424,26.0,55.0,81.0,A+,9.0,36.0,4.0,4.0,PASS
ST000116,AIML2023116,Samaksh,Som,Male,2006-01-05,samaksh.som116@student.college.edu,6348645056,DEP000001,AY000004,SEM000007,True,PRO000116,Declining,40,65,35,60,4,16,15,40,0.45,AR000116,SEM000007,AY000004,16.0,8.0,2.75,2.75,2,2,PROMOTED,REG000453,CO000025,MN000010,REGISTERED,False,47.0,37.0,50.0,MK000425,6.0,24.0,30.0,F,0.0,0.0,4.0,0.0,FAIL
ST000116,AIML2023116,Samaksh,Som,Male,2006-01-05,samaksh.som116@student.college.edu,6348645056,DEP000001,AY000004,SEM000007,True,PRO000116,Declining,40,65,35,60,4,16,15,40,0.45,AR000116,SEM000007,AY000004,16.0,8.0,2.75,2.75,2,2,PROMOTED,REG000454,CO000026,MN000011,REGISTERED,True,59.0,44.0,47.0,MK000426,9.0,27.0,36.0,F,0.0,0.0,4.0,0.0,FAIL
ST000116,AIML2023116,Samaksh,Som,Male,2006-01-05,samaksh.som116@student.college.edu,6348645056,DEP000001,AY000004,SEM000007,True,PRO000116,Declining,40,65,35,60,4,16,15,40,0.45,AR000116,SEM000007,AY000004,16.0,8.0,2.75,2.75,2,2,PROMOTED,REG000455,CO000027,MN000012,REGISTERED,False,40.0,41.0,42.0,MK000427,14.0,35.0,49.0,C,5.0,20.0,4.0,4.0,PASS
ST000116,AIML2023116,Samaksh,Som,Male,2006-01-05,samaksh.som116@student.college.edu,6348645056,DEP000001,AY000004,SEM000007,True,PRO000116,Declining,40,65,35,60,4,16,15,40,0.45,AR000116,SEM000007,AY000004,16.0,8.0,2.75,2.75,2,2,PROMOTED,REG000456,CO000028,MN000013,REGISTERED,False,43.0,37.0,47.0,MK000428,12.0,39.0,51.0,B,6.0,24.0,4.0,4.0,PASS
ST000117,AIML2023117,Lila,Kar,Female,2004-04-17,lila.kar117@student.college.edu,9502063233,DEP000001,AY000004,SEM000007,True,PRO000117,Average,65,85,60,80,10,24,30,58,0.1,AR000117,SEM000007,AY000004,16.0,16.0,7.5,7.5,0,0,PASS,REG000457,CO000025,MN000010,REGISTERED,False,83.0,71.0,75.0,MK000429,18.0,51.0,69.0,B+,7.0,28.0,4.0,4.0,PASS
ST000117,AIML2023117,Lila,Kar,Female,2004-04-17,lila.kar117@student.college.edu,9502063233,DEP000001,AY000004,SEM000007,True,PRO000117,Average,65,85,60,80,10,24,30,58,0.1,AR000117,SEM000007,AY000004,16.0,16.0,7.5,7.5,0,0,PASS,REG000458,CO000026,MN000011,REGISTERED,False,72.0,64.0,68.0,MK000430,20.0,52.0,72.0,A,8.0,32.0,4.0,4.0,PASS
ST000117,AIML2023117,Lila,Kar,Female,2004-04-17,lila.kar117@student.college.edu,9502063233,DEP000001,AY000004,SEM000007,True,PRO000117,Average,65,85,60,80,10,24,30,58,0.1,AR000117,SEM000007,AY000004,16.0,16.0,7.5,7.5,0,0,PASS,REG000459,CO000027,MN000012,REGISTERED,False,69.0,65.0,78.0,MK000431,21.0,55.0,76.0,A,8.0,32.0,4.0,4.0,PASS
ST000117,AIML2023117,Lila,Kar,Female,2004-04-17,lila.kar117@student.college.edu,9502063233,DEP000001,AY000004,SEM000007,True,PRO000117,Average,65,85,60,80,10,24,30,58,0.1,AR000117,SEM000007,AY000004,16.0,16.0,7.5,7.5,0,0,PASS,REG000460,CO000028,MN000013,REGISTERED,False,71.0,68.0,58.0,MK000432,10.0,53.0,63.0,B+,7.0,28.0,4.0,4.0,PASS
ST000118,AIML2023118,Omkaar,Kant,Male,2005-04-08,omkaar.kant118@student.college.edu,9999535261,DEP000001,AY000004,SEM000007,True,PRO000118,Average,65,85,60,80,10,24,30,58,0.1,AR000118,SEM000007,AY000004,16.0,16.0,5.5,5.5,0,0,PASS,REG000461,CO000025,MN000010,REGISTERED,False,69.0,70.0,66.0,MK000433,14.0,32.0,46.0,C,5.0,20.0,4.0,4.0,PASS
ST000118,AIML2023118,Omkaar,Kant,Male,2005-04-08,omkaar.kant118@student.college.edu,9999535261,DEP000001,AY000004,SEM000007,True,PRO000118,Average,65,85,60,80,10,24,30,58,0.1,AR000118,SEM000007,AY000004,16.0,16.0,5.5,5.5,0,0,PASS,REG000462,CO000026,MN000011,REGISTERED,False,77.0,61.0,69.0,MK000434,18.0,31.0,49.0,C,5.0,20.0,4.0,4.0,PASS
ST000118,AIML2023118,Omkaar,Kant,Male,2005-04-08,omkaar.kant118@student.college.edu,9999535261,DEP000001,AY000004,SEM000007,True,PRO000118,Average,65,85,60,80,10,24,30,58,0.1,AR000118,SEM000007,AY000004,16.0,16.0,5.5,5.5,0,0,PASS,REG000463,CO000027,MN000012,REGISTERED,False,82.0,69.0,77.0,MK000435,11.0,46.0,57.0,B,6.0,24.0,4.0,4.0,PASS
ST000118,AIML2023118,Omkaar,Kant,Male,2005-04-08,omkaar.kant118@student.college.edu,9999535261,DEP000001,AY000004,SEM000007,True,PRO000118,Average,65,85,60,80,10,24,30,58,0.1,AR000118,SEM000007,AY000004,16.0,16.0,5.5,5.5,0,0,PASS,REG000464,CO000028,MN000013,REGISTERED,False,82.0,68.0,70.0,MK000436,12.0,43.0,55.0,B,6.0,24.0,4.0,4.0,PASS
ST000119,AIML2023119,Janya,Butala,Female,2006-01-16,janya.butala119@student.college.edu,8694637061,DEP000001,AY000004,SEM000007,True,PRO000119,Average,65,85,60,80,10,24,30,58,0.1,AR000119,SEM000007,AY000004,16.0,16.0,6.25,6.25,0,0,PASS,REG000465,CO000025,MN000010,REGISTERED,False,82.0,70.0,72.0,MK000437,22.0,35.0,57.0,B,6.0,24.0,4.0,4.0,PASS
ST000119,AIML2023119,Janya,Butala,Female,2006-01-16,janya.butala119@student.college.edu,8694637061,DEP000001,AY000004,SEM000007,True,PRO000119,Average,65,85,60,80,10,24,30,58,0.1,AR000119,SEM000007,AY000004,16.0,16.0,6.25,6.25,0,0,PASS,REG000466,CO000026,MN000011,REGISTERED,False,84.0,71.0,74.0,MK000438,20.0,48.0,68.0,B+,7.0,28.0,4.0,4.0,PASS
ST000119,AIML2023119,Janya,Butala,Female,2006-01-16,janya.butala119@student.college.edu,8694637061,DEP000001,AY000004,SEM000007,True,PRO000119,Average,65,85,60,80,10,24,30,58,0.1,AR000119,SEM000007,AY000004,16.0,16.0,6.25,6.25,0,0,PASS,REG000467,CO000027,MN000012,REGISTERED,False,65.0,67.0,52.0,MK000439,24.0,38.0,62.0,B+,7.0,28.0,4.0,4.0,PASS
ST000119,AIML2023119,Janya,Butala,Female,2006-01-16,janya.butala119@student.college.edu,8694637061,DEP000001,AY000004,SEM000007,True,PRO000119,Average,65,85,60,80,10,24,30,58,0.1,AR000119,SEM000007,AY000004,16.0,16.0,6.25,6.25,0,0,PASS,REG000468,CO000028,MN000013,REGISTERED,False,76.0,78.0,75.0,MK000440,14.0,32.0,46.0,C,5.0,20.0,4.0,4.0,PASS
ST000120,AIML2023120,Gautami,Kala,Female,2003-10-12,gautami.kala120@student.college.edu,6570763384,DEP000001,AY000004,SEM000007,True,PRO000120,Declining,40,65,35,60,4,16,15,40,0.45,AR000120,SEM000007,AY000004,16.0,8.0,2.75,2.75,2,2,PROMOTED,REG000469,CO000025,MN000010,REGISTERED,False,64.0,57.0,50.0,MK000441,6.0,16.0,22.0,F,0.0,0.0,4.0,0.0,FAIL
ST000120,AIML2023120,Gautami,Kala,Female,2003-10-12,gautami.kala120@student.college.edu,6570763384,DEP000001,AY000004,SEM000007,True,PRO000120,Declining,40,65,35,60,4,16,15,40,0.45,AR000120,SEM000007,AY000004,16.0,8.0,2.75,2.75,2,2,PROMOTED,REG000470,CO000026,MN000011,REGISTERED,False,40.0,36.0,43.0,MK000442,8.0,39.0,47.0,C,5.0,20.0,4.0,4.0,PASS
ST000120,AIML2023120,Gautami,Kala,Female,2003-10-12,gautami.kala120@student.college.edu,6570763384,DEP000001,AY000004,SEM000007,True,PRO000120,Declining,40,65,35,60,4,16,15,40,0.45,AR000120,SEM000007,AY000004,16.0,8.0,2.75,2.75,2,2,PROMOTED,REG000471,CO000027,MN000012,REGISTERED,True,48.0,47.0,35.0,MK000443,5.0,17.0,22.0,F,0.0,0.0,4.0,0.0,FAIL
ST000120,AIML2023120,Gautami,Kala,Female,2003-10-12,gautami.kala120@student.college.edu,6570763384,DEP000001,AY000004,SEM000007,True,PRO000120,Declining,40,65,35,60,4,16,15,40,0.45,AR000120,SEM000007,AY000004,16.0,8.0,2.75,2.75,2,2,PROMOTED,REG000472,CO000028,MN000013,REGISTERED,False,59.0,40.0,44.0,MK000444,15.0,35.0,50.0,B,6.0,24.0,4.0,4.0,PASS
ST000121,AIML2023121,Girik,Sarkar,Male,2006-01-02,girik.sarkar121@student.college.edu,6906529652,DEP000001,AY000004,SEM000007,True,PRO000121,Good,80,95,75,90,18,28,45,65,0.03,AR000121,SEM000007,AY000004,12.0,12.0,8.67,8.67,0,0,PASS,REG000473,CO000025,MN000010,REGISTERED,False,81.0,78.0,86.0,MK000445,24.0,60.0,84.0,A+,9.0,36.0,4.0,4.0,PASS
ST000121,AIML2023121,Girik,Sarkar,Male,2006-01-02,girik.sarkar121@student.college.edu,6906529652,DEP000001,AY000004,SEM000007,True,PRO000121,Good,80,95,75,90,18,28,45,65,0.03,AR000121,SEM000007,AY000004,12.0,12.0,8.67,8.67,0,0,PASS,REG000474,CO000026,MN000011,REGISTERED,False,87.0,83.0,84.0,MK000446,26.0,60.0,86.0,A+,9.0,36.0,4.0,4.0,PASS
ST000121,AIML2023121,Girik,Sarkar,Male,2006-01-02,girik.sarkar121@student.college.edu,6906529652,DEP000001,AY000004,SEM000007,True,PRO000121,Good,80,95,75,90,18,28,45,65,0.03,AR000121,SEM000007,AY000004,12.0,12.0,8.67,8.67,0,0,PASS,REG000475,CO000027,MN000012,CANCELLED,False,88.0,88.0,73.0,,,,,,,,,,
ST000121,AIML2023121,Girik,Sarkar,Male,2006-01-02,girik.sarkar121@student.college.edu,6906529652,DEP000001,AY000004,SEM000007,True,PRO000121,Good,80,95,75,90,18,28,45,65,0.03,AR000121,SEM000007,AY000004,12.0,12.0,8.67,8.67,0,0,PASS,REG000476,CO000028,MN000013,REGISTERED,False,82.0,84.0,90.0,MK000447,28.0,46.0,74.0,A,8.0,32.0,4.0,4.0,PASS
ST000122,AIML2023122,Yashica,Kara,Female,2005-04-08,yashica.kara122@student.college.edu,7219408429,DEP000001,AY000004,SEM000007,True,PRO000122,Average,65,85,60,80,10,24,30,58,0.1,AR000122,SEM000007,AY000004,16.0,16.0,6.25,6.25,0,0,PASS,REG000477,CO000025,MN000010,REGISTERED,False,76.0,73.0,79.0,MK000448,19.0,36.0,55.0,B,6.0,24.0,4.0,4.0,PASS
ST000122,AIML2023122,Yashica,Kara,Female,2005-04-08,yashica.kara122@student.college.edu,7219408429,DEP000001,AY000004,SEM000007,True,PRO000122,Average,65,85,60,80,10,24,30,58,0.1,AR000122,SEM000007,AY000004,16.0,16.0,6.25,6.25,0,0,PASS,REG000478,CO000026,MN000011,REGISTERED,False,75.0,65.0,68.0,MK000449,21.0,38.0,59.0,B,6.0,24.0,4.0,4.0,PASS
ST000122,AIML2023122,Yashica,Kara,Female,2005-04-08,yashica.kara122@student.college.edu,7219408429,DEP000001,AY000004,SEM000007,True,PRO000122,Average,65,85,60,80,10,24,30,58,0.1,AR000122,SEM000007,AY000004,16.0,16.0,6.25,6.25,0,0,PASS,REG000479,CO000027,MN000012,REGISTERED,False,67.0,68.0,71.0,MK000450,16.0,56.0,72.0,A,8.0,32.0,4.0,4.0,PASS
ST000122,AIML2023122,Yashica,Kara,Female,2005-04-08,yashica.kara122@student.college.edu,7219408429,DEP000001,AY000004,SEM000007,True,PRO000122,Average,65,85,60,80,10,24,30,58,0.1,AR000122,SEM000007,AY000004,16.0,16.0,6.25,6.25,0,0,PASS,REG000480,CO000028,MN000013,REGISTERED,False,65.0,63.0,75.0,MK000451,14.0,33.0,47.0,C,5.0,20.0,4.0,4.0,PASS
ST000123,AIML2023123,Zaitra,Rastogi,Female,2004-07-18,zaitra.rastogi123@student.college.edu,8439082390,DEP000001,AY000004,SEM000007,True,PRO000123,Good,80,95,75,90,18,28,45,65,0.03,AR000123,SEM000007,AY000004,16.0,16.0,8.25,8.25,0,0,PASS,REG000481,CO000025,MN000010,REGISTERED,False,94.0,83.0,86.0,MK000452,24.0,58.0,82.0,A+,9.0,36.0,4.0,4.0,PASS
ST000123,AIML2023123,Zaitra,Rastogi,Female,2004-07-18,zaitra.rastogi123@student.college.edu,8439082390,DEP000001,AY000004,SEM000007,True,PRO000123,Good,80,95,75,90,18,28,45,65,0.03,AR000123,SEM000007,AY000004,16.0,16.0,8.25,8.25,0,0,PASS,REG000482,CO000026,MN000011,REGISTERED,False,90.0,80.0,81.0,MK000453,19.0,53.0,72.0,A,8.0,32.0,4.0,4.0,PASS
ST000123,AIML2023123,Zaitra,Rastogi,Female,2004-07-18,zaitra.rastogi123@student.college.edu,8439082390,DEP000001,AY000004,SEM000007,True,PRO000123,Good,80,95,75,90,18,28,45,65,0.03,AR000123,SEM000007,AY000004,16.0,16.0,8.25,8.25,0,0,PASS,REG000483,CO000027,MN000012,REGISTERED,False,80.0,76.0,81.0,MK000454,19.0,60.0,79.0,A,8.0,32.0,4.0,4.0,PASS
ST000123,AIML2023123,Zaitra,Rastogi,Female,2004-07-18,zaitra.rastogi123@student.college.edu,8439082390,DEP000001,AY000004,SEM000007,True,PRO000123,Good,80,95,75,90,18,28,45,65,0.03,AR000123,SEM000007,AY000004,16.0,16.0,8.25,8.25,0,0,PASS,REG000484,CO000028,MN000013,REGISTERED,False,87.0,80.0,77.0,MK000455,21.0,53.0,74.0,A,8.0,32.0,4.0,4.0,PASS
ST000124,AIML2023124,Gautami,Cherian,Female,2003-12-19,gautami.cherian124@student.college.edu,6127946899,DEP000001,AY000004,SEM000007,True,PRO000124,Average,65,85,60,80,10,24,30,58,0.1,AR000124,SEM000007,AY000004,16.0,16.0,6.0,6.0,0,0,PASS,REG000485,CO000025,MN000010,REGISTERED,False,81.0,64.0,72.0,MK000456,14.0,50.0,64.0,B+,7.0,28.0,4.0,4.0,PASS
ST000124,AIML2023124,Gautami,Cherian,Female,2003-12-19,gautami.cherian124@student.college.edu,6127946899,DEP000001,AY000004,SEM000007,True,PRO000124,Average,65,85,60,80,10,24,30,58,0.1,AR000124,SEM000007,AY000004,16.0,16.0,6.0,6.0,0,0,PASS,REG000486,CO000026,MN000011,REGISTERED,False,82.0,67.0,74.0,MK000457,16.0,31.0,47.0,C,5.0,20.0,4.0,4.0,PASS
ST000124,AIML2023124,Gautami,Cherian,Female,2003-12-19,gautami.cherian124@student.college.edu,6127946899,DEP000001,AY000004,SEM000007,True,PRO000124,Average,65,85,60,80,10,24,30,58,0.1,AR000124,SEM000007,AY000004,16.0,16.0,6.0,6.0,0,0,PASS,REG000487,CO000027,MN000012,REGISTERED,False,68.0,70.0,55.0,MK000458,15.0,34.0,49.0,C,5.0,20.0,4.0,4.0,PASS
ST000124,AIML2023124,Gautami,Cherian,Female,2003-12-19,gautami.cherian124@student.college.edu,6127946899,DEP000001,AY000004,SEM000007,True,PRO000124,Average,65,85,60,80,10,24,30,58,0.1,AR000124,SEM000007,AY000004,16.0,16.0,6.0,6.0,0,0,PASS,REG000488,CO000028,MN000013,REGISTERED,False,73.0,71.0,58.0,MK000459,24.0,44.0,68.0,B+,7.0,28.0,4.0,4.0,PASS
ST000125,AIML2023125,Gautami,Andra,Female,2003-10-30,gautami.andra125@student.college.edu,8012271436,DEP000001,AY000004,SEM000007,True,PRO000125,Average,65,85,60,80,10,24,30,58,0.1,AR000125,SEM000007,AY000004,16.0,16.0,6.75,6.75,0,0,PASS,REG000489,CO000025,MN000010,REGISTERED,False,84.0,74.0,73.0,MK000460,21.0,50.0,71.0,A,8.0,32.0,4.0,4.0,PASS
ST000125,AIML2023125,Gautami,Andra,Female,2003-10-30,gautami.andra125@student.college.edu,8012271436,DEP000001,AY000004,SEM000007,True,PRO000125,Average,65,85,60,80,10,24,30,58,0.1,AR000125,SEM000007,AY000004,16.0,16.0,6.75,6.75,0,0,PASS,REG000490,CO000026,MN000011,REGISTERED,False,66.0,60.0,65.0,MK000461,10.0,42.0,52.0,B,6.0,24.0,4.0,4.0,PASS
ST000125,AIML2023125,Gautami,Andra,Female,2003-10-30,gautami.andra125@student.college.edu,8012271436,DEP000001,AY000004,SEM000007,True,PRO000125,Average,65,85,60,80,10,24,30,58,0.1,AR000125,SEM000007,AY000004,16.0,16.0,6.75,6.75,0,0,PASS,REG000491,CO000027,MN000012,REGISTERED,False,72.0,70.0,66.0,MK000462,10.0,37.0,47.0,C,5.0,20.0,4.0,4.0,PASS
ST000125,AIML2023125,Gautami,Andra,Female,2003-10-30,gautami.andra125@student.college.edu,8012271436,DEP000001,AY000004,SEM000007,True,PRO000125,Average,65,85,60,80,10,24,30,58,0.1,AR000125,SEM000007,AY000004,16.0,16.0,6.75,6.75,0,0,PASS,REG000492,CO000028,MN000013,REGISTERED,False,81.0,69.0,71.0,MK000463,23.0,50.0,73.0,A,8.0,32.0,4.0,4.0,PASS
ST000126,AIML2023126,Caleb,Shere,Male,2005-10-07,caleb.shere126@student.college.edu,7138535335,DEP000001,AY000004,SEM000007,True,PRO000126,Improving,55,75,50,70,8,20,25,50,0.2,AR000126,SEM000007,AY000004,16.0,16.0,6.25,6.25,0,0,PASS,REG000493,CO000025,MN000010,REGISTERED,False,73.0,64.0,58.0,MK000464,9.0,44.0,53.0,B,6.0,24.0,4.0,4.0,PASS
ST000126,AIML2023126,Caleb,Shere,Male,2005-10-07,caleb.shere126@student.college.edu,7138535335,DEP000001,AY000004,SEM000007,True,PRO000126,Improving,55,75,50,70,8,20,25,50,0.2,AR000126,SEM000007,AY000004,16.0,16.0,6.25,6.25,0,0,PASS,REG000494,CO000026,MN000011,REGISTERED,False,63.0,68.0,60.0,MK000465,15.0,46.0,61.0,B+,7.0,28.0,4.0,4.0,PASS
ST000126,AIML2023126,Caleb,Shere,Male,2005-10-07,caleb.shere126@student.college.edu,7138535335,DEP000001,AY000004,SEM000007,True,PRO000126,Improving,55,75,50,70,8,20,25,50,0.2,AR000126,SEM000007,AY000004,16.0,16.0,6.25,6.25,0,0,PASS,REG000495,CO000027,MN000012,REGISTERED,False,55.0,50.0,57.0,MK000466,10.0,42.0,52.0,B,6.0,24.0,4.0,4.0,PASS
ST000126,AIML2023126,Caleb,Shere,Male,2005-10-07,caleb.shere126@student.college.edu,7138535335,DEP000001,AY000004,SEM000007,True,PRO000126,Improving,55,75,50,70,8,20,25,50,0.2,AR000126,SEM000007,AY000004,16.0,16.0,6.25,6.25,0,0,PASS,REG000496,CO000028,MN000013,REGISTERED,False,65.0,70.0,59.0,MK000467,17.0,33.0,50.0,B,6.0,24.0,4.0,4.0,PASS
ST000127,AIML2023127,Ayaan,Ratti,Male,2004-04-17,ayaan.ratti127@student.college.edu,7781477914,DEP000001,AY000004,SEM000007,True,PRO000127,Good,80,95,75,90,18,28,45,65,0.03,AR000127,SEM000007,AY000004,16.0,16.0,8.75,8.75,0,0,PASS,REG000497,CO000025,MN000010,REGISTERED,False,91.0,84.0,78.0,MK000468,25.0,62.0,87.0,A+,9.0,36.0,4.0,4.0,PASS
ST000127,AIML2023127,Ayaan,Ratti,Male,2004-04-17,ayaan.ratti127@student.college.edu,7781477914,DEP000001,AY000004,SEM000007,True,PRO000127,Good,80,95,75,90,18,28,45,65,0.03,AR000127,SEM000007,AY000004,16.0,16.0,8.75,8.75,0,0,PASS,REG000498,CO000026,MN000011,REGISTERED,False,95.0,78.0,90.0,MK000469,19.0,56.0,75.0,A,8.0,32.0,4.0,4.0,PASS
ST000127,AIML2023127,Ayaan,Ratti,Male,2004-04-17,ayaan.ratti127@student.college.edu,7781477914,DEP000001,AY000004,SEM000007,True,PRO000127,Good,80,95,75,90,18,28,45,65,0.03,AR000127,SEM000007,AY000004,16.0,16.0,8.75,8.75,0,0,PASS,REG000499,CO000027,MN000012,REGISTERED,False,87.0,89.0,75.0,MK000470,22.0,60.0,82.0,A+,9.0,36.0,4.0,4.0,PASS
ST000127,AIML2023127,Ayaan,Ratti,Male,2004-04-17,ayaan.ratti127@student.college.edu,7781477914,DEP000001,AY000004,SEM000007,True,PRO000127,Good,80,95,75,90,18,28,45,65,0.03,AR000127,SEM000007,AY000004,16.0,16.0,8.75,8.75,0,0,PASS,REG000500,CO000028,MN000013,REGISTERED,False,88.0,77.0,92.0,MK000471,22.0,62.0,84.0,A+,9.0,36.0,4.0,4.0,PASS
ST000128,AIML2023128,Isaac,Mohan,Male,2004-12-17,isaac.mohan128@student.college.edu,6962379603,DEP000001,AY000004,SEM000007,True,PRO000128,Good,80,95,75,90,18,28,45,65,0.03,AR000128,SEM000007,AY000004,16.0,16.0,8.5,8.5,0,0,PASS,REG000501,CO000025,MN000010,REGISTERED,False,93.0,81.0,85.0,MK000472,25.0,58.0,83.0,A+,9.0,36.0,4.0,4.0,PASS
ST000128,AIML2023128,Isaac,Mohan,Male,2004-12-17,isaac.mohan128@student.college.edu,6962379603,DEP000001,AY000004,SEM000007,True,PRO000128,Good,80,95,75,90,18,28,45,65,0.03,AR000128,SEM000007,AY000004,16.0,16.0,8.5,8.5,0,0,PASS,REG000502,CO000026,MN000011,REGISTERED,False,95.0,86.0,85.0,MK000473,18.0,54.0,72.0,A,8.0,32.0,4.0,4.0,PASS
ST000128,AIML2023128,Isaac,Mohan,Male,2004-12-17,isaac.mohan128@student.college.edu,6962379603,DEP000001,AY000004,SEM000007,True,PRO000128,Good,80,95,75,90,18,28,45,65,0.03,AR000128,SEM000007,AY000004,16.0,16.0,8.5,8.5,0,0,PASS,REG000503,CO000027,MN000012,REGISTERED,False,91.0,77.0,80.0,MK000474,19.0,63.0,82.0,A+,9.0,36.0,4.0,4.0,PASS
ST000128,AIML2023128,Isaac,Mohan,Male,2004-12-17,isaac.mohan128@student.college.edu,6962379603,DEP000001,AY000004,SEM000007,True,PRO000128,Good,80,95,75,90,18,28,45,65,0.03,AR000128,SEM000007,AY000004,16.0,16.0,8.5,8.5,0,0,PASS,REG000504,CO000028,MN000013,REGISTERED,False,93.0,77.0,89.0,MK000475,26.0,49.0,75.0,A,8.0,32.0,4.0,4.0,PASS
ST000129,AIML2023129,Sarthak,Tank,Male,2006-07-21,sarthak.tank129@student.college.edu,6528667748,DEP000001,AY000004,SEM000007,True,PRO000129,Average,65,85,60,80,10,24,30,58,0.1,AR000129,SEM000007,AY000004,12.0,12.0,6.33,6.33,0,0,PASS,REG000505,CO000025,MN000010,REGISTERED,False,67.0,64.0,64.0,MK000476,22.0,35.0,57.0,B,6.0,24.0,4.0,4.0,PASS
ST000129,AIML2023129,Sarthak,Tank,Male,2006-07-21,sarthak.tank129@student.college.edu,6528667748,DEP000001,AY000004,SEM000007,True,PRO000129,Average,65,85,60,80,10,24,30,58,0.1,AR000129,SEM000007,AY000004,12.0,12.0,6.33,6.33,0,0,PASS,REG000506,CO000026,MN000011,REGISTERED,False,85.0,67.0,79.0,MK000477,16.0,49.0,65.0,B+,7.0,28.0,4.0,4.0,PASS
ST000129,AIML2023129,Sarthak,Tank,Male,2006-07-21,sarthak.tank129@student.college.edu,6528667748,DEP000001,AY000004,SEM000007,True,PRO000129,Average,65,85,60,80,10,24,30,58,0.1,AR000129,SEM000007,AY000004,12.0,12.0,6.33,6.33,0,0,PASS,REG000507,CO000027,MN000012,REGISTERED,False,66.0,69.0,60.0,MK000478,13.0,43.0,56.0,B,6.0,24.0,4.0,4.0,PASS
ST000129,AIML2023129,Sarthak,Tank,Male,2006-07-21,sarthak.tank129@student.college.edu,6528667748,DEP000001,AY000004,SEM000007,True,PRO000129,Average,65,85,60,80,10,24,30,58,0.1,AR000129,SEM000007,AY000004,12.0,12.0,6.33,6.33,0,0,PASS,REG000508,CO000028,MN000013,CANCELLED,False,70.0,63.0,67.0,,,,,,,,,,
ST000130,AIML2023130,Shivani,Varkey,Female,2004-11-06,shivani.varkey130@student.college.edu,7834784560,DEP000001,AY000004,SEM000007,True,PRO000130,Good,80,95,75,90,18,28,45,65,0.03,AR000130,SEM000007,AY000004,16.0,16.0,8.5,8.5,0,0,PASS,REG000509,CO000025,MN000010,REGISTERED,False,90.0,87.0,91.0,MK000479,25.0,51.0,76.0,A,8.0,32.0,4.0,4.0,PASS
ST000130,AIML2023130,Shivani,Varkey,Female,2004-11-06,shivani.varkey130@student.college.edu,7834784560,DEP000001,AY000004,SEM000007,True,PRO000130,Good,80,95,75,90,18,28,45,65,0.03,AR000130,SEM000007,AY000004,16.0,16.0,8.5,8.5,0,0,PASS,REG000510,CO000026,MN000011,REGISTERED,False,93.0,76.0,78.0,MK000480,18.0,60.0,78.0,A,8.0,32.0,4.0,4.0,PASS
ST000130,AIML2023130,Shivani,Varkey,Female,2004-11-06,shivani.varkey130@student.college.edu,7834784560,DEP000001,AY000004,SEM000007,True,PRO000130,Good,80,95,75,90,18,28,45,65,0.03,AR000130,SEM000007,AY000004,16.0,16.0,8.5,8.5,0,0,PASS,REG000511,CO000027,MN000012,REGISTERED,False,85.0,80.0,91.0,MK000481,28.0,64.0,92.0,O,10.0,40.0,4.0,4.0,PASS
ST000130,AIML2023130,Shivani,Varkey,Female,2004-11-06,shivani.varkey130@student.college.edu,7834784560,DEP000001,AY000004,SEM000007,True,PRO000130,Good,80,95,75,90,18,28,45,65,0.03,AR000130,SEM000007,AY000004,16.0,16.0,8.5,8.5,0,0,PASS,REG000512,CO000028,MN000013,REGISTERED,False,82.0,80.0,84.0,MK000482,25.0,48.0,73.0,A,8.0,32.0,4.0,4.0,PASS
ST000131,AIML2023131,Idika,Buch,Female,2005-10-08,idika.buch131@student.college.edu,8850155474,DEP000001,AY000004,SEM000007,True,PRO000131,Average,65,85,60,80,10,24,30,58,0.1,AR000131,SEM000007,AY000004,12.0,12.0,6.33,6.33,0,0,PASS,REG000513,CO000025,MN000010,REGISTERED,False,70.0,69.0,55.0,MK000483,13.0,33.0,46.0,C,5.0,20.0,4.0,4.0,PASS
ST000131,AIML2023131,Idika,Buch,Female,2005-10-08,idika.buch131@student.college.edu,8850155474,DEP000001,AY000004,SEM000007,True,PRO000131,Average,65,85,60,80,10,24,30,58,0.1,AR000131,SEM000007,AY000004,12.0,12.0,6.33,6.33,0,0,PASS,REG000514,CO000026,MN000011,REGISTERED,False,84.0,75.0,78.0,MK000484,13.0,47.0,60.0,B+,7.0,28.0,4.0,4.0,PASS
ST000131,AIML2023131,Idika,Buch,Female,2005-10-08,idika.buch131@student.college.edu,8850155474,DEP000001,AY000004,SEM000007,True,PRO000131,Average,65,85,60,80,10,24,30,58,0.1,AR000131,SEM000007,AY000004,12.0,12.0,6.33,6.33,0,0,PASS,REG000515,CO000027,MN000012,REGISTERED,False,85.0,74.0,72.0,MK000485,19.0,45.0,64.0,B+,7.0,28.0,4.0,4.0,PASS
ST000131,AIML2023131,Idika,Buch,Female,2005-10-08,idika.buch131@student.college.edu,8850155474,DEP000001,AY000004,SEM000007,True,PRO000131,Average,65,85,60,80,10,24,30,58,0.1,AR000131,SEM000007,AY000004,12.0,12.0,6.33,6.33,0,0,PASS,REG000516,CO000028,MN000013,CANCELLED,False,65.0,62.0,59.0,,,,,,,,,,
ST000132,AIML2023132,Lila,Rama,Female,2004-12-23,lila.rama132@student.college.edu,6056472915,DEP000001,AY000004,SEM000007,True,PRO000132,Average,65,85,60,80,10,24,30,58,0.1,AR000132,SEM000007,AY000004,16.0,16.0,7.0,7.0,0,0,PASS,REG000517,CO000025,MN000010,REGISTERED,False,76.0,71.0,72.0,MK000486,16.0,58.0,74.0,A,8.0,32.0,4.0,4.0,PASS
ST000132,AIML2023132,Lila,Rama,Female,2004-12-23,lila.rama132@student.college.edu,6056472915,DEP000001,AY000004,SEM000007,True,PRO000132,Average,65,85,60,80,10,24,30,58,0.1,AR000132,SEM000007,AY000004,16.0,16.0,7.0,7.0,0,0,PASS,REG000518,CO000026,MN000011,REGISTERED,False,78.0,71.0,77.0,MK000487,16.0,58.0,74.0,A,8.0,32.0,4.0,4.0,PASS
ST000132,AIML2023132,Lila,Rama,Female,2004-12-23,lila.rama132@student.college.edu,6056472915,DEP000001,AY000004,SEM000007,True,PRO000132,Average,65,85,60,80,10,24,30,58,0.1,AR000132,SEM000007,AY000004,16.0,16.0,7.0,7.0,0,0,PASS,REG000519,CO000027,MN000012,REGISTERED,False,68.0,70.0,77.0,MK000488,12.0,44.0,56.0,B,6.0,24.0,4.0,4.0,PASS
ST000132,AIML2023132,Lila,Rama,Female,2004-12-23,lila.rama132@student.college.edu,6056472915,DEP000001,AY000004,SEM000007,True,PRO000132,Average,65,85,60,80,10,24,30,58,0.1,AR000132,SEM000007,AY000004,16.0,16.0,7.0,7.0,0,0,PASS,REG000520,CO000028,MN000013,REGISTERED,False,81.0,80.0,68.0,MK000489,17.0,41.0,58.0,B,6.0,24.0,4.0,4.0,PASS
ST000133,AIML2023133,Rishi,Kothari,Male,2006-01-24,rishi.kothari133@student.college.edu,8539942751,DEP000001,AY000004,SEM000007,True,PRO000133,Good,80,95,75,90,18,28,45,65,0.03,AR000133,SEM000007,AY000004,16.0,16.0,8.5,8.5,0,0,PASS,REG000521,CO000025,MN000010,REGISTERED,False,80.0,84.0,87.0,MK000490,28.0,61.0,89.0,A+,9.0,36.0,4.0,4.0,PASS
ST000133,AIML2023133,Rishi,Kothari,Male,2006-01-24,rishi.kothari133@student.college.edu,8539942751,DEP000001,AY000004,SEM000007,True,PRO000133,Good,80,95,75,90,18,28,45,65,0.03,AR000133,SEM000007,AY000004,16.0,16.0,8.5,8.5,0,0,PASS,REG000522,CO000026,MN000011,REGISTERED,False,92.0,85.0,84.0,MK000491,20.0,51.0,71.0,A,8.0,32.0,4.0,4.0,PASS
ST000133,AIML2023133,Rishi,Kothari,Male,2006-01-24,rishi.kothari133@student.college.edu,8539942751,DEP000001,AY000004,SEM000007,True,PRO000133,Good,80,95,75,90,18,28,45,65,0.03,AR000133,SEM000007,AY000004,16.0,16.0,8.5,8.5,0,0,PASS,REG000523,CO000027,MN000012,REGISTERED,False,94.0,83.0,85.0,MK000492,24.0,55.0,79.0,A,8.0,32.0,4.0,4.0,PASS
ST000133,AIML2023133,Rishi,Kothari,Male,2006-01-24,rishi.kothari133@student.college.edu,8539942751,DEP000001,AY000004,SEM000007,True,PRO000133,Good,80,95,75,90,18,28,45,65,0.03,AR000133,SEM000007,AY000004,16.0,16.0,8.5,8.5,0,0,PASS,REG000524,CO000028,MN000013,REGISTERED,False,81.0,79.0,83.0,MK000493,21.0,59.0,80.0,A+,9.0,36.0,4.0,4.0,PASS
ST000134,AIML2023134,Hemangini,Bhagat,Female,2004-05-31,hemangini.bhagat134@student.college.edu,9118355297,DEP000001,AY000004,SEM000007,True,PRO000134,Average,65,85,60,80,10,24,30,58,0.1,AR000134,SEM000007,AY000004,16.0,16.0,6.25,6.25,0,0,PASS,REG000525,CO000025,MN000010,REGISTERED,False,76.0,62.0,65.0,MK000494,17.0,46.0,63.0,B+,7.0,28.0,4.0,4.0,PASS
ST000134,AIML2023134,Hemangini,Bhagat,Female,2004-05-31,hemangini.bhagat134@student.college.edu,9118355297,DEP000001,AY000004,SEM000007,True,PRO000134,Average,65,85,60,80,10,24,30,58,0.1,AR000134,SEM000007,AY000004,16.0,16.0,6.25,6.25,0,0,PASS,REG000526,CO000026,MN000011,REGISTERED,False,72.0,67.0,77.0,MK000495,23.0,42.0,65.0,B+,7.0,28.0,4.0,4.0,PASS
ST000134,AIML2023134,Hemangini,Bhagat,Female,2004-05-31,hemangini.bhagat134@student.college.edu,9118355297,DEP000001,AY000004,SEM000007,True,PRO000134,Average,65,85,60,80,10,24,30,58,0.1,AR000134,SEM000007,AY000004,16.0,16.0,6.25,6.25,0,0,PASS,REG000527,CO000027,MN000012,REGISTERED,False,66.0,62.0,56.0,MK000496,16.0,31.0,47.0,C,5.0,20.0,4.0,4.0,PASS
ST000134,AIML2023134,Hemangini,Bhagat,Female,2004-05-31,hemangini.bhagat134@student.college.edu,9118355297,DEP000001,AY000004,SEM000007,True,PRO000134,Average,65,85,60,80,10,24,30,58,0.1,AR000134,SEM000007,AY000004,16.0,16.0,6.25,6.25,0,0,PASS,REG000528,CO000028,MN000013,REGISTERED,False,82.0,70.0,67.0,MK000497,14.0,36.0,50.0,B,6.0,24.0,4.0,4.0,PASS
ST000135,AIML2023135,Omaja,Narain,Female,2006-01-13,omaja.narain135@student.college.edu,9765692930,DEP000001,AY000004,SEM000007,True,PRO000135,Improving,55,75,50,70,8,20,25,50,0.2,AR000135,SEM000007,AY000004,12.0,12.0,5.67,5.67,0,0,PASS,REG000529,CO000025,MN000010,REGISTERED,False,64.0,59.0,65.0,MK000498,12.0,47.0,59.0,B,6.0,24.0,4.0,4.0,PASS
ST000135,AIML2023135,Omaja,Narain,Female,2006-01-13,omaja.narain135@student.college.edu,9765692930,DEP000001,AY000004,SEM000007,True,PRO000135,Improving,55,75,50,70,8,20,25,50,0.2,AR000135,SEM000007,AY000004,12.0,12.0,5.67,5.67,0,0,PASS,REG000530,CO000026,MN000011,CANCELLED,False,66.0,69.0,62.0,,,,,,,,,,
ST000135,AIML2023135,Omaja,Narain,Female,2006-01-13,omaja.narain135@student.college.edu,9765692930,DEP000001,AY000004,SEM000007,True,PRO000135,Improving,55,75,50,70,8,20,25,50,0.2,AR000135,SEM000007,AY000004,12.0,12.0,5.67,5.67,0,0,PASS,REG000531,CO000027,MN000012,REGISTERED,False,73.0,59.0,58.0,MK000499,16.0,28.0,44.0,P,4.0,16.0,4.0,4.0,PASS
ST000135,AIML2023135,Omaja,Narain,Female,2006-01-13,omaja.narain135@student.college.edu,9765692930,DEP000001,AY000004,SEM000007,True,PRO000135,Improving,55,75,50,70,8,20,25,50,0.2,AR000135,SEM000007,AY000004,12.0,12.0,5.67,5.67,0,0,PASS,REG000532,CO000028,MN000013,REGISTERED,False,72.0,65.0,57.0,MK000500,17.0,49.0,66.0,B+,7.0,28.0,4.0,4.0,PASS
ST000136,AIML2023136,Harita,Swamy,Female,2003-09-28,harita.swamy136@student.college.edu,7085862310,DEP000001,AY000004,SEM000007,True,PRO000136,Good,80,95,75,90,18,28,45,65,0.03,AR000136,SEM000007,AY000004,16.0,16.0,8.25,8.25,0,0,PASS,REG000533,CO000025,MN000010,REGISTERED,False,90.0,88.0,92.0,MK000501,20.0,57.0,77.0,A,8.0,32.0,4.0,4.0,PASS
ST000136,AIML2023136,Harita,Swamy,Female,2003-09-28,harita.swamy136@student.college.edu,7085862310,DEP000001,AY000004,SEM000007,True,PRO000136,Good,80,95,75,90,18,28,45,65,0.03,AR000136,SEM000007,AY000004,16.0,16.0,8.25,8.25,0,0,PASS,REG000534,CO000026,MN000011,REGISTERED,False,87.0,78.0,78.0,MK000502,28.0,45.0,73.0,A,8.0,32.0,4.0,4.0,PASS
ST000136,AIML2023136,Harita,Swamy,Female,2003-09-28,harita.swamy136@student.college.edu,7085862310,DEP000001,AY000004,SEM000007,True,PRO000136,Good,80,95,75,90,18,28,45,65,0.03,AR000136,SEM000007,AY000004,16.0,16.0,8.25,8.25,0,0,PASS,REG000535,CO000027,MN000012,REGISTERED,False,86.0,76.0,79.0,MK000503,20.0,63.0,83.0,A+,9.0,36.0,4.0,4.0,PASS
ST000136,AIML2023136,Harita,Swamy,Female,2003-09-28,harita.swamy136@student.college.edu,7085862310,DEP000001,AY000004,SEM000007,True,PRO000136,Good,80,95,75,90,18,28,45,65,0.03,AR000136,SEM000007,AY000004,16.0,16.0,8.25,8.25,0,0,PASS,REG000536,CO000028,MN000013,REGISTERED,False,89.0,80.0,77.0,MK000504,26.0,53.0,79.0,A,8.0,32.0,4.0,4.0,PASS
ST000137,AIML2023137,Rohan,Pandya,Male,2004-03-16,rohan.pandya137@student.college.edu,7768551453,DEP000001,AY000004,SEM000007,True,PRO000137,Good,80,95,75,90,18,28,45,65,0.03,AR000137,SEM000007,AY000004,16.0,16.0,7.75,7.75,0,0,PASS,REG000537,CO000025,MN000010,REGISTERED,False,86.0,87.0,73.0,MK000505,26.0,49.0,75.0,A,8.0,32.0,4.0,4.0,PASS
ST000137,AIML2023137,Rohan,Pandya,Male,2004-03-16,rohan.pandya137@student.college.edu,7768551453,DEP000001,AY000004,SEM000007,True,PRO000137,Good,80,95,75,90,18,28,45,65,0.03,AR000137,SEM000007,AY000004,16.0,16.0,7.75,7.75,0,0,PASS,REG000538,CO000026,MN000011,REGISTERED,False,83.0,88.0,91.0,MK000506,27.0,50.0,77.0,A,8.0,32.0,4.0,4.0,PASS
ST000137,AIML2023137,Rohan,Pandya,Male,2004-03-16,rohan.pandya137@student.college.edu,7768551453,DEP000001,AY000004,SEM000007,True,PRO000137,Good,80,95,75,90,18,28,45,65,0.03,AR000137,SEM000007,AY000004,16.0,16.0,7.75,7.75,0,0,PASS,REG000539,CO000027,MN000012,REGISTERED,False,88.0,87.0,89.0,MK000507,22.0,45.0,67.0,B+,7.0,28.0,4.0,4.0,PASS
ST000137,AIML2023137,Rohan,Pandya,Male,2004-03-16,rohan.pandya137@student.college.edu,7768551453,DEP000001,AY000004,SEM000007,True,PRO000137,Good,80,95,75,90,18,28,45,65,0.03,AR000137,SEM000007,AY000004,16.0,16.0,7.75,7.75,0,0,PASS,REG000540,CO000028,MN000013,REGISTERED,False,85.0,77.0,82.0,MK000508,25.0,50.0,75.0,A,8.0,32.0,4.0,4.0,PASS
ST000138,AIML2023138,Indrajit,Krish,Male,2005-05-24,indrajit.krish138@student.college.edu,6396146859,DEP000001,AY000004,SEM000007,True,PRO000138,Average,65,85,60,80,10,24,30,58,0.1,AR000138,SEM000007,AY000004,12.0,12.0,6.33,6.33,0,0,PASS,REG000541,CO000025,MN000010,REGISTERED,True,73.0,70.0,69.0,MK000509,11.0,37.0,48.0,C,5.0,20.0,4.0,4.0,PASS
ST000138,AIML2023138,Indrajit,Krish,Male,2005-05-24,indrajit.krish138@student.college.edu,6396146859,DEP000001,AY000004,SEM000007,True,PRO000138,Average,65,85,60,80,10,24,30,58,0.1,AR000138,SEM000007,AY000004,12.0,12.0,6.33,6.33,0,0,PASS,REG000542,CO000026,MN000011,REGISTERED,False,72.0,77.0,77.0,MK000510,12.0,53.0,65.0,B+,7.0,28.0,4.0,4.0,PASS
ST000138,AIML2023138,Indrajit,Krish,Male,2005-05-24,indrajit.krish138@student.college.edu,6396146859,DEP000001,AY000004,SEM000007,True,PRO000138,Average,65,85,60,80,10,24,30,58,0.1,AR000138,SEM000007,AY000004,12.0,12.0,6.33,6.33,0,0,PASS,REG000543,CO000027,MN000012,REGISTERED,False,77.0,76.0,68.0,MK000511,24.0,41.0,65.0,B+,7.0,28.0,4.0,4.0,PASS
ST000138,AIML2023138,Indrajit,Krish,Male,2005-05-24,indrajit.krish138@student.college.edu,6396146859,DEP000001,AY000004,SEM000007,True,PRO000138,Average,65,85,60,80,10,24,30,58,0.1,AR000138,SEM000007,AY000004,12.0,12.0,6.33,6.33,0,0,PASS,REG000544,CO000028,MN000013,CANCELLED,False,75.0,79.0,71.0,,,,,,,,,,
ST000139,AIML2023139,Jagdish,Dani,Male,2003-09-24,jagdish.dani139@student.college.edu,9640508435,DEP000001,AY000004,SEM000007,True,PRO000139,Excellent,90,100,90,100,24,30,55,70,0.01,AR000139,SEM000007,AY000004,16.0,16.0,9.25,9.25,0,0,PASS,REG000545,CO000025,MN000010,REGISTERED,False,92.0,91.0,88.0,MK000512,28.0,69.0,97.0,O,10.0,40.0,4.0,4.0,PASS
ST000139,AIML2023139,Jagdish,Dani,Male,2003-09-24,jagdish.dani139@student.college.edu,9640508435,DEP000001,AY000004,SEM000007,True,PRO000139,Excellent,90,100,90,100,24,30,55,70,0.01,AR000139,SEM000007,AY000004,16.0,16.0,9.25,9.25,0,0,PASS,REG000546,CO000026,MN000011,REGISTERED,False,97.0,92.0,100.0,MK000513,24.0,56.0,80.0,A+,9.0,36.0,4.0,4.0,PASS
ST000139,AIML2023139,Jagdish,Dani,Male,2003-09-24,jagdish.dani139@student.college.edu,9640508435,DEP000001,AY000004,SEM000007,True,PRO000139,Excellent,90,100,90,100,24,30,55,70,0.01,AR000139,SEM000007,AY000004,16.0,16.0,9.25,9.25,0,0,PASS,REG000547,CO000027,MN000012,REGISTERED,False,99.0,92.0,87.0,MK000514,26.0,59.0,85.0,A+,9.0,36.0,4.0,4.0,PASS
ST000139,AIML2023139,Jagdish,Dani,Male,2003-09-24,jagdish.dani139@student.college.edu,9640508435,DEP000001,AY000004,SEM000007,True,PRO000139,Excellent,90,100,90,100,24,30,55,70,0.01,AR000139,SEM000007,AY000004,16.0,16.0,9.25,9.25,0,0,PASS,REG000548,CO000028,MN000013,REGISTERED,False,91.0,91.0,96.0,MK000515,27.0,62.0,89.0,A+,9.0,36.0,4.0,4.0,PASS
ST000140,AIML2023140,Chatura,Basak,Male,2003-11-04,chatura.basak140@student.college.edu,6542901258,DEP000001,AY000004,SEM000007,True,PRO000140,HighRisk,20,50,20,45,0,12,0,30,0.8,AR000140,SEM000007,AY000004,12.0,0.0,0.0,0.0,3,3,FAIL,REG000549,CO000025,MN000010,REGISTERED,False,40.0,39.0,32.0,MK000516,7.0,2.0,9.0,F,0.0,0.0,4.0,0.0,FAIL
ST000140,AIML2023140,Chatura,Basak,Male,2003-11-04,chatura.basak140@student.college.edu,6542901258,DEP000001,AY000004,SEM000007,True,PRO000140,HighRisk,20,50,20,45,0,12,0,30,0.8,AR000140,SEM000007,AY000004,12.0,0.0,0.0,0.0,3,3,FAIL,REG000550,CO000026,MN000011,REGISTERED,False,34.0,39.0,22.0,MK000517,6.0,10.0,16.0,F,0.0,0.0,4.0,0.0,FAIL
ST000140,AIML2023140,Chatura,Basak,Male,2003-11-04,chatura.basak140@student.college.edu,6542901258,DEP000001,AY000004,SEM000007,True,PRO000140,HighRisk,20,50,20,45,0,12,0,30,0.8,AR000140,SEM000007,AY000004,12.0,0.0,0.0,0.0,3,3,FAIL,REG000551,CO000027,MN000012,CANCELLED,False,44.0,26.0,30.0,,,,,,,,,,
ST000140,AIML2023140,Chatura,Basak,Male,2003-11-04,chatura.basak140@student.college.edu,6542901258,DEP000001,AY000004,SEM000007,True,PRO000140,HighRisk,20,50,20,45,0,12,0,30,0.8,AR000140,SEM000007,AY000004,12.0,0.0,0.0,0.0,3,3,FAIL,REG000552,CO000028,MN000013,REGISTERED,False,26.0,20.0,27.0,MK000518,5.0,3.0,8.0,F,0.0,0.0,4.0,0.0,FAIL
ST000141,AIML2023141,Lipika,Lata,Female,2004-09-30,lipika.lata141@student.college.edu,7367041474,DEP000001,AY000004,SEM000007,True,PRO000141,Good,80,95,75,90,18,28,45,65,0.03,AR000141,SEM000007,AY000004,16.0,16.0,8.25,8.25,0,0,PASS,REG000553,CO000025,MN000010,REGISTERED,False,84.0,83.0,82.0,MK000519,27.0,48.0,75.0,A,8.0,32.0,4.0,4.0,PASS
ST000141,AIML2023141,Lipika,Lata,Female,2004-09-30,lipika.lata141@student.college.edu,7367041474,DEP000001,AY000004,SEM000007,True,PRO000141,Good,80,95,75,90,18,28,45,65,0.03,AR000141,SEM000007,AY000004,16.0,16.0,8.25,8.25,0,0,PASS,REG000554,CO000026,MN000011,REGISTERED,False,93.0,80.0,84.0,MK000520,28.0,60.0,88.0,A+,9.0,36.0,4.0,4.0,PASS
ST000141,AIML2023141,Lipika,Lata,Female,2004-09-30,lipika.lata141@student.college.edu,7367041474,DEP000001,AY000004,SEM000007,True,PRO000141,Good,80,95,75,90,18,28,45,65,0.03,AR000141,SEM000007,AY000004,16.0,16.0,8.25,8.25,0,0,PASS,REG000555,CO000027,MN000012,REGISTERED,False,86.0,82.0,83.0,MK000521,21.0,55.0,76.0,A,8.0,32.0,4.0,4.0,PASS
ST000141,AIML2023141,Lipika,Lata,Female,2004-09-30,lipika.lata141@student.college.edu,7367041474,DEP000001,AY000004,SEM000007,True,PRO000141,Good,80,95,75,90,18,28,45,65,0.03,AR000141,SEM000007,AY000004,16.0,16.0,8.25,8.25,0,0,PASS,REG000556,CO000028,MN000013,REGISTERED,False,83.0,78.0,71.0,MK000522,24.0,51.0,75.0,A,8.0,32.0,4.0,4.0,PASS
ST000142,AIML2023142,Vihaan,Aggarwal,Male,2004-11-02,vihaan.aggarwal142@student.college.edu,6799920960,DEP000001,AY000004,SEM000007,True,PRO000142,Average,65,85,60,80,10,24,30,58,0.1,AR000142,SEM000007,AY000004,16.0,16.0,8.0,8.0,0,0,PASS,REG000557,CO000025,MN000010,REGISTERED,False,66.0,66.0,55.0,MK000523,19.0,58.0,77.0,A,8.0,32.0,4.0,4.0,PASS
ST000142,AIML2023142,Vihaan,Aggarwal,Male,2004-11-02,vihaan.aggarwal142@student.college.edu,6799920960,DEP000001,AY000004,SEM000007,True,PRO000142,Average,65,85,60,80,10,24,30,58,0.1,AR000142,SEM000007,AY000004,16.0,16.0,8.0,8.0,0,0,PASS,REG000558,CO000026,MN000011,REGISTERED,False,73.0,64.0,75.0,MK000524,17.0,57.0,74.0,A,8.0,32.0,4.0,4.0,PASS
ST000142,AIML2023142,Vihaan,Aggarwal,Male,2004-11-02,vihaan.aggarwal142@student.college.edu,6799920960,DEP000001,AY000004,SEM000007,True,PRO000142,Average,65,85,60,80,10,24,30,58,0.1,AR000142,SEM000007,AY000004,16.0,16.0,8.0,8.0,0,0,PASS,REG000559,CO000027,MN000012,REGISTERED,False,80.0,72.0,79.0,MK000525,20.0,55.0,75.0,A,8.0,32.0,4.0,4.0,PASS
ST000142,AIML2023142,Vihaan,Aggarwal,Male,2004-11-02,vihaan.aggarwal142@student.college.edu,6799920960,DEP000001,AY000004,SEM000007,True,PRO000142,Average,65,85,60,80,10,24,30,58,0.1,AR000142,SEM000007,AY000004,16.0,16.0,8.0,8.0,0,0,PASS,REG000560,CO000028,MN000013,REGISTERED,False,67.0,65.0,62.0,MK000526,20.0,52.0,72.0,A,8.0,32.0,4.0,4.0,PASS
ST000143,AIML2023143,Yashawini,Bumb,Female,2006-06-15,yashawini.bumb143@student.college.edu,9140889144,DEP000001,AY000004,SEM000007,True,PRO000143,Improving,55,75,50,70,8,20,25,50,0.2,AR000143,SEM000007,AY000004,12.0,12.0,5.67,5.67,0,0,PASS,REG000561,CO000025,MN000010,REGISTERED,False,57.0,60.0,49.0,MK000527,10.0,41.0,51.0,B,6.0,24.0,4.0,4.0,PASS
ST000143,AIML2023143,Yashawini,Bumb,Female,2006-06-15,yashawini.bumb143@student.college.edu,9140889144,DEP000001,AY000004,SEM000007,True,PRO000143,Improving,55,75,50,70,8,20,25,50,0.2,AR000143,SEM000007,AY000004,12.0,12.0,5.67,5.67,0,0,PASS,REG000562,CO000026,MN000011,CANCELLED,False,75.0,60.0,61.0,,,,,,,,,,
ST000143,AIML2023143,Yashawini,Bumb,Female,2006-06-15,yashawini.bumb143@student.college.edu,9140889144,DEP000001,AY000004,SEM000007,True,PRO000143,Improving,55,75,50,70,8,20,25,50,0.2,AR000143,SEM000007,AY000004,12.0,12.0,5.67,5.67,0,0,PASS,REG000563,CO000027,MN000012,REGISTERED,False,55.0,60.0,56.0,MK000528,15.0,34.0,49.0,C,5.0,20.0,4.0,4.0,PASS
ST000143,AIML2023143,Yashawini,Bumb,Female,2006-06-15,yashawini.bumb143@student.college.edu,9140889144,DEP000001,AY000004,SEM000007,True,PRO000143,Improving,55,75,50,70,8,20,25,50,0.2,AR000143,SEM000007,AY000004,12.0,12.0,5.67,5.67,0,0,PASS,REG000564,CO000028,MN000013,REGISTERED,False,58.0,62.0,43.0,MK000529,9.0,48.0,57.0,B,6.0,24.0,4.0,4.0,PASS
ST000144,AIML2023144,Rachit,Chaudhry,Male,2004-05-25,rachit.chaudhry144@student.college.edu,9780361729,DEP000001,AY000004,SEM000007,True,PRO000144,Good,80,95,75,90,18,28,45,65,0.03,AR000144,SEM000007,AY000004,16.0,16.0,8.5,8.5,0,0,PASS,REG000565,CO000025,MN000010,REGISTERED,False,82.0,82.0,86.0,MK000530,28.0,48.0,76.0,A,8.0,32.0,4.0,4.0,PASS
ST000144,AIML2023144,Rachit,Chaudhry,Male,2004-05-25,rachit.chaudhry144@student.college.edu,9780361729,DEP000001,AY000004,SEM000007,True,PRO000144,Good,80,95,75,90,18,28,45,65,0.03,AR000144,SEM000007,AY000004,16.0,16.0,8.5,8.5,0,0,PASS,REG000566,CO000026,MN000011,REGISTERED,False,86.0,90.0,82.0,MK000531,24.0,64.0,88.0,A+,9.0,36.0,4.0,4.0,PASS
ST000144,AIML2023144,Rachit,Chaudhry,Male,2004-05-25,rachit.chaudhry144@student.college.edu,9780361729,DEP000001,AY000004,SEM000007,True,PRO000144,Good,80,95,75,90,18,28,45,65,0.03,AR000144,SEM000007,AY000004,16.0,16.0,8.5,8.5,0,0,PASS,REG000567,CO000027,MN000012,REGISTERED,False,82.0,81.0,77.0,MK000532,20.0,56.0,76.0,A,8.0,32.0,4.0,4.0,PASS
ST000144,AIML2023144,Rachit,Chaudhry,Male,2004-05-25,rachit.chaudhry144@student.college.edu,9780361729,DEP000001,AY000004,SEM000007,True,PRO000144,Good,80,95,75,90,18,28,45,65,0.03,AR000144,SEM000007,AY000004,16.0,16.0,8.5,8.5,0,0,PASS,REG000568,CO000028,MN000013,REGISTERED,False,81.0,79.0,79.0,MK000533,19.0,62.0,81.0,A+,9.0,36.0,4.0,4.0,PASS
ST000145,AIML2023145,Ojasvi,Kari,Female,2003-10-09,ojasvi.kari145@student.college.edu,7751167315,DEP000001,AY000004,SEM000007,True,PRO000145,Excellent,90,100,90,100,24,30,55,70,0.01,AR000145,SEM000007,AY000004,16.0,16.0,9.25,9.25,0,0,PASS,REG000569,CO000025,MN000010,REGISTERED,False,98.0,100.0,95.0,MK000534,25.0,59.0,84.0,A+,9.0,36.0,4.0,4.0,PASS
ST000145,AIML2023145,Ojasvi,Kari,Female,2003-10-09,ojasvi.kari145@student.college.edu,7751167315,DEP000001,AY000004,SEM000007,True,PRO000145,Excellent,90,100,90,100,24,30,55,70,0.01,AR000145,SEM000007,AY000004,16.0,16.0,9.25,9.25,0,0,PASS,REG000570,CO000026,MN000011,REGISTERED,False,90.0,93.0,87.0,MK000535,29.0,60.0,89.0,A+,9.0,36.0,4.0,4.0,PASS
ST000145,AIML2023145,Ojasvi,Kari,Female,2003-10-09,ojasvi.kari145@student.college.edu,7751167315,DEP000001,AY000004,SEM000007,True,PRO000145,Excellent,90,100,90,100,24,30,55,70,0.01,AR000145,SEM000007,AY000004,16.0,16.0,9.25,9.25,0,0,PASS,REG000571,CO000027,MN000012,REGISTERED,False,91.0,96.0,87.0,MK000536,26.0,66.0,92.0,O,10.0,40.0,4.0,4.0,PASS
ST000145,AIML2023145,Ojasvi,Kari,Female,2003-10-09,ojasvi.kari145@student.college.edu,7751167315,DEP000001,AY000004,SEM000007,True,PRO000145,Excellent,90,100,90,100,24,30,55,70,0.01,AR000145,SEM000007,AY000004,16.0,16.0,9.25,9.25,0,0,PASS,REG000572,CO000028,MN000013,REGISTERED,False,93.0,91.0,92.0,MK000537,28.0,59.0,87.0,A+,9.0,36.0,4.0,4.0,PASS
ST000146,AIML2023146,Forum,Ramaswamy,Female,2004-04-18,forum.ramaswamy146@student.college.edu,8284151024,DEP000001,AY000004,SEM000007,True,PRO000146,Excellent,90,100,90,100,24,30,55,70,0.01,AR000146,SEM000007,AY000004,16.0,16.0,9.25,9.25,0,0,PASS,REG000573,CO000025,MN000010,REGISTERED,False,94.0,99.0,95.0,MK000538,27.0,70.0,97.0,O,10.0,40.0,4.0,4.0,PASS
ST000146,AIML2023146,Forum,Ramaswamy,Female,2004-04-18,forum.ramaswamy146@student.college.edu,8284151024,DEP000001,AY000004,SEM000007,True,PRO000146,Excellent,90,100,90,100,24,30,55,70,0.01,AR000146,SEM000007,AY000004,16.0,16.0,9.25,9.25,0,0,PASS,REG000574,CO000026,MN000011,REGISTERED,False,94.0,97.0,93.0,MK000539,28.0,59.0,87.0,A+,9.0,36.0,4.0,4.0,PASS
ST000146,AIML2023146,Forum,Ramaswamy,Female,2004-04-18,forum.ramaswamy146@student.college.edu,8284151024,DEP000001,AY000004,SEM000007,True,PRO000146,Excellent,90,100,90,100,24,30,55,70,0.01,AR000146,SEM000007,AY000004,16.0,16.0,9.25,9.25,0,0,PASS,REG000575,CO000027,MN000012,REGISTERED,False,90.0,90.0,95.0,MK000540,26.0,63.0,89.0,A+,9.0,36.0,4.0,4.0,PASS
ST000146,AIML2023146,Forum,Ramaswamy,Female,2004-04-18,forum.ramaswamy146@student.college.edu,8284151024,DEP000001,AY000004,SEM000007,True,PRO000146,Excellent,90,100,90,100,24,30,55,70,0.01,AR000146,SEM000007,AY000004,16.0,16.0,9.25,9.25,0,0,PASS,REG000576,CO000028,MN000013,REGISTERED,False,90.0,90.0,85.0,MK000541,30.0,57.0,87.0,A+,9.0,36.0,4.0,4.0,PASS
ST000147,AIML2023147,Tanveer,Kibe,Male,2005-09-25,tanveer.kibe147@student.college.edu,7406210358,DEP000001,AY000004,SEM000007,True,PRO000147,Good,80,95,75,90,18,28,45,65,0.03,AR000147,SEM000007,AY000004,16.0,16.0,8.75,8.75,0,0,PASS,REG000577,CO000025,MN000010,REGISTERED,False,94.0,90.0,92.0,MK000542,26.0,59.0,85.0,A+,9.0,36.0,4.0,4.0,PASS
ST000147,AIML2023147,Tanveer,Kibe,Male,2005-09-25,tanveer.kibe147@student.college.edu,7406210358,DEP000001,AY000004,SEM000007,True,PRO000147,Good,80,95,75,90,18,28,45,65,0.03,AR000147,SEM000007,AY000004,16.0,16.0,8.75,8.75,0,0,PASS,REG000578,CO000026,MN000011,REGISTERED,False,89.0,85.0,89.0,MK000543,19.0,52.0,71.0,A,8.0,32.0,4.0,4.0,PASS
ST000147,AIML2023147,Tanveer,Kibe,Male,2005-09-25,tanveer.kibe147@student.college.edu,7406210358,DEP000001,AY000004,SEM000007,True,PRO000147,Good,80,95,75,90,18,28,45,65,0.03,AR000147,SEM000007,AY000004,16.0,16.0,8.75,8.75,0,0,PASS,REG000579,CO000027,MN000012,REGISTERED,False,84.0,87.0,82.0,MK000544,20.0,64.0,84.0,A+,9.0,36.0,4.0,4.0,PASS
ST000147,AIML2023147,Tanveer,Kibe,Male,2005-09-25,tanveer.kibe147@student.college.edu,7406210358,DEP000001,AY000004,SEM000007,True,PRO000147,Good,80,95,75,90,18,28,45,65,0.03,AR000147,SEM000007,AY000004,16.0,16.0,8.75,8.75,0,0,PASS,REG000580,CO000028,MN000013,REGISTERED,False,94.0,86.0,86.0,MK000545,28.0,58.0,86.0,A+,9.0,36.0,4.0,4.0,PASS
ST000148,AIML2023148,Eiravati,Kara,Female,2004-04-10,eiravati.kara148@student.college.edu,9765660503,DEP000001,AY000004,SEM000007,True,PRO000148,Excellent,90,100,90,100,24,30,55,70,0.01,AR000148,SEM000007,AY000004,16.0,16.0,9.5,9.5,0,0,PASS,REG000581,CO000025,MN000010,REGISTERED,False,100.0,90.0,87.0,MK000546,25.0,57.0,82.0,A+,9.0,36.0,4.0,4.0,PASS
ST000148,AIML2023148,Eiravati,Kara,Female,2004-04-10,eiravati.kara148@student.college.edu,9765660503,DEP000001,AY000004,SEM000007,True,PRO000148,Excellent,90,100,90,100,24,30,55,70,0.01,AR000148,SEM000007,AY000004,16.0,16.0,9.5,9.5,0,0,PASS,REG000582,CO000026,MN000011,REGISTERED,False,97.0,91.0,92.0,MK000547,27.0,59.0,86.0,A+,9.0,36.0,4.0,4.0,PASS
ST000148,AIML2023148,Eiravati,Kara,Female,2004-04-10,eiravati.kara148@student.college.edu,9765660503,DEP000001,AY000004,SEM000007,True,PRO000148,Excellent,90,100,90,100,24,30,55,70,0.01,AR000148,SEM000007,AY000004,16.0,16.0,9.5,9.5,0,0,PASS,REG000583,CO000027,MN000012,REGISTERED,False,94.0,95.0,86.0,MK000548,28.0,68.0,96.0,O,10.0,40.0,4.0,4.0,PASS
ST000148,AIML2023148,Eiravati,Kara,Female,2004-04-10,eiravati.kara148@student.college.edu,9765660503,DEP000001,AY000004,SEM000007,True,PRO000148,Excellent,90,100,90,100,24,30,55,70,0.01,AR000148,SEM000007,AY000004,16.0,16.0,9.5,9.5,0,0,PASS,REG000584,CO000028,MN000013,REGISTERED,False,90.0,94.0,90.0,MK000549,30.0,62.0,92.0,O,10.0,40.0,4.0,4.0,PASS
ST000149,AIML2023149,Kashish,Brahmbhatt,Female,2005-12-21,kashish.brahmbhatt149@student.college.edu,9468021690,DEP000001,AY000004,SEM000007,True,PRO000149,HighRisk,20,50,20,45,0,12,0,30,0.8,AR000149,SEM000007,AY000004,12.0,4.0,1.33,1.33,2,2,PROMOTED,REG000585,CO000025,MN000010,REGISTERED,False,22.0,23.0,7.0,MK000550,12.0,12.0,24.0,F,0.0,0.0,4.0,0.0,FAIL
ST000149,AIML2023149,Kashish,Brahmbhatt,Female,2005-12-21,kashish.brahmbhatt149@student.college.edu,9468021690,DEP000001,AY000004,SEM000007,True,PRO000149,HighRisk,20,50,20,45,0,12,0,30,0.8,AR000149,SEM000007,AY000004,12.0,4.0,1.33,1.33,2,2,PROMOTED,REG000586,CO000026,MN000011,CANCELLED,False,28.0,22.0,15.0,,,,,,,,,,
ST000149,AIML2023149,Kashish,Brahmbhatt,Female,2005-12-21,kashish.brahmbhatt149@student.college.edu,9468021690,DEP000001,AY000004,SEM000007,True,PRO000149,HighRisk,20,50,20,45,0,12,0,30,0.8,AR000149,SEM000007,AY000004,12.0,4.0,1.33,1.33,2,2,PROMOTED,REG000587,CO000027,MN000012,REGISTERED,False,32.0,36.0,30.0,MK000551,11.0,29.0,40.0,P,4.0,16.0,4.0,4.0,PASS
ST000149,AIML2023149,Kashish,Brahmbhatt,Female,2005-12-21,kashish.brahmbhatt149@student.college.edu,9468021690,DEP000001,AY000004,SEM000007,True,PRO000149,HighRisk,20,50,20,45,0,12,0,30,0.8,AR000149,SEM000007,AY000004,12.0,4.0,1.33,1.33,2,2,PROMOTED,REG000588,CO000028,MN000013,REGISTERED,False,36.0,38.0,30.0,MK000552,2.0,26.0,28.0,F,0.0,0.0,4.0,0.0,FAIL
ST000150,AIML2023150,Rachita,Dave,Female,2005-11-12,rachita.dave150@student.college.edu,9998613695,DEP000001,AY000004,SEM000007,True,PRO000150,Good,80,95,75,90,18,28,45,65,0.03,AR000150,SEM000007,AY000004,16.0,16.0,8.75,8.75,0,0,PASS,REG000589,CO000025,MN000010,REGISTERED,False,93.0,84.0,82.0,MK000553,20.0,62.0,82.0,A+,9.0,36.0,4.0,4.0,PASS
ST000150,AIML2023150,Rachita,Dave,Female,2005-11-12,rachita.dave150@student.college.edu,9998613695,DEP000001,AY000004,SEM000007,True,PRO000150,Good,80,95,75,90,18,28,45,65,0.03,AR000150,SEM000007,AY000004,16.0,16.0,8.75,8.75,0,0,PASS,REG000590,CO000026,MN000011,REGISTERED,False,80.0,75.0,87.0,MK000554,26.0,64.0,90.0,O,10.0,40.0,4.0,4.0,PASS
ST000150,AIML2023150,Rachita,Dave,Female,2005-11-12,rachita.dave150@student.college.edu,9998613695,DEP000001,AY000004,SEM000007,True,PRO000150,Good,80,95,75,90,18,28,45,65,0.03,AR000150,SEM000007,AY000004,16.0,16.0,8.75,8.75,0,0,PASS,REG000591,CO000027,MN000012,REGISTERED,False,91.0,89.0,83.0,MK000555,20.0,55.0,75.0,A,8.0,32.0,4.0,4.0,PASS
ST000150,AIML2023150,Rachita,Dave,Female,2005-11-12,rachita.dave150@student.college.edu,9998613695,DEP000001,AY000004,SEM000007,True,PRO000150,Good,80,95,75,90,18,28,45,65,0.03,AR000150,SEM000007,AY000004,16.0,16.0,8.75,8.75,0,0,PASS,REG000592,CO000028,MN000013,REGISTERED,False,80.0,77.0,72.0,MK000556,25.0,54.0,79.0,A,8.0,32.0,4.0,4.0,PASS
ST000151,AIML2023151,Sai,Dayal,Female,2005-10-21,sai.dayal151@student.college.edu,6992984677,DEP000001,AY000004,SEM000007,True,PRO000151,Improving,55,75,50,70,8,20,25,50,0.2,AR000151,SEM000007,AY000004,16.0,16.0,5.0,5.0,0,0,PASS,REG000593,CO000025,MN000010,REGISTERED,False,55.0,51.0,40.0,MK000557,12.0,33.0,45.0,C,5.0,20.0,4.0,4.0,PASS
ST000151,AIML2023151,Sai,Dayal,Female,2005-10-21,sai.dayal151@student.college.edu,6992984677,DEP000001,AY000004,SEM000007,True,PRO000151,Improving,55,75,50,70,8,20,25,50,0.2,AR000151,SEM000007,AY000004,16.0,16.0,5.0,5.0,0,0,PASS,REG000594,CO000026,MN000011,REGISTERED,False,60.0,64.0,46.0,MK000558,12.0,28.0,40.0,P,4.0,16.0,4.0,4.0,PASS
ST000151,AIML2023151,Sai,Dayal,Female,2005-10-21,sai.dayal151@student.college.edu,6992984677,DEP000001,AY000004,SEM000007,True,PRO000151,Improving,55,75,50,70,8,20,25,50,0.2,AR000151,SEM000007,AY000004,16.0,16.0,5.0,5.0,0,0,PASS,REG000595,CO000027,MN000012,REGISTERED,False,66.0,61.0,61.0,MK000559,13.0,44.0,57.0,B,6.0,24.0,4.0,4.0,PASS
ST000151,AIML2023151,Sai,Dayal,Female,2005-10-21,sai.dayal151@student.college.edu,6992984677,DEP000001,AY000004,SEM000007,True,PRO000151,Improving,55,75,50,70,8,20,25,50,0.2,AR000151,SEM000007,AY000004,16.0,16.0,5.0,5.0,0,0,PASS,REG000596,CO000028,MN000013,REGISTERED,False,63.0,50.0,59.0,MK000560,18.0,31.0,49.0,C,5.0,20.0,4.0,4.0,PASS
ST000152,AIML2023152,Veer,Andra,Male,2004-03-10,veer.andra152@student.college.edu,7669694891,DEP000001,AY000004,SEM000007,True,PRO000152,Average,65,85,60,80,10,24,30,58,0.1,AR000152,SEM000007,AY000004,16.0,16.0,5.75,5.75,0,0,PASS,REG000597,CO000025,MN000010,REGISTERED,False,80.0,72.0,67.0,MK000561,18.0,34.0,52.0,B,6.0,24.0,4.0,4.0,PASS
ST000152,AIML2023152,Veer,Andra,Male,2004-03-10,veer.andra152@student.college.edu,7669694891,DEP000001,AY000004,SEM000007,True,PRO000152,Average,65,85,60,80,10,24,30,58,0.1,AR000152,SEM000007,AY000004,16.0,16.0,5.75,5.75,0,0,PASS,REG000598,CO000026,MN000011,REGISTERED,False,72.0,66.0,74.0,MK000562,13.0,35.0,48.0,C,5.0,20.0,4.0,4.0,PASS
ST000152,AIML2023152,Veer,Andra,Male,2004-03-10,veer.andra152@student.college.edu,7669694891,DEP000001,AY000004,SEM000007,True,PRO000152,Average,65,85,60,80,10,24,30,58,0.1,AR000152,SEM000007,AY000004,16.0,16.0,5.75,5.75,0,0,PASS,REG000599,CO000027,MN000012,REGISTERED,False,84.0,72.0,78.0,MK000563,12.0,33.0,45.0,C,5.0,20.0,4.0,4.0,PASS
ST000152,AIML2023152,Veer,Andra,Male,2004-03-10,veer.andra152@student.college.edu,7669694891,DEP000001,AY000004,SEM000007,True,PRO000152,Average,65,85,60,80,10,24,30,58,0.1,AR000152,SEM000007,AY000004,16.0,16.0,5.75,5.75,0,0,PASS,REG000600,CO000028,MN000013,REGISTERED,False,75.0,79.0,79.0,MK000564,19.0,46.0,65.0,B+,7.0,28.0,4.0,4.0,PASS
ST000153,AIML2023153,Vasudha,Badal,Female,2006-06-26,vasudha.badal153@student.college.edu,7489349178,DEP000001,AY000004,SEM000007,False,PRO000153,Good,80,95,75,90,18,28,45,65,0.03,AR000153,SEM000007,AY000004,0.0,0.0,0.0,0.0,0,0,NOT_REGISTERED,,,,,,,,,,,,,,,,,,
ST000154,AIML2023154,Idika,Vohra,Female,2004-09-18,idika.vohra154@student.college.edu,9598075939,DEP000001,AY000004,SEM000007,True,PRO000154,HighRisk,20,50,20,45,0,12,0,30,0.8,AR000154,SEM000007,AY000004,8.0,0.0,0.0,0.0,2,2,PROMOTED,REG000601,CO000025,MN000010,CANCELLED,False,49.0,45.0,34.0,,,,,,,,,,
ST000154,AIML2023154,Idika,Vohra,Female,2004-09-18,idika.vohra154@student.college.edu,9598075939,DEP000001,AY000004,SEM000007,True,PRO000154,HighRisk,20,50,20,45,0,12,0,30,0.8,AR000154,SEM000007,AY000004,8.0,0.0,0.0,0.0,2,2,PROMOTED,REG000602,CO000026,MN000011,REGISTERED,True,48.0,39.0,33.0,MK000565,10.0,27.0,37.0,F,0.0,0.0,4.0,0.0,FAIL
ST000154,AIML2023154,Idika,Vohra,Female,2004-09-18,idika.vohra154@student.college.edu,9598075939,DEP000001,AY000004,SEM000007,True,PRO000154,HighRisk,20,50,20,45,0,12,0,30,0.8,AR000154,SEM000007,AY000004,8.0,0.0,0.0,0.0,2,2,PROMOTED,REG000603,CO000027,MN000012,CANCELLED,False,21.0,22.0,20.0,,,,,,,,,,
ST000154,AIML2023154,Idika,Vohra,Female,2004-09-18,idika.vohra154@student.college.edu,9598075939,DEP000001,AY000004,SEM000007,True,PRO000154,HighRisk,20,50,20,45,0,12,0,30,0.8,AR000154,SEM000007,AY000004,8.0,0.0,0.0,0.0,2,2,PROMOTED,REG000604,CO000028,MN000013,REGISTERED,False,20.0,21.0,28.0,MK000566,3.0,9.0,12.0,F,0.0,0.0,4.0,0.0,FAIL
ST000155,AIML2023155,Pallavi,Bandi,Female,2003-12-31,pallavi.bandi155@student.college.edu,7047206768,DEP000001,AY000004,SEM000007,True,PRO000155,Improving,55,75,50,70,8,20,25,50,0.2,AR000155,SEM000007,AY000004,12.0,12.0,6.0,6.0,0,0,PASS,REG000605,CO000025,MN000010,CANCELLED,False,55.0,51.0,62.0,,,,,,,,,,
ST000155,AIML2023155,Pallavi,Bandi,Female,2003-12-31,pallavi.bandi155@student.college.edu,7047206768,DEP000001,AY000004,SEM000007,True,PRO000155,Improving,55,75,50,70,8,20,25,50,0.2,AR000155,SEM000007,AY000004,12.0,12.0,6.0,6.0,0,0,PASS,REG000606,CO000026,MN000011,REGISTERED,False,61.0,54.0,57.0,MK000567,9.0,41.0,50.0,B,6.0,24.0,4.0,4.0,PASS
ST000155,AIML2023155,Pallavi,Bandi,Female,2003-12-31,pallavi.bandi155@student.college.edu,7047206768,DEP000001,AY000004,SEM000007,True,PRO000155,Improving,55,75,50,70,8,20,25,50,0.2,AR000155,SEM000007,AY000004,12.0,12.0,6.0,6.0,0,0,PASS,REG000607,CO000027,MN000012,REGISTERED,False,75.0,69.0,60.0,MK000568,16.0,31.0,47.0,C,5.0,20.0,4.0,4.0,PASS
ST000155,AIML2023155,Pallavi,Bandi,Female,2003-12-31,pallavi.bandi155@student.college.edu,7047206768,DEP000001,AY000004,SEM000007,True,PRO000155,Improving,55,75,50,70,8,20,25,50,0.2,AR000155,SEM000007,AY000004,12.0,12.0,6.0,6.0,0,0,PASS,REG000608,CO000028,MN000013,REGISTERED,False,59.0,50.0,61.0,MK000569,18.0,47.0,65.0,B+,7.0,28.0,4.0,4.0,PASS
ST000156,AIML2023156,Harini,Prasad,Female,2005-12-31,harini.prasad156@student.college.edu,6744324340,DEP000001,AY000004,SEM000007,True,PRO000156,Average,65,85,60,80,10,24,30,58,0.1,AR000156,SEM000007,AY000004,16.0,16.0,6.5,6.5,0,0,PASS,REG000609,CO000025,MN000010,REGISTERED,False,79.0,63.0,66.0,MK000570,16.0,36.0,52.0,B,6.0,24.0,4.0,4.0,PASS
ST000156,AIML2023156,Harini,Prasad,Female,2005-12-31,harini.prasad156@student.college.edu,6744324340,DEP000001,AY000004,SEM000007,True,PRO000156,Average,65,85,60,80,10,24,30,58,0.1,AR000156,SEM000007,AY000004,16.0,16.0,6.5,6.5,0,0,PASS,REG000610,CO000026,MN000011,REGISTERED,False,67.0,64.0,72.0,MK000571,18.0,51.0,69.0,B+,7.0,28.0,4.0,4.0,PASS
ST000156,AIML2023156,Harini,Prasad,Female,2005-12-31,harini.prasad156@student.college.edu,6744324340,DEP000001,AY000004,SEM000007,True,PRO000156,Average,65,85,60,80,10,24,30,58,0.1,AR000156,SEM000007,AY000004,16.0,16.0,6.5,6.5,0,0,PASS,REG000611,CO000027,MN000012,REGISTERED,False,84.0,75.0,75.0,MK000572,20.0,36.0,56.0,B,6.0,24.0,4.0,4.0,PASS
ST000156,AIML2023156,Harini,Prasad,Female,2005-12-31,harini.prasad156@student.college.edu,6744324340,DEP000001,AY000004,SEM000007,True,PRO000156,Average,65,85,60,80,10,24,30,58,0.1,AR000156,SEM000007,AY000004,16.0,16.0,6.5,6.5,0,0,PASS,REG000612,CO000028,MN000013,REGISTERED,False,74.0,63.0,73.0,MK000573,13.0,48.0,61.0,B+,7.0,28.0,4.0,4.0,PASS
ST000157,AIML2023157,Vasudha,Singhal,Female,2004-05-06,vasudha.singhal157@student.college.edu,9464247433,DEP000001,AY000004,SEM000007,True,PRO000157,Excellent,90,100,90,100,24,30,55,70,0.01,AR000157,SEM000007,AY000004,16.0,16.0,9.5,9.5,0,0,PASS,REG000613,CO000025,MN000010,REGISTERED,False,98.0,90.0,94.0,MK000574,24.0,69.0,93.0,O,10.0,40.0,4.0,4.0,PASS
ST000157,AIML2023157,Vasudha,Singhal,Female,2004-05-06,vasudha.singhal157@student.college.edu,9464247433,DEP000001,AY000004,SEM000007,True,PRO000157,Excellent,90,100,90,100,24,30,55,70,0.01,AR000157,SEM000007,AY000004,16.0,16.0,9.5,9.5,0,0,PASS,REG000614,CO000026,MN000011,REGISTERED,False,90.0,91.0,86.0,MK000575,28.0,56.0,84.0,A+,9.0,36.0,4.0,4.0,PASS
ST000157,AIML2023157,Vasudha,Singhal,Female,2004-05-06,vasudha.singhal157@student.college.edu,9464247433,DEP000001,AY000004,SEM000007,True,PRO000157,Excellent,90,100,90,100,24,30,55,70,0.01,AR000157,SEM000007,AY000004,16.0,16.0,9.5,9.5,0,0,PASS,REG000615,CO000027,MN000012,REGISTERED,False,100.0,98.0,85.0,MK000576,25.0,61.0,86.0,A+,9.0,36.0,4.0,4.0,PASS
ST000157,AIML2023157,Vasudha,Singhal,Female,2004-05-06,vasudha.singhal157@student.college.edu,9464247433,DEP000001,AY000004,SEM000007,True,PRO000157,Excellent,90,100,90,100,24,30,55,70,0.01,AR000157,SEM000007,AY000004,16.0,16.0,9.5,9.5,0,0,PASS,REG000616,CO000028,MN000013,REGISTERED,False,95.0,90.0,91.0,MK000577,30.0,63.0,93.0,O,10.0,40.0,4.0,4.0,PASS
ST000158,AIML2023158,Rajata,Sem,Female,2004-10-02,rajata.sem158@student.college.edu,6418895282,DEP000001,AY000004,SEM000007,True,PRO000158,Good,80,95,75,90,18,28,45,65,0.03,AR000158,SEM000007,AY000004,16.0,16.0,8.25,8.25,0,0,PASS,REG000617,CO000025,MN000010,REGISTERED,False,83.0,75.0,78.0,MK000578,28.0,55.0,83.0,A+,9.0,36.0,4.0,4.0,PASS
ST000158,AIML2023158,Rajata,Sem,Female,2004-10-02,rajata.sem158@student.college.edu,6418895282,DEP000001,AY000004,SEM000007,True,PRO000158,Good,80,95,75,90,18,28,45,65,0.03,AR000158,SEM000007,AY000004,16.0,16.0,8.25,8.25,0,0,PASS,REG000618,CO000026,MN000011,REGISTERED,True,93.0,84.0,82.0,MK000579,22.0,45.0,67.0,B+,7.0,28.0,4.0,4.0,PASS
ST000158,AIML2023158,Rajata,Sem,Female,2004-10-02,rajata.sem158@student.college.edu,6418895282,DEP000001,AY000004,SEM000007,True,PRO000158,Good,80,95,75,90,18,28,45,65,0.03,AR000158,SEM000007,AY000004,16.0,16.0,8.25,8.25,0,0,PASS,REG000619,CO000027,MN000012,REGISTERED,False,92.0,79.0,82.0,MK000580,18.0,59.0,77.0,A,8.0,32.0,4.0,4.0,PASS
ST000158,AIML2023158,Rajata,Sem,Female,2004-10-02,rajata.sem158@student.college.edu,6418895282,DEP000001,AY000004,SEM000007,True,PRO000158,Good,80,95,75,90,18,28,45,65,0.03,AR000158,SEM000007,AY000004,16.0,16.0,8.25,8.25,0,0,PASS,REG000620,CO000028,MN000013,REGISTERED,False,82.0,84.0,92.0,MK000581,24.0,63.0,87.0,A+,9.0,36.0,4.0,4.0,PASS
ST000159,AIML2023159,Naveen,Yadav,Male,2005-08-12,naveen.yadav159@student.college.edu,8549290968,DEP000001,AY000004,SEM000007,True,PRO000159,Average,65,85,60,80,10,24,30,58,0.1,AR000159,SEM000007,AY000004,16.0,16.0,7.5,7.5,0,0,PASS,REG000621,CO000025,MN000010,REGISTERED,False,65.0,60.0,65.0,MK000582,17.0,57.0,74.0,A,8.0,32.0,4.0,4.0,PASS
ST000159,AIML2023159,Naveen,Yadav,Male,2005-08-12,naveen.yadav159@student.college.edu,8549290968,DEP000001,AY000004,SEM000007,True,PRO000159,Average,65,85,60,80,10,24,30,58,0.1,AR000159,SEM000007,AY000004,16.0,16.0,7.5,7.5,0,0,PASS,REG000622,CO000026,MN000011,REGISTERED,False,71.0,75.0,74.0,MK000583,14.0,38.0,52.0,B,6.0,24.0,4.0,4.0,PASS
ST000159,AIML2023159,Naveen,Yadav,Male,2005-08-12,naveen.yadav159@student.college.edu,8549290968,DEP000001,AY000004,SEM000007,True,PRO000159,Average,65,85,60,80,10,24,30,58,0.1,AR000159,SEM000007,AY000004,16.0,16.0,7.5,7.5,0,0,PASS,REG000623,CO000027,MN000012,REGISTERED,False,66.0,67.0,63.0,MK000584,14.0,58.0,72.0,A,8.0,32.0,4.0,4.0,PASS
ST000159,AIML2023159,Naveen,Yadav,Male,2005-08-12,naveen.yadav159@student.college.edu,8549290968,DEP000001,AY000004,SEM000007,True,PRO000159,Average,65,85,60,80,10,24,30,58,0.1,AR000159,SEM000007,AY000004,16.0,16.0,7.5,7.5,0,0,PASS,REG000624,CO000028,MN000013,REGISTERED,False,69.0,65.0,77.0,MK000585,19.0,54.0,73.0,A,8.0,32.0,4.0,4.0,PASS
ST000160,AIML2023160,Andrew,Mistry,Male,2006-04-07,andrew.mistry160@student.college.edu,7833124544,DEP000001,AY000004,SEM000007,True,PRO000160,Declining,40,65,35,60,4,16,15,40,0.45,AR000160,SEM000007,AY000004,16.0,8.0,2.0,2.0,2,2,PROMOTED,REG000625,CO000025,MN000010,REGISTERED,True,57.0,52.0,47.0,MK000586,4.0,36.0,40.0,P,4.0,16.0,4.0,4.0,PASS
ST000160,AIML2023160,Andrew,Mistry,Male,2006-04-07,andrew.mistry160@student.college.edu,7833124544,DEP000001,AY000004,SEM000007,True,PRO000160,Declining,40,65,35,60,4,16,15,40,0.45,AR000160,SEM000007,AY000004,16.0,8.0,2.0,2.0,2,2,PROMOTED,REG000626,CO000026,MN000011,REGISTERED,False,45.0,39.0,45.0,MK000587,8.0,21.0,29.0,F,0.0,0.0,4.0,0.0,FAIL
ST000160,AIML2023160,Andrew,Mistry,Male,2006-04-07,andrew.mistry160@student.college.edu,7833124544,DEP000001,AY000004,SEM000007,True,PRO000160,Declining,40,65,35,60,4,16,15,40,0.45,AR000160,SEM000007,AY000004,16.0,8.0,2.0,2.0,2,2,PROMOTED,REG000627,CO000027,MN000012,REGISTERED,False,64.0,49.0,49.0,MK000588,10.0,30.0,40.0,P,4.0,16.0,4.0,4.0,PASS
ST000160,AIML2023160,Andrew,Mistry,Male,2006-04-07,andrew.mistry160@student.college.edu,7833124544,DEP000001,AY000004,SEM000007,True,PRO000160,Declining,40,65,35,60,4,16,15,40,0.45,AR000160,SEM000007,AY000004,16.0,8.0,2.0,2.0,2,2,PROMOTED,REG000628,CO000028,MN000013,REGISTERED,False,61.0,58.0,47.0,MK000589,5.0,27.0,32.0,F,0.0,0.0,4.0,0.0,FAIL
ST000161,AIML2023161,Ikshita,Kapur,Female,2006-02-10,ikshita.kapur161@student.college.edu,8922470040,DEP000001,AY000004,SEM000007,True,PRO000161,Good,80,95,75,90,18,28,45,65,0.03,AR000161,SEM000007,AY000004,16.0,16.0,8.0,8.0,0,0,PASS,REG000629,CO000025,MN000010,REGISTERED,False,82.0,75.0,86.0,MK000590,23.0,54.0,77.0,A,8.0,32.0,4.0,4.0,PASS
ST000161,AIML2023161,Ikshita,Kapur,Female,2006-02-10,ikshita.kapur161@student.college.edu,8922470040,DEP000001,AY000004,SEM000007,True,PRO000161,Good,80,95,75,90,18,28,45,65,0.03,AR000161,SEM000007,AY000004,16.0,16.0,8.0,8.0,0,0,PASS,REG000630,CO000026,MN000011,REGISTERED,False,94.0,78.0,84.0,MK000591,25.0,63.0,88.0,A+,9.0,36.0,4.0,4.0,PASS
ST000161,AIML2023161,Ikshita,Kapur,Female,2006-02-10,ikshita.kapur161@student.college.edu,8922470040,DEP000001,AY000004,SEM000007,True,PRO000161,Good,80,95,75,90,18,28,45,65,0.03,AR000161,SEM000007,AY000004,16.0,16.0,8.0,8.0,0,0,PASS,REG000631,CO000027,MN000012,REGISTERED,False,89.0,76.0,80.0,MK000592,22.0,47.0,69.0,B+,7.0,28.0,4.0,4.0,PASS
ST000161,AIML2023161,Ikshita,Kapur,Female,2006-02-10,ikshita.kapur161@student.college.edu,8922470040,DEP000001,AY000004,SEM000007,True,PRO000161,Good,80,95,75,90,18,28,45,65,0.03,AR000161,SEM000007,AY000004,16.0,16.0,8.0,8.0,0,0,PASS,REG000632,CO000028,MN000013,REGISTERED,False,92.0,80.0,80.0,MK000593,24.0,50.0,74.0,A,8.0,32.0,4.0,4.0,PASS
ST000162,AIML2023162,Vinaya,Yogi,Female,2005-03-03,vinaya.yogi162@student.college.edu,7494406512,DEP000001,AY000004,SEM000007,True,PRO000162,Improving,55,75,50,70,8,20,25,50,0.2,AR000162,SEM000007,AY000004,16.0,16.0,5.75,5.75,0,0,PASS,REG000633,CO000025,MN000010,REGISTERED,False,69.0,70.0,62.0,MK000594,17.0,37.0,54.0,B,6.0,24.0,4.0,4.0,PASS
ST000162,AIML2023162,Vinaya,Yogi,Female,2005-03-03,vinaya.yogi162@student.college.edu,7494406512,DEP000001,AY000004,SEM000007,True,PRO000162,Improving,55,75,50,70,8,20,25,50,0.2,AR000162,SEM000007,AY000004,16.0,16.0,5.75,5.75,0,0,PASS,REG000634,CO000026,MN000011,REGISTERED,False,66.0,57.0,60.0,MK000595,13.0,39.0,52.0,B,6.0,24.0,4.0,4.0,PASS
ST000162,AIML2023162,Vinaya,Yogi,Female,2005-03-03,vinaya.yogi162@student.college.edu,7494406512,DEP000001,AY000004,SEM000007,True,PRO000162,Improving,55,75,50,70,8,20,25,50,0.2,AR000162,SEM000007,AY000004,16.0,16.0,5.75,5.75,0,0,PASS,REG000635,CO000027,MN000012,REGISTERED,False,59.0,52.0,59.0,MK000596,14.0,32.0,46.0,C,5.0,20.0,4.0,4.0,PASS
ST000162,AIML2023162,Vinaya,Yogi,Female,2005-03-03,vinaya.yogi162@student.college.edu,7494406512,DEP000001,AY000004,SEM000007,True,PRO000162,Improving,55,75,50,70,8,20,25,50,0.2,AR000162,SEM000007,AY000004,16.0,16.0,5.75,5.75,0,0,PASS,REG000636,CO000028,MN000013,REGISTERED,False,57.0,57.0,58.0,MK000597,11.0,47.0,58.0,B,6.0,24.0,4.0,4.0,PASS
ST000163,AIML2023163,Qabil,Venkatesh,Male,2004-01-12,qabil.venkatesh163@student.college.edu,8262806775,DEP000001,AY000004,SEM000007,True,PRO000163,Good,80,95,75,90,18,28,45,65,0.03,AR000163,SEM000007,AY000004,16.0,16.0,8.25,8.25,0,0,PASS,REG000637,CO000025,MN000010,REGISTERED,False,85.0,78.0,71.0,MK000598,23.0,58.0,81.0,A+,9.0,36.0,4.0,4.0,PASS
ST000163,AIML2023163,Qabil,Venkatesh,Male,2004-01-12,qabil.venkatesh163@student.college.edu,8262806775,DEP000001,AY000004,SEM000007,True,PRO000163,Good,80,95,75,90,18,28,45,65,0.03,AR000163,SEM000007,AY000004,16.0,16.0,8.25,8.25,0,0,PASS,REG000638,CO000026,MN000011,REGISTERED,False,87.0,86.0,80.0,MK000599,20.0,56.0,76.0,A,8.0,32.0,4.0,4.0,PASS
ST000163,AIML2023163,Qabil,Venkatesh,Male,2004-01-12,qabil.venkatesh163@student.college.edu,8262806775,DEP000001,AY000004,SEM000007,True,PRO000163,Good,80,95,75,90,18,28,45,65,0.03,AR000163,SEM000007,AY000004,16.0,16.0,8.25,8.25,0,0,PASS,REG000639,CO000027,MN000012,REGISTERED,False,87.0,84.0,78.0,MK000600,25.0,50.0,75.0,A,8.0,32.0,4.0,4.0,PASS
ST000163,AIML2023163,Qabil,Venkatesh,Male,2004-01-12,qabil.venkatesh163@student.college.edu,8262806775,DEP000001,AY000004,SEM000007,True,PRO000163,Good,80,95,75,90,18,28,45,65,0.03,AR000163,SEM000007,AY000004,16.0,16.0,8.25,8.25,0,0,PASS,REG000640,CO000028,MN000013,REGISTERED,False,90.0,81.0,78.0,MK000601,18.0,60.0,78.0,A,8.0,32.0,4.0,4.0,PASS
ST000164,AIML2023164,Gaurav,Mangal,Male,2004-10-09,gaurav.mangal164@student.college.edu,8973803015,DEP000001,AY000004,SEM000007,True,PRO000164,Good,80,95,75,90,18,28,45,65,0.03,AR000164,SEM000007,AY000004,16.0,16.0,8.25,8.25,0,0,PASS,REG000641,CO000025,MN000010,REGISTERED,False,91.0,89.0,86.0,MK000602,20.0,62.0,82.0,A+,9.0,36.0,4.0,4.0,PASS
ST000164,AIML2023164,Gaurav,Mangal,Male,2004-10-09,gaurav.mangal164@student.college.edu,8973803015,DEP000001,AY000004,SEM000007,True,PRO000164,Good,80,95,75,90,18,28,45,65,0.03,AR000164,SEM000007,AY000004,16.0,16.0,8.25,8.25,0,0,PASS,REG000642,CO000026,MN000011,REGISTERED,False,82.0,84.0,91.0,MK000603,23.0,56.0,79.0,A,8.0,32.0,4.0,4.0,PASS
ST000164,AIML2023164,Gaurav,Mangal,Male,2004-10-09,gaurav.mangal164@student.college.edu,8973803015,DEP000001,AY000004,SEM000007,True,PRO000164,Good,80,95,75,90,18,28,45,65,0.03,AR000164,SEM000007,AY000004,16.0,16.0,8.25,8.25,0,0,PASS,REG000643,CO000027,MN000012,REGISTERED,False,86.0,77.0,92.0,MK000604,28.0,47.0,75.0,A,8.0,32.0,4.0,4.0,PASS
ST000164,AIML2023164,Gaurav,Mangal,Male,2004-10-09,gaurav.mangal164@student.college.edu,8973803015,DEP000001,AY000004,SEM000007,True,PRO000164,Good,80,95,75,90,18,28,45,65,0.03,AR000164,SEM000007,AY000004,16.0,16.0,8.25,8.25,0,0,PASS,REG000644,CO000028,MN000013,REGISTERED,False,81.0,82.0,86.0,MK000605,26.0,48.0,74.0,A,8.0,32.0,4.0,4.0,PASS
ST000165,AIML2023165,Nicholas,Bassi,Male,2005-11-17,nicholas.bassi165@student.college.edu,7321381609,DEP000001,AY000004,SEM000007,True,PRO000165,Average,65,85,60,80,10,24,30,58,0.1,AR000165,SEM000007,AY000004,12.0,12.0,6.33,6.33,0,0,PASS,REG000645,CO000025,MN000010,REGISTERED,False,79.0,70.0,78.0,MK000606,14.0,35.0,49.0,C,5.0,20.0,4.0,4.0,PASS
ST000165,AIML2023165,Nicholas,Bassi,Male,2005-11-17,nicholas.bassi165@student.college.edu,7321381609,DEP000001,AY000004,SEM000007,True,PRO000165,Average,65,85,60,80,10,24,30,58,0.1,AR000165,SEM000007,AY000004,12.0,12.0,6.33,6.33,0,0,PASS,REG000646,CO000026,MN000011,CANCELLED,False,67.0,72.0,63.0,,,,,,,,,,
ST000165,AIML2023165,Nicholas,Bassi,Male,2005-11-17,nicholas.bassi165@student.college.edu,7321381609,DEP000001,AY000004,SEM000007,True,PRO000165,Average,65,85,60,80,10,24,30,58,0.1,AR000165,SEM000007,AY000004,12.0,12.0,6.33,6.33,0,0,PASS,REG000647,CO000027,MN000012,REGISTERED,False,85.0,73.0,78.0,MK000607,15.0,37.0,52.0,B,6.0,24.0,4.0,4.0,PASS
ST000165,AIML2023165,Nicholas,Bassi,Male,2005-11-17,nicholas.bassi165@student.college.edu,7321381609,DEP000001,AY000004,SEM000007,True,PRO000165,Average,65,85,60,80,10,24,30,58,0.1,AR000165,SEM000007,AY000004,12.0,12.0,6.33,6.33,0,0,PASS,REG000648,CO000028,MN000013,REGISTERED,True,69.0,64.0,71.0,MK000608,14.0,57.0,71.0,A,8.0,32.0,4.0,4.0,PASS
ST000166,AIML2023166,Kavya,Magar,Female,2005-08-07,kavya.magar166@student.college.edu,9384699716,DEP000001,AY000004,SEM000007,True,PRO000166,Improving,55,75,50,70,8,20,25,50,0.2,AR000166,SEM000007,AY000004,16.0,12.0,4.5,4.5,1,1,PROMOTED,REG000649,CO000025,MN000010,REGISTERED,False,72.0,66.0,62.0,MK000609,13.0,39.0,52.0,B,6.0,24.0,4.0,4.0,PASS
ST000166,AIML2023166,Kavya,Magar,Female,2005-08-07,kavya.magar166@student.college.edu,9384699716,DEP000001,AY000004,SEM000007,True,PRO000166,Improving,55,75,50,70,8,20,25,50,0.2,AR000166,SEM000007,AY000004,16.0,12.0,4.5,4.5,1,1,PROMOTED,REG000650,CO000026,MN000011,REGISTERED,True,58.0,63.0,44.0,MK000610,16.0,36.0,52.0,B,6.0,24.0,4.0,4.0,PASS
ST000166,AIML2023166,Kavya,Magar,Female,2005-08-07,kavya.magar166@student.college.edu,9384699716,DEP000001,AY000004,SEM000007,True,PRO000166,Improving,55,75,50,70,8,20,25,50,0.2,AR000166,SEM000007,AY000004,16.0,12.0,4.5,4.5,1,1,PROMOTED,REG000651,CO000027,MN000012,REGISTERED,False,61.0,50.0,65.0,MK000611,8.0,30.0,38.0,F,0.0,0.0,4.0,0.0,FAIL
ST000166,AIML2023166,Kavya,Magar,Female,2005-08-07,kavya.magar166@student.college.edu,9384699716,DEP000001,AY000004,SEM000007,True,PRO000166,Improving,55,75,50,70,8,20,25,50,0.2,AR000166,SEM000007,AY000004,16.0,12.0,4.5,4.5,1,1,PROMOTED,REG000652,CO000028,MN000013,REGISTERED,False,74.0,54.0,64.0,MK000612,9.0,47.0,56.0,B,6.0,24.0,4.0,4.0,PASS
ST000167,AIML2023167,Mohammed,Kumer,Male,2003-12-08,mohammed.kumer167@student.college.edu,7200620195,DEP000001,AY000004,SEM000007,True,PRO000167,Average,65,85,60,80,10,24,30,58,0.1,AR000167,SEM000007,AY000004,16.0,16.0,6.5,6.5,0,0,PASS,REG000653,CO000025,MN000010,REGISTERED,False,85.0,65.0,79.0,MK000613,20.0,30.0,50.0,B,6.0,24.0,4.0,4.0,PASS
ST000167,AIML2023167,Mohammed,Kumer,Male,2003-12-08,mohammed.kumer167@student.college.edu,7200620195,DEP000001,AY000004,SEM000007,True,PRO000167,Average,65,85,60,80,10,24,30,58,0.1,AR000167,SEM000007,AY000004,16.0,16.0,6.5,6.5,0,0,PASS,REG000654,CO000026,MN000011,REGISTERED,False,79.0,68.0,73.0,MK000614,18.0,35.0,53.0,B,6.0,24.0,4.0,4.0,PASS
ST000167,AIML2023167,Mohammed,Kumer,Male,2003-12-08,mohammed.kumer167@student.college.edu,7200620195,DEP000001,AY000004,SEM000007,True,PRO000167,Average,65,85,60,80,10,24,30,58,0.1,AR000167,SEM000007,AY000004,16.0,16.0,6.5,6.5,0,0,PASS,REG000655,CO000027,MN000012,REGISTERED,False,82.0,70.0,76.0,MK000615,22.0,44.0,66.0,B+,7.0,28.0,4.0,4.0,PASS
ST000167,AIML2023167,Mohammed,Kumer,Male,2003-12-08,mohammed.kumer167@student.college.edu,7200620195,DEP000001,AY000004,SEM000007,True,PRO000167,Average,65,85,60,80,10,24,30,58,0.1,AR000167,SEM000007,AY000004,16.0,16.0,6.5,6.5,0,0,PASS,REG000656,CO000028,MN000013,REGISTERED,False,68.0,69.0,63.0,MK000616,14.0,52.0,66.0,B+,7.0,28.0,4.0,4.0,PASS
ST000168,AIML2023168,Yatin,Virk,Male,2003-11-29,yatin.virk168@student.college.edu,6847357649,DEP000001,AY000004,SEM000007,True,PRO000168,Average,65,85,60,80,10,24,30,58,0.1,AR000168,SEM000007,AY000004,16.0,16.0,7.25,7.25,0,0,PASS,REG000657,CO000025,MN000010,REGISTERED,False,74.0,78.0,67.0,MK000617,23.0,57.0,80.0,A+,9.0,36.0,4.0,4.0,PASS
ST000168,AIML2023168,Yatin,Virk,Male,2003-11-29,yatin.virk168@student.college.edu,6847357649,DEP000001,AY000004,SEM000007,True,PRO000168,Average,65,85,60,80,10,24,30,58,0.1,AR000168,SEM000007,AY000004,16.0,16.0,7.25,7.25,0,0,PASS,REG000658,CO000026,MN000011,REGISTERED,False,71.0,74.0,77.0,MK000618,22.0,34.0,56.0,B,6.0,24.0,4.0,4.0,PASS
ST000168,AIML2023168,Yatin,Virk,Male,2003-11-29,yatin.virk168@student.college.edu,6847357649,DEP000001,AY000004,SEM000007,True,PRO000168,Average,65,85,60,80,10,24,30,58,0.1,AR000168,SEM000007,AY000004,16.0,16.0,7.25,7.25,0,0,PASS,REG000659,CO000027,MN000012,REGISTERED,False,69.0,74.0,73.0,MK000619,11.0,41.0,52.0,B,6.0,24.0,4.0,4.0,PASS
ST000168,AIML2023168,Yatin,Virk,Male,2003-11-29,yatin.virk168@student.college.edu,6847357649,DEP000001,AY000004,SEM000007,True,PRO000168,Average,65,85,60,80,10,24,30,58,0.1,AR000168,SEM000007,AY000004,16.0,16.0,7.25,7.25,0,0,PASS,REG000660,CO000028,MN000013,REGISTERED,False,67.0,60.0,61.0,MK000620,22.0,57.0,79.0,A,8.0,32.0,4.0,4.0,PASS
ST000169,AIML2023169,Indrajit,Kata,Male,2003-09-19,indrajit.kata169@student.college.edu,6879737695,DEP000001,AY000004,SEM000007,True,PRO000169,Improving,55,75,50,70,8,20,25,50,0.2,AR000169,SEM000007,AY000004,12.0,12.0,5.33,5.33,0,0,PASS,REG000661,CO000025,MN000010,REGISTERED,False,75.0,60.0,63.0,MK000621,15.0,46.0,61.0,B+,7.0,28.0,4.0,4.0,PASS
ST000169,AIML2023169,Indrajit,Kata,Male,2003-09-19,indrajit.kata169@student.college.edu,6879737695,DEP000001,AY000004,SEM000007,True,PRO000169,Improving,55,75,50,70,8,20,25,50,0.2,AR000169,SEM000007,AY000004,12.0,12.0,5.33,5.33,0,0,PASS,REG000662,CO000026,MN000011,REGISTERED,True,55.0,60.0,58.0,MK000622,10.0,39.0,49.0,C,5.0,20.0,4.0,4.0,PASS
ST000169,AIML2023169,Indrajit,Kata,Male,2003-09-19,indrajit.kata169@student.college.edu,6879737695,DEP000001,AY000004,SEM000007,True,PRO000169,Improving,55,75,50,70,8,20,25,50,0.2,AR000169,SEM000007,AY000004,12.0,12.0,5.33,5.33,0,0,PASS,REG000663,CO000027,MN000012,CANCELLED,False,57.0,50.0,46.0,,,,,,,,,,
ST000169,AIML2023169,Indrajit,Kata,Male,2003-09-19,indrajit.kata169@student.college.edu,6879737695,DEP000001,AY000004,SEM000007,True,PRO000169,Improving,55,75,50,70,8,20,25,50,0.2,AR000169,SEM000007,AY000004,12.0,12.0,5.33,5.33,0,0,PASS,REG000664,CO000028,MN000013,REGISTERED,False,62.0,60.0,55.0,MK000623,12.0,32.0,44.0,P,4.0,16.0,4.0,4.0,PASS
ST000170,AIML2023170,Lucky,Taneja,Male,2003-09-06,lucky.taneja170@student.college.edu,9012244530,DEP000001,AY000004,SEM000007,True,PRO000170,Average,65,85,60,80,10,24,30,58,0.1,AR000170,SEM000007,AY000004,16.0,16.0,6.5,6.5,0,0,PASS,REG000665,CO000025,MN000010,REGISTERED,False,81.0,66.0,74.0,MK000624,11.0,39.0,50.0,B,6.0,24.0,4.0,4.0,PASS
ST000170,AIML2023170,Lucky,Taneja,Male,2003-09-06,lucky.taneja170@student.college.edu,9012244530,DEP000001,AY000004,SEM000007,True,PRO000170,Average,65,85,60,80,10,24,30,58,0.1,AR000170,SEM000007,AY000004,16.0,16.0,6.5,6.5,0,0,PASS,REG000666,CO000026,MN000011,REGISTERED,False,82.0,71.0,68.0,MK000625,14.0,40.0,54.0,B,6.0,24.0,4.0,4.0,PASS
ST000170,AIML2023170,Lucky,Taneja,Male,2003-09-06,lucky.taneja170@student.college.edu,9012244530,DEP000001,AY000004,SEM000007,True,PRO000170,Average,65,85,60,80,10,24,30,58,0.1,AR000170,SEM000007,AY000004,16.0,16.0,6.5,6.5,0,0,PASS,REG000667,CO000027,MN000012,REGISTERED,False,67.0,71.0,54.0,MK000626,11.0,44.0,55.0,B,6.0,24.0,4.0,4.0,PASS
ST000170,AIML2023170,Lucky,Taneja,Male,2003-09-06,lucky.taneja170@student.college.edu,9012244530,DEP000001,AY000004,SEM000007,True,PRO000170,Average,65,85,60,80,10,24,30,58,0.1,AR000170,SEM000007,AY000004,16.0,16.0,6.5,6.5,0,0,PASS,REG000668,CO000028,MN000013,REGISTERED,False,69.0,60.0,79.0,MK000627,21.0,56.0,77.0,A,8.0,32.0,4.0,4.0,PASS
ST000171,AIML2023171,Atharv,Pandey,Male,2003-11-15,atharv.pandey171@student.college.edu,9644936631,DEP000001,AY000004,SEM000007,True,PRO000171,Average,65,85,60,80,10,24,30,58,0.1,AR000171,SEM000007,AY000004,16.0,16.0,7.25,7.25,0,0,PASS,REG000669,CO000025,MN000010,REGISTERED,False,72.0,68.0,74.0,MK000628,24.0,47.0,71.0,A,8.0,32.0,4.0,4.0,PASS
ST000171,AIML2023171,Atharv,Pandey,Male,2003-11-15,atharv.pandey171@student.college.edu,9644936631,DEP000001,AY000004,SEM000007,True,PRO000171,Average,65,85,60,80,10,24,30,58,0.1,AR000171,SEM000007,AY000004,16.0,16.0,7.25,7.25,0,0,PASS,REG000670,CO000026,MN000011,REGISTERED,False,73.0,75.0,59.0,MK000629,21.0,32.0,53.0,B,6.0,24.0,4.0,4.0,PASS
ST000171,AIML2023171,Atharv,Pandey,Male,2003-11-15,atharv.pandey171@student.college.edu,9644936631,DEP000001,AY000004,SEM000007,True,PRO000171,Average,65,85,60,80,10,24,30,58,0.1,AR000171,SEM000007,AY000004,16.0,16.0,7.25,7.25,0,0,PASS,REG000671,CO000027,MN000012,REGISTERED,False,79.0,67.0,79.0,MK000630,20.0,37.0,57.0,B,6.0,24.0,4.0,4.0,PASS
ST000171,AIML2023171,Atharv,Pandey,Male,2003-11-15,atharv.pandey171@student.college.edu,9644936631,DEP000001,AY000004,SEM000007,True,PRO000171,Average,65,85,60,80,10,24,30,58,0.1,AR000171,SEM000007,AY000004,16.0,16.0,7.25,7.25,0,0,PASS,REG000672,CO000028,MN000013,REGISTERED,False,75.0,68.0,62.0,MK000631,24.0,57.0,81.0,A+,9.0,36.0,4.0,4.0,PASS
ST000172,AIML2023172,Utkarsh,Bath,Male,2004-02-19,utkarsh.bath172@student.college.edu,9052828783,DEP000001,AY000004,SEM000007,True,PRO000172,Excellent,90,100,90,100,24,30,55,70,0.01,AR000172,SEM000007,AY000004,16.0,16.0,9.25,9.25,0,0,PASS,REG000673,CO000025,MN000010,REGISTERED,False,98.0,95.0,90.0,MK000632,25.0,69.0,94.0,O,10.0,40.0,4.0,4.0,PASS
ST000172,AIML2023172,Utkarsh,Bath,Male,2004-02-19,utkarsh.bath172@student.college.edu,9052828783,DEP000001,AY000004,SEM000007,True,PRO000172,Excellent,90,100,90,100,24,30,55,70,0.01,AR000172,SEM000007,AY000004,16.0,16.0,9.25,9.25,0,0,PASS,REG000674,CO000026,MN000011,REGISTERED,False,96.0,94.0,98.0,MK000633,29.0,57.0,86.0,A+,9.0,36.0,4.0,4.0,PASS
ST000172,AIML2023172,Utkarsh,Bath,Male,2004-02-19,utkarsh.bath172@student.college.edu,9052828783,DEP000001,AY000004,SEM000007,True,PRO000172,Excellent,90,100,90,100,24,30,55,70,0.01,AR000172,SEM000007,AY000004,16.0,16.0,9.25,9.25,0,0,PASS,REG000675,CO000027,MN000012,REGISTERED,False,97.0,98.0,94.0,MK000634,30.0,57.0,87.0,A+,9.0,36.0,4.0,4.0,PASS
ST000172,AIML2023172,Utkarsh,Bath,Male,2004-02-19,utkarsh.bath172@student.college.edu,9052828783,DEP000001,AY000004,SEM000007,True,PRO000172,Excellent,90,100,90,100,24,30,55,70,0.01,AR000172,SEM000007,AY000004,16.0,16.0,9.25,9.25,0,0,PASS,REG000676,CO000028,MN000013,REGISTERED,False,95.0,90.0,87.0,MK000635,27.0,55.0,82.0,A+,9.0,36.0,4.0,4.0,PASS
ST000173,AIML2023173,Yachana,Wali,Female,2005-04-03,yachana.wali173@student.college.edu,7806489742,DEP000001,AY000004,SEM000007,True,PRO000173,Average,65,85,60,80,10,24,30,58,0.1,AR000173,SEM000007,AY000004,12.0,12.0,6.33,6.33,0,0,PASS,REG000677,CO000025,MN000010,REGISTERED,False,80.0,61.0,70.0,MK000636,21.0,32.0,53.0,B,6.0,24.0,4.0,4.0,PASS
ST000173,AIML2023173,Yachana,Wali,Female,2005-04-03,yachana.wali173@student.college.edu,7806489742,DEP000001,AY000004,SEM000007,True,PRO000173,Average,65,85,60,80,10,24,30,58,0.1,AR000173,SEM000007,AY000004,12.0,12.0,6.33,6.33,0,0,PASS,REG000678,CO000026,MN000011,REGISTERED,False,66.0,71.0,51.0,MK000637,18.0,35.0,53.0,B,6.0,24.0,4.0,4.0,PASS
ST000173,AIML2023173,Yachana,Wali,Female,2005-04-03,yachana.wali173@student.college.edu,7806489742,DEP000001,AY000004,SEM000007,True,PRO000173,Average,65,85,60,80,10,24,30,58,0.1,AR000173,SEM000007,AY000004,12.0,12.0,6.33,6.33,0,0,PASS,REG000679,CO000027,MN000012,CANCELLED,False,83.0,67.0,69.0,,,,,,,,,,
ST000173,AIML2023173,Yachana,Wali,Female,2005-04-03,yachana.wali173@student.college.edu,7806489742,DEP000001,AY000004,SEM000007,True,PRO000173,Average,65,85,60,80,10,24,30,58,0.1,AR000173,SEM000007,AY000004,12.0,12.0,6.33,6.33,0,0,PASS,REG000680,CO000028,MN000013,REGISTERED,False,74.0,67.0,67.0,MK000638,23.0,44.0,67.0,B+,7.0,28.0,4.0,4.0,PASS
ST000174,AIML2023174,Manya,Agrawal,Female,2005-02-01,manya.agrawal174@student.college.edu,9242352757,DEP000001,AY000004,SEM000007,True,PRO000174,Good,80,95,75,90,18,28,45,65,0.03,AR000174,SEM000007,AY000004,16.0,16.0,8.75,8.75,0,0,PASS,REG000681,CO000025,MN000010,REGISTERED,False,83.0,87.0,87.0,MK000639,21.0,54.0,75.0,A,8.0,32.0,4.0,4.0,PASS
ST000174,AIML2023174,Manya,Agrawal,Female,2005-02-01,manya.agrawal174@student.college.edu,9242352757,DEP000001,AY000004,SEM000007,True,PRO000174,Good,80,95,75,90,18,28,45,65,0.03,AR000174,SEM000007,AY000004,16.0,16.0,8.75,8.75,0,0,PASS,REG000682,CO000026,MN000011,REGISTERED,False,90.0,82.0,87.0,MK000640,25.0,57.0,82.0,A+,9.0,36.0,4.0,4.0,PASS
ST000174,AIML2023174,Manya,Agrawal,Female,2005-02-01,manya.agrawal174@student.college.edu,9242352757,DEP000001,AY000004,SEM000007,True,PRO000174,Good,80,95,75,90,18,28,45,65,0.03,AR000174,SEM000007,AY000004,16.0,16.0,8.75,8.75,0,0,PASS,REG000683,CO000027,MN000012,REGISTERED,False,83.0,86.0,88.0,MK000641,28.0,54.0,82.0,A+,9.0,36.0,4.0,4.0,PASS
ST000174,AIML2023174,Manya,Agrawal,Female,2005-02-01,manya.agrawal174@student.college.edu,9242352757,DEP000001,AY000004,SEM000007,True,PRO000174,Good,80,95,75,90,18,28,45,65,0.03,AR000174,SEM000007,AY000004,16.0,16.0,8.75,8.75,0,0,PASS,REG000684,CO000028,MN000013,REGISTERED,False,92.0,88.0,84.0,MK000642,22.0,60.0,82.0,A+,9.0,36.0,4.0,4.0,PASS
ST000175,AIML2023175,Reyansh,Dalal,Male,2005-11-10,reyansh.dalal175@student.college.edu,8669276872,DEP000001,AY000004,SEM000007,True,PRO000175,Average,65,85,60,80,10,24,30,58,0.1,AR000175,SEM000007,AY000004,16.0,16.0,6.75,6.75,0,0,PASS,REG000685,CO000025,MN000010,REGISTERED,False,81.0,71.0,78.0,MK000643,20.0,53.0,73.0,A,8.0,32.0,4.0,4.0,PASS
ST000175,AIML2023175,Reyansh,Dalal,Male,2005-11-10,reyansh.dalal175@student.college.edu,8669276872,DEP000001,AY000004,SEM000007,True,PRO000175,Average,65,85,60,80,10,24,30,58,0.1,AR000175,SEM000007,AY000004,16.0,16.0,6.75,6.75,0,0,PASS,REG000686,CO000026,MN000011,REGISTERED,False,73.0,76.0,70.0,MK000644,10.0,46.0,56.0,B,6.0,24.0,4.0,4.0,PASS
ST000175,AIML2023175,Reyansh,Dalal,Male,2005-11-10,reyansh.dalal175@student.college.edu,8669276872,DEP000001,AY000004,SEM000007,True,PRO000175,Average,65,85,60,80,10,24,30,58,0.1,AR000175,SEM000007,AY000004,16.0,16.0,6.75,6.75,0,0,PASS,REG000687,CO000027,MN000012,REGISTERED,True,73.0,61.0,67.0,MK000645,21.0,44.0,65.0,B+,7.0,28.0,4.0,4.0,PASS
ST000175,AIML2023175,Reyansh,Dalal,Male,2005-11-10,reyansh.dalal175@student.college.edu,8669276872,DEP000001,AY000004,SEM000007,True,PRO000175,Average,65,85,60,80,10,24,30,58,0.1,AR000175,SEM000007,AY000004,16.0,16.0,6.75,6.75,0,0,PASS,REG000688,CO000028,MN000013,REGISTERED,False,79.0,64.0,77.0,MK000646,11.0,40.0,51.0,B,6.0,24.0,4.0,4.0,PASS
ST000176,AIML2023176,Chaman,Ramanathan,Female,2003-11-07,chaman.ramanathan176@student.college.edu,7451515203,DEP000001,AY000004,SEM000007,True,PRO000176,HighRisk,20,50,20,45,0,12,0,30,0.8,AR000176,SEM000007,AY000004,12.0,0.0,0.0,0.0,3,3,FAIL,REG000689,CO000025,MN000010,REGISTERED,True,20.0,24.0,5.0,MK000647,6.0,11.0,17.0,F,0.0,0.0,4.0,0.0,FAIL
ST000176,AIML2023176,Chaman,Ramanathan,Female,2003-11-07,chaman.ramanathan176@student.college.edu,7451515203,DEP000001,AY000004,SEM000007,True,PRO000176,HighRisk,20,50,20,45,0,12,0,30,0.8,AR000176,SEM000007,AY000004,12.0,0.0,0.0,0.0,3,3,FAIL,REG000690,CO000026,MN000011,REGISTERED,False,48.0,41.0,35.0,MK000648,1.0,2.0,3.0,F,0.0,0.0,4.0,0.0,FAIL
ST000176,AIML2023176,Chaman,Ramanathan,Female,2003-11-07,chaman.ramanathan176@student.college.edu,7451515203,DEP000001,AY000004,SEM000007,True,PRO000176,HighRisk,20,50,20,45,0,12,0,30,0.8,AR000176,SEM000007,AY000004,12.0,0.0,0.0,0.0,3,3,FAIL,REG000691,CO000027,MN000012,REGISTERED,False,45.0,25.0,30.0,MK000649,7.0,29.0,36.0,F,0.0,0.0,4.0,0.0,FAIL
ST000176,AIML2023176,Chaman,Ramanathan,Female,2003-11-07,chaman.ramanathan176@student.college.edu,7451515203,DEP000001,AY000004,SEM000007,True,PRO000176,HighRisk,20,50,20,45,0,12,0,30,0.8,AR000176,SEM000007,AY000004,12.0,0.0,0.0,0.0,3,3,FAIL,REG000692,CO000028,MN000013,CANCELLED,False,33.0,21.0,19.0,,,,,,,,,,
ST000177,AIML2023177,Chaman,Krish,Female,2005-11-10,chaman.krish177@student.college.edu,6731686208,DEP000001,AY000004,SEM000007,True,PRO000177,Average,65,85,60,80,10,24,30,58,0.1,AR000177,SEM000007,AY000004,16.0,16.0,6.75,6.75,0,0,PASS,REG000693,CO000025,MN000010,REGISTERED,False,78.0,68.0,64.0,MK000650,12.0,46.0,58.0,B,6.0,24.0,4.0,4.0,PASS
ST000177,AIML2023177,Chaman,Krish,Female,2005-11-10,chaman.krish177@student.college.edu,6731686208,DEP000001,AY000004,SEM000007,True,PRO000177,Average,65,85,60,80,10,24,30,58,0.1,AR000177,SEM000007,AY000004,16.0,16.0,6.75,6.75,0,0,PASS,REG000694,CO000026,MN000011,REGISTERED,False,75.0,77.0,70.0,MK000651,14.0,54.0,68.0,B+,7.0,28.0,4.0,4.0,PASS
ST000177,AIML2023177,Chaman,Krish,Female,2005-11-10,chaman.krish177@student.college.edu,6731686208,DEP000001,AY000004,SEM000007,True,PRO000177,Average,65,85,60,80,10,24,30,58,0.1,AR000177,SEM000007,AY000004,16.0,16.0,6.75,6.75,0,0,PASS,REG000695,CO000027,MN000012,REGISTERED,False,82.0,65.0,79.0,MK000652,21.0,34.0,55.0,B,6.0,24.0,4.0,4.0,PASS
ST000177,AIML2023177,Chaman,Krish,Female,2005-11-10,chaman.krish177@student.college.edu,6731686208,DEP000001,AY000004,SEM000007,True,PRO000177,Average,65,85,60,80,10,24,30,58,0.1,AR000177,SEM000007,AY000004,16.0,16.0,6.75,6.75,0,0,PASS,REG000696,CO000028,MN000013,REGISTERED,False,82.0,64.0,78.0,MK000653,18.0,58.0,76.0,A,8.0,32.0,4.0,4.0,PASS
ST000178,AIML2023178,Finn,Pau,Male,2004-07-30,finn.pau178@student.college.edu,6819351009,DEP000001,AY000004,SEM000007,True,PRO000178,Good,80,95,75,90,18,28,45,65,0.03,AR000178,SEM000007,AY000004,16.0,16.0,8.75,8.75,0,0,PASS,REG000697,CO000025,MN000010,REGISTERED,False,89.0,86.0,87.0,MK000654,25.0,63.0,88.0,A+,9.0,36.0,4.0,4.0,PASS
ST000178,AIML2023178,Finn,Pau,Male,2004-07-30,finn.pau178@student.college.edu,6819351009,DEP000001,AY000004,SEM000007,True,PRO000178,Good,80,95,75,90,18,28,45,65,0.03,AR000178,SEM000007,AY000004,16.0,16.0,8.75,8.75,0,0,PASS,REG000698,CO000026,MN000011,REGISTERED,False,80.0,78.0,74.0,MK000655,19.0,55.0,74.0,A,8.0,32.0,4.0,4.0,PASS
ST000178,AIML2023178,Finn,Pau,Male,2004-07-30,finn.pau178@student.college.edu,6819351009,DEP000001,AY000004,SEM000007,True,PRO000178,Good,80,95,75,90,18,28,45,65,0.03,AR000178,SEM000007,AY000004,16.0,16.0,8.75,8.75,0,0,PASS,REG000699,CO000027,MN000012,REGISTERED,False,88.0,77.0,73.0,MK000656,26.0,63.0,89.0,A+,9.0,36.0,4.0,4.0,PASS
ST000178,AIML2023178,Finn,Pau,Male,2004-07-30,finn.pau178@student.college.edu,6819351009,DEP000001,AY000004,SEM000007,True,PRO000178,Good,80,95,75,90,18,28,45,65,0.03,AR000178,SEM000007,AY000004,16.0,16.0,8.75,8.75,0,0,PASS,REG000700,CO000028,MN000013,REGISTERED,False,90.0,83.0,89.0,MK000657,27.0,62.0,89.0,A+,9.0,36.0,4.0,4.0,PASS
ST000179,AIML2023179,Chaitanya,Mohan,Male,2004-03-10,chaitanya.mohan179@student.college.edu,9368880392,DEP000001,AY000004,SEM000007,True,PRO000179,Average,65,85,60,80,10,24,30,58,0.1,AR000179,SEM000007,AY000004,16.0,16.0,6.5,6.5,0,0,PASS,REG000701,CO000025,MN000010,REGISTERED,False,72.0,61.0,60.0,MK000658,14.0,45.0,59.0,B,6.0,24.0,4.0,4.0,PASS
ST000179,AIML2023179,Chaitanya,Mohan,Male,2004-03-10,chaitanya.mohan179@student.college.edu,9368880392,DEP000001,AY000004,SEM000007,True,PRO000179,Average,65,85,60,80,10,24,30,58,0.1,AR000179,SEM000007,AY000004,16.0,16.0,6.5,6.5,0,0,PASS,REG000702,CO000026,MN000011,REGISTERED,False,78.0,74.0,69.0,MK000659,19.0,50.0,69.0,B+,7.0,28.0,4.0,4.0,PASS
ST000179,AIML2023179,Chaitanya,Mohan,Male,2004-03-10,chaitanya.mohan179@student.college.edu,9368880392,DEP000001,AY000004,SEM000007,True,PRO000179,Average,65,85,60,80,10,24,30,58,0.1,AR000179,SEM000007,AY000004,16.0,16.0,6.5,6.5,0,0,PASS,REG000703,CO000027,MN000012,REGISTERED,False,67.0,65.0,68.0,MK000660,24.0,40.0,64.0,B+,7.0,28.0,4.0,4.0,PASS
ST000179,AIML2023179,Chaitanya,Mohan,Male,2004-03-10,chaitanya.mohan179@student.college.edu,9368880392,DEP000001,AY000004,SEM000007,True,PRO000179,Average,65,85,60,80,10,24,30,58,0.1,AR000179,SEM000007,AY000004,16.0,16.0,6.5,6.5,0,0,PASS,REG000704,CO000028,MN000013,REGISTERED,False,78.0,64.0,72.0,MK000661,20.0,31.0,51.0,B,6.0,24.0,4.0,4.0,PASS
ST000180,AIML2023180,Anthony,Raman,Male,2006-04-03,anthony.raman180@student.college.edu,8299256370,DEP000001,AY000004,SEM000007,True,PRO000180,Excellent,90,100,90,100,24,30,55,70,0.01,AR000180,SEM000007,AY000004,16.0,16.0,9.5,9.5,0,0,PASS,REG000705,CO000025,MN000010,REGISTERED,False,93.0,97.0,95.0,MK000662,29.0,67.0,96.0,O,10.0,40.0,4.0,4.0,PASS
ST000180,AIML2023180,Anthony,Raman,Male,2006-04-03,anthony.raman180@student.college.edu,8299256370,DEP000001,AY000004,SEM000007,True,PRO000180,Excellent,90,100,90,100,24,30,55,70,0.01,AR000180,SEM000007,AY000004,16.0,16.0,9.5,9.5,0,0,PASS,REG000706,CO000026,MN000011,REGISTERED,False,95.0,94.0,99.0,MK000663,24.0,66.0,90.0,O,10.0,40.0,4.0,4.0,PASS
ST000180,AIML2023180,Anthony,Raman,Male,2006-04-03,anthony.raman180@student.college.edu,8299256370,DEP000001,AY000004,SEM000007,True,PRO000180,Excellent,90,100,90,100,24,30,55,70,0.01,AR000180,SEM000007,AY000004,16.0,16.0,9.5,9.5,0,0,PASS,REG000707,CO000027,MN000012,REGISTERED,False,97.0,96.0,100.0,MK000664,24.0,60.0,84.0,A+,9.0,36.0,4.0,4.0,PASS
ST000180,AIML2023180,Anthony,Raman,Male,2006-04-03,anthony.raman180@student.college.edu,8299256370,DEP000001,AY000004,SEM000007,True,PRO000180,Excellent,90,100,90,100,24,30,55,70,0.01,AR000180,SEM000007,AY000004,16.0,16.0,9.5,9.5,0,0,PASS,REG000708,CO000028,MN000013,REGISTERED,False,92.0,97.0,92.0,MK000665,25.0,63.0,88.0,A+,9.0,36.0,4.0,4.0,PASS
ST000181,AIML2023181,Dakshesh,Dube,Male,2006-05-15,dakshesh.dube181@student.college.edu,7412049002,DEP000001,AY000004,SEM000007,True,PRO000181,Excellent,90,100,90,100,24,30,55,70,0.01,AR000181,SEM000007,AY000004,16.0,16.0,9.25,9.25,0,0,PASS,REG000709,CO000025,MN000010,REGISTERED,False,90.0,92.0,99.0,MK000666,27.0,57.0,84.0,A+,9.0,36.0,4.0,4.0,PASS
ST000181,AIML2023181,Dakshesh,Dube,Male,2006-05-15,dakshesh.dube181@student.college.edu,7412049002,DEP000001,AY000004,SEM000007,True,PRO000181,Excellent,90,100,90,100,24,30,55,70,0.01,AR000181,SEM000007,AY000004,16.0,16.0,9.25,9.25,0,0,PASS,REG000710,CO000026,MN000011,REGISTERED,False,96.0,97.0,85.0,MK000667,25.0,63.0,88.0,A+,9.0,36.0,4.0,4.0,PASS
ST000181,AIML2023181,Dakshesh,Dube,Male,2006-05-15,dakshesh.dube181@student.college.edu,7412049002,DEP000001,AY000004,SEM000007,True,PRO000181,Excellent,90,100,90,100,24,30,55,70,0.01,AR000181,SEM000007,AY000004,16.0,16.0,9.25,9.25,0,0,PASS,REG000711,CO000027,MN000012,REGISTERED,False,99.0,96.0,96.0,MK000668,25.0,62.0,87.0,A+,9.0,36.0,4.0,4.0,PASS
ST000181,AIML2023181,Dakshesh,Dube,Male,2006-05-15,dakshesh.dube181@student.college.edu,7412049002,DEP000001,AY000004,SEM000007,True,PRO000181,Excellent,90,100,90,100,24,30,55,70,0.01,AR000181,SEM000007,AY000004,16.0,16.0,9.25,9.25,0,0,PASS,REG000712,CO000028,MN000013,REGISTERED,False,97.0,93.0,91.0,MK000669,29.0,67.0,96.0,O,10.0,40.0,4.0,4.0,PASS
ST000182,AIML2023182,Jason,Datta,Male,2006-04-15,jason.datta182@student.college.edu,6534296549,DEP000001,AY000004,SEM000007,True,PRO000182,Good,80,95,75,90,18,28,45,65,0.03,AR000182,SEM000007,AY000004,16.0,16.0,8.75,8.75,0,0,PASS,REG000713,CO000025,MN000010,REGISTERED,False,85.0,88.0,75.0,MK000670,23.0,61.0,84.0,A+,9.0,36.0,4.0,4.0,PASS
ST000182,AIML2023182,Jason,Datta,Male,2006-04-15,jason.datta182@student.college.edu,6534296549,DEP000001,AY000004,SEM000007,True,PRO000182,Good,80,95,75,90,18,28,45,65,0.03,AR000182,SEM000007,AY000004,16.0,16.0,8.75,8.75,0,0,PASS,REG000714,CO000026,MN000011,REGISTERED,False,83.0,88.0,73.0,MK000671,28.0,50.0,78.0,A,8.0,32.0,4.0,4.0,PASS
ST000182,AIML2023182,Jason,Datta,Male,2006-04-15,jason.datta182@student.college.edu,6534296549,DEP000001,AY000004,SEM000007,True,PRO000182,Good,80,95,75,90,18,28,45,65,0.03,AR000182,SEM000007,AY000004,16.0,16.0,8.75,8.75,0,0,PASS,REG000715,CO000027,MN000012,REGISTERED,False,84.0,79.0,70.0,MK000672,24.0,58.0,82.0,A+,9.0,36.0,4.0,4.0,PASS
ST000182,AIML2023182,Jason,Datta,Male,2006-04-15,jason.datta182@student.college.edu,6534296549,DEP000001,AY000004,SEM000007,True,PRO000182,Good,80,95,75,90,18,28,45,65,0.03,AR000182,SEM000007,AY000004,16.0,16.0,8.75,8.75,0,0,PASS,REG000716,CO000028,MN000013,REGISTERED,False,92.0,88.0,90.0,MK000673,26.0,62.0,88.0,A+,9.0,36.0,4.0,4.0,PASS
ST000183,AIML2023183,Gautam,Saha,Male,2004-09-04,gautam.saha183@student.college.edu,7070470474,DEP000001,AY000004,SEM000007,True,PRO000183,HighRisk,20,50,20,45,0,12,0,30,0.8,AR000183,SEM000007,AY000004,12.0,0.0,0.0,0.0,3,3,FAIL,REG000717,CO000025,MN000010,CANCELLED,False,23.0,20.0,22.0,,,,,,,,,,
ST000183,AIML2023183,Gautam,Saha,Male,2004-09-04,gautam.saha183@student.college.edu,7070470474,DEP000001,AY000004,SEM000007,True,PRO000183,HighRisk,20,50,20,45,0,12,0,30,0.8,AR000183,SEM000007,AY000004,12.0,0.0,0.0,0.0,3,3,FAIL,REG000718,CO000026,MN000011,REGISTERED,False,36.0,36.0,30.0,MK000674,11.0,1.0,12.0,F,0.0,0.0,4.0,0.0,FAIL
ST000183,AIML2023183,Gautam,Saha,Male,2004-09-04,gautam.saha183@student.college.edu,7070470474,DEP000001,AY000004,SEM000007,True,PRO000183,HighRisk,20,50,20,45,0,12,0,30,0.8,AR000183,SEM000007,AY000004,12.0,0.0,0.0,0.0,3,3,FAIL,REG000719,CO000027,MN000012,REGISTERED,False,24.0,28.0,24.0,MK000675,9.0,24.0,33.0,F,0.0,0.0,4.0,0.0,FAIL
ST000183,AIML2023183,Gautam,Saha,Male,2004-09-04,gautam.saha183@student.college.edu,7070470474,DEP000001,AY000004,SEM000007,True,PRO000183,HighRisk,20,50,20,45,0,12,0,30,0.8,AR000183,SEM000007,AY000004,12.0,0.0,0.0,0.0,3,3,FAIL,REG000720,CO000028,MN000013,REGISTERED,False,25.0,30.0,26.0,MK000676,5.0,24.0,29.0,F,0.0,0.0,4.0,0.0,FAIL
ST000184,AIML2023184,Yamini,Sinha,Female,2004-10-12,yamini.sinha184@student.college.edu,8553611754,DEP000001,AY000004,SEM000007,True,PRO000184,Declining,40,65,35,60,4,16,15,40,0.45,AR000184,SEM000007,AY000004,12.0,0.0,0.0,0.0,3,3,FAIL,REG000721,CO000025,MN000010,REGISTERED,True,55.0,36.0,44.0,MK000677,5.0,33.0,38.0,F,0.0,0.0,4.0,0.0,FAIL
ST000184,AIML2023184,Yamini,Sinha,Female,2004-10-12,yamini.sinha184@student.college.edu,8553611754,DEP000001,AY000004,SEM000007,True,PRO000184,Declining,40,65,35,60,4,16,15,40,0.45,AR000184,SEM000007,AY000004,12.0,0.0,0.0,0.0,3,3,FAIL,REG000722,CO000026,MN000011,CANCELLED,False,41.0,35.0,33.0,,,,,,,,,,
ST000184,AIML2023184,Yamini,Sinha,Female,2004-10-12,yamini.sinha184@student.college.edu,8553611754,DEP000001,AY000004,SEM000007,True,PRO000184,Declining,40,65,35,60,4,16,15,40,0.45,AR000184,SEM000007,AY000004,12.0,0.0,0.0,0.0,3,3,FAIL,REG000723,CO000027,MN000012,REGISTERED,False,49.0,38.0,50.0,MK000678,8.0,29.0,37.0,F,0.0,0.0,4.0,0.0,FAIL
ST000184,AIML2023184,Yamini,Sinha,Female,2004-10-12,yamini.sinha184@student.college.edu,8553611754,DEP000001,AY000004,SEM000007,True,PRO000184,Declining,40,65,35,60,4,16,15,40,0.45,AR000184,SEM000007,AY000004,12.0,0.0,0.0,0.0,3,3,FAIL,REG000724,CO000028,MN000013,REGISTERED,False,56.0,43.0,50.0,MK000679,12.0,21.0,33.0,F,0.0,0.0,4.0,0.0,FAIL
ST000185,AIML2023185,Pranav,Dayal,Male,2006-04-26,pranav.dayal185@student.college.edu,7271930281,DEP000001,AY000004,SEM000007,True,PRO000185,Average,65,85,60,80,10,24,30,58,0.1,AR000185,SEM000007,AY000004,12.0,12.0,6.33,6.33,0,0,PASS,REG000725,CO000025,MN000010,REGISTERED,False,82.0,77.0,80.0,MK000680,19.0,49.0,68.0,B+,7.0,28.0,4.0,4.0,PASS
ST000185,AIML2023185,Pranav,Dayal,Male,2006-04-26,pranav.dayal185@student.college.edu,7271930281,DEP000001,AY000004,SEM000007,True,PRO000185,Average,65,85,60,80,10,24,30,58,0.1,AR000185,SEM000007,AY000004,12.0,12.0,6.33,6.33,0,0,PASS,REG000726,CO000026,MN000011,REGISTERED,False,79.0,74.0,74.0,MK000681,23.0,30.0,53.0,B,6.0,24.0,4.0,4.0,PASS
ST000185,AIML2023185,Pranav,Dayal,Male,2006-04-26,pranav.dayal185@student.college.edu,7271930281,DEP000001,AY000004,SEM000007,True,PRO000185,Average,65,85,60,80,10,24,30,58,0.1,AR000185,SEM000007,AY000004,12.0,12.0,6.33,6.33,0,0,PASS,REG000727,CO000027,MN000012,CANCELLED,False,73.0,71.0,64.0,,,,,,,,,,
ST000185,AIML2023185,Pranav,Dayal,Male,2006-04-26,pranav.dayal185@student.college.edu,7271930281,DEP000001,AY000004,SEM000007,True,PRO000185,Average,65,85,60,80,10,24,30,58,0.1,AR000185,SEM000007,AY000004,12.0,12.0,6.33,6.33,0,0,PASS,REG000728,CO000028,MN000013,REGISTERED,False,83.0,71.0,68.0,MK000682,15.0,40.0,55.0,B,6.0,24.0,4.0,4.0,PASS
ST000186,AIML2023186,Vamakshi,Parikh,Female,2005-11-16,vamakshi.parikh186@student.college.edu,7321496719,DEP000001,AY000004,SEM000007,True,PRO000186,Declining,40,65,35,60,4,16,15,40,0.45,AR000186,SEM000007,AY000004,16.0,4.0,1.5,1.5,3,3,FAIL,REG000729,CO000025,MN000010,REGISTERED,False,50.0,48.0,38.0,MK000683,13.0,26.0,39.0,F,0.0,0.0,4.0,0.0,FAIL
ST000186,AIML2023186,Vamakshi,Parikh,Female,2005-11-16,vamakshi.parikh186@student.college.edu,7321496719,DEP000001,AY000004,SEM000007,True,PRO000186,Declining,40,65,35,60,4,16,15,40,0.45,AR000186,SEM000007,AY000004,16.0,4.0,1.5,1.5,3,3,FAIL,REG000730,CO000026,MN000011,REGISTERED,True,65.0,52.0,50.0,MK000684,7.0,28.0,35.0,F,0.0,0.0,4.0,0.0,FAIL
ST000186,AIML2023186,Vamakshi,Parikh,Female,2005-11-16,vamakshi.parikh186@student.college.edu,7321496719,DEP000001,AY000004,SEM000007,True,PRO000186,Declining,40,65,35,60,4,16,15,40,0.45,AR000186,SEM000007,AY000004,16.0,4.0,1.5,1.5,3,3,FAIL,REG000731,CO000027,MN000012,REGISTERED,True,52.0,37.0,43.0,MK000685,12.0,38.0,50.0,B,6.0,24.0,4.0,4.0,PASS
ST000186,AIML2023186,Vamakshi,Parikh,Female,2005-11-16,vamakshi.parikh186@student.college.edu,7321496719,DEP000001,AY000004,SEM000007,True,PRO000186,Declining,40,65,35,60,4,16,15,40,0.45,AR000186,SEM000007,AY000004,16.0,4.0,1.5,1.5,3,3,FAIL,REG000732,CO000028,MN000013,REGISTERED,False,41.0,46.0,49.0,MK000686,7.0,20.0,27.0,F,0.0,0.0,4.0,0.0,FAIL
ST000187,AIML2023187,Jack,Magar,Male,2006-02-11,jack.magar187@student.college.edu,7966025333,DEP000001,AY000004,SEM000007,True,PRO000187,Average,65,85,60,80,10,24,30,58,0.1,AR000187,SEM000007,AY000004,16.0,16.0,5.75,5.75,0,0,PASS,REG000733,CO000025,MN000010,REGISTERED,False,85.0,72.0,79.0,MK000687,15.0,44.0,59.0,B,6.0,24.0,4.0,4.0,PASS
ST000187,AIML2023187,Jack,Magar,Male,2006-02-11,jack.magar187@student.college.edu,7966025333,DEP000001,AY000004,SEM000007,True,PRO000187,Average,65,85,60,80,10,24,30,58,0.1,AR000187,SEM000007,AY000004,16.0,16.0,5.75,5.75,0,0,PASS,REG000734,CO000026,MN000011,REGISTERED,False,81.0,78.0,73.0,MK000688,11.0,32.0,43.0,P,4.0,16.0,4.0,4.0,PASS
ST000187,AIML2023187,Jack,Magar,Male,2006-02-11,jack.magar187@student.college.edu,7966025333,DEP000001,AY000004,SEM000007,True,PRO000187,Average,65,85,60,80,10,24,30,58,0.1,AR000187,SEM000007,AY000004,16.0,16.0,5.75,5.75,0,0,PASS,REG000735,CO000027,MN000012,REGISTERED,False,76.0,61.0,73.0,MK000689,11.0,35.0,46.0,C,5.0,20.0,4.0,4.0,PASS
ST000187,AIML2023187,Jack,Magar,Male,2006-02-11,jack.magar187@student.college.edu,7966025333,DEP000001,AY000004,SEM000007,True,PRO000187,Average,65,85,60,80,10,24,30,58,0.1,AR000187,SEM000007,AY000004,16.0,16.0,5.75,5.75,0,0,PASS,REG000736,CO000028,MN000013,REGISTERED,False,75.0,70.0,78.0,MK000690,17.0,56.0,73.0,A,8.0,32.0,4.0,4.0,PASS
ST000188,AIML2023188,Jai,Sekhon,Male,2005-03-15,jai.sekhon188@student.college.edu,7850505322,DEP000001,AY000004,SEM000007,True,PRO000188,HighRisk,20,50,20,45,0,12,0,30,0.8,AR000188,SEM000007,AY000004,4.0,0.0,0.0,0.0,1,1,PROMOTED,REG000737,CO000025,MN000010,CANCELLED,False,27.0,32.0,15.0,,,,,,,,,,
ST000188,AIML2023188,Jai,Sekhon,Male,2005-03-15,jai.sekhon188@student.college.edu,7850505322,DEP000001,AY000004,SEM000007,True,PRO000188,HighRisk,20,50,20,45,0,12,0,30,0.8,AR000188,SEM000007,AY000004,4.0,0.0,0.0,0.0,1,1,PROMOTED,REG000738,CO000026,MN000011,CANCELLED,False,23.0,22.0,8.0,,,,,,,,,,
ST000188,AIML2023188,Jai,Sekhon,Male,2005-03-15,jai.sekhon188@student.college.edu,7850505322,DEP000001,AY000004,SEM000007,True,PRO000188,HighRisk,20,50,20,45,0,12,0,30,0.8,AR000188,SEM000007,AY000004,4.0,0.0,0.0,0.0,1,1,PROMOTED,REG000739,CO000027,MN000012,CANCELLED,False,30.0,30.0,28.0,,,,,,,,,,
ST000188,AIML2023188,Jai,Sekhon,Male,2005-03-15,jai.sekhon188@student.college.edu,7850505322,DEP000001,AY000004,SEM000007,True,PRO000188,HighRisk,20,50,20,45,0,12,0,30,0.8,AR000188,SEM000007,AY000004,4.0,0.0,0.0,0.0,1,1,PROMOTED,REG000740,CO000028,MN000013,REGISTERED,False,41.0,33.0,32.0,MK000691,10.0,23.0,33.0,F,0.0,0.0,4.0,0.0,FAIL
ST000189,AIML2023189,Girindra,Dua,Male,2005-10-05,girindra.dua189@student.college.edu,7764220540,DEP000001,AY000004,SEM000007,True,PRO000189,Excellent,90,100,90,100,24,30,55,70,0.01,AR000189,SEM000007,AY000004,16.0,16.0,9.75,9.75,0,0,PASS,REG000741,CO000025,MN000010,REGISTERED,False,97.0,100.0,86.0,MK000692,28.0,68.0,96.0,O,10.0,40.0,4.0,4.0,PASS
ST000189,AIML2023189,Girindra,Dua,Male,2005-10-05,girindra.dua189@student.college.edu,7764220540,DEP000001,AY000004,SEM000007,True,PRO000189,Excellent,90,100,90,100,24,30,55,70,0.01,AR000189,SEM000007,AY000004,16.0,16.0,9.75,9.75,0,0,PASS,REG000742,CO000026,MN000011,REGISTERED,False,100.0,94.0,94.0,MK000693,28.0,59.0,87.0,A+,9.0,36.0,4.0,4.0,PASS
ST000189,AIML2023189,Girindra,Dua,Male,2005-10-05,girindra.dua189@student.college.edu,7764220540,DEP000001,AY000004,SEM000007,True,PRO000189,Excellent,90,100,90,100,24,30,55,70,0.01,AR000189,SEM000007,AY000004,16.0,16.0,9.75,9.75,0,0,PASS,REG000743,CO000027,MN000012,REGISTERED,False,93.0,90.0,89.0,MK000694,26.0,66.0,92.0,O,10.0,40.0,4.0,4.0,PASS
ST000189,AIML2023189,Girindra,Dua,Male,2005-10-05,girindra.dua189@student.college.edu,7764220540,DEP000001,AY000004,SEM000007,True,PRO000189,Excellent,90,100,90,100,24,30,55,70,0.01,AR000189,SEM000007,AY000004,16.0,16.0,9.75,9.75,0,0,PASS,REG000744,CO000028,MN000013,REGISTERED,False,98.0,99.0,99.0,MK000695,28.0,68.0,96.0,O,10.0,40.0,4.0,4.0,PASS
ST000190,AIML2023190,Bakhshi,Venkataraman,Male,2003-12-13,bakhshi.venkataraman190@student.college.edu,6079230467,DEP000001,AY000004,SEM000007,True,PRO000190,Average,65,85,60,80,10,24,30,58,0.1,AR000190,SEM000007,AY000004,12.0,12.0,7.33,7.33,0,0,PASS,REG000745,CO000025,MN000010,REGISTERED,False,84.0,78.0,76.0,MK000696,22.0,31.0,53.0,B,6.0,24.0,4.0,4.0,PASS
ST000190,AIML2023190,Bakhshi,Venkataraman,Male,2003-12-13,bakhshi.venkataraman190@student.college.edu,6079230467,DEP000001,AY000004,SEM000007,True,PRO000190,Average,65,85,60,80,10,24,30,58,0.1,AR000190,SEM000007,AY000004,12.0,12.0,7.33,7.33,0,0,PASS,REG000746,CO000026,MN000011,CANCELLED,False,82.0,79.0,74.0,,,,,,,,,,
ST000190,AIML2023190,Bakhshi,Venkataraman,Male,2003-12-13,bakhshi.venkataraman190@student.college.edu,6079230467,DEP000001,AY000004,SEM000007,True,PRO000190,Average,65,85,60,80,10,24,30,58,0.1,AR000190,SEM000007,AY000004,12.0,12.0,7.33,7.33,0,0,PASS,REG000747,CO000027,MN000012,REGISTERED,False,66.0,66.0,57.0,MK000697,24.0,49.0,73.0,A,8.0,32.0,4.0,4.0,PASS
ST000190,AIML2023190,Bakhshi,Venkataraman,Male,2003-12-13,bakhshi.venkataraman190@student.college.edu,6079230467,DEP000001,AY000004,SEM000007,True,PRO000190,Average,65,85,60,80,10,24,30,58,0.1,AR000190,SEM000007,AY000004,12.0,12.0,7.33,7.33,0,0,PASS,REG000748,CO000028,MN000013,REGISTERED,False,78.0,60.0,70.0,MK000698,19.0,53.0,72.0,A,8.0,32.0,4.0,4.0,PASS
ST000191,AIML2023191,Aradhana,Mody,Female,2005-07-22,aradhana.mody191@student.college.edu,6349059040,DEP000001,AY000004,SEM000007,True,PRO000191,Declining,40,65,35,60,4,16,15,40,0.45,AR000191,SEM000007,AY000004,12.0,8.0,3.0,3.0,1,1,PROMOTED,REG000749,CO000025,MN000010,REGISTERED,False,40.0,38.0,41.0,MK000699,7.0,33.0,40.0,P,4.0,16.0,4.0,4.0,PASS
ST000191,AIML2023191,Aradhana,Mody,Female,2005-07-22,aradhana.mody191@student.college.edu,6349059040,DEP000001,AY000004,SEM000007,True,PRO000191,Declining,40,65,35,60,4,16,15,40,0.45,AR000191,SEM000007,AY000004,12.0,8.0,3.0,3.0,1,1,PROMOTED,REG000750,CO000026,MN000011,REGISTERED,False,60.0,42.0,49.0,MK000700,6.0,40.0,46.0,C,5.0,20.0,4.0,4.0,PASS
ST000191,AIML2023191,Aradhana,Mody,Female,2005-07-22,aradhana.mody191@student.college.edu,6349059040,DEP000001,AY000004,SEM000007,True,PRO000191,Declining,40,65,35,60,4,16,15,40,0.45,AR000191,SEM000007,AY000004,12.0,8.0,3.0,3.0,1,1,PROMOTED,REG000751,CO000027,MN000012,CANCELLED,False,44.0,38.0,47.0,,,,,,,,,,
ST000191,AIML2023191,Aradhana,Mody,Female,2005-07-22,aradhana.mody191@student.college.edu,6349059040,DEP000001,AY000004,SEM000007,True,PRO000191,Declining,40,65,35,60,4,16,15,40,0.45,AR000191,SEM000007,AY000004,12.0,8.0,3.0,3.0,1,1,PROMOTED,REG000752,CO000028,MN000013,REGISTERED,False,65.0,59.0,50.0,MK000701,14.0,16.0,30.0,F,0.0,0.0,4.0,0.0,FAIL
ST000192,AIML2023192,Eiravati,Jhaveri,Female,2003-09-30,eiravati.jhaveri192@student.college.edu,8339526591,DEP000001,AY000004,SEM000007,True,PRO000192,Improving,55,75,50,70,8,20,25,50,0.2,AR000192,SEM000007,AY000004,12.0,12.0,6.33,6.33,0,0,PASS,REG000753,CO000025,MN000010,REGISTERED,False,63.0,67.0,48.0,MK000702,16.0,35.0,51.0,B,6.0,24.0,4.0,4.0,PASS
ST000192,AIML2023192,Eiravati,Jhaveri,Female,2003-09-30,eiravati.jhaveri192@student.college.edu,8339526591,DEP000001,AY000004,SEM000007,True,PRO000192,Improving,55,75,50,70,8,20,25,50,0.2,AR000192,SEM000007,AY000004,12.0,12.0,6.33,6.33,0,0,PASS,REG000754,CO000026,MN000011,REGISTERED,False,65.0,56.0,57.0,MK000703,19.0,34.0,53.0,B,6.0,24.0,4.0,4.0,PASS
ST000192,AIML2023192,Eiravati,Jhaveri,Female,2003-09-30,eiravati.jhaveri192@student.college.edu,8339526591,DEP000001,AY000004,SEM000007,True,PRO000192,Improving,55,75,50,70,8,20,25,50,0.2,AR000192,SEM000007,AY000004,12.0,12.0,6.33,6.33,0,0,PASS,REG000755,CO000027,MN000012,REGISTERED,False,66.0,63.0,63.0,MK000704,18.0,46.0,64.0,B+,7.0,28.0,4.0,4.0,PASS
ST000192,AIML2023192,Eiravati,Jhaveri,Female,2003-09-30,eiravati.jhaveri192@student.college.edu,8339526591,DEP000001,AY000004,SEM000007,True,PRO000192,Improving,55,75,50,70,8,20,25,50,0.2,AR000192,SEM000007,AY000004,12.0,12.0,6.33,6.33,0,0,PASS,REG000756,CO000028,MN000013,CANCELLED,False,62.0,53.0,58.0,,,,,,,,,,
ST000193,AIML2023193,Karan,Bal,Male,2004-10-13,karan.bal193@student.college.edu,6515332647,DEP000001,AY000004,SEM000007,True,PRO000193,Good,80,95,75,90,18,28,45,65,0.03,AR000193,SEM000007,AY000004,16.0,16.0,9.0,9.0,0,0,PASS,REG000757,CO000025,MN000010,REGISTERED,False,85.0,89.0,77.0,MK000705,23.0,58.0,81.0,A+,9.0,36.0,4.0,4.0,PASS
ST000193,AIML2023193,Karan,Bal,Male,2004-10-13,karan.bal193@student.college.edu,6515332647,DEP000001,AY000004,SEM000007,True,PRO000193,Good,80,95,75,90,18,28,45,65,0.03,AR000193,SEM000007,AY000004,16.0,16.0,9.0,9.0,0,0,PASS,REG000758,CO000026,MN000011,REGISTERED,False,95.0,78.0,88.0,MK000706,19.0,61.0,80.0,A+,9.0,36.0,4.0,4.0,PASS
ST000193,AIML2023193,Karan,Bal,Male,2004-10-13,karan.bal193@student.college.edu,6515332647,DEP000001,AY000004,SEM000007,True,PRO000193,Good,80,95,75,90,18,28,45,65,0.03,AR000193,SEM000007,AY000004,16.0,16.0,9.0,9.0,0,0,PASS,REG000759,CO000027,MN000012,REGISTERED,False,90.0,85.0,89.0,MK000707,28.0,61.0,89.0,A+,9.0,36.0,4.0,4.0,PASS
ST000193,AIML2023193,Karan,Bal,Male,2004-10-13,karan.bal193@student.college.edu,6515332647,DEP000001,AY000004,SEM000007,True,PRO000193,Good,80,95,75,90,18,28,45,65,0.03,AR000193,SEM000007,AY000004,16.0,16.0,9.0,9.0,0,0,PASS,REG000760,CO000028,MN000013,REGISTERED,False,87.0,77.0,83.0,MK000708,28.0,52.0,80.0,A+,9.0,36.0,4.0,4.0,PASS
ST000194,AIML2023194,Peter,Peri,Male,2005-02-27,peter.peri194@student.college.edu,6800277746,DEP000001,AY000004,SEM000007,True,PRO000194,Average,65,85,60,80,10,24,30,58,0.1,AR000194,SEM000007,AY000004,16.0,16.0,6.75,6.75,0,0,PASS,REG000761,CO000025,MN000010,REGISTERED,True,69.0,65.0,63.0,MK000709,16.0,35.0,51.0,B,6.0,24.0,4.0,4.0,PASS
ST000194,AIML2023194,Peter,Peri,Male,2005-02-27,peter.peri194@student.college.edu,6800277746,DEP000001,AY000004,SEM000007,True,PRO000194,Average,65,85,60,80,10,24,30,58,0.1,AR000194,SEM000007,AY000004,16.0,16.0,6.75,6.75,0,0,PASS,REG000762,CO000026,MN000011,REGISTERED,False,84.0,80.0,80.0,MK000710,16.0,51.0,67.0,B+,7.0,28.0,4.0,4.0,PASS
ST000194,AIML2023194,Peter,Peri,Male,2005-02-27,peter.peri194@student.college.edu,6800277746,DEP000001,AY000004,SEM000007,True,PRO000194,Average,65,85,60,80,10,24,30,58,0.1,AR000194,SEM000007,AY000004,16.0,16.0,6.75,6.75,0,0,PASS,REG000763,CO000027,MN000012,REGISTERED,False,83.0,76.0,76.0,MK000711,20.0,52.0,72.0,A,8.0,32.0,4.0,4.0,PASS
ST000194,AIML2023194,Peter,Peri,Male,2005-02-27,peter.peri194@student.college.edu,6800277746,DEP000001,AY000004,SEM000007,True,PRO000194,Average,65,85,60,80,10,24,30,58,0.1,AR000194,SEM000007,AY000004,16.0,16.0,6.75,6.75,0,0,PASS,REG000764,CO000028,MN000013,REGISTERED,False,69.0,74.0,54.0,MK000712,19.0,38.0,57.0,B,6.0,24.0,4.0,4.0,PASS
ST000195,AIML2023195,Tripti,Talwar,Female,2004-04-30,tripti.talwar195@student.college.edu,6638899871,DEP000001,AY000004,SEM000007,True,PRO000195,Average,65,85,60,80,10,24,30,58,0.1,AR000195,SEM000007,AY000004,12.0,12.0,6.67,6.67,0,0,PASS,REG000765,CO000025,MN000010,REGISTERED,False,72.0,67.0,65.0,MK000713,21.0,31.0,52.0,B,6.0,24.0,4.0,4.0,PASS
ST000195,AIML2023195,Tripti,Talwar,Female,2004-04-30,tripti.talwar195@student.college.edu,6638899871,DEP000001,AY000004,SEM000007,True,PRO000195,Average,65,85,60,80,10,24,30,58,0.1,AR000195,SEM000007,AY000004,12.0,12.0,6.67,6.67,0,0,PASS,REG000766,CO000026,MN000011,REGISTERED,False,67.0,67.0,71.0,MK000714,23.0,51.0,74.0,A,8.0,32.0,4.0,4.0,PASS
ST000195,AIML2023195,Tripti,Talwar,Female,2004-04-30,tripti.talwar195@student.college.edu,6638899871,DEP000001,AY000004,SEM000007,True,PRO000195,Average,65,85,60,80,10,24,30,58,0.1,AR000195,SEM000007,AY000004,12.0,12.0,6.67,6.67,0,0,PASS,REG000767,CO000027,MN000012,CANCELLED,False,75.0,70.0,76.0,,,,,,,,,,
ST000195,AIML2023195,Tripti,Talwar,Female,2004-04-30,tripti.talwar195@student.college.edu,6638899871,DEP000001,AY000004,SEM000007,True,PRO000195,Average,65,85,60,80,10,24,30,58,0.1,AR000195,SEM000007,AY000004,12.0,12.0,6.67,6.67,0,0,PASS,REG000768,CO000028,MN000013,REGISTERED,False,80.0,74.0,78.0,MK000715,11.0,45.0,56.0,B,6.0,24.0,4.0,4.0,PASS
ST000196,AIML2023196,Yochana,Bath,Female,2004-06-12,yochana.bath196@student.college.edu,6648750469,DEP000001,AY000004,SEM000007,True,PRO000196,Improving,55,75,50,70,8,20,25,50,0.2,AR000196,SEM000007,AY000004,16.0,12.0,4.25,4.25,1,1,PROMOTED,REG000769,CO000025,MN000010,REGISTERED,False,75.0,56.0,64.0,MK000716,10.0,29.0,39.0,F,0.0,0.0,4.0,0.0,FAIL
ST000196,AIML2023196,Yochana,Bath,Female,2004-06-12,yochana.bath196@student.college.edu,6648750469,DEP000001,AY000004,SEM000007,True,PRO000196,Improving,55,75,50,70,8,20,25,50,0.2,AR000196,SEM000007,AY000004,16.0,12.0,4.25,4.25,1,1,PROMOTED,REG000770,CO000026,MN000011,REGISTERED,False,71.0,63.0,57.0,MK000717,15.0,32.0,47.0,C,5.0,20.0,4.0,4.0,PASS
ST000196,AIML2023196,Yochana,Bath,Female,2004-06-12,yochana.bath196@student.college.edu,6648750469,DEP000001,AY000004,SEM000007,True,PRO000196,Improving,55,75,50,70,8,20,25,50,0.2,AR000196,SEM000007,AY000004,16.0,12.0,4.25,4.25,1,1,PROMOTED,REG000771,CO000027,MN000012,REGISTERED,False,60.0,53.0,52.0,MK000718,15.0,44.0,59.0,B,6.0,24.0,4.0,4.0,PASS
ST000196,AIML2023196,Yochana,Bath,Female,2004-06-12,yochana.bath196@student.college.edu,6648750469,DEP000001,AY000004,SEM000007,True,PRO000196,Improving,55,75,50,70,8,20,25,50,0.2,AR000196,SEM000007,AY000004,16.0,12.0,4.25,4.25,1,1,PROMOTED,REG000772,CO000028,MN000013,REGISTERED,True,61.0,56.0,59.0,MK000719,16.0,42.0,58.0,B,6.0,24.0,4.0,4.0,PASS
ST000197,AIML2023197,Advaith,Raman,Male,2006-06-06,advaith.raman197@student.college.edu,9640664943,DEP000001,AY000004,SEM000007,True,PRO000197,Declining,40,65,35,60,4,16,15,40,0.45,AR000197,SEM000007,AY000004,8.0,4.0,2.5,2.5,1,1,PROMOTED,REG000773,CO000025,MN000010,REGISTERED,False,41.0,45.0,42.0,MK000720,9.0,40.0,49.0,C,5.0,20.0,4.0,4.0,PASS
ST000197,AIML2023197,Advaith,Raman,Male,2006-06-06,advaith.raman197@student.college.edu,9640664943,DEP000001,AY000004,SEM000007,True,PRO000197,Declining,40,65,35,60,4,16,15,40,0.45,AR000197,SEM000007,AY000004,8.0,4.0,2.5,2.5,1,1,PROMOTED,REG000774,CO000026,MN000011,REGISTERED,False,64.0,57.0,49.0,MK000721,8.0,16.0,24.0,F,0.0,0.0,4.0,0.0,FAIL
ST000197,AIML2023197,Advaith,Raman,Male,2006-06-06,advaith.raman197@student.college.edu,9640664943,DEP000001,AY000004,SEM000007,True,PRO000197,Declining,40,65,35,60,4,16,15,40,0.45,AR000197,SEM000007,AY000004,8.0,4.0,2.5,2.5,1,1,PROMOTED,REG000775,CO000027,MN000012,CANCELLED,False,58.0,50.0,46.0,,,,,,,,,,
ST000197,AIML2023197,Advaith,Raman,Male,2006-06-06,advaith.raman197@student.college.edu,9640664943,DEP000001,AY000004,SEM000007,True,PRO000197,Declining,40,65,35,60,4,16,15,40,0.45,AR000197,SEM000007,AY000004,8.0,4.0,2.5,2.5,1,1,PROMOTED,REG000776,CO000028,MN000013,CANCELLED,False,43.0,44.0,34.0,,,,,,,,,,
ST000198,AIML2023198,Vritti,Pingle,Female,2005-12-13,vritti.pingle198@student.college.edu,9626253752,DEP000001,AY000004,SEM000007,True,PRO000198,Improving,55,75,50,70,8,20,25,50,0.2,AR000198,SEM000007,AY000004,16.0,16.0,4.75,4.75,0,0,PASS,REG000777,CO000025,MN000010,REGISTERED,False,74.0,67.0,59.0,MK000722,18.0,25.0,43.0,P,4.0,16.0,4.0,4.0,PASS
ST000198,AIML2023198,Vritti,Pingle,Female,2005-12-13,vritti.pingle198@student.college.edu,9626253752,DEP000001,AY000004,SEM000007,True,PRO000198,Improving,55,75,50,70,8,20,25,50,0.2,AR000198,SEM000007,AY000004,16.0,16.0,4.75,4.75,0,0,PASS,REG000778,CO000026,MN000011,REGISTERED,False,73.0,56.0,64.0,MK000723,11.0,41.0,52.0,B,6.0,24.0,4.0,4.0,PASS
ST000198,AIML2023198,Vritti,Pingle,Female,2005-12-13,vritti.pingle198@student.college.edu,9626253752,DEP000001,AY000004,SEM000007,True,PRO000198,Improving,55,75,50,70,8,20,25,50,0.2,AR000198,SEM000007,AY000004,16.0,16.0,4.75,4.75,0,0,PASS,REG000779,CO000027,MN000012,REGISTERED,False,73.0,67.0,65.0,MK000724,19.0,28.0,47.0,C,5.0,20.0,4.0,4.0,PASS
ST000198,AIML2023198,Vritti,Pingle,Female,2005-12-13,vritti.pingle198@student.college.edu,9626253752,DEP000001,AY000004,SEM000007,True,PRO000198,Improving,55,75,50,70,8,20,25,50,0.2,AR000198,SEM000007,AY000004,16.0,16.0,4.75,4.75,0,0,PASS,REG000780,CO000028,MN000013,REGISTERED,False,67.0,56.0,58.0,MK000725,16.0,28.0,44.0,P,4.0,16.0,4.0,4.0,PASS
ST000199,AIML2023199,Chaitanya,Setty,Male,2006-01-10,chaitanya.setty199@student.college.edu,9869877762,DEP000001,AY000004,SEM000007,True,PRO000199,HighRisk,20,50,20,45,0,12,0,30,0.8,AR000199,SEM000007,AY000004,8.0,0.0,0.0,0.0,2,2,PROMOTED,REG000781,CO000025,MN000010,CANCELLED,False,40.0,23.0,26.0,,,,,,,,,,
ST000199,AIML2023199,Chaitanya,Setty,Male,2006-01-10,chaitanya.setty199@student.college.edu,9869877762,DEP000001,AY000004,SEM000007,True,PRO000199,HighRisk,20,50,20,45,0,12,0,30,0.8,AR000199,SEM000007,AY000004,8.0,0.0,0.0,0.0,2,2,PROMOTED,REG000782,CO000026,MN000011,REGISTERED,True,45.0,42.0,30.0,MK000726,4.0,2.0,6.0,F,0.0,0.0,4.0,0.0,FAIL
ST000199,AIML2023199,Chaitanya,Setty,Male,2006-01-10,chaitanya.setty199@student.college.edu,9869877762,DEP000001,AY000004,SEM000007,True,PRO000199,HighRisk,20,50,20,45,0,12,0,30,0.8,AR000199,SEM000007,AY000004,8.0,0.0,0.0,0.0,2,2,PROMOTED,REG000783,CO000027,MN000012,REGISTERED,True,31.0,21.0,29.0,MK000727,11.0,7.0,18.0,F,0.0,0.0,4.0,0.0,FAIL
ST000199,AIML2023199,Chaitanya,Setty,Male,2006-01-10,chaitanya.setty199@student.college.edu,9869877762,DEP000001,AY000004,SEM000007,True,PRO000199,HighRisk,20,50,20,45,0,12,0,30,0.8,AR000199,SEM000007,AY000004,8.0,0.0,0.0,0.0,2,2,PROMOTED,REG000784,CO000028,MN000013,CANCELLED,False,21.0,20.0,16.0,,,,,,,,,,
ST000200,AIML2023200,Pallavi,Vyas,Female,2004-06-14,pallavi.vyas200@student.college.edu,6095788711,DEP000001,AY000004,SEM000007,True,PRO000200,Average,65,85,60,80,10,24,30,58,0.1,AR000200,SEM000007,AY000004,16.0,16.0,5.75,5.75,0,0,PASS,REG000785,CO000025,MN000010,REGISTERED,False,80.0,68.0,65.0,MK000728,13.0,30.0,43.0,P,4.0,16.0,4.0,4.0,PASS
ST000200,AIML2023200,Pallavi,Vyas,Female,2004-06-14,pallavi.vyas200@student.college.edu,6095788711,DEP000001,AY000004,SEM000007,True,PRO000200,Average,65,85,60,80,10,24,30,58,0.1,AR000200,SEM000007,AY000004,16.0,16.0,5.75,5.75,0,0,PASS,REG000786,CO000026,MN000011,REGISTERED,False,69.0,61.0,79.0,MK000729,14.0,39.0,53.0,B,6.0,24.0,4.0,4.0,PASS
ST000200,AIML2023200,Pallavi,Vyas,Female,2004-06-14,pallavi.vyas200@student.college.edu,6095788711,DEP000001,AY000004,SEM000007,True,PRO000200,Average,65,85,60,80,10,24,30,58,0.1,AR000200,SEM000007,AY000004,16.0,16.0,5.75,5.75,0,0,PASS,REG000787,CO000027,MN000012,REGISTERED,False,68.0,62.0,75.0,MK000730,23.0,32.0,55.0,B,6.0,24.0,4.0,4.0,PASS
ST000200,AIML2023200,Pallavi,Vyas,Female,2004-06-14,pallavi.vyas200@student.college.edu,6095788711,DEP000001,AY000004,SEM000007,True,PRO000200,Average,65,85,60,80,10,24,30,58,0.1,AR000200,SEM000007,AY000004,16.0,16.0,5.75,5.75,0,0,PASS,REG000788,CO000028,MN000013,REGISTERED,False,80.0,69.0,65.0,MK000731,21.0,45.0,66.0,B+,7.0,28.0,4.0,4.0,PASS
ST000201,AIML2023201,Hritik,Basak,Male,2006-02-23,hritik.basak201@student.college.edu,9481797330,DEP000001,AY000004,SEM000007,True,PRO000201,Average,65,85,60,80,10,24,30,58,0.1,AR000201,SEM000007,AY000004,16.0,16.0,6.75,6.75,0,0,PASS,REG000789,CO000025,MN000010,REGISTERED,False,81.0,69.0,66.0,MK000732,13.0,53.0,66.0,B+,7.0,28.0,4.0,4.0,PASS
ST000201,AIML2023201,Hritik,Basak,Male,2006-02-23,hritik.basak201@student.college.edu,9481797330,DEP000001,AY000004,SEM000007,True,PRO000201,Average,65,85,60,80,10,24,30,58,0.1,AR000201,SEM000007,AY000004,16.0,16.0,6.75,6.75,0,0,PASS,REG000790,CO000026,MN000011,REGISTERED,False,80.0,66.0,73.0,MK000733,24.0,30.0,54.0,B,6.0,24.0,4.0,4.0,PASS
ST000201,AIML2023201,Hritik,Basak,Male,2006-02-23,hritik.basak201@student.college.edu,9481797330,DEP000001,AY000004,SEM000007,True,PRO000201,Average,65,85,60,80,10,24,30,58,0.1,AR000201,SEM000007,AY000004,16.0,16.0,6.75,6.75,0,0,PASS,REG000791,CO000027,MN000012,REGISTERED,False,79.0,73.0,72.0,MK000734,24.0,48.0,72.0,A,8.0,32.0,4.0,4.0,PASS
ST000201,AIML2023201,Hritik,Basak,Male,2006-02-23,hritik.basak201@student.college.edu,9481797330,DEP000001,AY000004,SEM000007,True,PRO000201,Average,65,85,60,80,10,24,30,58,0.1,AR000201,SEM000007,AY000004,16.0,16.0,6.75,6.75,0,0,PASS,REG000792,CO000028,MN000013,REGISTERED,False,81.0,74.0,74.0,MK000735,12.0,38.0,50.0,B,6.0,24.0,4.0,4.0,PASS
ST000202,AIML2023202,Reva,Kapur,Female,2004-01-01,reva.kapur202@student.college.edu,7096582783,DEP000001,AY000004,SEM000007,True,PRO000202,Declining,40,65,35,60,4,16,15,40,0.45,AR000202,SEM000007,AY000004,16.0,8.0,2.25,2.25,2,2,PROMOTED,REG000793,CO000025,MN000010,REGISTERED,False,46.0,49.0,39.0,MK000736,6.0,40.0,46.0,C,5.0,20.0,4.0,4.0,PASS
ST000202,AIML2023202,Reva,Kapur,Female,2004-01-01,reva.kapur202@student.college.edu,7096582783,DEP000001,AY000004,SEM000007,True,PRO000202,Declining,40,65,35,60,4,16,15,40,0.45,AR000202,SEM000007,AY000004,16.0,8.0,2.25,2.25,2,2,PROMOTED,REG000794,CO000026,MN000011,REGISTERED,False,56.0,59.0,47.0,MK000737,8.0,21.0,29.0,F,0.0,0.0,4.0,0.0,FAIL
ST000202,AIML2023202,Reva,Kapur,Female,2004-01-01,reva.kapur202@student.college.edu,7096582783,DEP000001,AY000004,SEM000007,True,PRO000202,Declining,40,65,35,60,4,16,15,40,0.45,AR000202,SEM000007,AY000004,16.0,8.0,2.25,2.25,2,2,PROMOTED,REG000795,CO000027,MN000012,REGISTERED,False,61.0,54.0,50.0,MK000738,14.0,27.0,41.0,P,4.0,16.0,4.0,4.0,PASS
ST000202,AIML2023202,Reva,Kapur,Female,2004-01-01,reva.kapur202@student.college.edu,7096582783,DEP000001,AY000004,SEM000007,True,PRO000202,Declining,40,65,35,60,4,16,15,40,0.45,AR000202,SEM000007,AY000004,16.0,8.0,2.25,2.25,2,2,PROMOTED,REG000796,CO000028,MN000013,REGISTERED,True,64.0,54.0,49.0,MK000739,10.0,18.0,28.0,F,0.0,0.0,4.0,0.0,FAIL
ST000203,AIML2023203,Joshua,Banerjee,Male,2003-09-11,joshua.banerjee203@student.college.edu,8516384988,DEP000001,AY000004,SEM000007,True,PRO000203,Average,65,85,60,80,10,24,30,58,0.1,AR000203,SEM000007,AY000004,16.0,16.0,7.25,7.25,0,0,PASS,REG000797,CO000025,MN000010,REGISTERED,False,75.0,65.0,64.0,MK000740,12.0,53.0,65.0,B+,7.0,28.0,4.0,4.0,PASS
ST000203,AIML2023203,Joshua,Banerjee,Male,2003-09-11,joshua.banerjee203@student.college.edu,8516384988,DEP000001,AY000004,SEM000007,True,PRO000203,Average,65,85,60,80,10,24,30,58,0.1,AR000203,SEM000007,AY000004,16.0,16.0,7.25,7.25,0,0,PASS,REG000798,CO000026,MN000011,REGISTERED,False,85.0,73.0,70.0,MK000741,20.0,55.0,75.0,A,8.0,32.0,4.0,4.0,PASS
ST000203,AIML2023203,Joshua,Banerjee,Male,2003-09-11,joshua.banerjee203@student.college.edu,8516384988,DEP000001,AY000004,SEM000007,True,PRO000203,Average,65,85,60,80,10,24,30,58,0.1,AR000203,SEM000007,AY000004,16.0,16.0,7.25,7.25,0,0,PASS,REG000799,CO000027,MN000012,REGISTERED,False,81.0,62.0,79.0,MK000742,17.0,35.0,52.0,B,6.0,24.0,4.0,4.0,PASS
ST000203,AIML2023203,Joshua,Banerjee,Male,2003-09-11,joshua.banerjee203@student.college.edu,8516384988,DEP000001,AY000004,SEM000007,True,PRO000203,Average,65,85,60,80,10,24,30,58,0.1,AR000203,SEM000007,AY000004,16.0,16.0,7.25,7.25,0,0,PASS,REG000800,CO000028,MN000013,REGISTERED,False,73.0,66.0,76.0,MK000743,14.0,56.0,70.0,A,8.0,32.0,4.0,4.0,PASS
ST000204,AIML2023204,Saanvi,Golla,Female,2005-05-12,saanvi.golla204@student.college.edu,9854465282,DEP000001,AY000004,SEM000007,True,PRO000204,Improving,55,75,50,70,8,20,25,50,0.2,AR000204,SEM000007,AY000004,16.0,12.0,4.25,4.25,1,1,PROMOTED,REG000801,CO000025,MN000010,REGISTERED,False,73.0,67.0,62.0,MK000744,8.0,25.0,33.0,F,0.0,0.0,4.0,0.0,FAIL
ST000204,AIML2023204,Saanvi,Golla,Female,2005-05-12,saanvi.golla204@student.college.edu,9854465282,DEP000001,AY000004,SEM000007,True,PRO000204,Improving,55,75,50,70,8,20,25,50,0.2,AR000204,SEM000007,AY000004,16.0,12.0,4.25,4.25,1,1,PROMOTED,REG000802,CO000026,MN000011,REGISTERED,False,70.0,66.0,63.0,MK000745,17.0,32.0,49.0,C,5.0,20.0,4.0,4.0,PASS
ST000204,AIML2023204,Saanvi,Golla,Female,2005-05-12,saanvi.golla204@student.college.edu,9854465282,DEP000001,AY000004,SEM000007,True,PRO000204,Improving,55,75,50,70,8,20,25,50,0.2,AR000204,SEM000007,AY000004,16.0,12.0,4.25,4.25,1,1,PROMOTED,REG000803,CO000027,MN000012,REGISTERED,False,59.0,61.0,50.0,MK000746,10.0,43.0,53.0,B,6.0,24.0,4.0,4.0,PASS
ST000204,AIML2023204,Saanvi,Golla,Female,2005-05-12,saanvi.golla204@student.college.edu,9854465282,DEP000001,AY000004,SEM000007,True,PRO000204,Improving,55,75,50,70,8,20,25,50,0.2,AR000204,SEM000007,AY000004,16.0,12.0,4.25,4.25,1,1,PROMOTED,REG000804,CO000028,MN000013,REGISTERED,False,65.0,62.0,52.0,MK000747,16.0,34.0,50.0,B,6.0,24.0,4.0,4.0,PASS
ST000205,AIML2023205,Nihal,Kant,Male,2004-08-30,nihal.kant205@student.college.edu,6312468482,DEP000001,AY000004,SEM000007,True,PRO000205,Average,65,85,60,80,10,24,30,58,0.1,AR000205,SEM000007,AY000004,16.0,16.0,7.0,7.0,0,0,PASS,REG000805,CO000025,MN000010,REGISTERED,False,83.0,69.0,69.0,MK000748,23.0,31.0,54.0,B,6.0,24.0,4.0,4.0,PASS
ST000205,AIML2023205,Nihal,Kant,Male,2004-08-30,nihal.kant205@student.college.edu,6312468482,DEP000001,AY000004,SEM000007,True,PRO000205,Average,65,85,60,80,10,24,30,58,0.1,AR000205,SEM000007,AY000004,16.0,16.0,7.0,7.0,0,0,PASS,REG000806,CO000026,MN000011,REGISTERED,False,66.0,61.0,54.0,MK000749,23.0,54.0,77.0,A,8.0,32.0,4.0,4.0,PASS
ST000205,AIML2023205,Nihal,Kant,Male,2004-08-30,nihal.kant205@student.college.edu,6312468482,DEP000001,AY000004,SEM000007,True,PRO000205,Average,65,85,60,80,10,24,30,58,0.1,AR000205,SEM000007,AY000004,16.0,16.0,7.0,7.0,0,0,PASS,REG000807,CO000027,MN000012,REGISTERED,False,77.0,80.0,75.0,MK000750,19.0,43.0,62.0,B+,7.0,28.0,4.0,4.0,PASS
ST000205,AIML2023205,Nihal,Kant,Male,2004-08-30,nihal.kant205@student.college.edu,6312468482,DEP000001,AY000004,SEM000007,True,PRO000205,Average,65,85,60,80,10,24,30,58,0.1,AR000205,SEM000007,AY000004,16.0,16.0,7.0,7.0,0,0,PASS,REG000808,CO000028,MN000013,REGISTERED,False,67.0,64.0,65.0,MK000751,15.0,49.0,64.0,B+,7.0,28.0,4.0,4.0,PASS
ST000206,AIML2023206,Isaac,Kaur,Male,2005-09-28,isaac.kaur206@student.college.edu,8158236570,DEP000001,AY000004,SEM000007,True,PRO000206,HighRisk,20,50,20,45,0,12,0,30,0.8,AR000206,SEM000007,AY000004,4.0,0.0,0.0,0.0,1,1,PROMOTED,REG000809,CO000025,MN000010,CANCELLED,False,40.0,27.0,29.0,,,,,,,,,,
ST000206,AIML2023206,Isaac,Kaur,Male,2005-09-28,isaac.kaur206@student.college.edu,8158236570,DEP000001,AY000004,SEM000007,True,PRO000206,HighRisk,20,50,20,45,0,12,0,30,0.8,AR000206,SEM000007,AY000004,4.0,0.0,0.0,0.0,1,1,PROMOTED,REG000810,CO000026,MN000011,CANCELLED,False,34.0,23.0,24.0,,,,,,,,,,
ST000206,AIML2023206,Isaac,Kaur,Male,2005-09-28,isaac.kaur206@student.college.edu,8158236570,DEP000001,AY000004,SEM000007,True,PRO000206,HighRisk,20,50,20,45,0,12,0,30,0.8,AR000206,SEM000007,AY000004,4.0,0.0,0.0,0.0,1,1,PROMOTED,REG000811,CO000027,MN000012,CANCELLED,False,24.0,29.0,31.0,,,,,,,,,,
ST000206,AIML2023206,Isaac,Kaur,Male,2005-09-28,isaac.kaur206@student.college.edu,8158236570,DEP000001,AY000004,SEM000007,True,PRO000206,HighRisk,20,50,20,45,0,12,0,30,0.8,AR000206,SEM000007,AY000004,4.0,0.0,0.0,0.0,1,1,PROMOTED,REG000812,CO000028,MN000013,REGISTERED,False,28.0,28.0,26.0,MK000752,0.0,20.0,20.0,F,0.0,0.0,4.0,0.0,FAIL
ST000207,AIML2023207,Lohit,Sood,Male,2005-04-15,lohit.sood207@student.college.edu,9257602624,DEP000001,AY000004,SEM000007,True,PRO000207,HighRisk,20,50,20,45,0,12,0,30,0.8,AR000207,SEM000007,AY000004,8.0,0.0,0.0,0.0,2,2,PROMOTED,REG000813,CO000025,MN000010,REGISTERED,True,43.0,43.0,29.0,MK000753,7.0,19.0,26.0,F,0.0,0.0,4.0,0.0,FAIL
ST000207,AIML2023207,Lohit,Sood,Male,2005-04-15,lohit.sood207@student.college.edu,9257602624,DEP000001,AY000004,SEM000007,True,PRO000207,HighRisk,20,50,20,45,0,12,0,30,0.8,AR000207,SEM000007,AY000004,8.0,0.0,0.0,0.0,2,2,PROMOTED,REG000814,CO000026,MN000011,REGISTERED,False,42.0,29.0,34.0,MK000754,3.0,25.0,28.0,F,0.0,0.0,4.0,0.0,FAIL
ST000207,AIML2023207,Lohit,Sood,Male,2005-04-15,lohit.sood207@student.college.edu,9257602624,DEP000001,AY000004,SEM000007,True,PRO000207,HighRisk,20,50,20,45,0,12,0,30,0.8,AR000207,SEM000007,AY000004,8.0,0.0,0.0,0.0,2,2,PROMOTED,REG000815,CO000027,MN000012,CANCELLED,False,32.0,31.0,23.0,,,,,,,,,,
ST000207,AIML2023207,Lohit,Sood,Male,2005-04-15,lohit.sood207@student.college.edu,9257602624,DEP000001,AY000004,SEM000007,True,PRO000207,HighRisk,20,50,20,45,0,12,0,30,0.8,AR000207,SEM000007,AY000004,8.0,0.0,0.0,0.0,2,2,PROMOTED,REG000816,CO000028,MN000013,CANCELLED,False,39.0,43.0,24.0,,,,,,,,,,
ST000208,AIML2023208,Mahika,Bhat,Female,2004-11-21,mahika.bhat208@student.college.edu,7661135775,DEP000001,AY000004,SEM000007,True,PRO000208,Average,65,85,60,80,10,24,30,58,0.1,AR000208,SEM000007,AY000004,16.0,16.0,6.5,6.5,0,0,PASS,REG000817,CO000025,MN000010,REGISTERED,False,80.0,80.0,75.0,MK000755,16.0,30.0,46.0,C,5.0,20.0,4.0,4.0,PASS
ST000208,AIML2023208,Mahika,Bhat,Female,2004-11-21,mahika.bhat208@student.college.edu,7661135775,DEP000001,AY000004,SEM000007,True,PRO000208,Average,65,85,60,80,10,24,30,58,0.1,AR000208,SEM000007,AY000004,16.0,16.0,6.5,6.5,0,0,PASS,REG000818,CO000026,MN000011,REGISTERED,False,74.0,70.0,69.0,MK000756,24.0,48.0,72.0,A,8.0,32.0,4.0,4.0,PASS
ST000208,AIML2023208,Mahika,Bhat,Female,2004-11-21,mahika.bhat208@student.college.edu,7661135775,DEP000001,AY000004,SEM000007,True,PRO000208,Average,65,85,60,80,10,24,30,58,0.1,AR000208,SEM000007,AY000004,16.0,16.0,6.5,6.5,0,0,PASS,REG000819,CO000027,MN000012,REGISTERED,False,68.0,66.0,69.0,MK000757,20.0,41.0,61.0,B+,7.0,28.0,4.0,4.0,PASS
ST000208,AIML2023208,Mahika,Bhat,Female,2004-11-21,mahika.bhat208@student.college.edu,7661135775,DEP000001,AY000004,SEM000007,True,PRO000208,Average,65,85,60,80,10,24,30,58,0.1,AR000208,SEM000007,AY000004,16.0,16.0,6.5,6.5,0,0,PASS,REG000820,CO000028,MN000013,REGISTERED,False,77.0,73.0,77.0,MK000758,18.0,41.0,59.0,B,6.0,24.0,4.0,4.0,PASS
ST000209,AIML2023209,Jagvi,Tank,Female,2004-05-22,jagvi.tank209@student.college.edu,9825063240,DEP000001,AY000004,SEM000007,True,PRO000209,Good,80,95,75,90,18,28,45,65,0.03,AR000209,SEM000007,AY000004,16.0,16.0,8.75,8.75,0,0,PASS,REG000821,CO000025,MN000010,REGISTERED,False,87.0,76.0,82.0,MK000759,24.0,63.0,87.0,A+,9.0,36.0,4.0,4.0,PASS
ST000209,AIML2023209,Jagvi,Tank,Female,2004-05-22,jagvi.tank209@student.college.edu,9825063240,DEP000001,AY000004,SEM000007,True,PRO000209,Good,80,95,75,90,18,28,45,65,0.03,AR000209,SEM000007,AY000004,16.0,16.0,8.75,8.75,0,0,PASS,REG000822,CO000026,MN000011,REGISTERED,False,82.0,79.0,77.0,MK000760,28.0,53.0,81.0,A+,9.0,36.0,4.0,4.0,PASS
ST000209,AIML2023209,Jagvi,Tank,Female,2004-05-22,jagvi.tank209@student.college.edu,9825063240,DEP000001,AY000004,SEM000007,True,PRO000209,Good,80,95,75,90,18,28,45,65,0.03,AR000209,SEM000007,AY000004,16.0,16.0,8.75,8.75,0,0,PASS,REG000823,CO000027,MN000012,REGISTERED,False,88.0,83.0,90.0,MK000761,22.0,56.0,78.0,A,8.0,32.0,4.0,4.0,PASS
ST000209,AIML2023209,Jagvi,Tank,Female,2004-05-22,jagvi.tank209@student.college.edu,9825063240,DEP000001,AY000004,SEM000007,True,PRO000209,Good,80,95,75,90,18,28,45,65,0.03,AR000209,SEM000007,AY000004,16.0,16.0,8.75,8.75,0,0,PASS,REG000824,CO000028,MN000013,REGISTERED,False,84.0,79.0,77.0,MK000762,23.0,62.0,85.0,A+,9.0,36.0,4.0,4.0,PASS
ST000210,AIML2023210,Tanish,Jhaveri,Male,2003-08-07,tanish.jhaveri210@student.college.edu,9576244320,DEP000001,AY000004,SEM000007,True,PRO000210,Average,65,85,60,80,10,24,30,58,0.1,AR000210,SEM000007,AY000004,16.0,16.0,7.0,7.0,0,0,PASS,REG000825,CO000025,MN000010,REGISTERED,False,83.0,65.0,77.0,MK000763,24.0,50.0,74.0,A,8.0,32.0,4.0,4.0,PASS
ST000210,AIML2023210,Tanish,Jhaveri,Male,2003-08-07,tanish.jhaveri210@student.college.edu,9576244320,DEP000001,AY000004,SEM000007,True,PRO000210,Average,65,85,60,80,10,24,30,58,0.1,AR000210,SEM000007,AY000004,16.0,16.0,7.0,7.0,0,0,PASS,REG000826,CO000026,MN000011,REGISTERED,False,79.0,70.0,68.0,MK000764,12.0,54.0,66.0,B+,7.0,28.0,4.0,4.0,PASS
ST000210,AIML2023210,Tanish,Jhaveri,Male,2003-08-07,tanish.jhaveri210@student.college.edu,9576244320,DEP000001,AY000004,SEM000007,True,PRO000210,Average,65,85,60,80,10,24,30,58,0.1,AR000210,SEM000007,AY000004,16.0,16.0,7.0,7.0,0,0,PASS,REG000827,CO000027,MN000012,REGISTERED,False,68.0,67.0,76.0,MK000765,15.0,44.0,59.0,B,6.0,24.0,4.0,4.0,PASS
ST000210,AIML2023210,Tanish,Jhaveri,Male,2003-08-07,tanish.jhaveri210@student.college.edu,9576244320,DEP000001,AY000004,SEM000007,True,PRO000210,Average,65,85,60,80,10,24,30,58,0.1,AR000210,SEM000007,AY000004,16.0,16.0,7.0,7.0,0,0,PASS,REG000828,CO000028,MN000013,REGISTERED,False,79.0,73.0,78.0,MK000766,12.0,56.0,68.0,B+,7.0,28.0,4.0,4.0,PASS
ST000211,AIML2023211,Baljiwan,Krish,Male,2006-01-14,baljiwan.krish211@student.college.edu,9540735926,DEP000001,AY000004,SEM000007,True,PRO000211,Average,65,85,60,80,10,24,30,58,0.1,AR000211,SEM000007,AY000004,16.0,16.0,6.75,6.75,0,0,PASS,REG000829,CO000025,MN000010,REGISTERED,False,83.0,74.0,80.0,MK000767,16.0,44.0,60.0,B+,7.0,28.0,4.0,4.0,PASS
ST000211,AIML2023211,Baljiwan,Krish,Male,2006-01-14,baljiwan.krish211@student.college.edu,9540735926,DEP000001,AY000004,SEM000007,True,PRO000211,Average,65,85,60,80,10,24,30,58,0.1,AR000211,SEM000007,AY000004,16.0,16.0,6.75,6.75,0,0,PASS,REG000830,CO000026,MN000011,REGISTERED,False,75.0,77.0,73.0,MK000768,22.0,37.0,59.0,B,6.0,24.0,4.0,4.0,PASS
ST000211,AIML2023211,Baljiwan,Krish,Male,2006-01-14,baljiwan.krish211@student.college.edu,9540735926,DEP000001,AY000004,SEM000007,True,PRO000211,Average,65,85,60,80,10,24,30,58,0.1,AR000211,SEM000007,AY000004,16.0,16.0,6.75,6.75,0,0,PASS,REG000831,CO000027,MN000012,REGISTERED,False,67.0,66.0,69.0,MK000769,24.0,57.0,81.0,A+,9.0,36.0,4.0,4.0,PASS
ST000211,AIML2023211,Baljiwan,Krish,Male,2006-01-14,baljiwan.krish211@student.college.edu,9540735926,DEP000001,AY000004,SEM000007,True,PRO000211,Average,65,85,60,80,10,24,30,58,0.1,AR000211,SEM000007,AY000004,16.0,16.0,6.75,6.75,0,0,PASS,REG000832,CO000028,MN000013,REGISTERED,False,79.0,73.0,74.0,MK000770,12.0,34.0,46.0,C,5.0,20.0,4.0,4.0,PASS
ST000212,AIML2023212,Gunbir,Misra,Male,2004-08-26,gunbir.misra212@student.college.edu,8896291611,DEP000001,AY000004,SEM000007,True,PRO000212,Good,80,95,75,90,18,28,45,65,0.03,AR000212,SEM000007,AY000004,16.0,16.0,8.25,8.25,0,0,PASS,REG000833,CO000025,MN000010,REGISTERED,False,86.0,76.0,82.0,MK000771,28.0,57.0,85.0,A+,9.0,36.0,4.0,4.0,PASS
ST000212,AIML2023212,Gunbir,Misra,Male,2004-08-26,gunbir.misra212@student.college.edu,8896291611,DEP000001,AY000004,SEM000007,True,PRO000212,Good,80,95,75,90,18,28,45,65,0.03,AR000212,SEM000007,AY000004,16.0,16.0,8.25,8.25,0,0,PASS,REG000834,CO000026,MN000011,REGISTERED,False,82.0,77.0,74.0,MK000772,26.0,54.0,80.0,A+,9.0,36.0,4.0,4.0,PASS
ST000212,AIML2023212,Gunbir,Misra,Male,2004-08-26,gunbir.misra212@student.college.edu,8896291611,DEP000001,AY000004,SEM000007,True,PRO000212,Good,80,95,75,90,18,28,45,65,0.03,AR000212,SEM000007,AY000004,16.0,16.0,8.25,8.25,0,0,PASS,REG000835,CO000027,MN000012,REGISTERED,False,93.0,75.0,81.0,MK000773,21.0,50.0,71.0,A,8.0,32.0,4.0,4.0,PASS
ST000212,AIML2023212,Gunbir,Misra,Male,2004-08-26,gunbir.misra212@student.college.edu,8896291611,DEP000001,AY000004,SEM000007,True,PRO000212,Good,80,95,75,90,18,28,45,65,0.03,AR000212,SEM000007,AY000004,16.0,16.0,8.25,8.25,0,0,PASS,REG000836,CO000028,MN000013,REGISTERED,False,82.0,75.0,72.0,MK000774,18.0,46.0,64.0,B+,7.0,28.0,4.0,4.0,PASS
ST000213,AIML2023213,Samaksh,Barman,Male,2006-07-09,samaksh.barman213@student.college.edu,7626657909,DEP000001,AY000004,SEM000007,True,PRO000213,HighRisk,20,50,20,45,0,12,0,30,0.8,AR000213,SEM000007,AY000004,16.0,0.0,0.0,0.0,4,4,FAIL,REG000837,CO000025,MN000010,REGISTERED,False,23.0,24.0,26.0,MK000775,12.0,6.0,18.0,F,0.0,0.0,4.0,0.0,FAIL
ST000213,AIML2023213,Samaksh,Barman,Male,2006-07-09,samaksh.barman213@student.college.edu,7626657909,DEP000001,AY000004,SEM000007,True,PRO000213,HighRisk,20,50,20,45,0,12,0,30,0.8,AR000213,SEM000007,AY000004,16.0,0.0,0.0,0.0,4,4,FAIL,REG000838,CO000026,MN000011,REGISTERED,False,27.0,22.0,17.0,MK000776,4.0,27.0,31.0,F,0.0,0.0,4.0,0.0,FAIL
ST000213,AIML2023213,Samaksh,Barman,Male,2006-07-09,samaksh.barman213@student.college.edu,7626657909,DEP000001,AY000004,SEM000007,True,PRO000213,HighRisk,20,50,20,45,0,12,0,30,0.8,AR000213,SEM000007,AY000004,16.0,0.0,0.0,0.0,4,4,FAIL,REG000839,CO000027,MN000012,REGISTERED,True,31.0,31.0,23.0,MK000777,9.0,8.0,17.0,F,0.0,0.0,4.0,0.0,FAIL
ST000213,AIML2023213,Samaksh,Barman,Male,2006-07-09,samaksh.barman213@student.college.edu,7626657909,DEP000001,AY000004,SEM000007,True,PRO000213,HighRisk,20,50,20,45,0,12,0,30,0.8,AR000213,SEM000007,AY000004,16.0,0.0,0.0,0.0,4,4,FAIL,REG000840,CO000028,MN000013,REGISTERED,True,22.0,20.0,24.0,MK000778,3.0,26.0,29.0,F,0.0,0.0,4.0,0.0,FAIL
ST000214,AIML2023214,Falan,Bera,Male,2004-12-25,falan.bera214@student.college.edu,6809649888,DEP000001,AY000004,SEM000007,True,PRO000214,Average,65,85,60,80,10,24,30,58,0.1,AR000214,SEM000007,AY000004,16.0,16.0,7.25,7.25,0,0,PASS,REG000841,CO000025,MN000010,REGISTERED,False,78.0,61.0,69.0,MK000779,21.0,47.0,68.0,B+,7.0,28.0,4.0,4.0,PASS
ST000214,AIML2023214,Falan,Bera,Male,2004-12-25,falan.bera214@student.college.edu,6809649888,DEP000001,AY000004,SEM000007,True,PRO000214,Average,65,85,60,80,10,24,30,58,0.1,AR000214,SEM000007,AY000004,16.0,16.0,7.25,7.25,0,0,PASS,REG000842,CO000026,MN000011,REGISTERED,False,79.0,60.0,64.0,MK000780,15.0,57.0,72.0,A,8.0,32.0,4.0,4.0,PASS
ST000214,AIML2023214,Falan,Bera,Male,2004-12-25,falan.bera214@student.college.edu,6809649888,DEP000001,AY000004,SEM000007,True,PRO000214,Average,65,85,60,80,10,24,30,58,0.1,AR000214,SEM000007,AY000004,16.0,16.0,7.25,7.25,0,0,PASS,REG000843,CO000027,MN000012,REGISTERED,False,74.0,69.0,80.0,MK000781,20.0,30.0,50.0,B,6.0,24.0,4.0,4.0,PASS
ST000214,AIML2023214,Falan,Bera,Male,2004-12-25,falan.bera214@student.college.edu,6809649888,DEP000001,AY000004,SEM000007,True,PRO000214,Average,65,85,60,80,10,24,30,58,0.1,AR000214,SEM000007,AY000004,16.0,16.0,7.25,7.25,0,0,PASS,REG000844,CO000028,MN000013,REGISTERED,False,69.0,69.0,75.0,MK000782,24.0,46.0,70.0,A,8.0,32.0,4.0,4.0,PASS
ST000215,AIML2023215,Udarsh,Issac,Male,2003-11-15,udarsh.issac215@student.college.edu,6101250253,DEP000001,AY000004,SEM000007,True,PRO000215,Improving,55,75,50,70,8,20,25,50,0.2,AR000215,SEM000007,AY000004,16.0,12.0,4.25,4.25,1,1,PROMOTED,REG000845,CO000025,MN000010,REGISTERED,False,60.0,51.0,50.0,MK000783,13.0,30.0,43.0,P,4.0,16.0,4.0,4.0,PASS
ST000215,AIML2023215,Udarsh,Issac,Male,2003-11-15,udarsh.issac215@student.college.edu,6101250253,DEP000001,AY000004,SEM000007,True,PRO000215,Improving,55,75,50,70,8,20,25,50,0.2,AR000215,SEM000007,AY000004,16.0,12.0,4.25,4.25,1,1,PROMOTED,REG000846,CO000026,MN000011,REGISTERED,False,67.0,66.0,58.0,MK000784,8.0,27.0,35.0,F,0.0,0.0,4.0,0.0,FAIL
ST000215,AIML2023215,Udarsh,Issac,Male,2003-11-15,udarsh.issac215@student.college.edu,6101250253,DEP000001,AY000004,SEM000007,True,PRO000215,Improving,55,75,50,70,8,20,25,50,0.2,AR000215,SEM000007,AY000004,16.0,12.0,4.25,4.25,1,1,PROMOTED,REG000847,CO000027,MN000012,REGISTERED,False,62.0,56.0,61.0,MK000785,17.0,40.0,57.0,B,6.0,24.0,4.0,4.0,PASS
ST000215,AIML2023215,Udarsh,Issac,Male,2003-11-15,udarsh.issac215@student.college.edu,6101250253,DEP000001,AY000004,SEM000007,True,PRO000215,Improving,55,75,50,70,8,20,25,50,0.2,AR000215,SEM000007,AY000004,16.0,12.0,4.25,4.25,1,1,PROMOTED,REG000848,CO000028,MN000013,REGISTERED,True,58.0,57.0,60.0,MK000786,20.0,44.0,64.0,B+,7.0,28.0,4.0,4.0,PASS
ST000216,AIML2023216,Arya,Majumdar,Female,2004-05-24,arya.majumdar216@student.college.edu,9740494227,DEP000001,AY000004,SEM000007,True,PRO000216,Good,80,95,75,90,18,28,45,65,0.03,AR000216,SEM000007,AY000004,16.0,16.0,7.5,7.5,0,0,PASS,REG000849,CO000025,MN000010,REGISTERED,False,82.0,84.0,72.0,MK000787,19.0,45.0,64.0,B+,7.0,28.0,4.0,4.0,PASS
ST000216,AIML2023216,Arya,Majumdar,Female,2004-05-24,arya.majumdar216@student.college.edu,9740494227,DEP000001,AY000004,SEM000007,True,PRO000216,Good,80,95,75,90,18,28,45,65,0.03,AR000216,SEM000007,AY000004,16.0,16.0,7.5,7.5,0,0,PASS,REG000850,CO000026,MN000011,REGISTERED,False,85.0,88.0,71.0,MK000788,18.0,46.0,64.0,B+,7.0,28.0,4.0,4.0,PASS
ST000216,AIML2023216,Arya,Majumdar,Female,2004-05-24,arya.majumdar216@student.college.edu,9740494227,DEP000001,AY000004,SEM000007,True,PRO000216,Good,80,95,75,90,18,28,45,65,0.03,AR000216,SEM000007,AY000004,16.0,16.0,7.5,7.5,0,0,PASS,REG000851,CO000027,MN000012,REGISTERED,False,81.0,80.0,76.0,MK000789,23.0,49.0,72.0,A,8.0,32.0,4.0,4.0,PASS
ST000216,AIML2023216,Arya,Majumdar,Female,2004-05-24,arya.majumdar216@student.college.edu,9740494227,DEP000001,AY000004,SEM000007,True,PRO000216,Good,80,95,75,90,18,28,45,65,0.03,AR000216,SEM000007,AY000004,16.0,16.0,7.5,7.5,0,0,PASS,REG000852,CO000028,MN000013,REGISTERED,False,83.0,83.0,89.0,MK000790,18.0,61.0,79.0,A,8.0,32.0,4.0,4.0,PASS
ST000217,AIML2023217,Chaitanya,Dugal,Male,2005-11-13,chaitanya.dugal217@student.college.edu,8362205856,DEP000001,AY000004,SEM000007,True,PRO000217,Improving,55,75,50,70,8,20,25,50,0.2,AR000217,SEM000007,AY000004,16.0,16.0,6.0,6.0,0,0,PASS,REG000853,CO000025,MN000010,REGISTERED,False,61.0,58.0,61.0,MK000791,20.0,45.0,65.0,B+,7.0,28.0,4.0,4.0,PASS
ST000217,AIML2023217,Chaitanya,Dugal,Male,2005-11-13,chaitanya.dugal217@student.college.edu,8362205856,DEP000001,AY000004,SEM000007,True,PRO000217,Improving,55,75,50,70,8,20,25,50,0.2,AR000217,SEM000007,AY000004,16.0,16.0,6.0,6.0,0,0,PASS,REG000854,CO000026,MN000011,REGISTERED,False,62.0,67.0,61.0,MK000792,9.0,35.0,44.0,P,4.0,16.0,4.0,4.0,PASS
ST000217,AIML2023217,Chaitanya,Dugal,Male,2005-11-13,chaitanya.dugal217@student.college.edu,8362205856,DEP000001,AY000004,SEM000007,True,PRO000217,Improving,55,75,50,70,8,20,25,50,0.2,AR000217,SEM000007,AY000004,16.0,16.0,6.0,6.0,0,0,PASS,REG000855,CO000027,MN000012,REGISTERED,False,62.0,61.0,54.0,MK000793,20.0,40.0,60.0,B+,7.0,28.0,4.0,4.0,PASS
ST000217,AIML2023217,Chaitanya,Dugal,Male,2005-11-13,chaitanya.dugal217@student.college.edu,8362205856,DEP000001,AY000004,SEM000007,True,PRO000217,Improving,55,75,50,70,8,20,25,50,0.2,AR000217,SEM000007,AY000004,16.0,16.0,6.0,6.0,0,0,PASS,REG000856,CO000028,MN000013,REGISTERED,False,60.0,51.0,54.0,MK000794,12.0,44.0,56.0,B,6.0,24.0,4.0,4.0,PASS
ST000218,AIML2023218,Peter,Tandon,Male,2004-12-13,peter.tandon218@student.college.edu,8138588916,DEP000001,AY000004,SEM000007,True,PRO000218,Excellent,90,100,90,100,24,30,55,70,0.01,AR000218,SEM000007,AY000004,16.0,16.0,9.5,9.5,0,0,PASS,REG000857,CO000025,MN000010,REGISTERED,False,96.0,91.0,91.0,MK000795,25.0,70.0,95.0,O,10.0,40.0,4.0,4.0,PASS
ST000218,AIML2023218,Peter,Tandon,Male,2004-12-13,peter.tandon218@student.college.edu,8138588916,DEP000001,AY000004,SEM000007,True,PRO000218,Excellent,90,100,90,100,24,30,55,70,0.01,AR000218,SEM000007,AY000004,16.0,16.0,9.5,9.5,0,0,PASS,REG000858,CO000026,MN000011,REGISTERED,False,98.0,93.0,96.0,MK000796,27.0,55.0,82.0,A+,9.0,36.0,4.0,4.0,PASS
ST000218,AIML2023218,Peter,Tandon,Male,2004-12-13,peter.tandon218@student.college.edu,8138588916,DEP000001,AY000004,SEM000007,True,PRO000218,Excellent,90,100,90,100,24,30,55,70,0.01,AR000218,SEM000007,AY000004,16.0,16.0,9.5,9.5,0,0,PASS,REG000859,CO000027,MN000012,REGISTERED,False,93.0,96.0,95.0,MK000797,25.0,65.0,90.0,O,10.0,40.0,4.0,4.0,PASS
ST000218,AIML2023218,Peter,Tandon,Male,2004-12-13,peter.tandon218@student.college.edu,8138588916,DEP000001,AY000004,SEM000007,True,PRO000218,Excellent,90,100,90,100,24,30,55,70,0.01,AR000218,SEM000007,AY000004,16.0,16.0,9.5,9.5,0,0,PASS,REG000860,CO000028,MN000013,REGISTERED,False,96.0,98.0,90.0,MK000798,25.0,62.0,87.0,A+,9.0,36.0,4.0,4.0,PASS
ST000219,AIML2023219,Panini,Devi,Female,2005-05-20,panini.devi219@student.college.edu,9192407616,DEP000001,AY000004,SEM000007,True,PRO000219,Average,65,85,60,80,10,24,30,58,0.1,AR000219,SEM000007,AY000004,16.0,16.0,6.75,6.75,0,0,PASS,REG000861,CO000025,MN000010,REGISTERED,False,77.0,64.0,67.0,MK000799,19.0,44.0,63.0,B+,7.0,28.0,4.0,4.0,PASS
ST000219,AIML2023219,Panini,Devi,Female,2005-05-20,panini.devi219@student.college.edu,9192407616,DEP000001,AY000004,SEM000007,True,PRO000219,Average,65,85,60,80,10,24,30,58,0.1,AR000219,SEM000007,AY000004,16.0,16.0,6.75,6.75,0,0,PASS,REG000862,CO000026,MN000011,REGISTERED,False,85.0,73.0,72.0,MK000800,23.0,54.0,77.0,A,8.0,32.0,4.0,4.0,PASS
ST000219,AIML2023219,Panini,Devi,Female,2005-05-20,panini.devi219@student.college.edu,9192407616,DEP000001,AY000004,SEM000007,True,PRO000219,Average,65,85,60,80,10,24,30,58,0.1,AR000219,SEM000007,AY000004,16.0,16.0,6.75,6.75,0,0,PASS,REG000863,CO000027,MN000012,REGISTERED,False,76.0,67.0,79.0,MK000801,22.0,47.0,69.0,B+,7.0,28.0,4.0,4.0,PASS
ST000219,AIML2023219,Panini,Devi,Female,2005-05-20,panini.devi219@student.college.edu,9192407616,DEP000001,AY000004,SEM000007,True,PRO000219,Average,65,85,60,80,10,24,30,58,0.1,AR000219,SEM000007,AY000004,16.0,16.0,6.75,6.75,0,0,PASS,REG000864,CO000028,MN000013,REGISTERED,False,78.0,68.0,71.0,MK000802,16.0,32.0,48.0,C,5.0,20.0,4.0,4.0,PASS
ST000220,AIML2023220,Meera,Mahajan,Female,2003-12-10,meera.mahajan220@student.college.edu,7921691298,DEP000001,AY000004,SEM000007,True,PRO000220,Declining,40,65,35,60,4,16,15,40,0.45,AR000220,SEM000007,AY000004,12.0,4.0,2.0,2.0,2,2,PROMOTED,REG000865,CO000025,MN000010,REGISTERED,False,59.0,46.0,48.0,MK000803,13.0,17.0,30.0,F,0.0,0.0,4.0,0.0,FAIL
ST000220,AIML2023220,Meera,Mahajan,Female,2003-12-10,meera.mahajan220@student.college.edu,7921691298,DEP000001,AY000004,SEM000007,True,PRO000220,Declining,40,65,35,60,4,16,15,40,0.45,AR000220,SEM000007,AY000004,12.0,4.0,2.0,2.0,2,2,PROMOTED,REG000866,CO000026,MN000011,REGISTERED,False,48.0,42.0,47.0,MK000804,14.0,37.0,51.0,B,6.0,24.0,4.0,4.0,PASS
ST000220,AIML2023220,Meera,Mahajan,Female,2003-12-10,meera.mahajan220@student.college.edu,7921691298,DEP000001,AY000004,SEM000007,True,PRO000220,Declining,40,65,35,60,4,16,15,40,0.45,AR000220,SEM000007,AY000004,12.0,4.0,2.0,2.0,2,2,PROMOTED,REG000867,CO000027,MN000012,REGISTERED,False,61.0,50.0,47.0,MK000805,12.0,23.0,35.0,F,0.0,0.0,4.0,0.0,FAIL
ST000220,AIML2023220,Meera,Mahajan,Female,2003-12-10,meera.mahajan220@student.college.edu,7921691298,DEP000001,AY000004,SEM000007,True,PRO000220,Declining,40,65,35,60,4,16,15,40,0.45,AR000220,SEM000007,AY000004,12.0,4.0,2.0,2.0,2,2,PROMOTED,REG000868,CO000028,MN000013,CANCELLED,False,62.0,48.0,50.0,,,,,,,,,,
ST000221,AIML2023221,Karan,Nadig,Male,2005-03-31,karan.nadig221@student.college.edu,8208578530,DEP000001,AY000004,SEM000007,True,PRO000221,Good,80,95,75,90,18,28,45,65,0.03,AR000221,SEM000007,AY000004,16.0,16.0,8.75,8.75,0,0,PASS,REG000869,CO000025,MN000010,REGISTERED,False,92.0,83.0,89.0,MK000806,28.0,46.0,74.0,A,8.0,32.0,4.0,4.0,PASS
ST000221,AIML2023221,Karan,Nadig,Male,2005-03-31,karan.nadig221@student.college.edu,8208578530,DEP000001,AY000004,SEM000007,True,PRO000221,Good,80,95,75,90,18,28,45,65,0.03,AR000221,SEM000007,AY000004,16.0,16.0,8.75,8.75,0,0,PASS,REG000870,CO000026,MN000011,REGISTERED,False,84.0,86.0,86.0,MK000807,27.0,60.0,87.0,A+,9.0,36.0,4.0,4.0,PASS
ST000221,AIML2023221,Karan,Nadig,Male,2005-03-31,karan.nadig221@student.college.edu,8208578530,DEP000001,AY000004,SEM000007,True,PRO000221,Good,80,95,75,90,18,28,45,65,0.03,AR000221,SEM000007,AY000004,16.0,16.0,8.75,8.75,0,0,PASS,REG000871,CO000027,MN000012,REGISTERED,False,92.0,80.0,92.0,MK000808,19.0,64.0,83.0,A+,9.0,36.0,4.0,4.0,PASS
ST000221,AIML2023221,Karan,Nadig,Male,2005-03-31,karan.nadig221@student.college.edu,8208578530,DEP000001,AY000004,SEM000007,True,PRO000221,Good,80,95,75,90,18,28,45,65,0.03,AR000221,SEM000007,AY000004,16.0,16.0,8.75,8.75,0,0,PASS,REG000872,CO000028,MN000013,REGISTERED,False,80.0,81.0,80.0,MK000809,18.0,64.0,82.0,A+,9.0,36.0,4.0,4.0,PASS
ST000222,AIML2023222,Diya,Bhalla,Female,2004-07-28,diya.bhalla222@student.college.edu,6332831750,DEP000001,AY000004,SEM000007,True,PRO000222,Improving,55,75,50,70,8,20,25,50,0.2,AR000222,SEM000007,AY000004,16.0,16.0,6.25,6.25,0,0,PASS,REG000873,CO000025,MN000010,REGISTERED,False,64.0,51.0,61.0,MK000810,11.0,40.0,51.0,B,6.0,24.0,4.0,4.0,PASS
ST000222,AIML2023222,Diya,Bhalla,Female,2004-07-28,diya.bhalla222@student.college.edu,6332831750,DEP000001,AY000004,SEM000007,True,PRO000222,Improving,55,75,50,70,8,20,25,50,0.2,AR000222,SEM000007,AY000004,16.0,16.0,6.25,6.25,0,0,PASS,REG000874,CO000026,MN000011,REGISTERED,False,62.0,65.0,48.0,MK000811,10.0,43.0,53.0,B,6.0,24.0,4.0,4.0,PASS
ST000222,AIML2023222,Diya,Bhalla,Female,2004-07-28,diya.bhalla222@student.college.edu,6332831750,DEP000001,AY000004,SEM000007,True,PRO000222,Improving,55,75,50,70,8,20,25,50,0.2,AR000222,SEM000007,AY000004,16.0,16.0,6.25,6.25,0,0,PASS,REG000875,CO000027,MN000012,REGISTERED,True,69.0,50.0,64.0,MK000812,11.0,41.0,52.0,B,6.0,24.0,4.0,4.0,PASS
ST000222,AIML2023222,Diya,Bhalla,Female,2004-07-28,diya.bhalla222@student.college.edu,6332831750,DEP000001,AY000004,SEM000007,True,PRO000222,Improving,55,75,50,70,8,20,25,50,0.2,AR000222,SEM000007,AY000004,16.0,16.0,6.25,6.25,0,0,PASS,REG000876,CO000028,MN000013,REGISTERED,False,74.0,59.0,61.0,MK000813,17.0,47.0,64.0,B+,7.0,28.0,4.0,4.0,PASS
ST000223,AIML2023223,Yagnesh,Chacko,Male,2004-01-18,yagnesh.chacko223@student.college.edu,9658715073,DEP000001,AY000004,SEM000007,True,PRO000223,HighRisk,20,50,20,45,0,12,0,30,0.8,AR000223,SEM000007,AY000004,8.0,0.0,0.0,0.0,2,2,PROMOTED,REG000877,CO000025,MN000010,REGISTERED,True,39.0,28.0,27.0,MK000814,9.0,15.0,24.0,F,0.0,0.0,4.0,0.0,FAIL
ST000223,AIML2023223,Yagnesh,Chacko,Male,2004-01-18,yagnesh.chacko223@student.college.edu,9658715073,DEP000001,AY000004,SEM000007,True,PRO000223,HighRisk,20,50,20,45,0,12,0,30,0.8,AR000223,SEM000007,AY000004,8.0,0.0,0.0,0.0,2,2,PROMOTED,REG000878,CO000026,MN000011,CANCELLED,False,37.0,39.0,24.0,,,,,,,,,,
ST000223,AIML2023223,Yagnesh,Chacko,Male,2004-01-18,yagnesh.chacko223@student.college.edu,9658715073,DEP000001,AY000004,SEM000007,True,PRO000223,HighRisk,20,50,20,45,0,12,0,30,0.8,AR000223,SEM000007,AY000004,8.0,0.0,0.0,0.0,2,2,PROMOTED,REG000879,CO000027,MN000012,CANCELLED,False,42.0,41.0,27.0,,,,,,,,,,
ST000223,AIML2023223,Yagnesh,Chacko,Male,2004-01-18,yagnesh.chacko223@student.college.edu,9658715073,DEP000001,AY000004,SEM000007,True,PRO000223,HighRisk,20,50,20,45,0,12,0,30,0.8,AR000223,SEM000007,AY000004,8.0,0.0,0.0,0.0,2,2,PROMOTED,REG000880,CO000028,MN000013,REGISTERED,True,27.0,32.0,28.0,MK000815,12.0,12.0,24.0,F,0.0,0.0,4.0,0.0,FAIL
ST000224,AIML2023224,Rajeshri,Gara,Female,2004-05-22,rajeshri.gara224@student.college.edu,6423715577,DEP000001,AY000004,SEM000007,True,PRO000224,HighRisk,20,50,20,45,0,12,0,30,0.8,AR000224,SEM000007,AY000004,8.0,0.0,0.0,0.0,2,2,PROMOTED,REG000881,CO000025,MN000010,REGISTERED,False,22.0,27.0,18.0,MK000816,6.0,19.0,25.0,F,0.0,0.0,4.0,0.0,FAIL
ST000224,AIML2023224,Rajeshri,Gara,Female,2004-05-22,rajeshri.gara224@student.college.edu,6423715577,DEP000001,AY000004,SEM000007,True,PRO000224,HighRisk,20,50,20,45,0,12,0,30,0.8,AR000224,SEM000007,AY000004,8.0,0.0,0.0,0.0,2,2,PROMOTED,REG000882,CO000026,MN000011,CANCELLED,False,25.0,22.0,21.0,,,,,,,,,,
ST000224,AIML2023224,Rajeshri,Gara,Female,2004-05-22,rajeshri.gara224@student.college.edu,6423715577,DEP000001,AY000004,SEM000007,True,PRO000224,HighRisk,20,50,20,45,0,12,0,30,0.8,AR000224,SEM000007,AY000004,8.0,0.0,0.0,0.0,2,2,PROMOTED,REG000883,CO000027,MN000012,REGISTERED,False,31.0,33.0,32.0,MK000817,8.0,24.0,32.0,F,0.0,0.0,4.0,0.0,FAIL
ST000224,AIML2023224,Rajeshri,Gara,Female,2004-05-22,rajeshri.gara224@student.college.edu,6423715577,DEP000001,AY000004,SEM000007,True,PRO000224,HighRisk,20,50,20,45,0,12,0,30,0.8,AR000224,SEM000007,AY000004,8.0,0.0,0.0,0.0,2,2,PROMOTED,REG000884,CO000028,MN000013,CANCELLED,False,49.0,40.0,35.0,,,,,,,,,,
ST000225,AIML2023225,Bhanumati,Misra,Female,2005-04-30,bhanumati.misra225@student.college.edu,9321977219,DEP000001,AY000004,SEM000007,True,PRO000225,Average,65,85,60,80,10,24,30,58,0.1,AR000225,SEM000007,AY000004,16.0,16.0,7.0,7.0,0,0,PASS,REG000885,CO000025,MN000010,REGISTERED,False,76.0,77.0,68.0,MK000818,16.0,56.0,72.0,A,8.0,32.0,4.0,4.0,PASS
ST000225,AIML2023225,Bhanumati,Misra,Female,2005-04-30,bhanumati.misra225@student.college.edu,9321977219,DEP000001,AY000004,SEM000007,True,PRO000225,Average,65,85,60,80,10,24,30,58,0.1,AR000225,SEM000007,AY000004,16.0,16.0,7.0,7.0,0,0,PASS,REG000886,CO000026,MN000011,REGISTERED,False,75.0,74.0,65.0,MK000819,15.0,56.0,71.0,A,8.0,32.0,4.0,4.0,PASS
ST000225,AIML2023225,Bhanumati,Misra,Female,2005-04-30,bhanumati.misra225@student.college.edu,9321977219,DEP000001,AY000004,SEM000007,True,PRO000225,Average,65,85,60,80,10,24,30,58,0.1,AR000225,SEM000007,AY000004,16.0,16.0,7.0,7.0,0,0,PASS,REG000887,CO000027,MN000012,REGISTERED,False,85.0,75.0,71.0,MK000820,12.0,43.0,55.0,B,6.0,24.0,4.0,4.0,PASS
ST000225,AIML2023225,Bhanumati,Misra,Female,2005-04-30,bhanumati.misra225@student.college.edu,9321977219,DEP000001,AY000004,SEM000007,True,PRO000225,Average,65,85,60,80,10,24,30,58,0.1,AR000225,SEM000007,AY000004,16.0,16.0,7.0,7.0,0,0,PASS,REG000888,CO000028,MN000013,REGISTERED,False,81.0,67.0,75.0,MK000821,15.0,40.0,55.0,B,6.0,24.0,4.0,4.0,PASS
ST000226,AIML2023226,Arin,Gera,Male,2006-04-22,arin.gera226@student.college.edu,6448411209,DEP000001,AY000004,SEM000007,True,PRO000226,Average,65,85,60,80,10,24,30,58,0.1,AR000226,SEM000007,AY000004,16.0,16.0,7.0,7.0,0,0,PASS,REG000889,CO000025,MN000010,REGISTERED,False,78.0,75.0,66.0,MK000822,24.0,40.0,64.0,B+,7.0,28.0,4.0,4.0,PASS
ST000226,AIML2023226,Arin,Gera,Male,2006-04-22,arin.gera226@student.college.edu,6448411209,DEP000001,AY000004,SEM000007,True,PRO000226,Average,65,85,60,80,10,24,30,58,0.1,AR000226,SEM000007,AY000004,16.0,16.0,7.0,7.0,0,0,PASS,REG000890,CO000026,MN000011,REGISTERED,False,74.0,75.0,70.0,MK000823,24.0,41.0,65.0,B+,7.0,28.0,4.0,4.0,PASS
ST000226,AIML2023226,Arin,Gera,Male,2006-04-22,arin.gera226@student.college.edu,6448411209,DEP000001,AY000004,SEM000007,True,PRO000226,Average,65,85,60,80,10,24,30,58,0.1,AR000226,SEM000007,AY000004,16.0,16.0,7.0,7.0,0,0,PASS,REG000891,CO000027,MN000012,REGISTERED,False,77.0,73.0,77.0,MK000824,19.0,37.0,56.0,B,6.0,24.0,4.0,4.0,PASS
ST000226,AIML2023226,Arin,Gera,Male,2006-04-22,arin.gera226@student.college.edu,6448411209,DEP000001,AY000004,SEM000007,True,PRO000226,Average,65,85,60,80,10,24,30,58,0.1,AR000226,SEM000007,AY000004,16.0,16.0,7.0,7.0,0,0,PASS,REG000892,CO000028,MN000013,REGISTERED,False,65.0,60.0,61.0,MK000825,24.0,47.0,71.0,A,8.0,32.0,4.0,4.0,PASS
ST000227,AIML2023227,Pranit,Tella,Male,2005-03-01,pranit.tella227@student.college.edu,9576664906,DEP000001,AY000004,SEM000007,True,PRO000227,Average,65,85,60,80,10,24,30,58,0.1,AR000227,SEM000007,AY000004,16.0,16.0,6.5,6.5,0,0,PASS,REG000893,CO000025,MN000010,REGISTERED,False,69.0,73.0,67.0,MK000826,20.0,42.0,62.0,B+,7.0,28.0,4.0,4.0,PASS
ST000227,AIML2023227,Pranit,Tella,Male,2005-03-01,pranit.tella227@student.college.edu,9576664906,DEP000001,AY000004,SEM000007,True,PRO000227,Average,65,85,60,80,10,24,30,58,0.1,AR000227,SEM000007,AY000004,16.0,16.0,6.5,6.5,0,0,PASS,REG000894,CO000026,MN000011,REGISTERED,False,84.0,66.0,77.0,MK000827,11.0,53.0,64.0,B+,7.0,28.0,4.0,4.0,PASS
ST000227,AIML2023227,Pranit,Tella,Male,2005-03-01,pranit.tella227@student.college.edu,9576664906,DEP000001,AY000004,SEM000007,True,PRO000227,Average,65,85,60,80,10,24,30,58,0.1,AR000227,SEM000007,AY000004,16.0,16.0,6.5,6.5,0,0,PASS,REG000895,CO000027,MN000012,REGISTERED,False,65.0,62.0,53.0,MK000828,11.0,40.0,51.0,B,6.0,24.0,4.0,4.0,PASS
ST000227,AIML2023227,Pranit,Tella,Male,2005-03-01,pranit.tella227@student.college.edu,9576664906,DEP000001,AY000004,SEM000007,True,PRO000227,Average,65,85,60,80,10,24,30,58,0.1,AR000227,SEM000007,AY000004,16.0,16.0,6.5,6.5,0,0,PASS,REG000896,CO000028,MN000013,REGISTERED,False,71.0,68.0,74.0,MK000829,21.0,37.0,58.0,B,6.0,24.0,4.0,4.0,PASS
ST000228,AIML2023228,Vivaan,Dayal,Male,2005-12-16,vivaan.dayal228@student.college.edu,8336310773,DEP000001,AY000004,SEM000007,True,PRO000228,Declining,40,65,35,60,4,16,15,40,0.45,AR000228,SEM000007,AY000004,12.0,0.0,0.0,0.0,3,3,FAIL,REG000897,CO000025,MN000010,REGISTERED,False,44.0,47.0,42.0,MK000830,6.0,26.0,32.0,F,0.0,0.0,4.0,0.0,FAIL
ST000228,AIML2023228,Vivaan,Dayal,Male,2005-12-16,vivaan.dayal228@student.college.edu,8336310773,DEP000001,AY000004,SEM000007,True,PRO000228,Declining,40,65,35,60,4,16,15,40,0.45,AR000228,SEM000007,AY000004,12.0,0.0,0.0,0.0,3,3,FAIL,REG000898,CO000026,MN000011,REGISTERED,False,41.0,46.0,45.0,MK000831,7.0,15.0,22.0,F,0.0,0.0,4.0,0.0,FAIL
ST000228,AIML2023228,Vivaan,Dayal,Male,2005-12-16,vivaan.dayal228@student.college.edu,8336310773,DEP000001,AY000004,SEM000007,True,PRO000228,Declining,40,65,35,60,4,16,15,40,0.45,AR000228,SEM000007,AY000004,12.0,0.0,0.0,0.0,3,3,FAIL,REG000899,CO000027,MN000012,REGISTERED,True,53.0,38.0,45.0,MK000832,11.0,21.0,32.0,F,0.0,0.0,4.0,0.0,FAIL
ST000228,AIML2023228,Vivaan,Dayal,Male,2005-12-16,vivaan.dayal228@student.college.edu,8336310773,DEP000001,AY000004,SEM000007,True,PRO000228,Declining,40,65,35,60,4,16,15,40,0.45,AR000228,SEM000007,AY000004,12.0,0.0,0.0,0.0,3,3,FAIL,REG000900,CO000028,MN000013,CANCELLED,False,46.0,44.0,47.0,,,,,,,,,,
ST000229,AIML2023229,Dhriti,Halder,Female,2004-01-16,dhriti.halder229@student.college.edu,8310522513,DEP000001,AY000004,SEM000007,True,PRO000229,Declining,40,65,35,60,4,16,15,40,0.45,AR000229,SEM000007,AY000004,16.0,4.0,1.25,1.25,3,3,FAIL,REG000901,CO000025,MN000010,REGISTERED,False,43.0,45.0,50.0,MK000833,4.0,17.0,21.0,F,0.0,0.0,4.0,0.0,FAIL
ST000229,AIML2023229,Dhriti,Halder,Female,2004-01-16,dhriti.halder229@student.college.edu,8310522513,DEP000001,AY000004,SEM000007,True,PRO000229,Declining,40,65,35,60,4,16,15,40,0.45,AR000229,SEM000007,AY000004,16.0,4.0,1.25,1.25,3,3,FAIL,REG000902,CO000026,MN000011,REGISTERED,False,46.0,46.0,38.0,MK000834,4.0,35.0,39.0,F,0.0,0.0,4.0,0.0,FAIL
ST000229,AIML2023229,Dhriti,Halder,Female,2004-01-16,dhriti.halder229@student.college.edu,8310522513,DEP000001,AY000004,SEM000007,True,PRO000229,Declining,40,65,35,60,4,16,15,40,0.45,AR000229,SEM000007,AY000004,16.0,4.0,1.25,1.25,3,3,FAIL,REG000903,CO000027,MN000012,REGISTERED,True,45.0,45.0,36.0,MK000835,5.0,25.0,30.0,F,0.0,0.0,4.0,0.0,FAIL
ST000229,AIML2023229,Dhriti,Halder,Female,2004-01-16,dhriti.halder229@student.college.edu,8310522513,DEP000001,AY000004,SEM000007,True,PRO000229,Declining,40,65,35,60,4,16,15,40,0.45,AR000229,SEM000007,AY000004,16.0,4.0,1.25,1.25,3,3,FAIL,REG000904,CO000028,MN000013,REGISTERED,False,49.0,48.0,42.0,MK000836,10.0,39.0,49.0,C,5.0,20.0,4.0,4.0,PASS
ST000230,AIML2023230,Sara,Khatri,Female,2005-06-02,sara.khatri230@student.college.edu,8832507129,DEP000001,AY000004,SEM000007,True,PRO000230,Average,65,85,60,80,10,24,30,58,0.1,AR000230,SEM000007,AY000004,16.0,16.0,6.5,6.5,0,0,PASS,REG000905,CO000025,MN000010,REGISTERED,True,79.0,77.0,69.0,MK000837,23.0,39.0,62.0,B+,7.0,28.0,4.0,4.0,PASS
ST000230,AIML2023230,Sara,Khatri,Female,2005-06-02,sara.khatri230@student.college.edu,8832507129,DEP000001,AY000004,SEM000007,True,PRO000230,Average,65,85,60,80,10,24,30,58,0.1,AR000230,SEM000007,AY000004,16.0,16.0,6.5,6.5,0,0,PASS,REG000906,CO000026,MN000011,REGISTERED,False,74.0,67.0,73.0,MK000838,21.0,37.0,58.0,B,6.0,24.0,4.0,4.0,PASS
ST000230,AIML2023230,Sara,Khatri,Female,2005-06-02,sara.khatri230@student.college.edu,8832507129,DEP000001,AY000004,SEM000007,True,PRO000230,Average,65,85,60,80,10,24,30,58,0.1,AR000230,SEM000007,AY000004,16.0,16.0,6.5,6.5,0,0,PASS,REG000907,CO000027,MN000012,REGISTERED,False,71.0,72.0,60.0,MK000839,15.0,36.0,51.0,B,6.0,24.0,4.0,4.0,PASS
ST000230,AIML2023230,Sara,Khatri,Female,2005-06-02,sara.khatri230@student.college.edu,8832507129,DEP000001,AY000004,SEM000007,True,PRO000230,Average,65,85,60,80,10,24,30,58,0.1,AR000230,SEM000007,AY000004,16.0,16.0,6.5,6.5,0,0,PASS,REG000908,CO000028,MN000013,REGISTERED,False,66.0,68.0,52.0,MK000840,11.0,56.0,67.0,B+,7.0,28.0,4.0,4.0,PASS
ST000231,AIML2023231,Aarini,Arora,Female,2004-08-28,aarini.arora231@student.college.edu,7134466929,DEP000001,AY000004,SEM000007,True,PRO000231,Declining,40,65,35,60,4,16,15,40,0.45,AR000231,SEM000007,AY000004,12.0,8.0,2.67,2.67,1,1,PROMOTED,REG000909,CO000025,MN000010,CANCELLED,False,43.0,47.0,49.0,,,,,,,,,,
ST000231,AIML2023231,Aarini,Arora,Female,2004-08-28,aarini.arora231@student.college.edu,7134466929,DEP000001,AY000004,SEM000007,True,PRO000231,Declining,40,65,35,60,4,16,15,40,0.45,AR000231,SEM000007,AY000004,12.0,8.0,2.67,2.67,1,1,PROMOTED,REG000910,CO000026,MN000011,REGISTERED,False,48.0,53.0,33.0,MK000841,8.0,28.0,36.0,F,0.0,0.0,4.0,0.0,FAIL
ST000231,AIML2023231,Aarini,Arora,Female,2004-08-28,aarini.arora231@student.college.edu,7134466929,DEP000001,AY000004,SEM000007,True,PRO000231,Declining,40,65,35,60,4,16,15,40,0.45,AR000231,SEM000007,AY000004,12.0,8.0,2.67,2.67,1,1,PROMOTED,REG000911,CO000027,MN000012,REGISTERED,False,44.0,38.0,36.0,MK000842,10.0,34.0,44.0,P,4.0,16.0,4.0,4.0,PASS
ST000231,AIML2023231,Aarini,Arora,Female,2004-08-28,aarini.arora231@student.college.edu,7134466929,DEP000001,AY000004,SEM000007,True,PRO000231,Declining,40,65,35,60,4,16,15,40,0.45,AR000231,SEM000007,AY000004,12.0,8.0,2.67,2.67,1,1,PROMOTED,REG000912,CO000028,MN000013,REGISTERED,False,51.0,46.0,45.0,MK000843,12.0,31.0,43.0,P,4.0,16.0,4.0,4.0,PASS
ST000232,AIML2023232,Hardik,Ahluwalia,Male,2005-01-12,hardik.ahluwalia232@student.college.edu,6442071853,DEP000001,AY000004,SEM000007,True,PRO000232,Good,80,95,75,90,18,28,45,65,0.03,AR000232,SEM000007,AY000004,16.0,16.0,9.25,9.25,0,0,PASS,REG000913,CO000025,MN000010,REGISTERED,False,91.0,84.0,89.0,MK000844,27.0,62.0,89.0,A+,9.0,36.0,4.0,4.0,PASS
ST000232,AIML2023232,Hardik,Ahluwalia,Male,2005-01-12,hardik.ahluwalia232@student.college.edu,6442071853,DEP000001,AY000004,SEM000007,True,PRO000232,Good,80,95,75,90,18,28,45,65,0.03,AR000232,SEM000007,AY000004,16.0,16.0,9.25,9.25,0,0,PASS,REG000914,CO000026,MN000011,REGISTERED,False,84.0,75.0,87.0,MK000845,28.0,61.0,89.0,A+,9.0,36.0,4.0,4.0,PASS
ST000232,AIML2023232,Hardik,Ahluwalia,Male,2005-01-12,hardik.ahluwalia232@student.college.edu,6442071853,DEP000001,AY000004,SEM000007,True,PRO000232,Good,80,95,75,90,18,28,45,65,0.03,AR000232,SEM000007,AY000004,16.0,16.0,9.25,9.25,0,0,PASS,REG000915,CO000027,MN000012,REGISTERED,False,81.0,79.0,71.0,MK000846,27.0,61.0,88.0,A+,9.0,36.0,4.0,4.0,PASS
ST000232,AIML2023232,Hardik,Ahluwalia,Male,2005-01-12,hardik.ahluwalia232@student.college.edu,6442071853,DEP000001,AY000004,SEM000007,True,PRO000232,Good,80,95,75,90,18,28,45,65,0.03,AR000232,SEM000007,AY000004,16.0,16.0,9.25,9.25,0,0,PASS,REG000916,CO000028,MN000013,REGISTERED,False,94.0,85.0,86.0,MK000847,28.0,64.0,92.0,O,10.0,40.0,4.0,4.0,PASS
ST000233,AIML2023233,Shaurya,Kalita,Male,2004-09-03,shaurya.kalita233@student.college.edu,6939143675,DEP000001,AY000004,SEM000007,True,PRO000233,Average,65,85,60,80,10,24,30,58,0.1,AR000233,SEM000007,AY000004,16.0,16.0,6.25,6.25,0,0,PASS,REG000917,CO000025,MN000010,REGISTERED,False,73.0,68.0,59.0,MK000848,12.0,40.0,52.0,B,6.0,24.0,4.0,4.0,PASS
ST000233,AIML2023233,Shaurya,Kalita,Male,2004-09-03,shaurya.kalita233@student.college.edu,6939143675,DEP000001,AY000004,SEM000007,True,PRO000233,Average,65,85,60,80,10,24,30,58,0.1,AR000233,SEM000007,AY000004,16.0,16.0,6.25,6.25,0,0,PASS,REG000918,CO000026,MN000011,REGISTERED,False,67.0,71.0,73.0,MK000849,23.0,42.0,65.0,B+,7.0,28.0,4.0,4.0,PASS
ST000233,AIML2023233,Shaurya,Kalita,Male,2004-09-03,shaurya.kalita233@student.college.edu,6939143675,DEP000001,AY000004,SEM000007,True,PRO000233,Average,65,85,60,80,10,24,30,58,0.1,AR000233,SEM000007,AY000004,16.0,16.0,6.25,6.25,0,0,PASS,REG000919,CO000027,MN000012,REGISTERED,False,66.0,67.0,71.0,MK000850,22.0,31.0,53.0,B,6.0,24.0,4.0,4.0,PASS
ST000233,AIML2023233,Shaurya,Kalita,Male,2004-09-03,shaurya.kalita233@student.college.edu,6939143675,DEP000001,AY000004,SEM000007,True,PRO000233,Average,65,85,60,80,10,24,30,58,0.1,AR000233,SEM000007,AY000004,16.0,16.0,6.25,6.25,0,0,PASS,REG000920,CO000028,MN000013,REGISTERED,False,67.0,63.0,75.0,MK000851,15.0,42.0,57.0,B,6.0,24.0,4.0,4.0,PASS
ST000234,AIML2023234,Ati,Subramaniam,Female,2003-09-25,ati.subramaniam234@student.college.edu,9752278183,DEP000001,AY000004,SEM000007,True,PRO000234,Good,80,95,75,90,18,28,45,65,0.03,AR000234,SEM000007,AY000004,16.0,16.0,8.0,8.0,0,0,PASS,REG000921,CO000025,MN000010,REGISTERED,False,84.0,75.0,92.0,MK000852,19.0,60.0,79.0,A,8.0,32.0,4.0,4.0,PASS
ST000234,AIML2023234,Ati,Subramaniam,Female,2003-09-25,ati.subramaniam234@student.college.edu,9752278183,DEP000001,AY000004,SEM000007,True,PRO000234,Good,80,95,75,90,18,28,45,65,0.03,AR000234,SEM000007,AY000004,16.0,16.0,8.0,8.0,0,0,PASS,REG000922,CO000026,MN000011,REGISTERED,False,88.0,84.0,92.0,MK000853,26.0,62.0,88.0,A+,9.0,36.0,4.0,4.0,PASS
ST000234,AIML2023234,Ati,Subramaniam,Female,2003-09-25,ati.subramaniam234@student.college.edu,9752278183,DEP000001,AY000004,SEM000007,True,PRO000234,Good,80,95,75,90,18,28,45,65,0.03,AR000234,SEM000007,AY000004,16.0,16.0,8.0,8.0,0,0,PASS,REG000923,CO000027,MN000012,REGISTERED,False,81.0,77.0,91.0,MK000854,19.0,45.0,64.0,B+,7.0,28.0,4.0,4.0,PASS
ST000234,AIML2023234,Ati,Subramaniam,Female,2003-09-25,ati.subramaniam234@student.college.edu,9752278183,DEP000001,AY000004,SEM000007,True,PRO000234,Good,80,95,75,90,18,28,45,65,0.03,AR000234,SEM000007,AY000004,16.0,16.0,8.0,8.0,0,0,PASS,REG000924,CO000028,MN000013,REGISTERED,False,95.0,82.0,91.0,MK000855,27.0,47.0,74.0,A,8.0,32.0,4.0,4.0,PASS
ST000235,AIML2023235,Warinder,Cherian,Male,2004-05-22,warinder.cherian235@student.college.edu,7545896168,DEP000001,AY000004,SEM000007,True,PRO000235,Declining,40,65,35,60,4,16,15,40,0.45,AR000235,SEM000007,AY000004,16.0,4.0,1.0,1.0,3,3,FAIL,REG000925,CO000025,MN000010,REGISTERED,False,53.0,42.0,44.0,MK000856,4.0,23.0,27.0,F,0.0,0.0,4.0,0.0,FAIL
ST000235,AIML2023235,Warinder,Cherian,Male,2004-05-22,warinder.cherian235@student.college.edu,7545896168,DEP000001,AY000004,SEM000007,True,PRO000235,Declining,40,65,35,60,4,16,15,40,0.45,AR000235,SEM000007,AY000004,16.0,4.0,1.0,1.0,3,3,FAIL,REG000926,CO000026,MN000011,REGISTERED,False,42.0,38.0,45.0,MK000857,11.0,28.0,39.0,F,0.0,0.0,4.0,0.0,FAIL
ST000235,AIML2023235,Warinder,Cherian,Male,2004-05-22,warinder.cherian235@student.college.edu,7545896168,DEP000001,AY000004,SEM000007,True,PRO000235,Declining,40,65,35,60,4,16,15,40,0.45,AR000235,SEM000007,AY000004,16.0,4.0,1.0,1.0,3,3,FAIL,REG000927,CO000027,MN000012,REGISTERED,False,43.0,44.0,43.0,MK000858,11.0,29.0,40.0,P,4.0,16.0,4.0,4.0,PASS
ST000235,AIML2023235,Warinder,Cherian,Male,2004-05-22,warinder.cherian235@student.college.edu,7545896168,DEP000001,AY000004,SEM000007,True,PRO000235,Declining,40,65,35,60,4,16,15,40,0.45,AR000235,SEM000007,AY000004,16.0,4.0,1.0,1.0,3,3,FAIL,REG000928,CO000028,MN000013,REGISTERED,False,60.0,54.0,45.0,MK000859,5.0,22.0,27.0,F,0.0,0.0,4.0,0.0,FAIL
ST000236,AIML2023236,Manbir,Rajagopalan,Male,2004-02-16,manbir.rajagopalan236@student.college.edu,9041381863,DEP000001,AY000004,SEM000007,True,PRO000236,Average,65,85,60,80,10,24,30,58,0.1,AR000236,SEM000007,AY000004,16.0,16.0,6.0,6.0,0,0,PASS,REG000929,CO000025,MN000010,REGISTERED,False,69.0,73.0,65.0,MK000860,16.0,45.0,61.0,B+,7.0,28.0,4.0,4.0,PASS
ST000236,AIML2023236,Manbir,Rajagopalan,Male,2004-02-16,manbir.rajagopalan236@student.college.edu,9041381863,DEP000001,AY000004,SEM000007,True,PRO000236,Average,65,85,60,80,10,24,30,58,0.1,AR000236,SEM000007,AY000004,16.0,16.0,6.0,6.0,0,0,PASS,REG000930,CO000026,MN000011,REGISTERED,False,80.0,74.0,69.0,MK000861,10.0,30.0,40.0,P,4.0,16.0,4.0,4.0,PASS
ST000236,AIML2023236,Manbir,Rajagopalan,Male,2004-02-16,manbir.rajagopalan236@student.college.edu,9041381863,DEP000001,AY000004,SEM000007,True,PRO000236,Average,65,85,60,80,10,24,30,58,0.1,AR000236,SEM000007,AY000004,16.0,16.0,6.0,6.0,0,0,PASS,REG000931,CO000027,MN000012,REGISTERED,False,74.0,62.0,66.0,MK000862,16.0,49.0,65.0,B+,7.0,28.0,4.0,4.0,PASS
ST000236,AIML2023236,Manbir,Rajagopalan,Male,2004-02-16,manbir.rajagopalan236@student.college.edu,9041381863,DEP000001,AY000004,SEM000007,True,PRO000236,Average,65,85,60,80,10,24,30,58,0.1,AR000236,SEM000007,AY000004,16.0,16.0,6.0,6.0,0,0,PASS,REG000932,CO000028,MN000013,REGISTERED,False,80.0,71.0,65.0,MK000863,23.0,32.0,55.0,B,6.0,24.0,4.0,4.0,PASS
ST000237,AIML2023237,Ishani,Munshi,Female,2005-12-13,ishani.munshi237@student.college.edu,8328877202,DEP000001,AY000004,SEM000007,True,PRO000237,Declining,40,65,35,60,4,16,15,40,0.45,AR000237,SEM000007,AY000004,16.0,4.0,1.25,1.25,3,3,FAIL,REG000933,CO000025,MN000010,REGISTERED,False,52.0,40.0,47.0,MK000864,6.0,16.0,22.0,F,0.0,0.0,4.0,0.0,FAIL
ST000237,AIML2023237,Ishani,Munshi,Female,2005-12-13,ishani.munshi237@student.college.edu,8328877202,DEP000001,AY000004,SEM000007,True,PRO000237,Declining,40,65,35,60,4,16,15,40,0.45,AR000237,SEM000007,AY000004,16.0,4.0,1.25,1.25,3,3,FAIL,REG000934,CO000026,MN000011,REGISTERED,False,42.0,35.0,27.0,MK000865,14.0,18.0,32.0,F,0.0,0.0,4.0,0.0,FAIL
ST000237,AIML2023237,Ishani,Munshi,Female,2005-12-13,ishani.munshi237@student.college.edu,8328877202,DEP000001,AY000004,SEM000007,True,PRO000237,Declining,40,65,35,60,4,16,15,40,0.45,AR000237,SEM000007,AY000004,16.0,4.0,1.25,1.25,3,3,FAIL,REG000935,CO000027,MN000012,REGISTERED,False,46.0,49.0,44.0,MK000866,7.0,28.0,35.0,F,0.0,0.0,4.0,0.0,FAIL
ST000237,AIML2023237,Ishani,Munshi,Female,2005-12-13,ishani.munshi237@student.college.edu,8328877202,DEP000001,AY000004,SEM000007,True,PRO000237,Declining,40,65,35,60,4,16,15,40,0.45,AR000237,SEM000007,AY000004,16.0,4.0,1.25,1.25,3,3,FAIL,REG000936,CO000028,MN000013,REGISTERED,False,44.0,45.0,49.0,MK000867,15.0,33.0,48.0,C,5.0,20.0,4.0,4.0,PASS
ST000238,AIML2023238,Ekaraj,Bala,Male,2004-11-21,ekaraj.bala238@student.college.edu,9252572531,DEP000001,AY000004,SEM000007,True,PRO000238,Average,65,85,60,80,10,24,30,58,0.1,AR000238,SEM000007,AY000004,16.0,16.0,6.0,6.0,0,0,PASS,REG000937,CO000025,MN000010,REGISTERED,False,78.0,62.0,69.0,MK000868,14.0,41.0,55.0,B,6.0,24.0,4.0,4.0,PASS
ST000238,AIML2023238,Ekaraj,Bala,Male,2004-11-21,ekaraj.bala238@student.college.edu,9252572531,DEP000001,AY000004,SEM000007,True,PRO000238,Average,65,85,60,80,10,24,30,58,0.1,AR000238,SEM000007,AY000004,16.0,16.0,6.0,6.0,0,0,PASS,REG000938,CO000026,MN000011,REGISTERED,False,72.0,67.0,57.0,MK000869,18.0,41.0,59.0,B,6.0,24.0,4.0,4.0,PASS
ST000238,AIML2023238,Ekaraj,Bala,Male,2004-11-21,ekaraj.bala238@student.college.edu,9252572531,DEP000001,AY000004,SEM000007,True,PRO000238,Average,65,85,60,80,10,24,30,58,0.1,AR000238,SEM000007,AY000004,16.0,16.0,6.0,6.0,0,0,PASS,REG000939,CO000027,MN000012,REGISTERED,False,77.0,76.0,68.0,MK000870,10.0,37.0,47.0,C,5.0,20.0,4.0,4.0,PASS
ST000238,AIML2023238,Ekaraj,Bala,Male,2004-11-21,ekaraj.bala238@student.college.edu,9252572531,DEP000001,AY000004,SEM000007,True,PRO000238,Average,65,85,60,80,10,24,30,58,0.1,AR000238,SEM000007,AY000004,16.0,16.0,6.0,6.0,0,0,PASS,REG000940,CO000028,MN000013,REGISTERED,False,79.0,63.0,80.0,MK000871,12.0,55.0,67.0,B+,7.0,28.0,4.0,4.0,PASS
ST000239,AIML2023239,Anamika,Loyal,Female,2005-12-23,anamika.loyal239@student.college.edu,9780230554,DEP000001,AY000004,SEM000007,True,PRO000239,HighRisk,20,50,20,45,0,12,0,30,0.8,AR000239,SEM000007,AY000004,4.0,0.0,0.0,0.0,1,1,PROMOTED,REG000941,CO000025,MN000010,CANCELLED,False,36.0,27.0,32.0,,,,,,,,,,
ST000239,AIML2023239,Anamika,Loyal,Female,2005-12-23,anamika.loyal239@student.college.edu,9780230554,DEP000001,AY000004,SEM000007,True,PRO000239,HighRisk,20,50,20,45,0,12,0,30,0.8,AR000239,SEM000007,AY000004,4.0,0.0,0.0,0.0,1,1,PROMOTED,REG000942,CO000026,MN000011,CANCELLED,False,39.0,37.0,24.0,,,,,,,,,,
ST000239,AIML2023239,Anamika,Loyal,Female,2005-12-23,anamika.loyal239@student.college.edu,9780230554,DEP000001,AY000004,SEM000007,True,PRO000239,HighRisk,20,50,20,45,0,12,0,30,0.8,AR000239,SEM000007,AY000004,4.0,0.0,0.0,0.0,1,1,PROMOTED,REG000943,CO000027,MN000012,CANCELLED,False,30.0,32.0,28.0,,,,,,,,,,
ST000239,AIML2023239,Anamika,Loyal,Female,2005-12-23,anamika.loyal239@student.college.edu,9780230554,DEP000001,AY000004,SEM000007,True,PRO000239,HighRisk,20,50,20,45,0,12,0,30,0.8,AR000239,SEM000007,AY000004,4.0,0.0,0.0,0.0,1,1,PROMOTED,REG000944,CO000028,MN000013,REGISTERED,False,23.0,23.0,33.0,MK000872,1.0,23.0,24.0,F,0.0,0.0,4.0,0.0,FAIL
ST000240,AIML2023240,Gaurangi,Menon,Female,2006-07-20,gaurangi.menon240@student.college.edu,9865488413,DEP000001,AY000004,SEM000007,True,PRO000240,Average,65,85,60,80,10,24,30,58,0.1,AR000240,SEM000007,AY000004,12.0,12.0,6.33,6.33,0,0,PASS,REG000945,CO000025,MN000010,REGISTERED,False,71.0,65.0,67.0,MK000873,12.0,39.0,51.0,B,6.0,24.0,4.0,4.0,PASS
ST000240,AIML2023240,Gaurangi,Menon,Female,2006-07-20,gaurangi.menon240@student.college.edu,9865488413,DEP000001,AY000004,SEM000007,True,PRO000240,Average,65,85,60,80,10,24,30,58,0.1,AR000240,SEM000007,AY000004,12.0,12.0,6.33,6.33,0,0,PASS,REG000946,CO000026,MN000011,CANCELLED,False,77.0,78.0,80.0,,,,,,,,,,
ST000240,AIML2023240,Gaurangi,Menon,Female,2006-07-20,gaurangi.menon240@student.college.edu,9865488413,DEP000001,AY000004,SEM000007,True,PRO000240,Average,65,85,60,80,10,24,30,58,0.1,AR000240,SEM000007,AY000004,12.0,12.0,6.33,6.33,0,0,PASS,REG000947,CO000027,MN000012,REGISTERED,False,71.0,72.0,70.0,MK000874,11.0,34.0,45.0,C,5.0,20.0,4.0,4.0,PASS
ST000240,AIML2023240,Gaurangi,Menon,Female,2006-07-20,gaurangi.menon240@student.college.edu,9865488413,DEP000001,AY000004,SEM000007,True,PRO000240,Average,65,85,60,80,10,24,30,58,0.1,AR000240,SEM000007,AY000004,12.0,12.0,6.33,6.33,0,0,PASS,REG000948,CO000028,MN000013,REGISTERED,False,71.0,66.0,68.0,MK000875,24.0,46.0,70.0,A,8.0,32.0,4.0,4.0,PASS
ST000241,AIML2023241,Yoshita,Bhatnagar,Female,2005-08-01,yoshita.bhatnagar241@student.college.edu,8024128704,DEP000001,AY000004,SEM000007,True,PRO000241,Improving,55,75,50,70,8,20,25,50,0.2,AR000241,SEM000007,AY000004,16.0,12.0,4.0,4.0,1,1,PROMOTED,REG000949,CO000025,MN000010,REGISTERED,False,67.0,65.0,61.0,MK000876,14.0,35.0,49.0,C,5.0,20.0,4.0,4.0,PASS
ST000241,AIML2023241,Yoshita,Bhatnagar,Female,2005-08-01,yoshita.bhatnagar241@student.college.edu,8024128704,DEP000001,AY000004,SEM000007,True,PRO000241,Improving,55,75,50,70,8,20,25,50,0.2,AR000241,SEM000007,AY000004,16.0,12.0,4.0,4.0,1,1,PROMOTED,REG000950,CO000026,MN000011,REGISTERED,False,75.0,56.0,65.0,MK000877,11.0,36.0,47.0,C,5.0,20.0,4.0,4.0,PASS
ST000241,AIML2023241,Yoshita,Bhatnagar,Female,2005-08-01,yoshita.bhatnagar241@student.college.edu,8024128704,DEP000001,AY000004,SEM000007,True,PRO000241,Improving,55,75,50,70,8,20,25,50,0.2,AR000241,SEM000007,AY000004,16.0,12.0,4.0,4.0,1,1,PROMOTED,REG000951,CO000027,MN000012,REGISTERED,False,57.0,55.0,42.0,MK000878,8.0,26.0,34.0,F,0.0,0.0,4.0,0.0,FAIL
ST000241,AIML2023241,Yoshita,Bhatnagar,Female,2005-08-01,yoshita.bhatnagar241@student.college.edu,8024128704,DEP000001,AY000004,SEM000007,True,PRO000241,Improving,55,75,50,70,8,20,25,50,0.2,AR000241,SEM000007,AY000004,16.0,12.0,4.0,4.0,1,1,PROMOTED,REG000952,CO000028,MN000013,REGISTERED,False,56.0,54.0,50.0,MK000879,18.0,33.0,51.0,B,6.0,24.0,4.0,4.0,PASS
ST000242,AIML2023242,Darika,Bala,Female,2004-11-08,darika.bala242@student.college.edu,8260335501,DEP000001,AY000004,SEM000007,True,PRO000242,Improving,55,75,50,70,8,20,25,50,0.2,AR000242,SEM000007,AY000004,16.0,16.0,6.5,6.5,0,0,PASS,REG000953,CO000025,MN000010,REGISTERED,False,64.0,52.0,63.0,MK000880,16.0,35.0,51.0,B,6.0,24.0,4.0,4.0,PASS
ST000242,AIML2023242,Darika,Bala,Female,2004-11-08,darika.bala242@student.college.edu,8260335501,DEP000001,AY000004,SEM000007,True,PRO000242,Improving,55,75,50,70,8,20,25,50,0.2,AR000242,SEM000007,AY000004,16.0,16.0,6.5,6.5,0,0,PASS,REG000954,CO000026,MN000011,REGISTERED,False,74.0,63.0,64.0,MK000881,19.0,47.0,66.0,B+,7.0,28.0,4.0,4.0,PASS
ST000242,AIML2023242,Darika,Bala,Female,2004-11-08,darika.bala242@student.college.edu,8260335501,DEP000001,AY000004,SEM000007,True,PRO000242,Improving,55,75,50,70,8,20,25,50,0.2,AR000242,SEM000007,AY000004,16.0,16.0,6.5,6.5,0,0,PASS,REG000955,CO000027,MN000012,REGISTERED,False,63.0,60.0,48.0,MK000882,12.0,40.0,52.0,B,6.0,24.0,4.0,4.0,PASS
ST000242,AIML2023242,Darika,Bala,Female,2004-11-08,darika.bala242@student.college.edu,8260335501,DEP000001,AY000004,SEM000007,True,PRO000242,Improving,55,75,50,70,8,20,25,50,0.2,AR000242,SEM000007,AY000004,16.0,16.0,6.5,6.5,0,0,PASS,REG000956,CO000028,MN000013,REGISTERED,False,55.0,58.0,62.0,MK000883,19.0,46.0,65.0,B+,7.0,28.0,4.0,4.0,PASS
ST000243,AIML2023243,Logan,Varkey,Male,2005-01-05,logan.varkey243@student.college.edu,9969169276,DEP000001,AY000004,SEM000007,True,PRO000243,Average,65,85,60,80,10,24,30,58,0.1,AR000243,SEM000007,AY000004,16.0,16.0,6.75,6.75,0,0,PASS,REG000957,CO000025,MN000010,REGISTERED,False,78.0,79.0,76.0,MK000884,14.0,54.0,68.0,B+,7.0,28.0,4.0,4.0,PASS
ST000243,AIML2023243,Logan,Varkey,Male,2005-01-05,logan.varkey243@student.college.edu,9969169276,DEP000001,AY000004,SEM000007,True,PRO000243,Average,65,85,60,80,10,24,30,58,0.1,AR000243,SEM000007,AY000004,16.0,16.0,6.75,6.75,0,0,PASS,REG000958,CO000026,MN000011,REGISTERED,False,66.0,62.0,57.0,MK000885,16.0,51.0,67.0,B+,7.0,28.0,4.0,4.0,PASS
ST000243,AIML2023243,Logan,Varkey,Male,2005-01-05,logan.varkey243@student.college.edu,9969169276,DEP000001,AY000004,SEM000007,True,PRO000243,Average,65,85,60,80,10,24,30,58,0.1,AR000243,SEM000007,AY000004,16.0,16.0,6.75,6.75,0,0,PASS,REG000959,CO000027,MN000012,REGISTERED,False,65.0,60.0,50.0,MK000886,21.0,34.0,55.0,B,6.0,24.0,4.0,4.0,PASS
ST000243,AIML2023243,Logan,Varkey,Male,2005-01-05,logan.varkey243@student.college.edu,9969169276,DEP000001,AY000004,SEM000007,True,PRO000243,Average,65,85,60,80,10,24,30,58,0.1,AR000243,SEM000007,AY000004,16.0,16.0,6.75,6.75,0,0,PASS,REG000960,CO000028,MN000013,REGISTERED,False,85.0,71.0,70.0,MK000887,18.0,49.0,67.0,B+,7.0,28.0,4.0,4.0,PASS
ST000244,AIML2023244,Kala,Batra,Female,2004-09-04,kala.batra244@student.college.edu,7636972879,DEP000001,AY000004,SEM000007,True,PRO000244,Average,65,85,60,80,10,24,30,58,0.1,AR000244,SEM000007,AY000004,12.0,12.0,8.0,8.0,0,0,PASS,REG000961,CO000025,MN000010,CANCELLED,False,70.0,75.0,75.0,,,,,,,,,,
ST000244,AIML2023244,Kala,Batra,Female,2004-09-04,kala.batra244@student.college.edu,7636972879,DEP000001,AY000004,SEM000007,True,PRO000244,Average,65,85,60,80,10,24,30,58,0.1,AR000244,SEM000007,AY000004,12.0,12.0,8.0,8.0,0,0,PASS,REG000962,CO000026,MN000011,REGISTERED,False,65.0,66.0,59.0,MK000888,23.0,50.0,73.0,A,8.0,32.0,4.0,4.0,PASS
ST000244,AIML2023244,Kala,Batra,Female,2004-09-04,kala.batra244@student.college.edu,7636972879,DEP000001,AY000004,SEM000007,True,PRO000244,Average,65,85,60,80,10,24,30,58,0.1,AR000244,SEM000007,AY000004,12.0,12.0,8.0,8.0,0,0,PASS,REG000963,CO000027,MN000012,REGISTERED,False,74.0,78.0,77.0,MK000889,24.0,58.0,82.0,A+,9.0,36.0,4.0,4.0,PASS
ST000244,AIML2023244,Kala,Batra,Female,2004-09-04,kala.batra244@student.college.edu,7636972879,DEP000001,AY000004,SEM000007,True,PRO000244,Average,65,85,60,80,10,24,30,58,0.1,AR000244,SEM000007,AY000004,12.0,12.0,8.0,8.0,0,0,PASS,REG000964,CO000028,MN000013,REGISTERED,False,70.0,75.0,76.0,MK000890,13.0,49.0,62.0,B+,7.0,28.0,4.0,4.0,PASS
ST000245,AIML2023245,Pahal,Khosla,Female,2004-02-25,pahal.khosla245@student.college.edu,8578191718,DEP000001,AY000004,SEM000007,True,PRO000245,Good,80,95,75,90,18,28,45,65,0.03,AR000245,SEM000007,AY000004,16.0,16.0,7.75,7.75,0,0,PASS,REG000965,CO000025,MN000010,REGISTERED,False,89.0,87.0,87.0,MK000891,28.0,51.0,79.0,A,8.0,32.0,4.0,4.0,PASS
ST000245,AIML2023245,Pahal,Khosla,Female,2004-02-25,pahal.khosla245@student.college.edu,8578191718,DEP000001,AY000004,SEM000007,True,PRO000245,Good,80,95,75,90,18,28,45,65,0.03,AR000245,SEM000007,AY000004,16.0,16.0,7.75,7.75,0,0,PASS,REG000966,CO000026,MN000011,REGISTERED,False,90.0,89.0,78.0,MK000892,27.0,53.0,80.0,A+,9.0,36.0,4.0,4.0,PASS
ST000245,AIML2023245,Pahal,Khosla,Female,2004-02-25,pahal.khosla245@student.college.edu,8578191718,DEP000001,AY000004,SEM000007,True,PRO000245,Good,80,95,75,90,18,28,45,65,0.03,AR000245,SEM000007,AY000004,16.0,16.0,7.75,7.75,0,0,PASS,REG000967,CO000027,MN000012,REGISTERED,False,87.0,81.0,82.0,MK000893,22.0,47.0,69.0,B+,7.0,28.0,4.0,4.0,PASS
ST000245,AIML2023245,Pahal,Khosla,Female,2004-02-25,pahal.khosla245@student.college.edu,8578191718,DEP000001,AY000004,SEM000007,True,PRO000245,Good,80,95,75,90,18,28,45,65,0.03,AR000245,SEM000007,AY000004,16.0,16.0,7.75,7.75,0,0,PASS,REG000968,CO000028,MN000013,REGISTERED,False,89.0,75.0,82.0,MK000894,20.0,48.0,68.0,B+,7.0,28.0,4.0,4.0,PASS
ST000246,AIML2023246,Yuvraj,Khurana,Male,2003-10-29,yuvraj.khurana246@student.college.edu,8616356771,DEP000001,AY000004,SEM000007,True,PRO000246,Improving,55,75,50,70,8,20,25,50,0.2,AR000246,SEM000007,AY000004,16.0,12.0,4.5,4.5,1,1,PROMOTED,REG000969,CO000025,MN000010,REGISTERED,False,61.0,53.0,59.0,MK000895,10.0,41.0,51.0,B,6.0,24.0,4.0,4.0,PASS
ST000246,AIML2023246,Yuvraj,Khurana,Male,2003-10-29,yuvraj.khurana246@student.college.edu,8616356771,DEP000001,AY000004,SEM000007,True,PRO000246,Improving,55,75,50,70,8,20,25,50,0.2,AR000246,SEM000007,AY000004,16.0,12.0,4.5,4.5,1,1,PROMOTED,REG000970,CO000026,MN000011,REGISTERED,False,64.0,69.0,63.0,MK000896,8.0,45.0,53.0,B,6.0,24.0,4.0,4.0,PASS
ST000246,AIML2023246,Yuvraj,Khurana,Male,2003-10-29,yuvraj.khurana246@student.college.edu,8616356771,DEP000001,AY000004,SEM000007,True,PRO000246,Improving,55,75,50,70,8,20,25,50,0.2,AR000246,SEM000007,AY000004,16.0,12.0,4.5,4.5,1,1,PROMOTED,REG000971,CO000027,MN000012,REGISTERED,False,57.0,52.0,56.0,MK000897,8.0,27.0,35.0,F,0.0,0.0,4.0,0.0,FAIL
ST000246,AIML2023246,Yuvraj,Khurana,Male,2003-10-29,yuvraj.khurana246@student.college.edu,8616356771,DEP000001,AY000004,SEM000007,True,PRO000246,Improving,55,75,50,70,8,20,25,50,0.2,AR000246,SEM000007,AY000004,16.0,12.0,4.5,4.5,1,1,PROMOTED,REG000972,CO000028,MN000013,REGISTERED,False,55.0,55.0,46.0,MK000898,8.0,43.0,51.0,B,6.0,24.0,4.0,4.0,PASS
ST000247,AIML2023247,Siddharth,Viswanathan,Male,2006-01-23,siddharth.viswanathan247@student.college.edu,8143891044,DEP000001,AY000004,SEM000007,True,PRO000247,Average,65,85,60,80,10,24,30,58,0.1,AR000247,SEM000007,AY000004,16.0,16.0,7.25,7.25,0,0,PASS,REG000973,CO000025,MN000010,REGISTERED,False,77.0,63.0,66.0,MK000899,14.0,48.0,62.0,B+,7.0,28.0,4.0,4.0,PASS
ST000247,AIML2023247,Siddharth,Viswanathan,Male,2006-01-23,siddharth.viswanathan247@student.college.edu,8143891044,DEP000001,AY000004,SEM000007,True,PRO000247,Average,65,85,60,80,10,24,30,58,0.1,AR000247,SEM000007,AY000004,16.0,16.0,7.25,7.25,0,0,PASS,REG000974,CO000026,MN000011,REGISTERED,False,83.0,63.0,80.0,MK000900,23.0,52.0,75.0,A,8.0,32.0,4.0,4.0,PASS
ST000247,AIML2023247,Siddharth,Viswanathan,Male,2006-01-23,siddharth.viswanathan247@student.college.edu,8143891044,DEP000001,AY000004,SEM000007,True,PRO000247,Average,65,85,60,80,10,24,30,58,0.1,AR000247,SEM000007,AY000004,16.0,16.0,7.25,7.25,0,0,PASS,REG000975,CO000027,MN000012,REGISTERED,False,73.0,74.0,60.0,MK000901,22.0,31.0,53.0,B,6.0,24.0,4.0,4.0,PASS
ST000247,AIML2023247,Siddharth,Viswanathan,Male,2006-01-23,siddharth.viswanathan247@student.college.edu,8143891044,DEP000001,AY000004,SEM000007,True,PRO000247,Average,65,85,60,80,10,24,30,58,0.1,AR000247,SEM000007,AY000004,16.0,16.0,7.25,7.25,0,0,PASS,REG000976,CO000028,MN000013,REGISTERED,False,82.0,77.0,67.0,MK000902,14.0,57.0,71.0,A,8.0,32.0,4.0,4.0,PASS
ST000248,AIML2023248,Manbir,Nagarajan,Male,2005-12-16,manbir.nagarajan248@student.college.edu,7989086148,DEP000001,AY000004,SEM000007,True,PRO000248,Good,80,95,75,90,18,28,45,65,0.03,AR000248,SEM000007,AY000004,16.0,16.0,8.5,8.5,0,0,PASS,REG000977,CO000025,MN000010,REGISTERED,False,88.0,87.0,90.0,MK000903,26.0,59.0,85.0,A+,9.0,36.0,4.0,4.0,PASS
ST000248,AIML2023248,Manbir,Nagarajan,Male,2005-12-16,manbir.nagarajan248@student.college.edu,7989086148,DEP000001,AY000004,SEM000007,True,PRO000248,Good,80,95,75,90,18,28,45,65,0.03,AR000248,SEM000007,AY000004,16.0,16.0,8.5,8.5,0,0,PASS,REG000978,CO000026,MN000011,REGISTERED,False,84.0,87.0,88.0,MK000904,21.0,55.0,76.0,A,8.0,32.0,4.0,4.0,PASS
ST000248,AIML2023248,Manbir,Nagarajan,Male,2005-12-16,manbir.nagarajan248@student.college.edu,7989086148,DEP000001,AY000004,SEM000007,True,PRO000248,Good,80,95,75,90,18,28,45,65,0.03,AR000248,SEM000007,AY000004,16.0,16.0,8.5,8.5,0,0,PASS,REG000979,CO000027,MN000012,REGISTERED,False,90.0,85.0,78.0,MK000905,24.0,59.0,83.0,A+,9.0,36.0,4.0,4.0,PASS
ST000248,AIML2023248,Manbir,Nagarajan,Male,2005-12-16,manbir.nagarajan248@student.college.edu,7989086148,DEP000001,AY000004,SEM000007,True,PRO000248,Good,80,95,75,90,18,28,45,65,0.03,AR000248,SEM000007,AY000004,16.0,16.0,8.5,8.5,0,0,PASS,REG000980,CO000028,MN000013,REGISTERED,False,85.0,88.0,92.0,MK000906,26.0,52.0,78.0,A,8.0,32.0,4.0,4.0,PASS
ST000249,AIML2023249,Zinal,Taneja,Female,2004-11-15,zinal.taneja249@student.college.edu,8436844079,DEP000001,AY000004,SEM000007,True,PRO000249,Average,65,85,60,80,10,24,30,58,0.1,AR000249,SEM000007,AY000004,12.0,12.0,7.0,7.0,0,0,PASS,REG000981,CO000025,MN000010,REGISTERED,False,80.0,60.0,71.0,MK000907,18.0,52.0,70.0,A,8.0,32.0,4.0,4.0,PASS
ST000249,AIML2023249,Zinal,Taneja,Female,2004-11-15,zinal.taneja249@student.college.edu,8436844079,DEP000001,AY000004,SEM000007,True,PRO000249,Average,65,85,60,80,10,24,30,58,0.1,AR000249,SEM000007,AY000004,12.0,12.0,7.0,7.0,0,0,PASS,REG000982,CO000026,MN000011,REGISTERED,False,72.0,74.0,69.0,MK000908,20.0,33.0,53.0,B,6.0,24.0,4.0,4.0,PASS
ST000249,AIML2023249,Zinal,Taneja,Female,2004-11-15,zinal.taneja249@student.college.edu,8436844079,DEP000001,AY000004,SEM000007,True,PRO000249,Average,65,85,60,80,10,24,30,58,0.1,AR000249,SEM000007,AY000004,12.0,12.0,7.0,7.0,0,0,PASS,REG000983,CO000027,MN000012,REGISTERED,False,71.0,62.0,70.0,MK000909,20.0,47.0,67.0,B+,7.0,28.0,4.0,4.0,PASS
ST000249,AIML2023249,Zinal,Taneja,Female,2004-11-15,zinal.taneja249@student.college.edu,8436844079,DEP000001,AY000004,SEM000007,True,PRO000249,Average,65,85,60,80,10,24,30,58,0.1,AR000249,SEM000007,AY000004,12.0,12.0,7.0,7.0,0,0,PASS,REG000984,CO000028,MN000013,CANCELLED,False,65.0,65.0,69.0,,,,,,,,,,
ST000250,AIML2023250,Saanvi,Bakshi,Female,2006-04-17,saanvi.bakshi250@student.college.edu,9880654097,DEP000001,AY000004,SEM000007,True,PRO000250,Declining,40,65,35,60,4,16,15,40,0.45,AR000250,SEM000007,AY000004,16.0,4.0,1.25,1.25,3,3,FAIL,REG000985,CO000025,MN000010,REGISTERED,True,51.0,46.0,47.0,MK000910,12.0,16.0,28.0,F,0.0,0.0,4.0,0.0,FAIL
ST000250,AIML2023250,Saanvi,Bakshi,Female,2006-04-17,saanvi.bakshi250@student.college.edu,9880654097,DEP000001,AY000004,SEM000007,True,PRO000250,Declining,40,65,35,60,4,16,15,40,0.45,AR000250,SEM000007,AY000004,16.0,4.0,1.25,1.25,3,3,FAIL,REG000986,CO000026,MN000011,REGISTERED,False,48.0,51.0,41.0,MK000911,4.0,25.0,29.0,F,0.0,0.0,4.0,0.0,FAIL
ST000250,AIML2023250,Saanvi,Bakshi,Female,2006-04-17,saanvi.bakshi250@student.college.edu,9880654097,DEP000001,AY000004,SEM000007,True,PRO000250,Declining,40,65,35,60,4,16,15,40,0.45,AR000250,SEM000007,AY000004,16.0,4.0,1.25,1.25,3,3,FAIL,REG000987,CO000027,MN000012,REGISTERED,False,57.0,59.0,44.0,MK000912,7.0,20.0,27.0,F,0.0,0.0,4.0,0.0,FAIL
ST000250,AIML2023250,Saanvi,Bakshi,Female,2006-04-17,saanvi.bakshi250@student.college.edu,9880654097,DEP000001,AY000004,SEM000007,True,PRO000250,Declining,40,65,35,60,4,16,15,40,0.45,AR000250,SEM000007,AY000004,16.0,4.0,1.25,1.25,3,3,FAIL,REG000988,CO000028,MN000013,REGISTERED,False,42.0,40.0,28.0,MK000913,10.0,37.0,47.0,C,5.0,20.0,4.0,4.0,PASS
ST000251,AIML2023251,Urvashi,Raval,Female,2005-08-24,urvashi.raval251@student.college.edu,9672425836,DEP000001,AY000004,SEM000007,True,PRO000251,Declining,40,65,35,60,4,16,15,40,0.45,AR000251,SEM000007,AY000004,16.0,0.0,0.0,0.0,4,4,FAIL,REG000989,CO000025,MN000010,REGISTERED,False,63.0,58.0,49.0,MK000914,4.0,21.0,25.0,F,0.0,0.0,4.0,0.0,FAIL
ST000251,AIML2023251,Urvashi,Raval,Female,2005-08-24,urvashi.raval251@student.college.edu,9672425836,DEP000001,AY000004,SEM000007,True,PRO000251,Declining,40,65,35,60,4,16,15,40,0.45,AR000251,SEM000007,AY000004,16.0,0.0,0.0,0.0,4,4,FAIL,REG000990,CO000026,MN000011,REGISTERED,False,55.0,56.0,41.0,MK000915,4.0,16.0,20.0,F,0.0,0.0,4.0,0.0,FAIL
ST000251,AIML2023251,Urvashi,Raval,Female,2005-08-24,urvashi.raval251@student.college.edu,9672425836,DEP000001,AY000004,SEM000007,True,PRO000251,Declining,40,65,35,60,4,16,15,40,0.45,AR000251,SEM000007,AY000004,16.0,0.0,0.0,0.0,4,4,FAIL,REG000991,CO000027,MN000012,REGISTERED,True,46.0,51.0,45.0,MK000916,9.0,24.0,33.0,F,0.0,0.0,4.0,0.0,FAIL
ST000251,AIML2023251,Urvashi,Raval,Female,2005-08-24,urvashi.raval251@student.college.edu,9672425836,DEP000001,AY000004,SEM000007,True,PRO000251,Declining,40,65,35,60,4,16,15,40,0.45,AR000251,SEM000007,AY000004,16.0,0.0,0.0,0.0,4,4,FAIL,REG000992,CO000028,MN000013,REGISTERED,False,46.0,46.0,31.0,MK000917,4.0,30.0,34.0,F,0.0,0.0,4.0,0.0,FAIL
ST000252,AIML2023252,Michael,Bath,Male,2006-06-02,michael.bath252@student.college.edu,8867073077,DEP000001,AY000004,SEM000007,True,PRO000252,Improving,55,75,50,70,8,20,25,50,0.2,AR000252,SEM000007,AY000004,16.0,16.0,5.75,5.75,0,0,PASS,REG000993,CO000025,MN000010,REGISTERED,True,56.0,57.0,58.0,MK000918,15.0,42.0,57.0,B,6.0,24.0,4.0,4.0,PASS
ST000252,AIML2023252,Michael,Bath,Male,2006-06-02,michael.bath252@student.college.edu,8867073077,DEP000001,AY000004,SEM000007,True,PRO000252,Improving,55,75,50,70,8,20,25,50,0.2,AR000252,SEM000007,AY000004,16.0,16.0,5.75,5.75,0,0,PASS,REG000994,CO000026,MN000011,REGISTERED,False,75.0,68.0,63.0,MK000919,11.0,35.0,46.0,C,5.0,20.0,4.0,4.0,PASS
ST000252,AIML2023252,Michael,Bath,Male,2006-06-02,michael.bath252@student.college.edu,8867073077,DEP000001,AY000004,SEM000007,True,PRO000252,Improving,55,75,50,70,8,20,25,50,0.2,AR000252,SEM000007,AY000004,16.0,16.0,5.75,5.75,0,0,PASS,REG000995,CO000027,MN000012,REGISTERED,False,59.0,61.0,58.0,MK000920,9.0,41.0,50.0,B,6.0,24.0,4.0,4.0,PASS
ST000252,AIML2023252,Michael,Bath,Male,2006-06-02,michael.bath252@student.college.edu,8867073077,DEP000001,AY000004,SEM000007,True,PRO000252,Improving,55,75,50,70,8,20,25,50,0.2,AR000252,SEM000007,AY000004,16.0,16.0,5.75,5.75,0,0,PASS,REG000996,CO000028,MN000013,REGISTERED,False,58.0,50.0,46.0,MK000921,15.0,36.0,51.0,B,6.0,24.0,4.0,4.0,PASS
ST000253,AIML2023253,Saumya,Chakrabarti,Female,2004-10-31,saumya.chakrabarti253@student.college.edu,7017061530,DEP000001,AY000004,SEM000007,True,PRO000253,HighRisk,20,50,20,45,0,12,0,30,0.8,AR000253,SEM000007,AY000004,16.0,0.0,0.0,0.0,4,4,FAIL,REG000997,CO000025,MN000010,REGISTERED,True,28.0,23.0,31.0,MK000922,3.0,28.0,31.0,F,0.0,0.0,4.0,0.0,FAIL
ST000253,AIML2023253,Saumya,Chakrabarti,Female,2004-10-31,saumya.chakrabarti253@student.college.edu,7017061530,DEP000001,AY000004,SEM000007,True,PRO000253,HighRisk,20,50,20,45,0,12,0,30,0.8,AR000253,SEM000007,AY000004,16.0,0.0,0.0,0.0,4,4,FAIL,REG000998,CO000026,MN000011,REGISTERED,True,37.0,21.0,30.0,MK000923,12.0,23.0,35.0,F,0.0,0.0,4.0,0.0,FAIL
ST000253,AIML2023253,Saumya,Chakrabarti,Female,2004-10-31,saumya.chakrabarti253@student.college.edu,7017061530,DEP000001,AY000004,SEM000007,True,PRO000253,HighRisk,20,50,20,45,0,12,0,30,0.8,AR000253,SEM000007,AY000004,16.0,0.0,0.0,0.0,4,4,FAIL,REG000999,CO000027,MN000012,REGISTERED,True,22.0,20.0,28.0,MK000924,10.0,18.0,28.0,F,0.0,0.0,4.0,0.0,FAIL
ST000253,AIML2023253,Saumya,Chakrabarti,Female,2004-10-31,saumya.chakrabarti253@student.college.edu,7017061530,DEP000001,AY000004,SEM000007,True,PRO000253,HighRisk,20,50,20,45,0,12,0,30,0.8,AR000253,SEM000007,AY000004,16.0,0.0,0.0,0.0,4,4,FAIL,REG001000,CO000028,MN000013,REGISTERED,True,49.0,44.0,35.0,MK000925,0.0,22.0,22.0,F,0.0,0.0,4.0,0.0,FAIL
ST000254,AIML2023254,Vedant,Madan,Male,2004-05-28,vedant.madan254@student.college.edu,6980751346,DEP000001,AY000004,SEM000007,True,PRO000254,Average,65,85,60,80,10,24,30,58,0.1,AR000254,SEM000007,AY000004,16.0,16.0,5.5,5.5,0,0,PASS,REG001001,CO000025,MN000010,REGISTERED,False,78.0,62.0,79.0,MK000926,13.0,31.0,44.0,P,4.0,16.0,4.0,4.0,PASS
ST000254,AIML2023254,Vedant,Madan,Male,2004-05-28,vedant.madan254@student.college.edu,6980751346,DEP000001,AY000004,SEM000007,True,PRO000254,Average,65,85,60,80,10,24,30,58,0.1,AR000254,SEM000007,AY000004,16.0,16.0,5.5,5.5,0,0,PASS,REG001002,CO000026,MN000011,REGISTERED,False,85.0,76.0,72.0,MK000927,21.0,51.0,72.0,A,8.0,32.0,4.0,4.0,PASS
ST000254,AIML2023254,Vedant,Madan,Male,2004-05-28,vedant.madan254@student.college.edu,6980751346,DEP000001,AY000004,SEM000007,True,PRO000254,Average,65,85,60,80,10,24,30,58,0.1,AR000254,SEM000007,AY000004,16.0,16.0,5.5,5.5,0,0,PASS,REG001003,CO000027,MN000012,REGISTERED,False,74.0,71.0,62.0,MK000928,14.0,42.0,56.0,B,6.0,24.0,4.0,4.0,PASS
ST000254,AIML2023254,Vedant,Madan,Male,2004-05-28,vedant.madan254@student.college.edu,6980751346,DEP000001,AY000004,SEM000007,True,PRO000254,Average,65,85,60,80,10,24,30,58,0.1,AR000254,SEM000007,AY000004,16.0,16.0,5.5,5.5,0,0,PASS,REG001004,CO000028,MN000013,REGISTERED,False,80.0,69.0,77.0,MK000929,11.0,31.0,42.0,P,4.0,16.0,4.0,4.0,PASS
ST000255,AIML2023255,Quincy,Madan,Male,2006-03-02,quincy.madan255@student.college.edu,6975541317,DEP000001,AY000004,SEM000007,True,PRO000255,Improving,55,75,50,70,8,20,25,50,0.2,AR000255,SEM000007,AY000004,8.0,8.0,6.0,6.0,0,0,PASS,REG001005,CO000025,MN000010,REGISTERED,True,71.0,58.0,58.0,MK000930,19.0,27.0,46.0,C,5.0,20.0,4.0,4.0,PASS
ST000255,AIML2023255,Quincy,Madan,Male,2006-03-02,quincy.madan255@student.college.edu,6975541317,DEP000001,AY000004,SEM000007,True,PRO000255,Improving,55,75,50,70,8,20,25,50,0.2,AR000255,SEM000007,AY000004,8.0,8.0,6.0,6.0,0,0,PASS,REG001006,CO000026,MN000011,CANCELLED,False,61.0,66.0,52.0,,,,,,,,,,
ST000255,AIML2023255,Quincy,Madan,Male,2006-03-02,quincy.madan255@student.college.edu,6975541317,DEP000001,AY000004,SEM000007,True,PRO000255,Improving,55,75,50,70,8,20,25,50,0.2,AR000255,SEM000007,AY000004,8.0,8.0,6.0,6.0,0,0,PASS,REG001007,CO000027,MN000012,REGISTERED,False,72.0,66.0,58.0,MK000931,15.0,48.0,63.0,B+,7.0,28.0,4.0,4.0,PASS
ST000255,AIML2023255,Quincy,Madan,Male,2006-03-02,quincy.madan255@student.college.edu,6975541317,DEP000001,AY000004,SEM000007,True,PRO000255,Improving,55,75,50,70,8,20,25,50,0.2,AR000255,SEM000007,AY000004,8.0,8.0,6.0,6.0,0,0,PASS,REG001008,CO000028,MN000013,CANCELLED,False,69.0,55.0,62.0,,,,,,,,,,
ST000256,AIML2023256,Eta,Sura,Female,2004-08-08,eta.sura256@student.college.edu,7981280219,DEP000001,AY000004,SEM000007,True,PRO000256,Good,80,95,75,90,18,28,45,65,0.03,AR000256,SEM000007,AY000004,16.0,16.0,8.25,8.25,0,0,PASS,REG001009,CO000025,MN000010,REGISTERED,False,88.0,84.0,90.0,MK000932,28.0,61.0,89.0,A+,9.0,36.0,4.0,4.0,PASS
ST000256,AIML2023256,Eta,Sura,Female,2004-08-08,eta.sura256@student.college.edu,7981280219,DEP000001,AY000004,SEM000007,True,PRO000256,Good,80,95,75,90,18,28,45,65,0.03,AR000256,SEM000007,AY000004,16.0,16.0,8.25,8.25,0,0,PASS,REG001010,CO000026,MN000011,REGISTERED,False,94.0,79.0,80.0,MK000933,27.0,53.0,80.0,A+,9.0,36.0,4.0,4.0,PASS
ST000256,AIML2023256,Eta,Sura,Female,2004-08-08,eta.sura256@student.college.edu,7981280219,DEP000001,AY000004,SEM000007,True,PRO000256,Good,80,95,75,90,18,28,45,65,0.03,AR000256,SEM000007,AY000004,16.0,16.0,8.25,8.25,0,0,PASS,REG001011,CO000027,MN000012,REGISTERED,False,82.0,75.0,77.0,MK000934,22.0,47.0,69.0,B+,7.0,28.0,4.0,4.0,PASS
ST000256,AIML2023256,Eta,Sura,Female,2004-08-08,eta.sura256@student.college.edu,7981280219,DEP000001,AY000004,SEM000007,True,PRO000256,Good,80,95,75,90,18,28,45,65,0.03,AR000256,SEM000007,AY000004,16.0,16.0,8.25,8.25,0,0,PASS,REG001012,CO000028,MN000013,REGISTERED,False,81.0,86.0,76.0,MK000935,19.0,59.0,78.0,A,8.0,32.0,4.0,4.0,PASS
ST000257,AIML2023257,Harsh,Dyal,Male,2006-05-10,harsh.dyal257@student.college.edu,6151960560,DEP000001,AY000004,SEM000007,True,PRO000257,Improving,55,75,50,70,8,20,25,50,0.2,AR000257,SEM000007,AY000004,16.0,12.0,4.0,4.0,1,1,PROMOTED,REG001013,CO000025,MN000010,REGISTERED,False,56.0,53.0,51.0,MK000936,10.0,40.0,50.0,B,6.0,24.0,4.0,4.0,PASS
ST000257,AIML2023257,Harsh,Dyal,Male,2006-05-10,harsh.dyal257@student.college.edu,6151960560,DEP000001,AY000004,SEM000007,True,PRO000257,Improving,55,75,50,70,8,20,25,50,0.2,AR000257,SEM000007,AY000004,16.0,12.0,4.0,4.0,1,1,PROMOTED,REG001014,CO000026,MN000011,REGISTERED,True,59.0,52.0,58.0,MK000937,8.0,29.0,37.0,F,0.0,0.0,4.0,0.0,FAIL
ST000257,AIML2023257,Harsh,Dyal,Male,2006-05-10,harsh.dyal257@student.college.edu,6151960560,DEP000001,AY000004,SEM000007,True,PRO000257,Improving,55,75,50,70,8,20,25,50,0.2,AR000257,SEM000007,AY000004,16.0,12.0,4.0,4.0,1,1,PROMOTED,REG001015,CO000027,MN000012,REGISTERED,False,60.0,60.0,61.0,MK000938,11.0,31.0,42.0,P,4.0,16.0,4.0,4.0,PASS
ST000257,AIML2023257,Harsh,Dyal,Male,2006-05-10,harsh.dyal257@student.college.edu,6151960560,DEP000001,AY000004,SEM000007,True,PRO000257,Improving,55,75,50,70,8,20,25,50,0.2,AR000257,SEM000007,AY000004,16.0,12.0,4.0,4.0,1,1,PROMOTED,REG001016,CO000028,MN000013,REGISTERED,False,66.0,51.0,57.0,MK000939,20.0,32.0,52.0,B,6.0,24.0,4.0,4.0,PASS
ST000258,AIML2023258,Bimala,Goyal,Female,2006-01-28,bimala.goyal258@student.college.edu,9179885501,DEP000001,AY000004,SEM000007,True,PRO000258,Improving,55,75,50,70,8,20,25,50,0.2,AR000258,SEM000007,AY000004,16.0,16.0,5.75,5.75,0,0,PASS,REG001017,CO000025,MN000010,REGISTERED,False,60.0,52.0,65.0,MK000940,15.0,43.0,58.0,B,6.0,24.0,4.0,4.0,PASS
ST000258,AIML2023258,Bimala,Goyal,Female,2006-01-28,bimala.goyal258@student.college.edu,9179885501,DEP000001,AY000004,SEM000007,True,PRO000258,Improving,55,75,50,70,8,20,25,50,0.2,AR000258,SEM000007,AY000004,16.0,16.0,5.75,5.75,0,0,PASS,REG001018,CO000026,MN000011,REGISTERED,False,66.0,70.0,62.0,MK000941,19.0,38.0,57.0,B,6.0,24.0,4.0,4.0,PASS
ST000258,AIML2023258,Bimala,Goyal,Female,2006-01-28,bimala.goyal258@student.college.edu,9179885501,DEP000001,AY000004,SEM000007,True,PRO000258,Improving,55,75,50,70,8,20,25,50,0.2,AR000258,SEM000007,AY000004,16.0,16.0,5.75,5.75,0,0,PASS,REG001019,CO000027,MN000012,REGISTERED,False,75.0,55.0,65.0,MK000942,20.0,27.0,47.0,C,5.0,20.0,4.0,4.0,PASS
ST000258,AIML2023258,Bimala,Goyal,Female,2006-01-28,bimala.goyal258@student.college.edu,9179885501,DEP000001,AY000004,SEM000007,True,PRO000258,Improving,55,75,50,70,8,20,25,50,0.2,AR000258,SEM000007,AY000004,16.0,16.0,5.75,5.75,0,0,PASS,REG001020,CO000028,MN000013,REGISTERED,False,71.0,52.0,64.0,MK000943,11.0,43.0,54.0,B,6.0,24.0,4.0,4.0,PASS
ST000259,AIML2023259,Shravya,Sharma,Female,2004-01-01,shravya.sharma259@student.college.edu,9079853047,DEP000001,AY000004,SEM000007,True,PRO000259,Declining,40,65,35,60,4,16,15,40,0.45,AR000259,SEM000007,AY000004,12.0,4.0,1.33,1.33,2,2,PROMOTED,REG001021,CO000025,MN000010,CANCELLED,False,56.0,60.0,48.0,,,,,,,,,,
ST000259,AIML2023259,Shravya,Sharma,Female,2004-01-01,shravya.sharma259@student.college.edu,9079853047,DEP000001,AY000004,SEM000007,True,PRO000259,Declining,40,65,35,60,4,16,15,40,0.45,AR000259,SEM000007,AY000004,12.0,4.0,1.33,1.33,2,2,PROMOTED,REG001022,CO000026,MN000011,REGISTERED,False,40.0,45.0,41.0,MK000944,7.0,25.0,32.0,F,0.0,0.0,4.0,0.0,FAIL
ST000259,AIML2023259,Shravya,Sharma,Female,2004-01-01,shravya.sharma259@student.college.edu,9079853047,DEP000001,AY000004,SEM000007,True,PRO000259,Declining,40,65,35,60,4,16,15,40,0.45,AR000259,SEM000007,AY000004,12.0,4.0,1.33,1.33,2,2,PROMOTED,REG001023,CO000027,MN000012,REGISTERED,False,48.0,49.0,46.0,MK000945,9.0,33.0,42.0,P,4.0,16.0,4.0,4.0,PASS
ST000259,AIML2023259,Shravya,Sharma,Female,2004-01-01,shravya.sharma259@student.college.edu,9079853047,DEP000001,AY000004,SEM000007,True,PRO000259,Declining,40,65,35,60,4,16,15,40,0.45,AR000259,SEM000007,AY000004,12.0,4.0,1.33,1.33,2,2,PROMOTED,REG001024,CO000028,MN000013,REGISTERED,False,61.0,42.0,46.0,MK000946,8.0,17.0,25.0,F,0.0,0.0,4.0,0.0,FAIL
ST000260,AIML2023260,Yash,Bora,Male,2004-04-24,yash.bora260@student.college.edu,7914049080,DEP000001,AY000004,SEM000007,True,PRO000260,Improving,55,75,50,70,8,20,25,50,0.2,AR000260,SEM000007,AY000004,16.0,16.0,5.0,5.0,0,0,PASS,REG001025,CO000025,MN000010,REGISTERED,True,72.0,67.0,65.0,MK000947,8.0,32.0,40.0,P,4.0,16.0,4.0,4.0,PASS
ST000260,AIML2023260,Yash,Bora,Male,2004-04-24,yash.bora260@student.college.edu,7914049080,DEP000001,AY000004,SEM000007,True,PRO000260,Improving,55,75,50,70,8,20,25,50,0.2,AR000260,SEM000007,AY000004,16.0,16.0,5.0,5.0,0,0,PASS,REG001026,CO000026,MN000011,REGISTERED,False,62.0,63.0,55.0,MK000948,18.0,30.0,48.0,C,5.0,20.0,4.0,4.0,PASS
ST000260,AIML2023260,Yash,Bora,Male,2004-04-24,yash.bora260@student.college.edu,7914049080,DEP000001,AY000004,SEM000007,True,PRO000260,Improving,55,75,50,70,8,20,25,50,0.2,AR000260,SEM000007,AY000004,16.0,16.0,5.0,5.0,0,0,PASS,REG001027,CO000027,MN000012,REGISTERED,False,70.0,68.0,64.0,MK000949,17.0,28.0,45.0,C,5.0,20.0,4.0,4.0,PASS
ST000260,AIML2023260,Yash,Bora,Male,2004-04-24,yash.bora260@student.college.edu,7914049080,DEP000001,AY000004,SEM000007,True,PRO000260,Improving,55,75,50,70,8,20,25,50,0.2,AR000260,SEM000007,AY000004,16.0,16.0,5.0,5.0,0,0,PASS,REG001028,CO000028,MN000013,REGISTERED,False,58.0,50.0,63.0,MK000950,18.0,39.0,57.0,B,6.0,24.0,4.0,4.0,PASS
ST000261,AIML2023261,Tristan,Kashyap,Male,2004-08-07,tristan.kashyap261@student.college.edu,7314117158,DEP000001,AY000004,SEM000007,True,PRO000261,Improving,55,75,50,70,8,20,25,50,0.2,AR000261,SEM000007,AY000004,16.0,12.0,4.25,4.25,1,1,PROMOTED,REG001029,CO000025,MN000010,REGISTERED,False,55.0,57.0,63.0,MK000951,9.0,33.0,42.0,P,4.0,16.0,4.0,4.0,PASS
ST000261,AIML2023261,Tristan,Kashyap,Male,2004-08-07,tristan.kashyap261@student.college.edu,7314117158,DEP000001,AY000004,SEM000007,True,PRO000261,Improving,55,75,50,70,8,20,25,50,0.2,AR000261,SEM000007,AY000004,16.0,12.0,4.25,4.25,1,1,PROMOTED,REG001030,CO000026,MN000011,REGISTERED,False,67.0,50.0,61.0,MK000952,14.0,39.0,53.0,B,6.0,24.0,4.0,4.0,PASS
ST000261,AIML2023261,Tristan,Kashyap,Male,2004-08-07,tristan.kashyap261@student.college.edu,7314117158,DEP000001,AY000004,SEM000007,True,PRO000261,Improving,55,75,50,70,8,20,25,50,0.2,AR000261,SEM000007,AY000004,16.0,12.0,4.25,4.25,1,1,PROMOTED,REG001031,CO000027,MN000012,REGISTERED,True,67.0,62.0,59.0,MK000953,12.0,50.0,62.0,B+,7.0,28.0,4.0,4.0,PASS
ST000261,AIML2023261,Tristan,Kashyap,Male,2004-08-07,tristan.kashyap261@student.college.edu,7314117158,DEP000001,AY000004,SEM000007,True,PRO000261,Improving,55,75,50,70,8,20,25,50,0.2,AR000261,SEM000007,AY000004,16.0,12.0,4.25,4.25,1,1,PROMOTED,REG001032,CO000028,MN000013,REGISTERED,False,74.0,69.0,61.0,MK000954,8.0,29.0,37.0,F,0.0,0.0,4.0,0.0,FAIL
ST000262,AIML2023262,Balhaar,Tailor,Male,2006-05-31,balhaar.tailor262@student.college.edu,9872630259,DEP000001,AY000004,SEM000007,True,PRO000262,Declining,40,65,35,60,4,16,15,40,0.45,AR000262,SEM000007,AY000004,16.0,4.0,1.25,1.25,3,3,FAIL,REG001033,CO000025,MN000010,REGISTERED,True,64.0,44.0,49.0,MK000955,15.0,21.0,36.0,F,0.0,0.0,4.0,0.0,FAIL
ST000262,AIML2023262,Balhaar,Tailor,Male,2006-05-31,balhaar.tailor262@student.college.edu,9872630259,DEP000001,AY000004,SEM000007,True,PRO000262,Declining,40,65,35,60,4,16,15,40,0.45,AR000262,SEM000007,AY000004,16.0,4.0,1.25,1.25,3,3,FAIL,REG001034,CO000026,MN000011,REGISTERED,False,44.0,49.0,46.0,MK000956,10.0,28.0,38.0,F,0.0,0.0,4.0,0.0,FAIL
ST000262,AIML2023262,Balhaar,Tailor,Male,2006-05-31,balhaar.tailor262@student.college.edu,9872630259,DEP000001,AY000004,SEM000007,True,PRO000262,Declining,40,65,35,60,4,16,15,40,0.45,AR000262,SEM000007,AY000004,16.0,4.0,1.25,1.25,3,3,FAIL,REG001035,CO000027,MN000012,REGISTERED,False,57.0,44.0,44.0,MK000957,12.0,25.0,37.0,F,0.0,0.0,4.0,0.0,FAIL
ST000262,AIML2023262,Balhaar,Tailor,Male,2006-05-31,balhaar.tailor262@student.college.edu,9872630259,DEP000001,AY000004,SEM000007,True,PRO000262,Declining,40,65,35,60,4,16,15,40,0.45,AR000262,SEM000007,AY000004,16.0,4.0,1.25,1.25,3,3,FAIL,REG001036,CO000028,MN000013,REGISTERED,True,58.0,50.0,43.0,MK000958,7.0,38.0,45.0,C,5.0,20.0,4.0,4.0,PASS
ST000263,AIML2023263,Ayush,Walia,Male,2004-09-26,ayush.walia263@student.college.edu,8314578153,DEP000001,AY000004,SEM000007,True,PRO000263,Average,65,85,60,80,10,24,30,58,0.1,AR000263,SEM000007,AY000004,16.0,16.0,6.25,6.25,0,0,PASS,REG001037,CO000025,MN000010,REGISTERED,False,71.0,69.0,68.0,MK000959,18.0,45.0,63.0,B+,7.0,28.0,4.0,4.0,PASS
ST000263,AIML2023263,Ayush,Walia,Male,2004-09-26,ayush.walia263@student.college.edu,8314578153,DEP000001,AY000004,SEM000007,True,PRO000263,Average,65,85,60,80,10,24,30,58,0.1,AR000263,SEM000007,AY000004,16.0,16.0,6.25,6.25,0,0,PASS,REG001038,CO000026,MN000011,REGISTERED,False,68.0,72.0,69.0,MK000960,14.0,30.0,44.0,P,4.0,16.0,4.0,4.0,PASS
ST000263,AIML2023263,Ayush,Walia,Male,2004-09-26,ayush.walia263@student.college.edu,8314578153,DEP000001,AY000004,SEM000007,True,PRO000263,Average,65,85,60,80,10,24,30,58,0.1,AR000263,SEM000007,AY000004,16.0,16.0,6.25,6.25,0,0,PASS,REG001039,CO000027,MN000012,REGISTERED,False,72.0,73.0,63.0,MK000961,22.0,30.0,52.0,B,6.0,24.0,4.0,4.0,PASS
ST000263,AIML2023263,Ayush,Walia,Male,2004-09-26,ayush.walia263@student.college.edu,8314578153,DEP000001,AY000004,SEM000007,True,PRO000263,Average,65,85,60,80,10,24,30,58,0.1,AR000263,SEM000007,AY000004,16.0,16.0,6.25,6.25,0,0,PASS,REG001040,CO000028,MN000013,REGISTERED,False,76.0,70.0,72.0,MK000962,21.0,51.0,72.0,A,8.0,32.0,4.0,4.0,PASS
ST000264,AIML2023264,Zarna,Yohannan,Female,2006-06-08,zarna.yohannan264@student.college.edu,9629713039,DEP000001,AY000004,SEM000007,True,PRO000264,Good,80,95,75,90,18,28,45,65,0.03,AR000264,SEM000007,AY000004,16.0,16.0,8.5,8.5,0,0,PASS,REG001041,CO000025,MN000010,REGISTERED,False,86.0,76.0,92.0,MK000963,24.0,49.0,73.0,A,8.0,32.0,4.0,4.0,PASS
ST000264,AIML2023264,Zarna,Yohannan,Female,2006-06-08,zarna.yohannan264@student.college.edu,9629713039,DEP000001,AY000004,SEM000007,True,PRO000264,Good,80,95,75,90,18,28,45,65,0.03,AR000264,SEM000007,AY000004,16.0,16.0,8.5,8.5,0,0,PASS,REG001042,CO000026,MN000011,REGISTERED,False,86.0,84.0,77.0,MK000964,27.0,53.0,80.0,A+,9.0,36.0,4.0,4.0,PASS
ST000264,AIML2023264,Zarna,Yohannan,Female,2006-06-08,zarna.yohannan264@student.college.edu,9629713039,DEP000001,AY000004,SEM000007,True,PRO000264,Good,80,95,75,90,18,28,45,65,0.03,AR000264,SEM000007,AY000004,16.0,16.0,8.5,8.5,0,0,PASS,REG001043,CO000027,MN000012,REGISTERED,False,82.0,80.0,86.0,MK000965,20.0,55.0,75.0,A,8.0,32.0,4.0,4.0,PASS
ST000264,AIML2023264,Zarna,Yohannan,Female,2006-06-08,zarna.yohannan264@student.college.edu,9629713039,DEP000001,AY000004,SEM000007,True,PRO000264,Good,80,95,75,90,18,28,45,65,0.03,AR000264,SEM000007,AY000004,16.0,16.0,8.5,8.5,0,0,PASS,REG001044,CO000028,MN000013,REGISTERED,False,93.0,75.0,87.0,MK000966,25.0,64.0,89.0,A+,9.0,36.0,4.0,4.0,PASS
ST000265,AIML2023265,Rishi,Tank,Male,2005-01-17,rishi.tank265@student.college.edu,8437897897,DEP000001,AY000004,SEM000007,True,PRO000265,Average,65,85,60,80,10,24,30,58,0.1,AR000265,SEM000007,AY000004,16.0,16.0,7.5,7.5,0,0,PASS,REG001045,CO000025,MN000010,REGISTERED,False,78.0,71.0,66.0,MK000967,21.0,53.0,74.0,A,8.0,32.0,4.0,4.0,PASS
ST000265,AIML2023265,Rishi,Tank,Male,2005-01-17,rishi.tank265@student.college.edu,8437897897,DEP000001,AY000004,SEM000007,True,PRO000265,Average,65,85,60,80,10,24,30,58,0.1,AR000265,SEM000007,AY000004,16.0,16.0,7.5,7.5,0,0,PASS,REG001046,CO000026,MN000011,REGISTERED,False,76.0,63.0,74.0,MK000968,24.0,34.0,58.0,B,6.0,24.0,4.0,4.0,PASS
ST000265,AIML2023265,Rishi,Tank,Male,2005-01-17,rishi.tank265@student.college.edu,8437897897,DEP000001,AY000004,SEM000007,True,PRO000265,Average,65,85,60,80,10,24,30,58,0.1,AR000265,SEM000007,AY000004,16.0,16.0,7.5,7.5,0,0,PASS,REG001047,CO000027,MN000012,REGISTERED,False,82.0,80.0,72.0,MK000969,22.0,51.0,73.0,A,8.0,32.0,4.0,4.0,PASS
ST000265,AIML2023265,Rishi,Tank,Male,2005-01-17,rishi.tank265@student.college.edu,8437897897,DEP000001,AY000004,SEM000007,True,PRO000265,Average,65,85,60,80,10,24,30,58,0.1,AR000265,SEM000007,AY000004,16.0,16.0,7.5,7.5,0,0,PASS,REG001048,CO000028,MN000013,REGISTERED,False,67.0,68.0,57.0,MK000970,19.0,56.0,75.0,A,8.0,32.0,4.0,4.0,PASS
ST000266,AIML2023266,Gabriel,Raghavan,Male,2006-02-15,gabriel.raghavan266@student.college.edu,6520407889,DEP000001,AY000004,SEM000007,True,PRO000266,Improving,55,75,50,70,8,20,25,50,0.2,AR000266,SEM000007,AY000004,16.0,16.0,5.25,5.25,0,0,PASS,REG001049,CO000025,MN000010,REGISTERED,False,66.0,67.0,64.0,MK000971,11.0,41.0,52.0,B,6.0,24.0,4.0,4.0,PASS
ST000266,AIML2023266,Gabriel,Raghavan,Male,2006-02-15,gabriel.raghavan266@student.college.edu,6520407889,DEP000001,AY000004,SEM000007,True,PRO000266,Improving,55,75,50,70,8,20,25,50,0.2,AR000266,SEM000007,AY000004,16.0,16.0,5.25,5.25,0,0,PASS,REG001050,CO000026,MN000011,REGISTERED,False,75.0,70.0,60.0,MK000972,8.0,45.0,53.0,B,6.0,24.0,4.0,4.0,PASS
ST000266,AIML2023266,Gabriel,Raghavan,Male,2006-02-15,gabriel.raghavan266@student.college.edu,6520407889,DEP000001,AY000004,SEM000007,True,PRO000266,Improving,55,75,50,70,8,20,25,50,0.2,AR000266,SEM000007,AY000004,16.0,16.0,5.25,5.25,0,0,PASS,REG001051,CO000027,MN000012,REGISTERED,False,75.0,68.0,62.0,MK000973,8.0,32.0,40.0,P,4.0,16.0,4.0,4.0,PASS
ST000266,AIML2023266,Gabriel,Raghavan,Male,2006-02-15,gabriel.raghavan266@student.college.edu,6520407889,DEP000001,AY000004,SEM000007,True,PRO000266,Improving,55,75,50,70,8,20,25,50,0.2,AR000266,SEM000007,AY000004,16.0,16.0,5.25,5.25,0,0,PASS,REG001052,CO000028,MN000013,REGISTERED,False,62.0,65.0,57.0,MK000974,16.0,30.0,46.0,C,5.0,20.0,4.0,4.0,PASS
ST000267,AIML2023267,Krishna,Banerjee,Female,2005-10-23,krishna.banerjee267@student.college.edu,9468526890,DEP000001,AY000004,SEM000007,True,PRO000267,Excellent,90,100,90,100,24,30,55,70,0.01,AR000267,SEM000007,AY000004,16.0,16.0,9.75,9.75,0,0,PASS,REG001053,CO000025,MN000010,REGISTERED,False,96.0,94.0,96.0,MK000975,30.0,66.0,96.0,O,10.0,40.0,4.0,4.0,PASS
ST000267,AIML2023267,Krishna,Banerjee,Female,2005-10-23,krishna.banerjee267@student.college.edu,9468526890,DEP000001,AY000004,SEM000007,True,PRO000267,Excellent,90,100,90,100,24,30,55,70,0.01,AR000267,SEM000007,AY000004,16.0,16.0,9.75,9.75,0,0,PASS,REG001054,CO000026,MN000011,REGISTERED,False,93.0,91.0,99.0,MK000976,29.0,57.0,86.0,A+,9.0,36.0,4.0,4.0,PASS
ST000267,AIML2023267,Krishna,Banerjee,Female,2005-10-23,krishna.banerjee267@student.college.edu,9468526890,DEP000001,AY000004,SEM000007,True,PRO000267,Excellent,90,100,90,100,24,30,55,70,0.01,AR000267,SEM000007,AY000004,16.0,16.0,9.75,9.75,0,0,PASS,REG001055,CO000027,MN000012,REGISTERED,False,91.0,95.0,99.0,MK000977,27.0,66.0,93.0,O,10.0,40.0,4.0,4.0,PASS
ST000267,AIML2023267,Krishna,Banerjee,Female,2005-10-23,krishna.banerjee267@student.college.edu,9468526890,DEP000001,AY000004,SEM000007,True,PRO000267,Excellent,90,100,90,100,24,30,55,70,0.01,AR000267,SEM000007,AY000004,16.0,16.0,9.75,9.75,0,0,PASS,REG001056,CO000028,MN000013,REGISTERED,False,95.0,91.0,96.0,MK000978,28.0,66.0,94.0,O,10.0,40.0,4.0,4.0,PASS
ST000268,AIML2023268,Bhanumati,Saini,Female,2004-07-12,bhanumati.saini268@student.college.edu,9323841675,DEP000001,AY000004,SEM000007,True,PRO000268,Average,65,85,60,80,10,24,30,58,0.1,AR000268,SEM000007,AY000004,16.0,16.0,7.0,7.0,0,0,PASS,REG001057,CO000025,MN000010,REGISTERED,False,73.0,75.0,79.0,MK000979,24.0,46.0,70.0,A,8.0,32.0,4.0,4.0,PASS
ST000268,AIML2023268,Bhanumati,Saini,Female,2004-07-12,bhanumati.saini268@student.college.edu,9323841675,DEP000001,AY000004,SEM000007,True,PRO000268,Average,65,85,60,80,10,24,30,58,0.1,AR000268,SEM000007,AY000004,16.0,16.0,7.0,7.0,0,0,PASS,REG001058,CO000026,MN000011,REGISTERED,False,67.0,69.0,70.0,MK000980,19.0,38.0,57.0,B,6.0,24.0,4.0,4.0,PASS
ST000268,AIML2023268,Bhanumati,Saini,Female,2004-07-12,bhanumati.saini268@student.college.edu,9323841675,DEP000001,AY000004,SEM000007,True,PRO000268,Average,65,85,60,80,10,24,30,58,0.1,AR000268,SEM000007,AY000004,16.0,16.0,7.0,7.0,0,0,PASS,REG001059,CO000027,MN000012,REGISTERED,False,79.0,77.0,68.0,MK000981,23.0,39.0,62.0,B+,7.0,28.0,4.0,4.0,PASS
ST000268,AIML2023268,Bhanumati,Saini,Female,2004-07-12,bhanumati.saini268@student.college.edu,9323841675,DEP000001,AY000004,SEM000007,True,PRO000268,Average,65,85,60,80,10,24,30,58,0.1,AR000268,SEM000007,AY000004,16.0,16.0,7.0,7.0,0,0,PASS,REG001060,CO000028,MN000013,REGISTERED,False,76.0,71.0,78.0,MK000982,16.0,48.0,64.0,B+,7.0,28.0,4.0,4.0,PASS
ST000269,AIML2023269,Pranav,Sharma,Male,2005-02-07,pranav.sharma269@student.college.edu,6482325228,DEP000001,AY000004,SEM000007,True,PRO000269,Declining,40,65,35,60,4,16,15,40,0.45,AR000269,SEM000007,AY000004,16.0,0.0,0.0,0.0,4,4,FAIL,REG001061,CO000025,MN000010,REGISTERED,False,41.0,37.0,27.0,MK000983,8.0,24.0,32.0,F,0.0,0.0,4.0,0.0,FAIL
ST000269,AIML2023269,Pranav,Sharma,Male,2005-02-07,pranav.sharma269@student.college.edu,6482325228,DEP000001,AY000004,SEM000007,True,PRO000269,Declining,40,65,35,60,4,16,15,40,0.45,AR000269,SEM000007,AY000004,16.0,0.0,0.0,0.0,4,4,FAIL,REG001062,CO000026,MN000011,REGISTERED,False,43.0,40.0,50.0,MK000984,16.0,15.0,31.0,F,0.0,0.0,4.0,0.0,FAIL
ST000269,AIML2023269,Pranav,Sharma,Male,2005-02-07,pranav.sharma269@student.college.edu,6482325228,DEP000001,AY000004,SEM000007,True,PRO000269,Declining,40,65,35,60,4,16,15,40,0.45,AR000269,SEM000007,AY000004,16.0,0.0,0.0,0.0,4,4,FAIL,REG001063,CO000027,MN000012,REGISTERED,True,64.0,54.0,50.0,MK000985,7.0,19.0,26.0,F,0.0,0.0,4.0,0.0,FAIL
ST000269,AIML2023269,Pranav,Sharma,Male,2005-02-07,pranav.sharma269@student.college.edu,6482325228,DEP000001,AY000004,SEM000007,True,PRO000269,Declining,40,65,35,60,4,16,15,40,0.45,AR000269,SEM000007,AY000004,16.0,0.0,0.0,0.0,4,4,FAIL,REG001064,CO000028,MN000013,REGISTERED,False,55.0,37.0,46.0,MK000986,7.0,24.0,31.0,F,0.0,0.0,4.0,0.0,FAIL
ST000270,AIML2023270,Chakrika,Pandya,Female,2004-06-01,chakrika.pandya270@student.college.edu,6810241940,DEP000001,AY000004,SEM000007,True,PRO000270,Excellent,90,100,90,100,24,30,55,70,0.01,AR000270,SEM000007,AY000004,16.0,16.0,9.75,9.75,0,0,PASS,REG001065,CO000025,MN000010,REGISTERED,False,100.0,96.0,91.0,MK000987,25.0,67.0,92.0,O,10.0,40.0,4.0,4.0,PASS
ST000270,AIML2023270,Chakrika,Pandya,Female,2004-06-01,chakrika.pandya270@student.college.edu,6810241940,DEP000001,AY000004,SEM000007,True,PRO000270,Excellent,90,100,90,100,24,30,55,70,0.01,AR000270,SEM000007,AY000004,16.0,16.0,9.75,9.75,0,0,PASS,REG001066,CO000026,MN000011,REGISTERED,False,96.0,96.0,91.0,MK000988,24.0,60.0,84.0,A+,9.0,36.0,4.0,4.0,PASS
ST000270,AIML2023270,Chakrika,Pandya,Female,2004-06-01,chakrika.pandya270@student.college.edu,6810241940,DEP000001,AY000004,SEM000007,True,PRO000270,Excellent,90,100,90,100,24,30,55,70,0.01,AR000270,SEM000007,AY000004,16.0,16.0,9.75,9.75,0,0,PASS,REG001067,CO000027,MN000012,REGISTERED,False,96.0,90.0,96.0,MK000989,26.0,70.0,96.0,O,10.0,40.0,4.0,4.0,PASS
ST000270,AIML2023270,Chakrika,Pandya,Female,2004-06-01,chakrika.pandya270@student.college.edu,6810241940,DEP000001,AY000004,SEM000007,True,PRO000270,Excellent,90,100,90,100,24,30,55,70,0.01,AR000270,SEM000007,AY000004,16.0,16.0,9.75,9.75,0,0,PASS,REG001068,CO000028,MN000013,REGISTERED,False,96.0,99.0,100.0,MK000990,30.0,62.0,92.0,O,10.0,40.0,4.0,4.0,PASS
ST000271,AIML2023271,Nitesh,Chaudry,Male,2005-04-26,nitesh.chaudry271@student.college.edu,8465488753,DEP000001,AY000004,SEM000007,True,PRO000271,Good,80,95,75,90,18,28,45,65,0.03,AR000271,SEM000007,AY000004,16.0,16.0,8.0,8.0,0,0,PASS,REG001069,CO000025,MN000010,REGISTERED,False,80.0,83.0,89.0,MK000991,21.0,52.0,73.0,A,8.0,32.0,4.0,4.0,PASS
ST000271,AIML2023271,Nitesh,Chaudry,Male,2005-04-26,nitesh.chaudry271@student.college.edu,8465488753,DEP000001,AY000004,SEM000007,True,PRO000271,Good,80,95,75,90,18,28,45,65,0.03,AR000271,SEM000007,AY000004,16.0,16.0,8.0,8.0,0,0,PASS,REG001070,CO000026,MN000011,REGISTERED,False,95.0,75.0,85.0,MK000992,22.0,47.0,69.0,B+,7.0,28.0,4.0,4.0,PASS
ST000271,AIML2023271,Nitesh,Chaudry,Male,2005-04-26,nitesh.chaudry271@student.college.edu,8465488753,DEP000001,AY000004,SEM000007,True,PRO000271,Good,80,95,75,90,18,28,45,65,0.03,AR000271,SEM000007,AY000004,16.0,16.0,8.0,8.0,0,0,PASS,REG001071,CO000027,MN000012,REGISTERED,False,91.0,84.0,83.0,MK000993,23.0,60.0,83.0,A+,9.0,36.0,4.0,4.0,PASS
ST000271,AIML2023271,Nitesh,Chaudry,Male,2005-04-26,nitesh.chaudry271@student.college.edu,8465488753,DEP000001,AY000004,SEM000007,True,PRO000271,Good,80,95,75,90,18,28,45,65,0.03,AR000271,SEM000007,AY000004,16.0,16.0,8.0,8.0,0,0,PASS,REG001072,CO000028,MN000013,REGISTERED,False,94.0,81.0,92.0,MK000994,18.0,60.0,78.0,A,8.0,32.0,4.0,4.0,PASS
ST000272,AIML2023272,Teerth,Sodhi,Male,2004-01-08,teerth.sodhi272@student.college.edu,6642995208,DEP000001,AY000004,SEM000007,True,PRO000272,Average,65,85,60,80,10,24,30,58,0.1,AR000272,SEM000007,AY000004,16.0,16.0,6.5,6.5,0,0,PASS,REG001073,CO000025,MN000010,REGISTERED,False,78.0,69.0,67.0,MK000995,20.0,52.0,72.0,A,8.0,32.0,4.0,4.0,PASS
ST000272,AIML2023272,Teerth,Sodhi,Male,2004-01-08,teerth.sodhi272@student.college.edu,6642995208,DEP000001,AY000004,SEM000007,True,PRO000272,Average,65,85,60,80,10,24,30,58,0.1,AR000272,SEM000007,AY000004,16.0,16.0,6.5,6.5,0,0,PASS,REG001074,CO000026,MN000011,REGISTERED,False,80.0,68.0,73.0,MK000996,11.0,45.0,56.0,B,6.0,24.0,4.0,4.0,PASS
ST000272,AIML2023272,Teerth,Sodhi,Male,2004-01-08,teerth.sodhi272@student.college.edu,6642995208,DEP000001,AY000004,SEM000007,True,PRO000272,Average,65,85,60,80,10,24,30,58,0.1,AR000272,SEM000007,AY000004,16.0,16.0,6.5,6.5,0,0,PASS,REG001075,CO000027,MN000012,REGISTERED,False,84.0,68.0,73.0,MK000997,12.0,49.0,61.0,B+,7.0,28.0,4.0,4.0,PASS
ST000272,AIML2023272,Teerth,Sodhi,Male,2004-01-08,teerth.sodhi272@student.college.edu,6642995208,DEP000001,AY000004,SEM000007,True,PRO000272,Average,65,85,60,80,10,24,30,58,0.1,AR000272,SEM000007,AY000004,16.0,16.0,6.5,6.5,0,0,PASS,REG001076,CO000028,MN000013,REGISTERED,False,82.0,79.0,74.0,MK000998,15.0,34.0,49.0,C,5.0,20.0,4.0,4.0,PASS
ST000273,AIML2023273,Timothy,Mitra,Male,2005-11-11,timothy.mitra273@student.college.edu,7979525090,DEP000001,AY000004,SEM000007,True,PRO000273,Excellent,90,100,90,100,24,30,55,70,0.01,AR000273,SEM000007,AY000004,16.0,16.0,9.5,9.5,0,0,PASS,REG001077,CO000025,MN000010,REGISTERED,False,95.0,99.0,96.0,MK000999,27.0,59.0,86.0,A+,9.0,36.0,4.0,4.0,PASS
ST000273,AIML2023273,Timothy,Mitra,Male,2005-11-11,timothy.mitra273@student.college.edu,7979525090,DEP000001,AY000004,SEM000007,True,PRO000273,Excellent,90,100,90,100,24,30,55,70,0.01,AR000273,SEM000007,AY000004,16.0,16.0,9.5,9.5,0,0,PASS,REG001078,CO000026,MN000011,REGISTERED,False,94.0,92.0,96.0,MK001000,24.0,69.0,93.0,O,10.0,40.0,4.0,4.0,PASS
ST000273,AIML2023273,Timothy,Mitra,Male,2005-11-11,timothy.mitra273@student.college.edu,7979525090,DEP000001,AY000004,SEM000007,True,PRO000273,Excellent,90,100,90,100,24,30,55,70,0.01,AR000273,SEM000007,AY000004,16.0,16.0,9.5,9.5,0,0,PASS,REG001079,CO000027,MN000012,REGISTERED,False,93.0,93.0,87.0,MK001001,24.0,56.0,80.0,A+,9.0,36.0,4.0,4.0,PASS
ST000273,AIML2023273,Timothy,Mitra,Male,2005-11-11,timothy.mitra273@student.college.edu,7979525090,DEP000001,AY000004,SEM000007,True,PRO000273,Excellent,90,100,90,100,24,30,55,70,0.01,AR000273,SEM000007,AY000004,16.0,16.0,9.5,9.5,0,0,PASS,REG001080,CO000028,MN000013,REGISTERED,False,98.0,96.0,85.0,MK001002,25.0,70.0,95.0,O,10.0,40.0,4.0,4.0,PASS
ST000274,AIML2023274,Warjas,Narain,Male,2005-04-24,warjas.narain274@student.college.edu,7800940174,DEP000001,AY000004,SEM000007,True,PRO000274,Average,65,85,60,80,10,24,30,58,0.1,AR000274,SEM000007,AY000004,16.0,16.0,6.75,6.75,0,0,PASS,REG001081,CO000025,MN000010,REGISTERED,False,71.0,66.0,57.0,MK001003,15.0,45.0,60.0,B+,7.0,28.0,4.0,4.0,PASS
ST000274,AIML2023274,Warjas,Narain,Male,2005-04-24,warjas.narain274@student.college.edu,7800940174,DEP000001,AY000004,SEM000007,True,PRO000274,Average,65,85,60,80,10,24,30,58,0.1,AR000274,SEM000007,AY000004,16.0,16.0,6.75,6.75,0,0,PASS,REG001082,CO000026,MN000011,REGISTERED,False,66.0,68.0,62.0,MK001004,23.0,56.0,79.0,A,8.0,32.0,4.0,4.0,PASS
ST000274,AIML2023274,Warjas,Narain,Male,2005-04-24,warjas.narain274@student.college.edu,7800940174,DEP000001,AY000004,SEM000007,True,PRO000274,Average,65,85,60,80,10,24,30,58,0.1,AR000274,SEM000007,AY000004,16.0,16.0,6.75,6.75,0,0,PASS,REG001083,CO000027,MN000012,REGISTERED,False,76.0,75.0,75.0,MK001005,19.0,48.0,67.0,B+,7.0,28.0,4.0,4.0,PASS
ST000274,AIML2023274,Warjas,Narain,Male,2005-04-24,warjas.narain274@student.college.edu,7800940174,DEP000001,AY000004,SEM000007,True,PRO000274,Average,65,85,60,80,10,24,30,58,0.1,AR000274,SEM000007,AY000004,16.0,16.0,6.75,6.75,0,0,PASS,REG001084,CO000028,MN000013,REGISTERED,False,82.0,68.0,77.0,MK001006,10.0,37.0,47.0,C,5.0,20.0,4.0,4.0,PASS
ST000275,AIML2023275,Isaac,Saini,Male,2006-03-15,isaac.saini275@student.college.edu,8852168872,DEP000001,AY000004,SEM000007,True,PRO000275,Declining,40,65,35,60,4,16,15,40,0.45,AR000275,SEM000007,AY000004,16.0,8.0,3.0,3.0,2,2,PROMOTED,REG001085,CO000025,MN000010,REGISTERED,False,49.0,38.0,41.0,MK001007,16.0,37.0,53.0,B,6.0,24.0,4.0,4.0,PASS
ST000275,AIML2023275,Isaac,Saini,Male,2006-03-15,isaac.saini275@student.college.edu,8852168872,DEP000001,AY000004,SEM000007,True,PRO000275,Declining,40,65,35,60,4,16,15,40,0.45,AR000275,SEM000007,AY000004,16.0,8.0,3.0,3.0,2,2,PROMOTED,REG001086,CO000026,MN000011,REGISTERED,False,65.0,45.0,50.0,MK001008,16.0,35.0,51.0,B,6.0,24.0,4.0,4.0,PASS
ST000275,AIML2023275,Isaac,Saini,Male,2006-03-15,isaac.saini275@student.college.edu,8852168872,DEP000001,AY000004,SEM000007,True,PRO000275,Declining,40,65,35,60,4,16,15,40,0.45,AR000275,SEM000007,AY000004,16.0,8.0,3.0,3.0,2,2,PROMOTED,REG001087,CO000027,MN000012,REGISTERED,False,49.0,37.0,35.0,MK001009,4.0,15.0,19.0,F,0.0,0.0,4.0,0.0,FAIL
ST000275,AIML2023275,Isaac,Saini,Male,2006-03-15,isaac.saini275@student.college.edu,8852168872,DEP000001,AY000004,SEM000007,True,PRO000275,Declining,40,65,35,60,4,16,15,40,0.45,AR000275,SEM000007,AY000004,16.0,8.0,3.0,3.0,2,2,PROMOTED,REG001088,CO000028,MN000013,REGISTERED,True,54.0,49.0,47.0,MK001010,14.0,16.0,30.0,F,0.0,0.0,4.0,0.0,FAIL
ST000276,AIML2023276,Lakshit,Oak,Male,2004-01-27,lakshit.oak276@student.college.edu,6299624867,DEP000001,AY000004,SEM000007,True,PRO000276,Average,65,85,60,80,10,24,30,58,0.1,AR000276,SEM000007,AY000004,4.0,4.0,7.0,7.0,0,0,PASS,REG001089,CO000025,MN000010,CANCELLED,False,68.0,63.0,68.0,,,,,,,,,,
ST000276,AIML2023276,Lakshit,Oak,Male,2004-01-27,lakshit.oak276@student.college.edu,6299624867,DEP000001,AY000004,SEM000007,True,PRO000276,Average,65,85,60,80,10,24,30,58,0.1,AR000276,SEM000007,AY000004,4.0,4.0,7.0,7.0,0,0,PASS,REG001090,CO000026,MN000011,CANCELLED,False,82.0,64.0,72.0,,,,,,,,,,
ST000276,AIML2023276,Lakshit,Oak,Male,2004-01-27,lakshit.oak276@student.college.edu,6299624867,DEP000001,AY000004,SEM000007,True,PRO000276,Average,65,85,60,80,10,24,30,58,0.1,AR000276,SEM000007,AY000004,4.0,4.0,7.0,7.0,0,0,PASS,REG001091,CO000027,MN000012,CANCELLED,False,79.0,65.0,72.0,,,,,,,,,,
ST000276,AIML2023276,Lakshit,Oak,Male,2004-01-27,lakshit.oak276@student.college.edu,6299624867,DEP000001,AY000004,SEM000007,True,PRO000276,Average,65,85,60,80,10,24,30,58,0.1,AR000276,SEM000007,AY000004,4.0,4.0,7.0,7.0,0,0,PASS,REG001092,CO000028,MN000013,REGISTERED,False,80.0,69.0,71.0,MK001011,10.0,53.0,63.0,B+,7.0,28.0,4.0,4.0,PASS
ST000277,AIML2023277,Sanaya,Zacharia,Female,2003-12-22,sanaya.zacharia277@student.college.edu,7925442890,DEP000001,AY000004,SEM000007,True,PRO000277,Improving,55,75,50,70,8,20,25,50,0.2,AR000277,SEM000007,AY000004,16.0,16.0,5.5,5.5,0,0,PASS,REG001093,CO000025,MN000010,REGISTERED,False,57.0,51.0,64.0,MK001012,13.0,39.0,52.0,B,6.0,24.0,4.0,4.0,PASS
ST000277,AIML2023277,Sanaya,Zacharia,Female,2003-12-22,sanaya.zacharia277@student.college.edu,7925442890,DEP000001,AY000004,SEM000007,True,PRO000277,Improving,55,75,50,70,8,20,25,50,0.2,AR000277,SEM000007,AY000004,16.0,16.0,5.5,5.5,0,0,PASS,REG001094,CO000026,MN000011,REGISTERED,False,71.0,56.0,61.0,MK001013,9.0,38.0,47.0,C,5.0,20.0,4.0,4.0,PASS
ST000277,AIML2023277,Sanaya,Zacharia,Female,2003-12-22,sanaya.zacharia277@student.college.edu,7925442890,DEP000001,AY000004,SEM000007,True,PRO000277,Improving,55,75,50,70,8,20,25,50,0.2,AR000277,SEM000007,AY000004,16.0,16.0,5.5,5.5,0,0,PASS,REG001095,CO000027,MN000012,REGISTERED,True,55.0,60.0,55.0,MK001014,19.0,28.0,47.0,C,5.0,20.0,4.0,4.0,PASS
ST000277,AIML2023277,Sanaya,Zacharia,Female,2003-12-22,sanaya.zacharia277@student.college.edu,7925442890,DEP000001,AY000004,SEM000007,True,PRO000277,Improving,55,75,50,70,8,20,25,50,0.2,AR000277,SEM000007,AY000004,16.0,16.0,5.5,5.5,0,0,PASS,REG001096,CO000028,MN000013,REGISTERED,False,57.0,62.0,56.0,MK001015,10.0,46.0,56.0,B,6.0,24.0,4.0,4.0,PASS
ST000278,AIML2023278,Yashoda,Badal,Female,2003-12-21,yashoda.badal278@student.college.edu,9100195893,DEP000001,AY000004,SEM000007,True,PRO000278,Average,65,85,60,80,10,24,30,58,0.1,AR000278,SEM000007,AY000004,16.0,16.0,6.5,6.5,0,0,PASS,REG001097,CO000025,MN000010,REGISTERED,False,70.0,66.0,67.0,MK001016,22.0,56.0,78.0,A,8.0,32.0,4.0,4.0,PASS
ST000278,AIML2023278,Yashoda,Badal,Female,2003-12-21,yashoda.badal278@student.college.edu,9100195893,DEP000001,AY000004,SEM000007,True,PRO000278,Average,65,85,60,80,10,24,30,58,0.1,AR000278,SEM000007,AY000004,16.0,16.0,6.5,6.5,0,0,PASS,REG001098,CO000026,MN000011,REGISTERED,False,72.0,70.0,63.0,MK001017,24.0,31.0,55.0,B,6.0,24.0,4.0,4.0,PASS
ST000278,AIML2023278,Yashoda,Badal,Female,2003-12-21,yashoda.badal278@student.college.edu,9100195893,DEP000001,AY000004,SEM000007,True,PRO000278,Average,65,85,60,80,10,24,30,58,0.1,AR000278,SEM000007,AY000004,16.0,16.0,6.5,6.5,0,0,PASS,REG001099,CO000027,MN000012,REGISTERED,False,79.0,63.0,78.0,MK001018,16.0,35.0,51.0,B,6.0,24.0,4.0,4.0,PASS
ST000278,AIML2023278,Yashoda,Badal,Female,2003-12-21,yashoda.badal278@student.college.edu,9100195893,DEP000001,AY000004,SEM000007,True,PRO000278,Average,65,85,60,80,10,24,30,58,0.1,AR000278,SEM000007,AY000004,16.0,16.0,6.5,6.5,0,0,PASS,REG001100,CO000028,MN000013,REGISTERED,False,74.0,75.0,76.0,MK001019,19.0,31.0,50.0,B,6.0,24.0,4.0,4.0,PASS
ST000279,AIML2023279,Joshua,Kunda,Male,2005-07-27,joshua.kunda279@student.college.edu,7732838329,DEP000001,AY000004,SEM000007,True,PRO000279,Average,65,85,60,80,10,24,30,58,0.1,AR000279,SEM000007,AY000004,16.0,16.0,6.5,6.5,0,0,PASS,REG001101,CO000025,MN000010,REGISTERED,False,84.0,69.0,70.0,MK001020,24.0,47.0,71.0,A,8.0,32.0,4.0,4.0,PASS
ST000279,AIML2023279,Joshua,Kunda,Male,2005-07-27,joshua.kunda279@student.college.edu,7732838329,DEP000001,AY000004,SEM000007,True,PRO000279,Average,65,85,60,80,10,24,30,58,0.1,AR000279,SEM000007,AY000004,16.0,16.0,6.5,6.5,0,0,PASS,REG001102,CO000026,MN000011,REGISTERED,False,72.0,61.0,57.0,MK001021,10.0,32.0,42.0,P,4.0,16.0,4.0,4.0,PASS
ST000279,AIML2023279,Joshua,Kunda,Male,2005-07-27,joshua.kunda279@student.college.edu,7732838329,DEP000001,AY000004,SEM000007,True,PRO000279,Average,65,85,60,80,10,24,30,58,0.1,AR000279,SEM000007,AY000004,16.0,16.0,6.5,6.5,0,0,PASS,REG001103,CO000027,MN000012,REGISTERED,False,69.0,64.0,76.0,MK001022,18.0,58.0,76.0,A,8.0,32.0,4.0,4.0,PASS
ST000279,AIML2023279,Joshua,Kunda,Male,2005-07-27,joshua.kunda279@student.college.edu,7732838329,DEP000001,AY000004,SEM000007,True,PRO000279,Average,65,85,60,80,10,24,30,58,0.1,AR000279,SEM000007,AY000004,16.0,16.0,6.5,6.5,0,0,PASS,REG001104,CO000028,MN000013,REGISTERED,False,83.0,67.0,80.0,MK001023,18.0,36.0,54.0,B,6.0,24.0,4.0,4.0,PASS
ST000280,AIML2023280,Aashi,Mangat,Female,2004-03-25,aashi.mangat280@student.college.edu,9388811037,DEP000001,AY000004,SEM000007,True,PRO000280,Improving,55,75,50,70,8,20,25,50,0.2,AR000280,SEM000007,AY000004,12.0,12.0,4.67,4.67,0,0,PASS,REG001105,CO000025,MN000010,REGISTERED,True,63.0,51.0,59.0,MK001024,14.0,32.0,46.0,C,5.0,20.0,4.0,4.0,PASS
ST000280,AIML2023280,Aashi,Mangat,Female,2004-03-25,aashi.mangat280@student.college.edu,9388811037,DEP000001,AY000004,SEM000007,True,PRO000280,Improving,55,75,50,70,8,20,25,50,0.2,AR000280,SEM000007,AY000004,12.0,12.0,4.67,4.67,0,0,PASS,REG001106,CO000026,MN000011,REGISTERED,False,63.0,67.0,57.0,MK001025,12.0,28.0,40.0,P,4.0,16.0,4.0,4.0,PASS
ST000280,AIML2023280,Aashi,Mangat,Female,2004-03-25,aashi.mangat280@student.college.edu,9388811037,DEP000001,AY000004,SEM000007,True,PRO000280,Improving,55,75,50,70,8,20,25,50,0.2,AR000280,SEM000007,AY000004,12.0,12.0,4.67,4.67,0,0,PASS,REG001107,CO000027,MN000012,CANCELLED,False,66.0,70.0,53.0,,,,,,,,,,
ST000280,AIML2023280,Aashi,Mangat,Female,2004-03-25,aashi.mangat280@student.college.edu,9388811037,DEP000001,AY000004,SEM000007,True,PRO000280,Improving,55,75,50,70,8,20,25,50,0.2,AR000280,SEM000007,AY000004,12.0,12.0,4.67,4.67,0,0,PASS,REG001108,CO000028,MN000013,REGISTERED,True,71.0,66.0,64.0,MK001026,13.0,34.0,47.0,C,5.0,20.0,4.0,4.0,PASS
ST000281,AIML2023281,Xalak,Ratta,Female,2004-11-03,xalak.ratta281@student.college.edu,9193514075,DEP000001,AY000004,SEM000007,True,PRO000281,Good,80,95,75,90,18,28,45,65,0.03,AR000281,SEM000007,AY000004,12.0,12.0,8.33,8.33,0,0,PASS,REG001109,CO000025,MN000010,REGISTERED,False,89.0,87.0,86.0,MK001027,20.0,57.0,77.0,A,8.0,32.0,4.0,4.0,PASS
ST000281,AIML2023281,Xalak,Ratta,Female,2004-11-03,xalak.ratta281@student.college.edu,9193514075,DEP000001,AY000004,SEM000007,True,PRO000281,Good,80,95,75,90,18,28,45,65,0.03,AR000281,SEM000007,AY000004,12.0,12.0,8.33,8.33,0,0,PASS,REG001110,CO000026,MN000011,REGISTERED,False,88.0,78.0,91.0,MK001028,21.0,52.0,73.0,A,8.0,32.0,4.0,4.0,PASS
ST000281,AIML2023281,Xalak,Ratta,Female,2004-11-03,xalak.ratta281@student.college.edu,9193514075,DEP000001,AY000004,SEM000007,True,PRO000281,Good,80,95,75,90,18,28,45,65,0.03,AR000281,SEM000007,AY000004,12.0,12.0,8.33,8.33,0,0,PASS,REG001111,CO000027,MN000012,REGISTERED,False,80.0,84.0,73.0,MK001029,24.0,56.0,80.0,A+,9.0,36.0,4.0,4.0,PASS
ST000281,AIML2023281,Xalak,Ratta,Female,2004-11-03,xalak.ratta281@student.college.edu,9193514075,DEP000001,AY000004,SEM000007,True,PRO000281,Good,80,95,75,90,18,28,45,65,0.03,AR000281,SEM000007,AY000004,12.0,12.0,8.33,8.33,0,0,PASS,REG001112,CO000028,MN000013,CANCELLED,False,87.0,89.0,88.0,,,,,,,,,,
ST000282,AIML2023282,Farhan,Narula,Male,2006-06-27,farhan.narula282@student.college.edu,6955977315,DEP000001,AY000004,SEM000007,True,PRO000282,Improving,55,75,50,70,8,20,25,50,0.2,AR000282,SEM000007,AY000004,12.0,12.0,5.33,5.33,0,0,PASS,REG001113,CO000025,MN000010,REGISTERED,False,58.0,63.0,52.0,MK001030,18.0,37.0,55.0,B,6.0,24.0,4.0,4.0,PASS
ST000282,AIML2023282,Farhan,Narula,Male,2006-06-27,farhan.narula282@student.college.edu,6955977315,DEP000001,AY000004,SEM000007,True,PRO000282,Improving,55,75,50,70,8,20,25,50,0.2,AR000282,SEM000007,AY000004,12.0,12.0,5.33,5.33,0,0,PASS,REG001114,CO000026,MN000011,REGISTERED,False,69.0,66.0,55.0,MK001031,12.0,29.0,41.0,P,4.0,16.0,4.0,4.0,PASS
ST000282,AIML2023282,Farhan,Narula,Male,2006-06-27,farhan.narula282@student.college.edu,6955977315,DEP000001,AY000004,SEM000007,True,PRO000282,Improving,55,75,50,70,8,20,25,50,0.2,AR000282,SEM000007,AY000004,12.0,12.0,5.33,5.33,0,0,PASS,REG001115,CO000027,MN000012,REGISTERED,False,58.0,60.0,51.0,MK001032,19.0,34.0,53.0,B,6.0,24.0,4.0,4.0,PASS
ST000282,AIML2023282,Farhan,Narula,Male,2006-06-27,farhan.narula282@student.college.edu,6955977315,DEP000001,AY000004,SEM000007,True,PRO000282,Improving,55,75,50,70,8,20,25,50,0.2,AR000282,SEM000007,AY000004,12.0,12.0,5.33,5.33,0,0,PASS,REG001116,CO000028,MN000013,CANCELLED,False,62.0,52.0,59.0,,,,,,,,,,
ST000283,AIML2023283,Chanakya,De,Male,2004-08-05,chanakya.de283@student.college.edu,6535235064,DEP000001,AY000004,SEM000007,True,PRO000283,Declining,40,65,35,60,4,16,15,40,0.45,AR000283,SEM000007,AY000004,16.0,4.0,1.0,1.0,3,3,FAIL,REG001117,CO000025,MN000010,REGISTERED,False,65.0,55.0,50.0,MK001033,12.0,28.0,40.0,P,4.0,16.0,4.0,4.0,PASS
ST000283,AIML2023283,Chanakya,De,Male,2004-08-05,chanakya.de283@student.college.edu,6535235064,DEP000001,AY000004,SEM000007,True,PRO000283,Declining,40,65,35,60,4,16,15,40,0.45,AR000283,SEM000007,AY000004,16.0,4.0,1.0,1.0,3,3,FAIL,REG001118,CO000026,MN000011,REGISTERED,False,43.0,40.0,48.0,MK001034,7.0,25.0,32.0,F,0.0,0.0,4.0,0.0,FAIL
ST000283,AIML2023283,Chanakya,De,Male,2004-08-05,chanakya.de283@student.college.edu,6535235064,DEP000001,AY000004,SEM000007,True,PRO000283,Declining,40,65,35,60,4,16,15,40,0.45,AR000283,SEM000007,AY000004,16.0,4.0,1.0,1.0,3,3,FAIL,REG001119,CO000027,MN000012,REGISTERED,True,58.0,60.0,47.0,MK001035,10.0,26.0,36.0,F,0.0,0.0,4.0,0.0,FAIL
ST000283,AIML2023283,Chanakya,De,Male,2004-08-05,chanakya.de283@student.college.edu,6535235064,DEP000001,AY000004,SEM000007,True,PRO000283,Declining,40,65,35,60,4,16,15,40,0.45,AR000283,SEM000007,AY000004,16.0,4.0,1.0,1.0,3,3,FAIL,REG001120,CO000028,MN000013,REGISTERED,False,44.0,45.0,30.0,MK001036,5.0,25.0,30.0,F,0.0,0.0,4.0,0.0,FAIL
ST000284,AIML2023284,Rushil,Kaur,Male,2006-07-16,rushil.kaur284@student.college.edu,9918579170,DEP000001,AY000004,SEM000007,True,PRO000284,Average,65,85,60,80,10,24,30,58,0.1,AR000284,SEM000007,AY000004,16.0,16.0,6.5,6.5,0,0,PASS,REG001121,CO000025,MN000010,REGISTERED,False,81.0,62.0,78.0,MK001037,11.0,39.0,50.0,B,6.0,24.0,4.0,4.0,PASS
ST000284,AIML2023284,Rushil,Kaur,Male,2006-07-16,rushil.kaur284@student.college.edu,9918579170,DEP000001,AY000004,SEM000007,True,PRO000284,Average,65,85,60,80,10,24,30,58,0.1,AR000284,SEM000007,AY000004,16.0,16.0,6.5,6.5,0,0,PASS,REG001122,CO000026,MN000011,REGISTERED,False,68.0,70.0,71.0,MK001038,15.0,51.0,66.0,B+,7.0,28.0,4.0,4.0,PASS
ST000284,AIML2023284,Rushil,Kaur,Male,2006-07-16,rushil.kaur284@student.college.edu,9918579170,DEP000001,AY000004,SEM000007,True,PRO000284,Average,65,85,60,80,10,24,30,58,0.1,AR000284,SEM000007,AY000004,16.0,16.0,6.5,6.5,0,0,PASS,REG001123,CO000027,MN000012,REGISTERED,False,65.0,69.0,58.0,MK001039,10.0,50.0,60.0,B+,7.0,28.0,4.0,4.0,PASS
ST000284,AIML2023284,Rushil,Kaur,Male,2006-07-16,rushil.kaur284@student.college.edu,9918579170,DEP000001,AY000004,SEM000007,True,PRO000284,Average,65,85,60,80,10,24,30,58,0.1,AR000284,SEM000007,AY000004,16.0,16.0,6.5,6.5,0,0,PASS,REG001124,CO000028,MN000013,REGISTERED,False,79.0,79.0,75.0,MK001040,12.0,44.0,56.0,B,6.0,24.0,4.0,4.0,PASS
ST000285,AIML2023285,Om,Sarraf,Male,2004-02-08,om.sarraf285@student.college.edu,8274490951,DEP000001,AY000004,SEM000007,True,PRO000285,Excellent,90,100,90,100,24,30,55,70,0.01,AR000285,SEM000007,AY000004,16.0,16.0,9.5,9.5,0,0,PASS,REG001125,CO000025,MN000010,REGISTERED,False,91.0,95.0,86.0,MK001041,27.0,66.0,93.0,O,10.0,40.0,4.0,4.0,PASS
ST000285,AIML2023285,Om,Sarraf,Male,2004-02-08,om.sarraf285@student.college.edu,8274490951,DEP000001,AY000004,SEM000007,True,PRO000285,Excellent,90,100,90,100,24,30,55,70,0.01,AR000285,SEM000007,AY000004,16.0,16.0,9.5,9.5,0,0,PASS,REG001126,CO000026,MN000011,REGISTERED,False,100.0,99.0,87.0,MK001042,24.0,66.0,90.0,O,10.0,40.0,4.0,4.0,PASS
ST000285,AIML2023285,Om,Sarraf,Male,2004-02-08,om.sarraf285@student.college.edu,8274490951,DEP000001,AY000004,SEM000007,True,PRO000285,Excellent,90,100,90,100,24,30,55,70,0.01,AR000285,SEM000007,AY000004,16.0,16.0,9.5,9.5,0,0,PASS,REG001127,CO000027,MN000012,REGISTERED,False,97.0,97.0,92.0,MK001043,24.0,57.0,81.0,A+,9.0,36.0,4.0,4.0,PASS
ST000285,AIML2023285,Om,Sarraf,Male,2004-02-08,om.sarraf285@student.college.edu,8274490951,DEP000001,AY000004,SEM000007,True,PRO000285,Excellent,90,100,90,100,24,30,55,70,0.01,AR000285,SEM000007,AY000004,16.0,16.0,9.5,9.5,0,0,PASS,REG001128,CO000028,MN000013,REGISTERED,False,95.0,100.0,95.0,MK001044,25.0,61.0,86.0,A+,9.0,36.0,4.0,4.0,PASS
ST000286,AIML2023286,Hiral,Char,Female,2006-06-09,hiral.char286@student.college.edu,7516044511,DEP000001,AY000004,SEM000007,True,PRO000286,HighRisk,20,50,20,45,0,12,0,30,0.8,AR000286,SEM000007,AY000004,12.0,0.0,0.0,0.0,3,3,FAIL,REG001129,CO000025,MN000010,REGISTERED,True,33.0,20.0,34.0,MK001045,11.0,15.0,26.0,F,0.0,0.0,4.0,0.0,FAIL
ST000286,AIML2023286,Hiral,Char,Female,2006-06-09,hiral.char286@student.college.edu,7516044511,DEP000001,AY000004,SEM000007,True,PRO000286,HighRisk,20,50,20,45,0,12,0,30,0.8,AR000286,SEM000007,AY000004,12.0,0.0,0.0,0.0,3,3,FAIL,REG001130,CO000026,MN000011,REGISTERED,False,40.0,39.0,31.0,MK001046,4.0,20.0,24.0,F,0.0,0.0,4.0,0.0,FAIL
ST000286,AIML2023286,Hiral,Char,Female,2006-06-09,hiral.char286@student.college.edu,7516044511,DEP000001,AY000004,SEM000007,True,PRO000286,HighRisk,20,50,20,45,0,12,0,30,0.8,AR000286,SEM000007,AY000004,12.0,0.0,0.0,0.0,3,3,FAIL,REG001131,CO000027,MN000012,REGISTERED,False,20.0,24.0,21.0,MK001047,8.0,23.0,31.0,F,0.0,0.0,4.0,0.0,FAIL
ST000286,AIML2023286,Hiral,Char,Female,2006-06-09,hiral.char286@student.college.edu,7516044511,DEP000001,AY000004,SEM000007,True,PRO000286,HighRisk,20,50,20,45,0,12,0,30,0.8,AR000286,SEM000007,AY000004,12.0,0.0,0.0,0.0,3,3,FAIL,REG001132,CO000028,MN000013,CANCELLED,False,29.0,22.0,26.0,,,,,,,,,,
ST000287,AIML2023287,Manbir,Nagarajan,Male,2005-08-06,manbir.nagarajan287@student.college.edu,9362609175,DEP000001,AY000004,SEM000007,True,PRO000287,Good,80,95,75,90,18,28,45,65,0.03,AR000287,SEM000007,AY000004,16.0,16.0,8.25,8.25,0,0,PASS,REG001133,CO000025,MN000010,REGISTERED,False,86.0,82.0,92.0,MK001048,19.0,52.0,71.0,A,8.0,32.0,4.0,4.0,PASS
ST000287,AIML2023287,Manbir,Nagarajan,Male,2005-08-06,manbir.nagarajan287@student.college.edu,9362609175,DEP000001,AY000004,SEM000007,True,PRO000287,Good,80,95,75,90,18,28,45,65,0.03,AR000287,SEM000007,AY000004,16.0,16.0,8.25,8.25,0,0,PASS,REG001134,CO000026,MN000011,REGISTERED,False,87.0,88.0,86.0,MK001049,22.0,56.0,78.0,A,8.0,32.0,4.0,4.0,PASS
ST000287,AIML2023287,Manbir,Nagarajan,Male,2005-08-06,manbir.nagarajan287@student.college.edu,9362609175,DEP000001,AY000004,SEM000007,True,PRO000287,Good,80,95,75,90,18,28,45,65,0.03,AR000287,SEM000007,AY000004,16.0,16.0,8.25,8.25,0,0,PASS,REG001135,CO000027,MN000012,REGISTERED,False,80.0,79.0,90.0,MK001050,28.0,51.0,79.0,A,8.0,32.0,4.0,4.0,PASS
ST000287,AIML2023287,Manbir,Nagarajan,Male,2005-08-06,manbir.nagarajan287@student.college.edu,9362609175,DEP000001,AY000004,SEM000007,True,PRO000287,Good,80,95,75,90,18,28,45,65,0.03,AR000287,SEM000007,AY000004,16.0,16.0,8.25,8.25,0,0,PASS,REG001136,CO000028,MN000013,REGISTERED,False,87.0,81.0,80.0,MK001051,19.0,63.0,82.0,A+,9.0,36.0,4.0,4.0,PASS
ST000288,AIML2023288,Jagdish,Rau,Male,2004-12-01,jagdish.rau288@student.college.edu,6841752527,DEP000001,AY000004,SEM000007,True,PRO000288,Good,80,95,75,90,18,28,45,65,0.03,AR000288,SEM000007,AY000004,16.0,16.0,8.25,8.25,0,0,PASS,REG001137,CO000025,MN000010,REGISTERED,False,92.0,78.0,84.0,MK001052,19.0,49.0,68.0,B+,7.0,28.0,4.0,4.0,PASS
ST000288,AIML2023288,Jagdish,Rau,Male,2004-12-01,jagdish.rau288@student.college.edu,6841752527,DEP000001,AY000004,SEM000007,True,PRO000288,Good,80,95,75,90,18,28,45,65,0.03,AR000288,SEM000007,AY000004,16.0,16.0,8.25,8.25,0,0,PASS,REG001138,CO000026,MN000011,REGISTERED,False,86.0,77.0,88.0,MK001053,23.0,45.0,68.0,B+,7.0,28.0,4.0,4.0,PASS
ST000288,AIML2023288,Jagdish,Rau,Male,2004-12-01,jagdish.rau288@student.college.edu,6841752527,DEP000001,AY000004,SEM000007,True,PRO000288,Good,80,95,75,90,18,28,45,65,0.03,AR000288,SEM000007,AY000004,16.0,16.0,8.25,8.25,0,0,PASS,REG001139,CO000027,MN000012,REGISTERED,False,81.0,85.0,71.0,MK001054,25.0,64.0,89.0,A+,9.0,36.0,4.0,4.0,PASS
ST000288,AIML2023288,Jagdish,Rau,Male,2004-12-01,jagdish.rau288@student.college.edu,6841752527,DEP000001,AY000004,SEM000007,True,PRO000288,Good,80,95,75,90,18,28,45,65,0.03,AR000288,SEM000007,AY000004,16.0,16.0,8.25,8.25,0,0,PASS,REG001140,CO000028,MN000013,REGISTERED,False,84.0,82.0,92.0,MK001055,28.0,64.0,92.0,O,10.0,40.0,4.0,4.0,PASS
ST000289,AIML2023289,Zaid,Thakur,Male,2003-11-26,zaid.thakur289@student.college.edu,6349051823,DEP000001,AY000004,SEM000007,True,PRO000289,Declining,40,65,35,60,4,16,15,40,0.45,AR000289,SEM000007,AY000004,8.0,0.0,0.0,0.0,2,2,PROMOTED,REG001141,CO000025,MN000010,REGISTERED,True,45.0,37.0,39.0,MK001056,6.0,28.0,34.0,F,0.0,0.0,4.0,0.0,FAIL
ST000289,AIML2023289,Zaid,Thakur,Male,2003-11-26,zaid.thakur289@student.college.edu,6349051823,DEP000001,AY000004,SEM000007,True,PRO000289,Declining,40,65,35,60,4,16,15,40,0.45,AR000289,SEM000007,AY000004,8.0,0.0,0.0,0.0,2,2,PROMOTED,REG001142,CO000026,MN000011,REGISTERED,False,44.0,42.0,34.0,MK001057,8.0,15.0,23.0,F,0.0,0.0,4.0,0.0,FAIL
ST000289,AIML2023289,Zaid,Thakur,Male,2003-11-26,zaid.thakur289@student.college.edu,6349051823,DEP000001,AY000004,SEM000007,True,PRO000289,Declining,40,65,35,60,4,16,15,40,0.45,AR000289,SEM000007,AY000004,8.0,0.0,0.0,0.0,2,2,PROMOTED,REG001143,CO000027,MN000012,CANCELLED,False,50.0,50.0,41.0,,,,,,,,,,
ST000289,AIML2023289,Zaid,Thakur,Male,2003-11-26,zaid.thakur289@student.college.edu,6349051823,DEP000001,AY000004,SEM000007,True,PRO000289,Declining,40,65,35,60,4,16,15,40,0.45,AR000289,SEM000007,AY000004,8.0,0.0,0.0,0.0,2,2,PROMOTED,REG001144,CO000028,MN000013,CANCELLED,False,50.0,39.0,44.0,,,,,,,,,,
ST000290,AIML2023290,Guneet,Bali,Male,2005-03-29,guneet.bali290@student.college.edu,8490229485,DEP000001,AY000004,SEM000007,True,PRO000290,Good,80,95,75,90,18,28,45,65,0.03,AR000290,SEM000007,AY000004,16.0,16.0,8.5,8.5,0,0,PASS,REG001145,CO000025,MN000010,REGISTERED,False,89.0,78.0,81.0,MK001058,18.0,64.0,82.0,A+,9.0,36.0,4.0,4.0,PASS
ST000290,AIML2023290,Guneet,Bali,Male,2005-03-29,guneet.bali290@student.college.edu,8490229485,DEP000001,AY000004,SEM000007,True,PRO000290,Good,80,95,75,90,18,28,45,65,0.03,AR000290,SEM000007,AY000004,16.0,16.0,8.5,8.5,0,0,PASS,REG001146,CO000026,MN000011,REGISTERED,False,82.0,77.0,80.0,MK001059,23.0,57.0,80.0,A+,9.0,36.0,4.0,4.0,PASS
ST000290,AIML2023290,Guneet,Bali,Male,2005-03-29,guneet.bali290@student.college.edu,8490229485,DEP000001,AY000004,SEM000007,True,PRO000290,Good,80,95,75,90,18,28,45,65,0.03,AR000290,SEM000007,AY000004,16.0,16.0,8.5,8.5,0,0,PASS,REG001147,CO000027,MN000012,REGISTERED,False,83.0,79.0,92.0,MK001060,25.0,52.0,77.0,A,8.0,32.0,4.0,4.0,PASS
ST000290,AIML2023290,Guneet,Bali,Male,2005-03-29,guneet.bali290@student.college.edu,8490229485,DEP000001,AY000004,SEM000007,True,PRO000290,Good,80,95,75,90,18,28,45,65,0.03,AR000290,SEM000007,AY000004,16.0,16.0,8.5,8.5,0,0,PASS,REG001148,CO000028,MN000013,REGISTERED,False,88.0,85.0,79.0,MK001061,22.0,56.0,78.0,A,8.0,32.0,4.0,4.0,PASS
ST000291,AIML2023291,Jeet,Ganguly,Male,2006-07-01,jeet.ganguly291@student.college.edu,8619499247,DEP000001,AY000004,SEM000007,True,PRO000291,Good,80,95,75,90,18,28,45,65,0.03,AR000291,SEM000007,AY000004,16.0,16.0,8.25,8.25,0,0,PASS,REG001149,CO000025,MN000010,REGISTERED,False,91.0,81.0,86.0,MK001062,21.0,56.0,77.0,A,8.0,32.0,4.0,4.0,PASS
ST000291,AIML2023291,Jeet,Ganguly,Male,2006-07-01,jeet.ganguly291@student.college.edu,8619499247,DEP000001,AY000004,SEM000007,True,PRO000291,Good,80,95,75,90,18,28,45,65,0.03,AR000291,SEM000007,AY000004,16.0,16.0,8.25,8.25,0,0,PASS,REG001150,CO000026,MN000011,REGISTERED,False,81.0,86.0,80.0,MK001063,21.0,51.0,72.0,A,8.0,32.0,4.0,4.0,PASS
ST000291,AIML2023291,Jeet,Ganguly,Male,2006-07-01,jeet.ganguly291@student.college.edu,8619499247,DEP000001,AY000004,SEM000007,True,PRO000291,Good,80,95,75,90,18,28,45,65,0.03,AR000291,SEM000007,AY000004,16.0,16.0,8.25,8.25,0,0,PASS,REG001151,CO000027,MN000012,REGISTERED,False,83.0,83.0,77.0,MK001064,24.0,55.0,79.0,A,8.0,32.0,4.0,4.0,PASS
ST000291,AIML2023291,Jeet,Ganguly,Male,2006-07-01,jeet.ganguly291@student.college.edu,8619499247,DEP000001,AY000004,SEM000007,True,PRO000291,Good,80,95,75,90,18,28,45,65,0.03,AR000291,SEM000007,AY000004,16.0,16.0,8.25,8.25,0,0,PASS,REG001152,CO000028,MN000013,REGISTERED,False,92.0,90.0,90.0,MK001065,20.0,64.0,84.0,A+,9.0,36.0,4.0,4.0,PASS
ST000292,AIML2023292,Ubika,Sarraf,Female,2005-07-03,ubika.sarraf292@student.college.edu,6018900624,DEP000001,AY000004,SEM000007,True,PRO000292,Good,80,95,75,90,18,28,45,65,0.03,AR000292,SEM000007,AY000004,16.0,16.0,7.75,7.75,0,0,PASS,REG001153,CO000025,MN000010,REGISTERED,False,88.0,85.0,75.0,MK001066,28.0,50.0,78.0,A,8.0,32.0,4.0,4.0,PASS
ST000292,AIML2023292,Ubika,Sarraf,Female,2005-07-03,ubika.sarraf292@student.college.edu,6018900624,DEP000001,AY000004,SEM000007,True,PRO000292,Good,80,95,75,90,18,28,45,65,0.03,AR000292,SEM000007,AY000004,16.0,16.0,7.75,7.75,0,0,PASS,REG001154,CO000026,MN000011,REGISTERED,False,80.0,83.0,79.0,MK001067,24.0,48.0,72.0,A,8.0,32.0,4.0,4.0,PASS
ST000292,AIML2023292,Ubika,Sarraf,Female,2005-07-03,ubika.sarraf292@student.college.edu,6018900624,DEP000001,AY000004,SEM000007,True,PRO000292,Good,80,95,75,90,18,28,45,65,0.03,AR000292,SEM000007,AY000004,16.0,16.0,7.75,7.75,0,0,PASS,REG001155,CO000027,MN000012,REGISTERED,False,88.0,79.0,87.0,MK001068,24.0,45.0,69.0,B+,7.0,28.0,4.0,4.0,PASS
ST000292,AIML2023292,Ubika,Sarraf,Female,2005-07-03,ubika.sarraf292@student.college.edu,6018900624,DEP000001,AY000004,SEM000007,True,PRO000292,Good,80,95,75,90,18,28,45,65,0.03,AR000292,SEM000007,AY000004,16.0,16.0,7.75,7.75,0,0,PASS,REG001156,CO000028,MN000013,REGISTERED,False,90.0,77.0,79.0,MK001069,19.0,51.0,70.0,A,8.0,32.0,4.0,4.0,PASS
ST000293,AIML2023293,Aadi,Ratti,Male,2006-01-14,aadi.ratti293@student.college.edu,8998758252,DEP000001,AY000004,SEM000007,True,PRO000293,Good,80,95,75,90,18,28,45,65,0.03,AR000293,SEM000007,AY000004,16.0,16.0,7.75,7.75,0,0,PASS,REG001157,CO000025,MN000010,REGISTERED,False,88.0,83.0,84.0,MK001070,18.0,55.0,73.0,A,8.0,32.0,4.0,4.0,PASS
ST000293,AIML2023293,Aadi,Ratti,Male,2006-01-14,aadi.ratti293@student.college.edu,8998758252,DEP000001,AY000004,SEM000007,True,PRO000293,Good,80,95,75,90,18,28,45,65,0.03,AR000293,SEM000007,AY000004,16.0,16.0,7.75,7.75,0,0,PASS,REG001158,CO000026,MN000011,REGISTERED,False,83.0,86.0,90.0,MK001071,21.0,51.0,72.0,A,8.0,32.0,4.0,4.0,PASS
ST000293,AIML2023293,Aadi,Ratti,Male,2006-01-14,aadi.ratti293@student.college.edu,8998758252,DEP000001,AY000004,SEM000007,True,PRO000293,Good,80,95,75,90,18,28,45,65,0.03,AR000293,SEM000007,AY000004,16.0,16.0,7.75,7.75,0,0,PASS,REG001159,CO000027,MN000012,REGISTERED,False,80.0,84.0,80.0,MK001072,19.0,49.0,68.0,B+,7.0,28.0,4.0,4.0,PASS
ST000293,AIML2023293,Aadi,Ratti,Male,2006-01-14,aadi.ratti293@student.college.edu,8998758252,DEP000001,AY000004,SEM000007,True,PRO000293,Good,80,95,75,90,18,28,45,65,0.03,AR000293,SEM000007,AY000004,16.0,16.0,7.75,7.75,0,0,PASS,REG001160,CO000028,MN000013,REGISTERED,False,94.0,85.0,80.0,MK001073,27.0,52.0,79.0,A,8.0,32.0,4.0,4.0,PASS
ST000294,AIML2023294,Banjeet,Chana,Male,2005-11-20,banjeet.chana294@student.college.edu,6059618515,DEP000001,AY000004,SEM000007,True,PRO000294,HighRisk,20,50,20,45,0,12,0,30,0.8,AR000294,SEM000007,AY000004,8.0,0.0,0.0,0.0,2,2,PROMOTED,REG001161,CO000025,MN000010,REGISTERED,False,50.0,40.0,35.0,MK001074,1.0,30.0,31.0,F,0.0,0.0,4.0,0.0,FAIL
ST000294,AIML2023294,Banjeet,Chana,Male,2005-11-20,banjeet.chana294@student.college.edu,6059618515,DEP000001,AY000004,SEM000007,True,PRO000294,HighRisk,20,50,20,45,0,12,0,30,0.8,AR000294,SEM000007,AY000004,8.0,0.0,0.0,0.0,2,2,PROMOTED,REG001162,CO000026,MN000011,REGISTERED,False,44.0,26.0,35.0,MK001075,0.0,24.0,24.0,F,0.0,0.0,4.0,0.0,FAIL
ST000294,AIML2023294,Banjeet,Chana,Male,2005-11-20,banjeet.chana294@student.college.edu,6059618515,DEP000001,AY000004,SEM000007,True,PRO000294,HighRisk,20,50,20,45,0,12,0,30,0.8,AR000294,SEM000007,AY000004,8.0,0.0,0.0,0.0,2,2,PROMOTED,REG001163,CO000027,MN000012,CANCELLED,False,23.0,25.0,30.0,,,,,,,,,,
ST000294,AIML2023294,Banjeet,Chana,Male,2005-11-20,banjeet.chana294@student.college.edu,6059618515,DEP000001,AY000004,SEM000007,True,PRO000294,HighRisk,20,50,20,45,0,12,0,30,0.8,AR000294,SEM000007,AY000004,8.0,0.0,0.0,0.0,2,2,PROMOTED,REG001164,CO000028,MN000013,CANCELLED,False,40.0,45.0,32.0,,,,,,,,,,
ST000295,AIML2023295,Udant,Yohannan,Male,2005-12-06,udant.yohannan295@student.college.edu,6330696746,DEP000001,AY000004,SEM000007,True,PRO000295,Average,65,85,60,80,10,24,30,58,0.1,AR000295,SEM000007,AY000004,12.0,12.0,7.33,7.33,0,0,PASS,REG001165,CO000025,MN000010,REGISTERED,False,74.0,78.0,59.0,MK001076,17.0,57.0,74.0,A,8.0,32.0,4.0,4.0,PASS
ST000295,AIML2023295,Udant,Yohannan,Male,2005-12-06,udant.yohannan295@student.college.edu,6330696746,DEP000001,AY000004,SEM000007,True,PRO000295,Average,65,85,60,80,10,24,30,58,0.1,AR000295,SEM000007,AY000004,12.0,12.0,7.33,7.33,0,0,PASS,REG001166,CO000026,MN000011,REGISTERED,False,71.0,61.0,62.0,MK001077,11.0,47.0,58.0,B,6.0,24.0,4.0,4.0,PASS
ST000295,AIML2023295,Udant,Yohannan,Male,2005-12-06,udant.yohannan295@student.college.edu,6330696746,DEP000001,AY000004,SEM000007,True,PRO000295,Average,65,85,60,80,10,24,30,58,0.1,AR000295,SEM000007,AY000004,12.0,12.0,7.33,7.33,0,0,PASS,REG001167,CO000027,MN000012,REGISTERED,False,75.0,76.0,73.0,MK001078,15.0,57.0,72.0,A,8.0,32.0,4.0,4.0,PASS
ST000295,AIML2023295,Udant,Yohannan,Male,2005-12-06,udant.yohannan295@student.college.edu,6330696746,DEP000001,AY000004,SEM000007,True,PRO000295,Average,65,85,60,80,10,24,30,58,0.1,AR000295,SEM000007,AY000004,12.0,12.0,7.33,7.33,0,0,PASS,REG001168,CO000028,MN000013,CANCELLED,False,66.0,70.0,53.0,,,,,,,,,,
ST000296,AIML2023296,Faraj,Sharaf,Male,2004-10-19,faraj.sharaf296@student.college.edu,8639125094,DEP000001,AY000004,SEM000007,True,PRO000296,Improving,55,75,50,70,8,20,25,50,0.2,AR000296,SEM000007,AY000004,16.0,16.0,6.25,6.25,0,0,PASS,REG001169,CO000025,MN000010,REGISTERED,False,63.0,64.0,62.0,MK001079,20.0,43.0,63.0,B+,7.0,28.0,4.0,4.0,PASS
ST000296,AIML2023296,Faraj,Sharaf,Male,2004-10-19,faraj.sharaf296@student.college.edu,8639125094,DEP000001,AY000004,SEM000007,True,PRO000296,Improving,55,75,50,70,8,20,25,50,0.2,AR000296,SEM000007,AY000004,16.0,16.0,6.25,6.25,0,0,PASS,REG001170,CO000026,MN000011,REGISTERED,False,57.0,59.0,57.0,MK001080,11.0,48.0,59.0,B,6.0,24.0,4.0,4.0,PASS
ST000296,AIML2023296,Faraj,Sharaf,Male,2004-10-19,faraj.sharaf296@student.college.edu,8639125094,DEP000001,AY000004,SEM000007,True,PRO000296,Improving,55,75,50,70,8,20,25,50,0.2,AR000296,SEM000007,AY000004,16.0,16.0,6.25,6.25,0,0,PASS,REG001171,CO000027,MN000012,REGISTERED,False,68.0,50.0,63.0,MK001081,15.0,41.0,56.0,B,6.0,24.0,4.0,4.0,PASS
ST000296,AIML2023296,Faraj,Sharaf,Male,2004-10-19,faraj.sharaf296@student.college.edu,8639125094,DEP000001,AY000004,SEM000007,True,PRO000296,Improving,55,75,50,70,8,20,25,50,0.2,AR000296,SEM000007,AY000004,16.0,16.0,6.25,6.25,0,0,PASS,REG001172,CO000028,MN000013,REGISTERED,False,61.0,51.0,48.0,MK001082,15.0,41.0,56.0,B,6.0,24.0,4.0,4.0,PASS
ST000297,AIML2023297,Avi,Banik,Male,2004-04-30,avi.banik297@student.college.edu,8360096576,DEP000001,AY000004,SEM000007,True,PRO000297,Good,80,95,75,90,18,28,45,65,0.03,AR000297,SEM000007,AY000004,16.0,16.0,7.75,7.75,0,0,PASS,REG001173,CO000025,MN000010,REGISTERED,False,87.0,76.0,77.0,MK001083,21.0,47.0,68.0,B+,7.0,28.0,4.0,4.0,PASS
ST000297,AIML2023297,Avi,Banik,Male,2004-04-30,avi.banik297@student.college.edu,8360096576,DEP000001,AY000004,SEM000007,True,PRO000297,Good,80,95,75,90,18,28,45,65,0.03,AR000297,SEM000007,AY000004,16.0,16.0,7.75,7.75,0,0,PASS,REG001174,CO000026,MN000011,REGISTERED,False,80.0,84.0,88.0,MK001084,19.0,58.0,77.0,A,8.0,32.0,4.0,4.0,PASS
ST000297,AIML2023297,Avi,Banik,Male,2004-04-30,avi.banik297@student.college.edu,8360096576,DEP000001,AY000004,SEM000007,True,PRO000297,Good,80,95,75,90,18,28,45,65,0.03,AR000297,SEM000007,AY000004,16.0,16.0,7.75,7.75,0,0,PASS,REG001175,CO000027,MN000012,REGISTERED,False,81.0,81.0,77.0,MK001085,26.0,52.0,78.0,A,8.0,32.0,4.0,4.0,PASS
ST000297,AIML2023297,Avi,Banik,Male,2004-04-30,avi.banik297@student.college.edu,8360096576,DEP000001,AY000004,SEM000007,True,PRO000297,Good,80,95,75,90,18,28,45,65,0.03,AR000297,SEM000007,AY000004,16.0,16.0,7.75,7.75,0,0,PASS,REG001176,CO000028,MN000013,REGISTERED,False,95.0,88.0,81.0,MK001086,22.0,49.0,71.0,A,8.0,32.0,4.0,4.0,PASS
ST000298,AIML2023298,Urvi,Doctor,Female,2005-04-03,urvi.doctor298@student.college.edu,9814521268,DEP000001,AY000004,SEM000007,True,PRO000298,Average,65,85,60,80,10,24,30,58,0.1,AR000298,SEM000007,AY000004,16.0,16.0,6.25,6.25,0,0,PASS,REG001177,CO000025,MN000010,REGISTERED,False,76.0,80.0,67.0,MK001087,23.0,45.0,68.0,B+,7.0,28.0,4.0,4.0,PASS
ST000298,AIML2023298,Urvi,Doctor,Female,2005-04-03,urvi.doctor298@student.college.edu,9814521268,DEP000001,AY000004,SEM000007,True,PRO000298,Average,65,85,60,80,10,24,30,58,0.1,AR000298,SEM000007,AY000004,16.0,16.0,6.25,6.25,0,0,PASS,REG001178,CO000026,MN000011,REGISTERED,False,71.0,67.0,73.0,MK001088,12.0,49.0,61.0,B+,7.0,28.0,4.0,4.0,PASS
ST000298,AIML2023298,Urvi,Doctor,Female,2005-04-03,urvi.doctor298@student.college.edu,9814521268,DEP000001,AY000004,SEM000007,True,PRO000298,Average,65,85,60,80,10,24,30,58,0.1,AR000298,SEM000007,AY000004,16.0,16.0,6.25,6.25,0,0,PASS,REG001179,CO000027,MN000012,REGISTERED,False,67.0,63.0,77.0,MK001089,10.0,51.0,61.0,B+,7.0,28.0,4.0,4.0,PASS
ST000298,AIML2023298,Urvi,Doctor,Female,2005-04-03,urvi.doctor298@student.college.edu,9814521268,DEP000001,AY000004,SEM000007,True,PRO000298,Average,65,85,60,80,10,24,30,58,0.1,AR000298,SEM000007,AY000004,16.0,16.0,6.25,6.25,0,0,PASS,REG001180,CO000028,MN000013,REGISTERED,False,82.0,75.0,68.0,MK001090,12.0,32.0,44.0,P,4.0,16.0,4.0,4.0,PASS
ST000299,AIML2023299,Radhika,Mane,Female,2003-09-16,radhika.mane299@student.college.edu,9386029260,DEP000001,AY000004,SEM000007,True,PRO000299,Declining,40,65,35,60,4,16,15,40,0.45,AR000299,SEM000007,AY000004,16.0,4.0,1.25,1.25,3,3,FAIL,REG001181,CO000025,MN000010,REGISTERED,False,41.0,42.0,47.0,MK001091,16.0,15.0,31.0,F,0.0,0.0,4.0,0.0,FAIL
ST000299,AIML2023299,Radhika,Mane,Female,2003-09-16,radhika.mane299@student.college.edu,9386029260,DEP000001,AY000004,SEM000007,True,PRO000299,Declining,40,65,35,60,4,16,15,40,0.45,AR000299,SEM000007,AY000004,16.0,4.0,1.25,1.25,3,3,FAIL,REG001182,CO000026,MN000011,REGISTERED,True,64.0,57.0,49.0,MK001092,7.0,19.0,26.0,F,0.0,0.0,4.0,0.0,FAIL
ST000299,AIML2023299,Radhika,Mane,Female,2003-09-16,radhika.mane299@student.college.edu,9386029260,DEP000001,AY000004,SEM000007,True,PRO000299,Declining,40,65,35,60,4,16,15,40,0.45,AR000299,SEM000007,AY000004,16.0,4.0,1.25,1.25,3,3,FAIL,REG001183,CO000027,MN000012,REGISTERED,False,53.0,44.0,46.0,MK001093,9.0,18.0,27.0,F,0.0,0.0,4.0,0.0,FAIL
ST000299,AIML2023299,Radhika,Mane,Female,2003-09-16,radhika.mane299@student.college.edu,9386029260,DEP000001,AY000004,SEM000007,True,PRO000299,Declining,40,65,35,60,4,16,15,40,0.45,AR000299,SEM000007,AY000004,16.0,4.0,1.25,1.25,3,3,FAIL,REG001184,CO000028,MN000013,REGISTERED,False,55.0,57.0,45.0,MK001094,5.0,40.0,45.0,C,5.0,20.0,4.0,4.0,PASS
ST000300,AIML2023300,Girindra,Naik,Male,2004-11-11,girindra.naik300@student.college.edu,8458192093,DEP000001,AY000004,SEM000007,True,PRO000300,Good,80,95,75,90,18,28,45,65,0.03,AR000300,SEM000007,AY000004,16.0,16.0,8.25,8.25,0,0,PASS,REG001185,CO000025,MN000010,REGISTERED,False,95.0,78.0,81.0,MK001095,24.0,50.0,74.0,A,8.0,32.0,4.0,4.0,PASS
ST000300,AIML2023300,Girindra,Naik,Male,2004-11-11,girindra.naik300@student.college.edu,8458192093,DEP000001,AY000004,SEM000007,True,PRO000300,Good,80,95,75,90,18,28,45,65,0.03,AR000300,SEM000007,AY000004,16.0,16.0,8.25,8.25,0,0,PASS,REG001186,CO000026,MN000011,REGISTERED,False,83.0,81.0,70.0,MK001096,24.0,64.0,88.0,A+,9.0,36.0,4.0,4.0,PASS
ST000300,AIML2023300,Girindra,Naik,Male,2004-11-11,girindra.naik300@student.college.edu,8458192093,DEP000001,AY000004,SEM000007,True,PRO000300,Good,80,95,75,90,18,28,45,65,0.03,AR000300,SEM000007,AY000004,16.0,16.0,8.25,8.25,0,0,PASS,REG001187,CO000027,MN000012,REGISTERED,False,80.0,77.0,89.0,MK001097,21.0,56.0,77.0,A,8.0,32.0,4.0,4.0,PASS
ST000300,AIML2023300,Girindra,Naik,Male,2004-11-11,girindra.naik300@student.college.edu,8458192093,DEP000001,AY000004,SEM000007,True,PRO000300,Good,80,95,75,90,18,28,45,65,0.03,AR000300,SEM000007,AY000004,16.0,16.0,8.25,8.25,0,0,PASS,REG001188,CO000028,MN000013,REGISTERED,False,94.0,80.0,90.0,MK001098,21.0,52.0,73.0,A,8.0,32.0,4.0,4.0,PASS
ST000301,AIML2023301,Lajita,Barman,Female,2005-02-11,lajita.barman301@student.college.edu,7243196281,DEP000001,AY000004,SEM000007,True,PRO000301,Good,80,95,75,90,18,28,45,65,0.03,AR000301,SEM000007,AY000004,16.0,16.0,8.0,8.0,0,0,PASS,REG001189,CO000025,MN000010,REGISTERED,False,94.0,90.0,80.0,MK001099,27.0,52.0,79.0,A,8.0,32.0,4.0,4.0,PASS
ST000301,AIML2023301,Lajita,Barman,Female,2005-02-11,lajita.barman301@student.college.edu,7243196281,DEP000001,AY000004,SEM000007,True,PRO000301,Good,80,95,75,90,18,28,45,65,0.03,AR000301,SEM000007,AY000004,16.0,16.0,8.0,8.0,0,0,PASS,REG001190,CO000026,MN000011,REGISTERED,False,90.0,81.0,87.0,MK001100,28.0,46.0,74.0,A,8.0,32.0,4.0,4.0,PASS
ST000301,AIML2023301,Lajita,Barman,Female,2005-02-11,lajita.barman301@student.college.edu,7243196281,DEP000001,AY000004,SEM000007,True,PRO000301,Good,80,95,75,90,18,28,45,65,0.03,AR000301,SEM000007,AY000004,16.0,16.0,8.0,8.0,0,0,PASS,REG001191,CO000027,MN000012,REGISTERED,False,91.0,78.0,84.0,MK001101,20.0,50.0,70.0,A,8.0,32.0,4.0,4.0,PASS
ST000301,AIML2023301,Lajita,Barman,Female,2005-02-11,lajita.barman301@student.college.edu,7243196281,DEP000001,AY000004,SEM000007,True,PRO000301,Good,80,95,75,90,18,28,45,65,0.03,AR000301,SEM000007,AY000004,16.0,16.0,8.0,8.0,0,0,PASS,REG001192,CO000028,MN000013,REGISTERED,False,94.0,87.0,86.0,MK001102,18.0,55.0,73.0,A,8.0,32.0,4.0,4.0,PASS
ST000302,AIML2023302,Zaitra,Mutti,Female,2005-08-14,zaitra.mutti302@student.college.edu,7424194380,DEP000001,AY000004,SEM000007,True,PRO000302,Good,80,95,75,90,18,28,45,65,0.03,AR000302,SEM000007,AY000004,16.0,16.0,8.5,8.5,0,0,PASS,REG001193,CO000025,MN000010,REGISTERED,False,93.0,82.0,84.0,MK001103,28.0,64.0,92.0,O,10.0,40.0,4.0,4.0,PASS
ST000302,AIML2023302,Zaitra,Mutti,Female,2005-08-14,zaitra.mutti302@student.college.edu,7424194380,DEP000001,AY000004,SEM000007,True,PRO000302,Good,80,95,75,90,18,28,45,65,0.03,AR000302,SEM000007,AY000004,16.0,16.0,8.5,8.5,0,0,PASS,REG001194,CO000026,MN000011,REGISTERED,False,85.0,86.0,83.0,MK001104,21.0,51.0,72.0,A,8.0,32.0,4.0,4.0,PASS
ST000302,AIML2023302,Zaitra,Mutti,Female,2005-08-14,zaitra.mutti302@student.college.edu,7424194380,DEP000001,AY000004,SEM000007,True,PRO000302,Good,80,95,75,90,18,28,45,65,0.03,AR000302,SEM000007,AY000004,16.0,16.0,8.5,8.5,0,0,PASS,REG001195,CO000027,MN000012,REGISTERED,False,84.0,75.0,79.0,MK001105,26.0,56.0,82.0,A+,9.0,36.0,4.0,4.0,PASS
ST000302,AIML2023302,Zaitra,Mutti,Female,2005-08-14,zaitra.mutti302@student.college.edu,7424194380,DEP000001,AY000004,SEM000007,True,PRO000302,Good,80,95,75,90,18,28,45,65,0.03,AR000302,SEM000007,AY000004,16.0,16.0,8.5,8.5,0,0,PASS,REG001196,CO000028,MN000013,REGISTERED,False,86.0,88.0,92.0,MK001106,20.0,45.0,65.0,B+,7.0,28.0,4.0,4.0,PASS
ST000303,AIML2023303,Nitesh,Sarma,Male,2004-03-29,nitesh.sarma303@student.college.edu,6121135268,DEP000001,AY000004,SEM000007,True,PRO000303,Good,80,95,75,90,18,28,45,65,0.03,AR000303,SEM000007,AY000004,16.0,16.0,8.25,8.25,0,0,PASS,REG001197,CO000025,MN000010,REGISTERED,False,91.0,85.0,79.0,MK001107,24.0,64.0,88.0,A+,9.0,36.0,4.0,4.0,PASS
ST000303,AIML2023303,Nitesh,Sarma,Male,2004-03-29,nitesh.sarma303@student.college.edu,6121135268,DEP000001,AY000004,SEM000007,True,PRO000303,Good,80,95,75,90,18,28,45,65,0.03,AR000303,SEM000007,AY000004,16.0,16.0,8.25,8.25,0,0,PASS,REG001198,CO000026,MN000011,REGISTERED,False,83.0,82.0,70.0,MK001108,20.0,61.0,81.0,A+,9.0,36.0,4.0,4.0,PASS
ST000303,AIML2023303,Nitesh,Sarma,Male,2004-03-29,nitesh.sarma303@student.college.edu,6121135268,DEP000001,AY000004,SEM000007,True,PRO000303,Good,80,95,75,90,18,28,45,65,0.03,AR000303,SEM000007,AY000004,16.0,16.0,8.25,8.25,0,0,PASS,REG001199,CO000027,MN000012,REGISTERED,False,94.0,84.0,88.0,MK001109,20.0,59.0,79.0,A,8.0,32.0,4.0,4.0,PASS
ST000303,AIML2023303,Nitesh,Sarma,Male,2004-03-29,nitesh.sarma303@student.college.edu,6121135268,DEP000001,AY000004,SEM000007,True,PRO000303,Good,80,95,75,90,18,28,45,65,0.03,AR000303,SEM000007,AY000004,16.0,16.0,8.25,8.25,0,0,PASS,REG001200,CO000028,MN000013,REGISTERED,False,87.0,87.0,80.0,MK001110,19.0,48.0,67.0,B+,7.0,28.0,4.0,4.0,PASS
ST000304,AIML2023304,Reva,Chatterjee,Female,2004-03-12,reva.chatterjee304@student.college.edu,9559052060,DEP000001,AY000004,SEM000007,True,PRO000304,Improving,55,75,50,70,8,20,25,50,0.2,AR000304,SEM000007,AY000004,16.0,12.0,4.75,4.75,1,1,PROMOTED,REG001201,CO000025,MN000010,REGISTERED,False,61.0,64.0,62.0,MK001111,8.0,28.0,36.0,F,0.0,0.0,4.0,0.0,FAIL
ST000304,AIML2023304,Reva,Chatterjee,Female,2004-03-12,reva.chatterjee304@student.college.edu,9559052060,DEP000001,AY000004,SEM000007,True,PRO000304,Improving,55,75,50,70,8,20,25,50,0.2,AR000304,SEM000007,AY000004,16.0,12.0,4.75,4.75,1,1,PROMOTED,REG001202,CO000026,MN000011,REGISTERED,False,59.0,53.0,45.0,MK001112,12.0,45.0,57.0,B,6.0,24.0,4.0,4.0,PASS
ST000304,AIML2023304,Reva,Chatterjee,Female,2004-03-12,reva.chatterjee304@student.college.edu,9559052060,DEP000001,AY000004,SEM000007,True,PRO000304,Improving,55,75,50,70,8,20,25,50,0.2,AR000304,SEM000007,AY000004,16.0,12.0,4.75,4.75,1,1,PROMOTED,REG001203,CO000027,MN000012,REGISTERED,False,73.0,55.0,62.0,MK001113,12.0,42.0,54.0,B,6.0,24.0,4.0,4.0,PASS
ST000304,AIML2023304,Reva,Chatterjee,Female,2004-03-12,reva.chatterjee304@student.college.edu,9559052060,DEP000001,AY000004,SEM000007,True,PRO000304,Improving,55,75,50,70,8,20,25,50,0.2,AR000304,SEM000007,AY000004,16.0,12.0,4.75,4.75,1,1,PROMOTED,REG001204,CO000028,MN000013,REGISTERED,False,74.0,67.0,63.0,MK001114,17.0,50.0,67.0,B+,7.0,28.0,4.0,4.0,PASS
ST000305,AIML2023305,Harsh,Thakkar,Male,2005-01-12,harsh.thakkar305@student.college.edu,7157068006,DEP000001,AY000004,SEM000007,True,PRO000305,Improving,55,75,50,70,8,20,25,50,0.2,AR000305,SEM000007,AY000004,16.0,16.0,6.25,6.25,0,0,PASS,REG001205,CO000025,MN000010,REGISTERED,False,65.0,59.0,50.0,MK001115,17.0,38.0,55.0,B,6.0,24.0,4.0,4.0,PASS
ST000305,AIML2023305,Harsh,Thakkar,Male,2005-01-12,harsh.thakkar305@student.college.edu,7157068006,DEP000001,AY000004,SEM000007,True,PRO000305,Improving,55,75,50,70,8,20,25,50,0.2,AR000305,SEM000007,AY000004,16.0,16.0,6.25,6.25,0,0,PASS,REG001206,CO000026,MN000011,REGISTERED,False,64.0,58.0,51.0,MK001116,20.0,47.0,67.0,B+,7.0,28.0,4.0,4.0,PASS
ST000305,AIML2023305,Harsh,Thakkar,Male,2005-01-12,harsh.thakkar305@student.college.edu,7157068006,DEP000001,AY000004,SEM000007,True,PRO000305,Improving,55,75,50,70,8,20,25,50,0.2,AR000305,SEM000007,AY000004,16.0,16.0,6.25,6.25,0,0,PASS,REG001207,CO000027,MN000012,REGISTERED,True,70.0,57.0,62.0,MK001117,12.0,38.0,50.0,B,6.0,24.0,4.0,4.0,PASS
ST000305,AIML2023305,Harsh,Thakkar,Male,2005-01-12,harsh.thakkar305@student.college.edu,7157068006,DEP000001,AY000004,SEM000007,True,PRO000305,Improving,55,75,50,70,8,20,25,50,0.2,AR000305,SEM000007,AY000004,16.0,16.0,6.25,6.25,0,0,PASS,REG001208,CO000028,MN000013,REGISTERED,False,56.0,50.0,59.0,MK001118,20.0,37.0,57.0,B,6.0,24.0,4.0,4.0,PASS
ST000306,AIML2023306,Kai,Dani,Male,2006-06-18,kai.dani306@student.college.edu,7223515197,DEP000001,AY000004,SEM000007,True,PRO000306,Improving,55,75,50,70,8,20,25,50,0.2,AR000306,SEM000007,AY000004,16.0,16.0,6.25,6.25,0,0,PASS,REG001209,CO000025,MN000010,REGISTERED,False,75.0,61.0,62.0,MK001119,18.0,50.0,68.0,B+,7.0,28.0,4.0,4.0,PASS
ST000306,AIML2023306,Kai,Dani,Male,2006-06-18,kai.dani306@student.college.edu,7223515197,DEP000001,AY000004,SEM000007,True,PRO000306,Improving,55,75,50,70,8,20,25,50,0.2,AR000306,SEM000007,AY000004,16.0,16.0,6.25,6.25,0,0,PASS,REG001210,CO000026,MN000011,REGISTERED,False,62.0,64.0,65.0,MK001120,20.0,45.0,65.0,B+,7.0,28.0,4.0,4.0,PASS
ST000306,AIML2023306,Kai,Dani,Male,2006-06-18,kai.dani306@student.college.edu,7223515197,DEP000001,AY000004,SEM000007,True,PRO000306,Improving,55,75,50,70,8,20,25,50,0.2,AR000306,SEM000007,AY000004,16.0,16.0,6.25,6.25,0,0,PASS,REG001211,CO000027,MN000012,REGISTERED,True,65.0,60.0,57.0,MK001121,20.0,41.0,61.0,B+,7.0,28.0,4.0,4.0,PASS
ST000306,AIML2023306,Kai,Dani,Male,2006-06-18,kai.dani306@student.college.edu,7223515197,DEP000001,AY000004,SEM000007,True,PRO000306,Improving,55,75,50,70,8,20,25,50,0.2,AR000306,SEM000007,AY000004,16.0,16.0,6.25,6.25,0,0,PASS,REG001212,CO000028,MN000013,REGISTERED,False,66.0,56.0,59.0,MK001122,12.0,29.0,41.0,P,4.0,16.0,4.0,4.0,PASS
ST000307,AIML2023307,Manbir,Khosla,Male,2006-06-02,manbir.khosla307@student.college.edu,7048646033,DEP000001,AY000004,SEM000007,True,PRO000307,Declining,40,65,35,60,4,16,15,40,0.45,AR000307,SEM000007,AY000004,12.0,0.0,0.0,0.0,3,3,FAIL,REG001213,CO000025,MN000010,CANCELLED,False,43.0,40.0,35.0,,,,,,,,,,
ST000307,AIML2023307,Manbir,Khosla,Male,2006-06-02,manbir.khosla307@student.college.edu,7048646033,DEP000001,AY000004,SEM000007,True,PRO000307,Declining,40,65,35,60,4,16,15,40,0.45,AR000307,SEM000007,AY000004,12.0,0.0,0.0,0.0,3,3,FAIL,REG001214,CO000026,MN000011,REGISTERED,False,65.0,51.0,50.0,MK001123,7.0,32.0,39.0,F,0.0,0.0,4.0,0.0,FAIL
ST000307,AIML2023307,Manbir,Khosla,Male,2006-06-02,manbir.khosla307@student.college.edu,7048646033,DEP000001,AY000004,SEM000007,True,PRO000307,Declining,40,65,35,60,4,16,15,40,0.45,AR000307,SEM000007,AY000004,12.0,0.0,0.0,0.0,3,3,FAIL,REG001215,CO000027,MN000012,REGISTERED,True,41.0,36.0,29.0,MK001124,7.0,27.0,34.0,F,0.0,0.0,4.0,0.0,FAIL
ST000307,AIML2023307,Manbir,Khosla,Male,2006-06-02,manbir.khosla307@student.college.edu,7048646033,DEP000001,AY000004,SEM000007,True,PRO000307,Declining,40,65,35,60,4,16,15,40,0.45,AR000307,SEM000007,AY000004,12.0,0.0,0.0,0.0,3,3,FAIL,REG001216,CO000028,MN000013,REGISTERED,False,40.0,45.0,37.0,MK001125,15.0,23.0,38.0,F,0.0,0.0,4.0,0.0,FAIL
ST000308,AIML2023308,Agastya,Amble,Male,2005-02-06,agastya.amble308@student.college.edu,8706805837,DEP000001,AY000004,SEM000007,True,PRO000308,Improving,55,75,50,70,8,20,25,50,0.2,AR000308,SEM000007,AY000004,12.0,8.0,2.67,2.67,1,1,PROMOTED,REG001217,CO000025,MN000010,CANCELLED,False,70.0,68.0,61.0,,,,,,,,,,
ST000308,AIML2023308,Agastya,Amble,Male,2005-02-06,agastya.amble308@student.college.edu,8706805837,DEP000001,AY000004,SEM000007,True,PRO000308,Improving,55,75,50,70,8,20,25,50,0.2,AR000308,SEM000007,AY000004,12.0,8.0,2.67,2.67,1,1,PROMOTED,REG001218,CO000026,MN000011,REGISTERED,True,57.0,60.0,65.0,MK001126,10.0,34.0,44.0,P,4.0,16.0,4.0,4.0,PASS
ST000308,AIML2023308,Agastya,Amble,Male,2005-02-06,agastya.amble308@student.college.edu,8706805837,DEP000001,AY000004,SEM000007,True,PRO000308,Improving,55,75,50,70,8,20,25,50,0.2,AR000308,SEM000007,AY000004,12.0,8.0,2.67,2.67,1,1,PROMOTED,REG001219,CO000027,MN000012,REGISTERED,False,72.0,57.0,62.0,MK001127,14.0,30.0,44.0,P,4.0,16.0,4.0,4.0,PASS
ST000308,AIML2023308,Agastya,Amble,Male,2005-02-06,agastya.amble308@student.college.edu,8706805837,DEP000001,AY000004,SEM000007,True,PRO000308,Improving,55,75,50,70,8,20,25,50,0.2,AR000308,SEM000007,AY000004,12.0,8.0,2.67,2.67,1,1,PROMOTED,REG001220,CO000028,MN000013,REGISTERED,True,71.0,55.0,58.0,MK001128,12.0,25.0,37.0,F,0.0,0.0,4.0,0.0,FAIL
ST000309,AIML2023309,Xavier,Kibe,Male,2005-12-14,xavier.kibe309@student.college.edu,7102257446,DEP000001,AY000004,SEM000007,True,PRO000309,HighRisk,20,50,20,45,0,12,0,30,0.8,AR000309,SEM000007,AY000004,12.0,0.0,0.0,0.0,3,3,FAIL,REG001221,CO000025,MN000010,CANCELLED,False,31.0,29.0,31.0,,,,,,,,,,
ST000309,AIML2023309,Xavier,Kibe,Male,2005-12-14,xavier.kibe309@student.college.edu,7102257446,DEP000001,AY000004,SEM000007,True,PRO000309,HighRisk,20,50,20,45,0,12,0,30,0.8,AR000309,SEM000007,AY000004,12.0,0.0,0.0,0.0,3,3,FAIL,REG001222,CO000026,MN000011,REGISTERED,False,30.0,23.0,33.0,MK001129,2.0,26.0,28.0,F,0.0,0.0,4.0,0.0,FAIL
ST000309,AIML2023309,Xavier,Kibe,Male,2005-12-14,xavier.kibe309@student.college.edu,7102257446,DEP000001,AY000004,SEM000007,True,PRO000309,HighRisk,20,50,20,45,0,12,0,30,0.8,AR000309,SEM000007,AY000004,12.0,0.0,0.0,0.0,3,3,FAIL,REG001223,CO000027,MN000012,REGISTERED,False,50.0,31.0,35.0,MK001130,12.0,25.0,37.0,F,0.0,0.0,4.0,0.0,FAIL
ST000309,AIML2023309,Xavier,Kibe,Male,2005-12-14,xavier.kibe309@student.college.edu,7102257446,DEP000001,AY000004,SEM000007,True,PRO000309,HighRisk,20,50,20,45,0,12,0,30,0.8,AR000309,SEM000007,AY000004,12.0,0.0,0.0,0.0,3,3,FAIL,REG001224,CO000028,MN000013,REGISTERED,False,43.0,32.0,35.0,MK001131,2.0,2.0,4.0,F,0.0,0.0,4.0,0.0,FAIL
ST000310,AIML2023310,Agastya,Sidhu,Male,2005-01-15,agastya.sidhu310@student.college.edu,9612580033,DEP000001,AY000004,SEM000007,True,PRO000310,Average,65,85,60,80,10,24,30,58,0.1,AR000310,SEM000007,AY000004,16.0,16.0,6.75,6.75,0,0,PASS,REG001225,CO000025,MN000010,REGISTERED,False,75.0,62.0,73.0,MK001132,15.0,45.0,60.0,B+,7.0,28.0,4.0,4.0,PASS
ST000310,AIML2023310,Agastya,Sidhu,Male,2005-01-15,agastya.sidhu310@student.college.edu,9612580033,DEP000001,AY000004,SEM000007,True,PRO000310,Average,65,85,60,80,10,24,30,58,0.1,AR000310,SEM000007,AY000004,16.0,16.0,6.75,6.75,0,0,PASS,REG001226,CO000026,MN000011,REGISTERED,False,69.0,67.0,79.0,MK001133,17.0,50.0,67.0,B+,7.0,28.0,4.0,4.0,PASS
ST000310,AIML2023310,Agastya,Sidhu,Male,2005-01-15,agastya.sidhu310@student.college.edu,9612580033,DEP000001,AY000004,SEM000007,True,PRO000310,Average,65,85,60,80,10,24,30,58,0.1,AR000310,SEM000007,AY000004,16.0,16.0,6.75,6.75,0,0,PASS,REG001227,CO000027,MN000012,REGISTERED,False,83.0,78.0,70.0,MK001134,20.0,46.0,66.0,B+,7.0,28.0,4.0,4.0,PASS
ST000310,AIML2023310,Agastya,Sidhu,Male,2005-01-15,agastya.sidhu310@student.college.edu,9612580033,DEP000001,AY000004,SEM000007,True,PRO000310,Average,65,85,60,80,10,24,30,58,0.1,AR000310,SEM000007,AY000004,16.0,16.0,6.75,6.75,0,0,PASS,REG001228,CO000028,MN000013,REGISTERED,False,77.0,66.0,64.0,MK001135,21.0,37.0,58.0,B,6.0,24.0,4.0,4.0,PASS
ST000311,AIML2023311,Chameli,Saxena,Female,2005-08-05,chameli.saxena311@student.college.edu,9467505941,DEP000001,AY000004,SEM000007,True,PRO000311,Good,80,95,75,90,18,28,45,65,0.03,AR000311,SEM000007,AY000004,16.0,16.0,9.0,9.0,0,0,PASS,REG001229,CO000025,MN000010,REGISTERED,False,88.0,89.0,76.0,MK001136,25.0,57.0,82.0,A+,9.0,36.0,4.0,4.0,PASS
ST000311,AIML2023311,Chameli,Saxena,Female,2005-08-05,chameli.saxena311@student.college.edu,9467505941,DEP000001,AY000004,SEM000007,True,PRO000311,Good,80,95,75,90,18,28,45,65,0.03,AR000311,SEM000007,AY000004,16.0,16.0,9.0,9.0,0,0,PASS,REG001230,CO000026,MN000011,REGISTERED,False,81.0,75.0,80.0,MK001137,26.0,65.0,91.0,O,10.0,40.0,4.0,4.0,PASS
ST000311,AIML2023311,Chameli,Saxena,Female,2005-08-05,chameli.saxena311@student.college.edu,9467505941,DEP000001,AY000004,SEM000007,True,PRO000311,Good,80,95,75,90,18,28,45,65,0.03,AR000311,SEM000007,AY000004,16.0,16.0,9.0,9.0,0,0,PASS,REG001231,CO000027,MN000012,REGISTERED,False,94.0,77.0,83.0,MK001138,27.0,47.0,74.0,A,8.0,32.0,4.0,4.0,PASS
ST000311,AIML2023311,Chameli,Saxena,Female,2005-08-05,chameli.saxena311@student.college.edu,9467505941,DEP000001,AY000004,SEM000007,True,PRO000311,Good,80,95,75,90,18,28,45,65,0.03,AR000311,SEM000007,AY000004,16.0,16.0,9.0,9.0,0,0,PASS,REG001232,CO000028,MN000013,REGISTERED,False,80.0,78.0,73.0,MK001139,23.0,57.0,80.0,A+,9.0,36.0,4.0,4.0,PASS
ST000312,AIML2023312,Chakradhar,Ghosh,Male,2003-09-16,chakradhar.ghosh312@student.college.edu,6683981353,DEP000001,AY000004,SEM000007,True,PRO000312,Excellent,90,100,90,100,24,30,55,70,0.01,AR000312,SEM000007,AY000004,16.0,16.0,9.25,9.25,0,0,PASS,REG001233,CO000025,MN000010,REGISTERED,False,90.0,94.0,100.0,MK001140,30.0,56.0,86.0,A+,9.0,36.0,4.0,4.0,PASS
ST000312,AIML2023312,Chakradhar,Ghosh,Male,2003-09-16,chakradhar.ghosh312@student.college.edu,6683981353,DEP000001,AY000004,SEM000007,True,PRO000312,Excellent,90,100,90,100,24,30,55,70,0.01,AR000312,SEM000007,AY000004,16.0,16.0,9.25,9.25,0,0,PASS,REG001234,CO000026,MN000011,REGISTERED,False,99.0,96.0,96.0,MK001141,27.0,66.0,93.0,O,10.0,40.0,4.0,4.0,PASS
ST000312,AIML2023312,Chakradhar,Ghosh,Male,2003-09-16,chakradhar.ghosh312@student.college.edu,6683981353,DEP000001,AY000004,SEM000007,True,PRO000312,Excellent,90,100,90,100,24,30,55,70,0.01,AR000312,SEM000007,AY000004,16.0,16.0,9.25,9.25,0,0,PASS,REG001235,CO000027,MN000012,REGISTERED,False,94.0,91.0,97.0,MK001142,27.0,61.0,88.0,A+,9.0,36.0,4.0,4.0,PASS
ST000312,AIML2023312,Chakradhar,Ghosh,Male,2003-09-16,chakradhar.ghosh312@student.college.edu,6683981353,DEP000001,AY000004,SEM000007,True,PRO000312,Excellent,90,100,90,100,24,30,55,70,0.01,AR000312,SEM000007,AY000004,16.0,16.0,9.25,9.25,0,0,PASS,REG001236,CO000028,MN000013,REGISTERED,False,95.0,100.0,88.0,MK001143,24.0,65.0,89.0,A+,9.0,36.0,4.0,4.0,PASS
ST000313,AIML2023313,Girindra,Gala,Male,2006-03-20,girindra.gala313@student.college.edu,8658102505,DEP000001,AY000004,SEM000007,True,PRO000313,Declining,40,65,35,60,4,16,15,40,0.45,AR000313,SEM000007,AY000004,16.0,8.0,2.5,2.5,2,2,PROMOTED,REG001237,CO000025,MN000010,REGISTERED,False,44.0,45.0,34.0,MK001144,11.0,39.0,50.0,B,6.0,24.0,4.0,4.0,PASS
ST000313,AIML2023313,Girindra,Gala,Male,2006-03-20,girindra.gala313@student.college.edu,8658102505,DEP000001,AY000004,SEM000007,True,PRO000313,Declining,40,65,35,60,4,16,15,40,0.45,AR000313,SEM000007,AY000004,16.0,8.0,2.5,2.5,2,2,PROMOTED,REG001238,CO000026,MN000011,REGISTERED,False,62.0,43.0,47.0,MK001145,9.0,31.0,40.0,P,4.0,16.0,4.0,4.0,PASS
ST000313,AIML2023313,Girindra,Gala,Male,2006-03-20,girindra.gala313@student.college.edu,8658102505,DEP000001,AY000004,SEM000007,True,PRO000313,Declining,40,65,35,60,4,16,15,40,0.45,AR000313,SEM000007,AY000004,16.0,8.0,2.5,2.5,2,2,PROMOTED,REG001239,CO000027,MN000012,REGISTERED,False,62.0,58.0,47.0,MK001146,11.0,22.0,33.0,F,0.0,0.0,4.0,0.0,FAIL
ST000313,AIML2023313,Girindra,Gala,Male,2006-03-20,girindra.gala313@student.college.edu,8658102505,DEP000001,AY000004,SEM000007,True,PRO000313,Declining,40,65,35,60,4,16,15,40,0.45,AR000313,SEM000007,AY000004,16.0,8.0,2.5,2.5,2,2,PROMOTED,REG001240,CO000028,MN000013,REGISTERED,True,65.0,58.0,50.0,MK001147,5.0,15.0,20.0,F,0.0,0.0,4.0,0.0,FAIL
ST000314,AIML2023314,Wakeeta,Walia,Female,2004-07-24,wakeeta.walia314@student.college.edu,6828950434,DEP000001,AY000004,SEM000007,True,PRO000314,Good,80,95,75,90,18,28,45,65,0.03,AR000314,SEM000007,AY000004,16.0,16.0,9.25,9.25,0,0,PASS,REG001241,CO000025,MN000010,REGISTERED,False,87.0,90.0,75.0,MK001148,18.0,63.0,81.0,A+,9.0,36.0,4.0,4.0,PASS
ST000314,AIML2023314,Wakeeta,Walia,Female,2004-07-24,wakeeta.walia314@student.college.edu,6828950434,DEP000001,AY000004,SEM000007,True,PRO000314,Good,80,95,75,90,18,28,45,65,0.03,AR000314,SEM000007,AY000004,16.0,16.0,9.25,9.25,0,0,PASS,REG001242,CO000026,MN000011,REGISTERED,False,93.0,76.0,86.0,MK001149,27.0,63.0,90.0,O,10.0,40.0,4.0,4.0,PASS
ST000314,AIML2023314,Wakeeta,Walia,Female,2004-07-24,wakeeta.walia314@student.college.edu,6828950434,DEP000001,AY000004,SEM000007,True,PRO000314,Good,80,95,75,90,18,28,45,65,0.03,AR000314,SEM000007,AY000004,16.0,16.0,9.25,9.25,0,0,PASS,REG001243,CO000027,MN000012,REGISTERED,False,94.0,82.0,83.0,MK001150,27.0,51.0,78.0,A,8.0,32.0,4.0,4.0,PASS
ST000314,AIML2023314,Wakeeta,Walia,Female,2004-07-24,wakeeta.walia314@student.college.edu,6828950434,DEP000001,AY000004,SEM000007,True,PRO000314,Good,80,95,75,90,18,28,45,65,0.03,AR000314,SEM000007,AY000004,16.0,16.0,9.25,9.25,0,0,PASS,REG001244,CO000028,MN000013,REGISTERED,False,86.0,81.0,84.0,MK001151,25.0,65.0,90.0,O,10.0,40.0,4.0,4.0,PASS
ST000315,AIML2023315,Abhimanyu,Ramesh,Male,2004-04-27,abhimanyu.ramesh315@student.college.edu,9683261234,DEP000001,AY000004,SEM000007,True,PRO000315,Improving,55,75,50,70,8,20,25,50,0.2,AR000315,SEM000007,AY000004,16.0,16.0,6.0,6.0,0,0,PASS,REG001245,CO000025,MN000010,REGISTERED,False,57.0,51.0,53.0,MK001152,11.0,46.0,57.0,B,6.0,24.0,4.0,4.0,PASS
ST000315,AIML2023315,Abhimanyu,Ramesh,Male,2004-04-27,abhimanyu.ramesh315@student.college.edu,9683261234,DEP000001,AY000004,SEM000007,True,PRO000315,Improving,55,75,50,70,8,20,25,50,0.2,AR000315,SEM000007,AY000004,16.0,16.0,6.0,6.0,0,0,PASS,REG001246,CO000026,MN000011,REGISTERED,False,63.0,57.0,49.0,MK001153,15.0,27.0,42.0,P,4.0,16.0,4.0,4.0,PASS
ST000315,AIML2023315,Abhimanyu,Ramesh,Male,2004-04-27,abhimanyu.ramesh315@student.college.edu,9683261234,DEP000001,AY000004,SEM000007,True,PRO000315,Improving,55,75,50,70,8,20,25,50,0.2,AR000315,SEM000007,AY000004,16.0,16.0,6.0,6.0,0,0,PASS,REG001247,CO000027,MN000012,REGISTERED,False,70.0,67.0,55.0,MK001154,20.0,48.0,68.0,B+,7.0,28.0,4.0,4.0,PASS
ST000315,AIML2023315,Abhimanyu,Ramesh,Male,2004-04-27,abhimanyu.ramesh315@student.college.edu,9683261234,DEP000001,AY000004,SEM000007,True,PRO000315,Improving,55,75,50,70,8,20,25,50,0.2,AR000315,SEM000007,AY000004,16.0,16.0,6.0,6.0,0,0,PASS,REG001248,CO000028,MN000013,REGISTERED,False,68.0,57.0,53.0,MK001155,20.0,43.0,63.0,B+,7.0,28.0,4.0,4.0,PASS
ST000316,AIML2023316,Pahal,Nair,Female,2005-05-26,pahal.nair316@student.college.edu,8650894691,DEP000001,AY000004,SEM000007,True,PRO000316,Good,80,95,75,90,18,28,45,65,0.03,AR000316,SEM000007,AY000004,16.0,16.0,8.0,8.0,0,0,PASS,REG001249,CO000025,MN000010,REGISTERED,False,92.0,89.0,86.0,MK001156,23.0,55.0,78.0,A,8.0,32.0,4.0,4.0,PASS
ST000316,AIML2023316,Pahal,Nair,Female,2005-05-26,pahal.nair316@student.college.edu,8650894691,DEP000001,AY000004,SEM000007,True,PRO000316,Good,80,95,75,90,18,28,45,65,0.03,AR000316,SEM000007,AY000004,16.0,16.0,8.0,8.0,0,0,PASS,REG001250,CO000026,MN000011,REGISTERED,False,88.0,79.0,77.0,MK001157,22.0,55.0,77.0,A,8.0,32.0,4.0,4.0,PASS
ST000316,AIML2023316,Pahal,Nair,Female,2005-05-26,pahal.nair316@student.college.edu,8650894691,DEP000001,AY000004,SEM000007,True,PRO000316,Good,80,95,75,90,18,28,45,65,0.03,AR000316,SEM000007,AY000004,16.0,16.0,8.0,8.0,0,0,PASS,REG001251,CO000027,MN000012,REGISTERED,False,80.0,75.0,77.0,MK001158,28.0,51.0,79.0,A,8.0,32.0,4.0,4.0,PASS
ST000316,AIML2023316,Pahal,Nair,Female,2005-05-26,pahal.nair316@student.college.edu,8650894691,DEP000001,AY000004,SEM000007,True,PRO000316,Good,80,95,75,90,18,28,45,65,0.03,AR000316,SEM000007,AY000004,16.0,16.0,8.0,8.0,0,0,PASS,REG001252,CO000028,MN000013,REGISTERED,False,86.0,87.0,84.0,MK001159,19.0,57.0,76.0,A,8.0,32.0,4.0,4.0,PASS
ST000317,AIML2023317,Tanish,Aurora,Male,2004-10-03,tanish.aurora317@student.college.edu,8657782555,DEP000001,AY000004,SEM000007,True,PRO000317,Average,65,85,60,80,10,24,30,58,0.1,AR000317,SEM000007,AY000004,16.0,16.0,6.75,6.75,0,0,PASS,REG001253,CO000025,MN000010,REGISTERED,True,81.0,66.0,73.0,MK001160,20.0,56.0,76.0,A,8.0,32.0,4.0,4.0,PASS
ST000317,AIML2023317,Tanish,Aurora,Male,2004-10-03,tanish.aurora317@student.college.edu,8657782555,DEP000001,AY000004,SEM000007,True,PRO000317,Average,65,85,60,80,10,24,30,58,0.1,AR000317,SEM000007,AY000004,16.0,16.0,6.75,6.75,0,0,PASS,REG001254,CO000026,MN000011,REGISTERED,False,78.0,76.0,78.0,MK001161,18.0,31.0,49.0,C,5.0,20.0,4.0,4.0,PASS
ST000317,AIML2023317,Tanish,Aurora,Male,2004-10-03,tanish.aurora317@student.college.edu,8657782555,DEP000001,AY000004,SEM000007,True,PRO000317,Average,65,85,60,80,10,24,30,58,0.1,AR000317,SEM000007,AY000004,16.0,16.0,6.75,6.75,0,0,PASS,REG001255,CO000027,MN000012,REGISTERED,False,73.0,70.0,75.0,MK001162,20.0,38.0,58.0,B,6.0,24.0,4.0,4.0,PASS
ST000317,AIML2023317,Tanish,Aurora,Male,2004-10-03,tanish.aurora317@student.college.edu,8657782555,DEP000001,AY000004,SEM000007,True,PRO000317,Average,65,85,60,80,10,24,30,58,0.1,AR000317,SEM000007,AY000004,16.0,16.0,6.75,6.75,0,0,PASS,REG001256,CO000028,MN000013,REGISTERED,False,84.0,64.0,74.0,MK001163,20.0,52.0,72.0,A,8.0,32.0,4.0,4.0,PASS
ST000318,AIML2023318,Deepa,Seth,Female,2005-02-03,deepa.seth318@student.college.edu,7338180205,DEP000001,AY000004,SEM000007,True,PRO000318,Improving,55,75,50,70,8,20,25,50,0.2,AR000318,SEM000007,AY000004,16.0,16.0,6.0,6.0,0,0,PASS,REG001257,CO000025,MN000010,REGISTERED,False,66.0,51.0,65.0,MK001164,16.0,27.0,43.0,P,4.0,16.0,4.0,4.0,PASS
ST000318,AIML2023318,Deepa,Seth,Female,2005-02-03,deepa.seth318@student.college.edu,7338180205,DEP000001,AY000004,SEM000007,True,PRO000318,Improving,55,75,50,70,8,20,25,50,0.2,AR000318,SEM000007,AY000004,16.0,16.0,6.0,6.0,0,0,PASS,REG001258,CO000026,MN000011,REGISTERED,True,58.0,50.0,46.0,MK001165,20.0,50.0,70.0,A,8.0,32.0,4.0,4.0,PASS
ST000318,AIML2023318,Deepa,Seth,Female,2005-02-03,deepa.seth318@student.college.edu,7338180205,DEP000001,AY000004,SEM000007,True,PRO000318,Improving,55,75,50,70,8,20,25,50,0.2,AR000318,SEM000007,AY000004,16.0,16.0,6.0,6.0,0,0,PASS,REG001259,CO000027,MN000012,REGISTERED,False,59.0,58.0,52.0,MK001166,18.0,44.0,62.0,B+,7.0,28.0,4.0,4.0,PASS
ST000318,AIML2023318,Deepa,Seth,Female,2005-02-03,deepa.seth318@student.college.edu,7338180205,DEP000001,AY000004,SEM000007,True,PRO000318,Improving,55,75,50,70,8,20,25,50,0.2,AR000318,SEM000007,AY000004,16.0,16.0,6.0,6.0,0,0,PASS,REG001260,CO000028,MN000013,REGISTERED,False,63.0,57.0,64.0,MK001167,9.0,37.0,46.0,C,5.0,20.0,4.0,4.0,PASS
ST000319,AIML2023319,Warda,Korpal,Female,2005-06-07,warda.korpal319@student.college.edu,8252430031,DEP000001,AY000004,SEM000007,True,PRO000319,Improving,55,75,50,70,8,20,25,50,0.2,AR000319,SEM000007,AY000004,16.0,16.0,6.0,6.0,0,0,PASS,REG001261,CO000025,MN000010,REGISTERED,False,73.0,53.0,59.0,MK001168,9.0,48.0,57.0,B,6.0,24.0,4.0,4.0,PASS
ST000319,AIML2023319,Warda,Korpal,Female,2005-06-07,warda.korpal319@student.college.edu,8252430031,DEP000001,AY000004,SEM000007,True,PRO000319,Improving,55,75,50,70,8,20,25,50,0.2,AR000319,SEM000007,AY000004,16.0,16.0,6.0,6.0,0,0,PASS,REG001262,CO000026,MN000011,REGISTERED,False,74.0,62.0,63.0,MK001169,17.0,47.0,64.0,B+,7.0,28.0,4.0,4.0,PASS
ST000319,AIML2023319,Warda,Korpal,Female,2005-06-07,warda.korpal319@student.college.edu,8252430031,DEP000001,AY000004,SEM000007,True,PRO000319,Improving,55,75,50,70,8,20,25,50,0.2,AR000319,SEM000007,AY000004,16.0,16.0,6.0,6.0,0,0,PASS,REG001263,CO000027,MN000012,REGISTERED,False,65.0,51.0,57.0,MK001170,13.0,43.0,56.0,B,6.0,24.0,4.0,4.0,PASS
ST000319,AIML2023319,Warda,Korpal,Female,2005-06-07,warda.korpal319@student.college.edu,8252430031,DEP000001,AY000004,SEM000007,True,PRO000319,Improving,55,75,50,70,8,20,25,50,0.2,AR000319,SEM000007,AY000004,16.0,16.0,6.0,6.0,0,0,PASS,REG001264,CO000028,MN000013,REGISTERED,False,64.0,56.0,64.0,MK001171,14.0,31.0,45.0,C,5.0,20.0,4.0,4.0,PASS
ST000320,AIML2023320,Qarin,Raja,Male,2006-02-11,qarin.raja320@student.college.edu,6150145122,DEP000001,AY000004,SEM000007,True,PRO000320,Average,65,85,60,80,10,24,30,58,0.1,AR000320,SEM000007,AY000004,16.0,16.0,7.0,7.0,0,0,PASS,REG001265,CO000025,MN000010,REGISTERED,False,81.0,67.0,80.0,MK001172,16.0,54.0,70.0,A,8.0,32.0,4.0,4.0,PASS
ST000320,AIML2023320,Qarin,Raja,Male,2006-02-11,qarin.raja320@student.college.edu,6150145122,DEP000001,AY000004,SEM000007,True,PRO000320,Average,65,85,60,80,10,24,30,58,0.1,AR000320,SEM000007,AY000004,16.0,16.0,7.0,7.0,0,0,PASS,REG001266,CO000026,MN000011,REGISTERED,False,82.0,78.0,68.0,MK001173,12.0,38.0,50.0,B,6.0,24.0,4.0,4.0,PASS
ST000320,AIML2023320,Qarin,Raja,Male,2006-02-11,qarin.raja320@student.college.edu,6150145122,DEP000001,AY000004,SEM000007,True,PRO000320,Average,65,85,60,80,10,24,30,58,0.1,AR000320,SEM000007,AY000004,16.0,16.0,7.0,7.0,0,0,PASS,REG001267,CO000027,MN000012,REGISTERED,False,67.0,72.0,60.0,MK001174,11.0,55.0,66.0,B+,7.0,28.0,4.0,4.0,PASS
ST000320,AIML2023320,Qarin,Raja,Male,2006-02-11,qarin.raja320@student.college.edu,6150145122,DEP000001,AY000004,SEM000007,True,PRO000320,Average,65,85,60,80,10,24,30,58,0.1,AR000320,SEM000007,AY000004,16.0,16.0,7.0,7.0,0,0,PASS,REG001268,CO000028,MN000013,REGISTERED,False,81.0,67.0,72.0,MK001175,15.0,53.0,68.0,B+,7.0,28.0,4.0,4.0,PASS
ST000321,AIML2023321,Jairaj,Varkey,Male,2003-12-21,jairaj.varkey321@student.college.edu,9580985012,DEP000001,AY000004,SEM000007,True,PRO000321,Improving,55,75,50,70,8,20,25,50,0.2,AR000321,SEM000007,AY000004,12.0,12.0,6.33,6.33,0,0,PASS,REG001269,CO000025,MN000010,CANCELLED,False,56.0,54.0,48.0,,,,,,,,,,
ST000321,AIML2023321,Jairaj,Varkey,Male,2003-12-21,jairaj.varkey321@student.college.edu,9580985012,DEP000001,AY000004,SEM000007,True,PRO000321,Improving,55,75,50,70,8,20,25,50,0.2,AR000321,SEM000007,AY000004,12.0,12.0,6.33,6.33,0,0,PASS,REG001270,CO000026,MN000011,REGISTERED,False,75.0,59.0,64.0,MK001176,8.0,48.0,56.0,B,6.0,24.0,4.0,4.0,PASS
ST000321,AIML2023321,Jairaj,Varkey,Male,2003-12-21,jairaj.varkey321@student.college.edu,9580985012,DEP000001,AY000004,SEM000007,True,PRO000321,Improving,55,75,50,70,8,20,25,50,0.2,AR000321,SEM000007,AY000004,12.0,12.0,6.33,6.33,0,0,PASS,REG001271,CO000027,MN000012,REGISTERED,False,74.0,63.0,60.0,MK001177,14.0,47.0,61.0,B+,7.0,28.0,4.0,4.0,PASS
ST000321,AIML2023321,Jairaj,Varkey,Male,2003-12-21,jairaj.varkey321@student.college.edu,9580985012,DEP000001,AY000004,SEM000007,True,PRO000321,Improving,55,75,50,70,8,20,25,50,0.2,AR000321,SEM000007,AY000004,12.0,12.0,6.33,6.33,0,0,PASS,REG001272,CO000028,MN000013,REGISTERED,False,66.0,57.0,57.0,MK001178,8.0,42.0,50.0,B,6.0,24.0,4.0,4.0,PASS
ST000322,AIML2023322,Henry,Khanna,Male,2005-01-06,henry.khanna322@student.college.edu,7444552646,DEP000001,AY000004,SEM000007,True,PRO000322,Improving,55,75,50,70,8,20,25,50,0.2,AR000322,SEM000007,AY000004,16.0,16.0,6.5,6.5,0,0,PASS,REG001273,CO000025,MN000010,REGISTERED,False,63.0,66.0,57.0,MK001179,12.0,49.0,61.0,B+,7.0,28.0,4.0,4.0,PASS
ST000322,AIML2023322,Henry,Khanna,Male,2005-01-06,henry.khanna322@student.college.edu,7444552646,DEP000001,AY000004,SEM000007,True,PRO000322,Improving,55,75,50,70,8,20,25,50,0.2,AR000322,SEM000007,AY000004,16.0,16.0,6.5,6.5,0,0,PASS,REG001274,CO000026,MN000011,REGISTERED,False,75.0,67.0,63.0,MK001180,19.0,46.0,65.0,B+,7.0,28.0,4.0,4.0,PASS
ST000322,AIML2023322,Henry,Khanna,Male,2005-01-06,henry.khanna322@student.college.edu,7444552646,DEP000001,AY000004,SEM000007,True,PRO000322,Improving,55,75,50,70,8,20,25,50,0.2,AR000322,SEM000007,AY000004,16.0,16.0,6.5,6.5,0,0,PASS,REG001275,CO000027,MN000012,REGISTERED,False,57.0,52.0,48.0,MK001181,20.0,34.0,54.0,B,6.0,24.0,4.0,4.0,PASS
ST000322,AIML2023322,Henry,Khanna,Male,2005-01-06,henry.khanna322@student.college.edu,7444552646,DEP000001,AY000004,SEM000007,True,PRO000322,Improving,55,75,50,70,8,20,25,50,0.2,AR000322,SEM000007,AY000004,16.0,16.0,6.5,6.5,0,0,PASS,REG001276,CO000028,MN000013,REGISTERED,False,66.0,50.0,58.0,MK001182,20.0,35.0,55.0,B,6.0,24.0,4.0,4.0,PASS
ST000323,AIML2023323,Liam,Murthy,Male,2005-05-31,liam.murthy323@student.college.edu,9396256610,DEP000001,AY000004,SEM000007,True,PRO000323,Improving,55,75,50,70,8,20,25,50,0.2,AR000323,SEM000007,AY000004,16.0,16.0,6.5,6.5,0,0,PASS,REG001277,CO000025,MN000010,REGISTERED,False,68.0,63.0,55.0,MK001183,20.0,49.0,69.0,B+,7.0,28.0,4.0,4.0,PASS
ST000323,AIML2023323,Liam,Murthy,Male,2005-05-31,liam.murthy323@student.college.edu,9396256610,DEP000001,AY000004,SEM000007,True,PRO000323,Improving,55,75,50,70,8,20,25,50,0.2,AR000323,SEM000007,AY000004,16.0,16.0,6.5,6.5,0,0,PASS,REG001278,CO000026,MN000011,REGISTERED,False,72.0,58.0,62.0,MK001184,17.0,50.0,67.0,B+,7.0,28.0,4.0,4.0,PASS
ST000323,AIML2023323,Liam,Murthy,Male,2005-05-31,liam.murthy323@student.college.edu,9396256610,DEP000001,AY000004,SEM000007,True,PRO000323,Improving,55,75,50,70,8,20,25,50,0.2,AR000323,SEM000007,AY000004,16.0,16.0,6.5,6.5,0,0,PASS,REG001279,CO000027,MN000012,REGISTERED,False,69.0,60.0,57.0,MK001185,17.0,36.0,53.0,B,6.0,24.0,4.0,4.0,PASS
ST000323,AIML2023323,Liam,Murthy,Male,2005-05-31,liam.murthy323@student.college.edu,9396256610,DEP000001,AY000004,SEM000007,True,PRO000323,Improving,55,75,50,70,8,20,25,50,0.2,AR000323,SEM000007,AY000004,16.0,16.0,6.5,6.5,0,0,PASS,REG001280,CO000028,MN000013,REGISTERED,False,66.0,63.0,58.0,MK001186,11.0,45.0,56.0,B,6.0,24.0,4.0,4.0,PASS
ST000324,AIML2023324,Ekantika,Gade,Female,2006-01-28,ekantika.gade324@student.college.edu,8874075158,DEP000001,AY000004,SEM000007,True,PRO000324,Good,80,95,75,90,18,28,45,65,0.03,AR000324,SEM000007,AY000004,16.0,16.0,8.0,8.0,0,0,PASS,REG001281,CO000025,MN000010,REGISTERED,False,94.0,76.0,83.0,MK001187,19.0,54.0,73.0,A,8.0,32.0,4.0,4.0,PASS
ST000324,AIML2023324,Ekantika,Gade,Female,2006-01-28,ekantika.gade324@student.college.edu,8874075158,DEP000001,AY000004,SEM000007,True,PRO000324,Good,80,95,75,90,18,28,45,65,0.03,AR000324,SEM000007,AY000004,16.0,16.0,8.0,8.0,0,0,PASS,REG001282,CO000026,MN000011,REGISTERED,False,85.0,79.0,88.0,MK001188,19.0,48.0,67.0,B+,7.0,28.0,4.0,4.0,PASS
ST000324,AIML2023324,Ekantika,Gade,Female,2006-01-28,ekantika.gade324@student.college.edu,8874075158,DEP000001,AY000004,SEM000007,True,PRO000324,Good,80,95,75,90,18,28,45,65,0.03,AR000324,SEM000007,AY000004,16.0,16.0,8.0,8.0,0,0,PASS,REG001283,CO000027,MN000012,REGISTERED,False,91.0,76.0,88.0,MK001189,23.0,51.0,74.0,A,8.0,32.0,4.0,4.0,PASS
ST000324,AIML2023324,Ekantika,Gade,Female,2006-01-28,ekantika.gade324@student.college.edu,8874075158,DEP000001,AY000004,SEM000007,True,PRO000324,Good,80,95,75,90,18,28,45,65,0.03,AR000324,SEM000007,AY000004,16.0,16.0,8.0,8.0,0,0,PASS,REG001284,CO000028,MN000013,REGISTERED,False,87.0,75.0,80.0,MK001190,27.0,55.0,82.0,A+,9.0,36.0,4.0,4.0,PASS
ST000325,AIML2023325,Mason,Barad,Male,2003-09-14,mason.barad325@student.college.edu,7602961820,DEP000001,AY000004,SEM000007,True,PRO000325,Improving,55,75,50,70,8,20,25,50,0.2,AR000325,SEM000007,AY000004,12.0,12.0,5.33,5.33,0,0,PASS,REG001285,CO000025,MN000010,REGISTERED,False,74.0,65.0,61.0,MK001191,12.0,44.0,56.0,B,6.0,24.0,4.0,4.0,PASS
ST000325,AIML2023325,Mason,Barad,Male,2003-09-14,mason.barad325@student.college.edu,7602961820,DEP000001,AY000004,SEM000007,True,PRO000325,Improving,55,75,50,70,8,20,25,50,0.2,AR000325,SEM000007,AY000004,12.0,12.0,5.33,5.33,0,0,PASS,REG001286,CO000026,MN000011,REGISTERED,False,64.0,62.0,57.0,MK001192,14.0,27.0,41.0,P,4.0,16.0,4.0,4.0,PASS
ST000325,AIML2023325,Mason,Barad,Male,2003-09-14,mason.barad325@student.college.edu,7602961820,DEP000001,AY000004,SEM000007,True,PRO000325,Improving,55,75,50,70,8,20,25,50,0.2,AR000325,SEM000007,AY000004,12.0,12.0,5.33,5.33,0,0,PASS,REG001287,CO000027,MN000012,REGISTERED,False,65.0,55.0,61.0,MK001193,8.0,50.0,58.0,B,6.0,24.0,4.0,4.0,PASS
ST000325,AIML2023325,Mason,Barad,Male,2003-09-14,mason.barad325@student.college.edu,7602961820,DEP000001,AY000004,SEM000007,True,PRO000325,Improving,55,75,50,70,8,20,25,50,0.2,AR000325,SEM000007,AY000004,12.0,12.0,5.33,5.33,0,0,PASS,REG001288,CO000028,MN000013,CANCELLED,False,59.0,56.0,57.0,,,,,,,,,,
ST000326,AIML2023326,Dominic,Solanki,Male,2005-09-23,dominic.solanki326@student.college.edu,6156041770,DEP000001,AY000004,SEM000007,True,PRO000326,Good,80,95,75,90,18,28,45,65,0.03,AR000326,SEM000007,AY000004,16.0,16.0,8.75,8.75,0,0,PASS,REG001289,CO000025,MN000010,REGISTERED,False,82.0,77.0,72.0,MK001194,25.0,57.0,82.0,A+,9.0,36.0,4.0,4.0,PASS
ST000326,AIML2023326,Dominic,Solanki,Male,2005-09-23,dominic.solanki326@student.college.edu,6156041770,DEP000001,AY000004,SEM000007,True,PRO000326,Good,80,95,75,90,18,28,45,65,0.03,AR000326,SEM000007,AY000004,16.0,16.0,8.75,8.75,0,0,PASS,REG001290,CO000026,MN000011,REGISTERED,False,94.0,84.0,91.0,MK001195,22.0,60.0,82.0,A+,9.0,36.0,4.0,4.0,PASS
ST000326,AIML2023326,Dominic,Solanki,Male,2005-09-23,dominic.solanki326@student.college.edu,6156041770,DEP000001,AY000004,SEM000007,True,PRO000326,Good,80,95,75,90,18,28,45,65,0.03,AR000326,SEM000007,AY000004,16.0,16.0,8.75,8.75,0,0,PASS,REG001291,CO000027,MN000012,REGISTERED,False,90.0,79.0,78.0,MK001196,26.0,46.0,72.0,A,8.0,32.0,4.0,4.0,PASS
ST000326,AIML2023326,Dominic,Solanki,Male,2005-09-23,dominic.solanki326@student.college.edu,6156041770,DEP000001,AY000004,SEM000007,True,PRO000326,Good,80,95,75,90,18,28,45,65,0.03,AR000326,SEM000007,AY000004,16.0,16.0,8.75,8.75,0,0,PASS,REG001292,CO000028,MN000013,REGISTERED,False,95.0,76.0,87.0,MK001197,26.0,56.0,82.0,A+,9.0,36.0,4.0,4.0,PASS
ST000327,AIML2023327,Faqid,Golla,Male,2005-11-14,faqid.golla327@student.college.edu,7577856577,DEP000001,AY000004,SEM000007,True,PRO000327,Good,80,95,75,90,18,28,45,65,0.03,AR000327,SEM000007,AY000004,16.0,16.0,7.75,7.75,0,0,PASS,REG001293,CO000025,MN000010,REGISTERED,False,81.0,79.0,73.0,MK001198,19.0,46.0,65.0,B+,7.0,28.0,4.0,4.0,PASS
ST000327,AIML2023327,Faqid,Golla,Male,2005-11-14,faqid.golla327@student.college.edu,7577856577,DEP000001,AY000004,SEM000007,True,PRO000327,Good,80,95,75,90,18,28,45,65,0.03,AR000327,SEM000007,AY000004,16.0,16.0,7.75,7.75,0,0,PASS,REG001294,CO000026,MN000011,REGISTERED,False,90.0,90.0,85.0,MK001199,25.0,55.0,80.0,A+,9.0,36.0,4.0,4.0,PASS
ST000327,AIML2023327,Faqid,Golla,Male,2005-11-14,faqid.golla327@student.college.edu,7577856577,DEP000001,AY000004,SEM000007,True,PRO000327,Good,80,95,75,90,18,28,45,65,0.03,AR000327,SEM000007,AY000004,16.0,16.0,7.75,7.75,0,0,PASS,REG001295,CO000027,MN000012,REGISTERED,False,92.0,77.0,88.0,MK001200,19.0,47.0,66.0,B+,7.0,28.0,4.0,4.0,PASS
ST000327,AIML2023327,Faqid,Golla,Male,2005-11-14,faqid.golla327@student.college.edu,7577856577,DEP000001,AY000004,SEM000007,True,PRO000327,Good,80,95,75,90,18,28,45,65,0.03,AR000327,SEM000007,AY000004,16.0,16.0,7.75,7.75,0,0,PASS,REG001296,CO000028,MN000013,REGISTERED,False,92.0,89.0,88.0,MK001201,20.0,52.0,72.0,A,8.0,32.0,4.0,4.0,PASS
ST000328,AIML2023328,Jyoti,Bhatnagar,Female,2006-03-09,jyoti.bhatnagar328@student.college.edu,7377994338,DEP000001,AY000004,SEM000007,True,PRO000328,Average,65,85,60,80,10,24,30,58,0.1,AR000328,SEM000007,AY000004,16.0,16.0,6.25,6.25,0,0,PASS,REG001297,CO000025,MN000010,REGISTERED,False,73.0,70.0,60.0,MK001202,13.0,51.0,64.0,B+,7.0,28.0,4.0,4.0,PASS
ST000328,AIML2023328,Jyoti,Bhatnagar,Female,2006-03-09,jyoti.bhatnagar328@student.college.edu,7377994338,DEP000001,AY000004,SEM000007,True,PRO000328,Average,65,85,60,80,10,24,30,58,0.1,AR000328,SEM000007,AY000004,16.0,16.0,6.25,6.25,0,0,PASS,REG001298,CO000026,MN000011,REGISTERED,False,78.0,76.0,65.0,MK001203,15.0,54.0,69.0,B+,7.0,28.0,4.0,4.0,PASS
ST000328,AIML2023328,Jyoti,Bhatnagar,Female,2006-03-09,jyoti.bhatnagar328@student.college.edu,7377994338,DEP000001,AY000004,SEM000007,True,PRO000328,Average,65,85,60,80,10,24,30,58,0.1,AR000328,SEM000007,AY000004,16.0,16.0,6.25,6.25,0,0,PASS,REG001299,CO000027,MN000012,REGISTERED,False,85.0,67.0,75.0,MK001204,16.0,33.0,49.0,C,5.0,20.0,4.0,4.0,PASS
ST000328,AIML2023328,Jyoti,Bhatnagar,Female,2006-03-09,jyoti.bhatnagar328@student.college.edu,7377994338,DEP000001,AY000004,SEM000007,True,PRO000328,Average,65,85,60,80,10,24,30,58,0.1,AR000328,SEM000007,AY000004,16.0,16.0,6.25,6.25,0,0,PASS,REG001300,CO000028,MN000013,REGISTERED,False,70.0,65.0,57.0,MK001205,12.0,45.0,57.0,B,6.0,24.0,4.0,4.0,PASS
ST000329,AIML2023329,Chakradev,Panchal,Male,2005-04-29,chakradev.panchal329@student.college.edu,8240125297,DEP000001,AY000004,SEM000007,True,PRO000329,Average,65,85,60,80,10,24,30,58,0.1,AR000329,SEM000007,AY000004,12.0,12.0,6.67,6.67,0,0,PASS,REG001301,CO000025,MN000010,REGISTERED,False,65.0,70.0,64.0,MK001206,23.0,44.0,67.0,B+,7.0,28.0,4.0,4.0,PASS
ST000329,AIML2023329,Chakradev,Panchal,Male,2005-04-29,chakradev.panchal329@student.college.edu,8240125297,DEP000001,AY000004,SEM000007,True,PRO000329,Average,65,85,60,80,10,24,30,58,0.1,AR000329,SEM000007,AY000004,12.0,12.0,6.67,6.67,0,0,PASS,REG001302,CO000026,MN000011,REGISTERED,False,71.0,62.0,79.0,MK001207,14.0,41.0,55.0,B,6.0,24.0,4.0,4.0,PASS
ST000329,AIML2023329,Chakradev,Panchal,Male,2005-04-29,chakradev.panchal329@student.college.edu,8240125297,DEP000001,AY000004,SEM000007,True,PRO000329,Average,65,85,60,80,10,24,30,58,0.1,AR000329,SEM000007,AY000004,12.0,12.0,6.67,6.67,0,0,PASS,REG001303,CO000027,MN000012,REGISTERED,False,78.0,60.0,76.0,MK001208,14.0,46.0,60.0,B+,7.0,28.0,4.0,4.0,PASS
ST000329,AIML2023329,Chakradev,Panchal,Male,2005-04-29,chakradev.panchal329@student.college.edu,8240125297,DEP000001,AY000004,SEM000007,True,PRO000329,Average,65,85,60,80,10,24,30,58,0.1,AR000329,SEM000007,AY000004,12.0,12.0,6.67,6.67,0,0,PASS,REG001304,CO000028,MN000013,CANCELLED,False,82.0,65.0,72.0,,,,,,,,,,
ST000330,AIML2023330,Tarak,Gade,Male,2005-03-23,tarak.gade330@student.college.edu,8562256541,DEP000001,AY000004,SEM000007,True,PRO000330,Excellent,90,100,90,100,24,30,55,70,0.01,AR000330,SEM000007,AY000004,16.0,16.0,9.75,9.75,0,0,PASS,REG001305,CO000025,MN000010,REGISTERED,False,93.0,94.0,86.0,MK001209,24.0,65.0,89.0,A+,9.0,36.0,4.0,4.0,PASS
ST000330,AIML2023330,Tarak,Gade,Male,2005-03-23,tarak.gade330@student.college.edu,8562256541,DEP000001,AY000004,SEM000007,True,PRO000330,Excellent,90,100,90,100,24,30,55,70,0.01,AR000330,SEM000007,AY000004,16.0,16.0,9.75,9.75,0,0,PASS,REG001306,CO000026,MN000011,REGISTERED,False,100.0,94.0,88.0,MK001210,26.0,68.0,94.0,O,10.0,40.0,4.0,4.0,PASS
ST000330,AIML2023330,Tarak,Gade,Male,2005-03-23,tarak.gade330@student.college.edu,8562256541,DEP000001,AY000004,SEM000007,True,PRO000330,Excellent,90,100,90,100,24,30,55,70,0.01,AR000330,SEM000007,AY000004,16.0,16.0,9.75,9.75,0,0,PASS,REG001307,CO000027,MN000012,REGISTERED,False,92.0,94.0,92.0,MK001211,28.0,66.0,94.0,O,10.0,40.0,4.0,4.0,PASS
ST000330,AIML2023330,Tarak,Gade,Male,2005-03-23,tarak.gade330@student.college.edu,8562256541,DEP000001,AY000004,SEM000007,True,PRO000330,Excellent,90,100,90,100,24,30,55,70,0.01,AR000330,SEM000007,AY000004,16.0,16.0,9.75,9.75,0,0,PASS,REG001308,CO000028,MN000013,REGISTERED,False,98.0,91.0,97.0,MK001212,28.0,69.0,97.0,O,10.0,40.0,4.0,4.0,PASS
ST000331,AIML2023331,Udarsh,Hans,Male,2006-04-26,udarsh.hans331@student.college.edu,9824771839,DEP000001,AY000004,SEM000007,True,PRO000331,Average,65,85,60,80,10,24,30,58,0.1,AR000331,SEM000007,AY000004,16.0,16.0,6.5,6.5,0,0,PASS,REG001309,CO000025,MN000010,REGISTERED,False,81.0,73.0,78.0,MK001213,23.0,33.0,56.0,B,6.0,24.0,4.0,4.0,PASS
ST000331,AIML2023331,Udarsh,Hans,Male,2006-04-26,udarsh.hans331@student.college.edu,9824771839,DEP000001,AY000004,SEM000007,True,PRO000331,Average,65,85,60,80,10,24,30,58,0.1,AR000331,SEM000007,AY000004,16.0,16.0,6.5,6.5,0,0,PASS,REG001310,CO000026,MN000011,REGISTERED,False,66.0,60.0,66.0,MK001214,24.0,53.0,77.0,A,8.0,32.0,4.0,4.0,PASS
ST000331,AIML2023331,Udarsh,Hans,Male,2006-04-26,udarsh.hans331@student.college.edu,9824771839,DEP000001,AY000004,SEM000007,True,PRO000331,Average,65,85,60,80,10,24,30,58,0.1,AR000331,SEM000007,AY000004,16.0,16.0,6.5,6.5,0,0,PASS,REG001311,CO000027,MN000012,REGISTERED,False,80.0,68.0,80.0,MK001215,11.0,38.0,49.0,C,5.0,20.0,4.0,4.0,PASS
ST000331,AIML2023331,Udarsh,Hans,Male,2006-04-26,udarsh.hans331@student.college.edu,9824771839,DEP000001,AY000004,SEM000007,True,PRO000331,Average,65,85,60,80,10,24,30,58,0.1,AR000331,SEM000007,AY000004,16.0,16.0,6.5,6.5,0,0,PASS,REG001312,CO000028,MN000013,REGISTERED,False,82.0,80.0,80.0,MK001216,21.0,40.0,61.0,B+,7.0,28.0,4.0,4.0,PASS
ST000332,AIML2023332,Anamika,Chawla,Female,2006-01-17,anamika.chawla332@student.college.edu,6327710937,DEP000001,AY000004,SEM000007,True,PRO000332,Excellent,90,100,90,100,24,30,55,70,0.01,AR000332,SEM000007,AY000004,16.0,16.0,9.5,9.5,0,0,PASS,REG001313,CO000025,MN000010,REGISTERED,False,91.0,96.0,99.0,MK001217,28.0,70.0,98.0,O,10.0,40.0,4.0,4.0,PASS
ST000332,AIML2023332,Anamika,Chawla,Female,2006-01-17,anamika.chawla332@student.college.edu,6327710937,DEP000001,AY000004,SEM000007,True,PRO000332,Excellent,90,100,90,100,24,30,55,70,0.01,AR000332,SEM000007,AY000004,16.0,16.0,9.5,9.5,0,0,PASS,REG001314,CO000026,MN000011,REGISTERED,False,100.0,91.0,88.0,MK001218,26.0,59.0,85.0,A+,9.0,36.0,4.0,4.0,PASS
ST000332,AIML2023332,Anamika,Chawla,Female,2006-01-17,anamika.chawla332@student.college.edu,6327710937,DEP000001,AY000004,SEM000007,True,PRO000332,Excellent,90,100,90,100,24,30,55,70,0.01,AR000332,SEM000007,AY000004,16.0,16.0,9.5,9.5,0,0,PASS,REG001315,CO000027,MN000012,REGISTERED,False,92.0,97.0,98.0,MK001219,26.0,65.0,91.0,O,10.0,40.0,4.0,4.0,PASS
ST000332,AIML2023332,Anamika,Chawla,Female,2006-01-17,anamika.chawla332@student.college.edu,6327710937,DEP000001,AY000004,SEM000007,True,PRO000332,Excellent,90,100,90,100,24,30,55,70,0.01,AR000332,SEM000007,AY000004,16.0,16.0,9.5,9.5,0,0,PASS,REG001316,CO000028,MN000013,REGISTERED,False,91.0,91.0,95.0,MK001220,24.0,64.0,88.0,A+,9.0,36.0,4.0,4.0,PASS
ST000333,AIML2023333,Nihal,Virk,Male,2004-07-06,nihal.virk333@student.college.edu,8117321050,DEP000001,AY000004,SEM000007,False,PRO000333,Average,65,85,60,80,10,24,30,58,0.1,AR000333,SEM000007,AY000004,0.0,0.0,0.0,0.0,0,0,NOT_REGISTERED,,,,,,,,,,,,,,,,,,
ST000334,AIML2023334,Krishna,Bajwa,Female,2003-09-30,krishna.bajwa334@student.college.edu,6980973890,DEP000001,AY000004,SEM000007,True,PRO000334,Good,80,95,75,90,18,28,45,65,0.03,AR000334,SEM000007,AY000004,16.0,16.0,8.0,8.0,0,0,PASS,REG001317,CO000025,MN000010,REGISTERED,False,86.0,82.0,91.0,MK001221,26.0,45.0,71.0,A,8.0,32.0,4.0,4.0,PASS
ST000334,AIML2023334,Krishna,Bajwa,Female,2003-09-30,krishna.bajwa334@student.college.edu,6980973890,DEP000001,AY000004,SEM000007,True,PRO000334,Good,80,95,75,90,18,28,45,65,0.03,AR000334,SEM000007,AY000004,16.0,16.0,8.0,8.0,0,0,PASS,REG001318,CO000026,MN000011,REGISTERED,False,95.0,87.0,85.0,MK001222,20.0,57.0,77.0,A,8.0,32.0,4.0,4.0,PASS
ST000334,AIML2023334,Krishna,Bajwa,Female,2003-09-30,krishna.bajwa334@student.college.edu,6980973890,DEP000001,AY000004,SEM000007,True,PRO000334,Good,80,95,75,90,18,28,45,65,0.03,AR000334,SEM000007,AY000004,16.0,16.0,8.0,8.0,0,0,PASS,REG001319,CO000027,MN000012,REGISTERED,False,84.0,83.0,73.0,MK001223,26.0,49.0,75.0,A,8.0,32.0,4.0,4.0,PASS
ST000334,AIML2023334,Krishna,Bajwa,Female,2003-09-30,krishna.bajwa334@student.college.edu,6980973890,DEP000001,AY000004,SEM000007,True,PRO000334,Good,80,95,75,90,18,28,45,65,0.03,AR000334,SEM000007,AY000004,16.0,16.0,8.0,8.0,0,0,PASS,REG001320,CO000028,MN000013,REGISTERED,False,82.0,80.0,71.0,MK001224,18.0,54.0,72.0,A,8.0,32.0,4.0,4.0,PASS
ST000335,AIML2023335,Chanakya,Narang,Male,2006-04-07,chanakya.narang335@student.college.edu,9256517758,DEP000001,AY000004,SEM000007,True,PRO000335,Average,65,85,60,80,10,24,30,58,0.1,AR000335,SEM000007,AY000004,16.0,16.0,6.75,6.75,0,0,PASS,REG001321,CO000025,MN000010,REGISTERED,False,65.0,60.0,73.0,MK001225,13.0,54.0,67.0,B+,7.0,28.0,4.0,4.0,PASS
ST000335,AIML2023335,Chanakya,Narang,Male,2006-04-07,chanakya.narang335@student.college.edu,9256517758,DEP000001,AY000004,SEM000007,True,PRO000335,Average,65,85,60,80,10,24,30,58,0.1,AR000335,SEM000007,AY000004,16.0,16.0,6.75,6.75,0,0,PASS,REG001322,CO000026,MN000011,REGISTERED,False,66.0,60.0,53.0,MK001226,11.0,40.0,51.0,B,6.0,24.0,4.0,4.0,PASS
ST000335,AIML2023335,Chanakya,Narang,Male,2006-04-07,chanakya.narang335@student.college.edu,9256517758,DEP000001,AY000004,SEM000007,True,PRO000335,Average,65,85,60,80,10,24,30,58,0.1,AR000335,SEM000007,AY000004,16.0,16.0,6.75,6.75,0,0,PASS,REG001323,CO000027,MN000012,REGISTERED,False,77.0,66.0,62.0,MK001227,21.0,36.0,57.0,B,6.0,24.0,4.0,4.0,PASS
ST000335,AIML2023335,Chanakya,Narang,Male,2006-04-07,chanakya.narang335@student.college.edu,9256517758,DEP000001,AY000004,SEM000007,True,PRO000335,Average,65,85,60,80,10,24,30,58,0.1,AR000335,SEM000007,AY000004,16.0,16.0,6.75,6.75,0,0,PASS,REG001324,CO000028,MN000013,REGISTERED,False,81.0,64.0,75.0,MK001228,21.0,55.0,76.0,A,8.0,32.0,4.0,4.0,PASS
ST000336,AIML2023336,Chanchal,Munshi,Female,2004-03-17,chanchal.munshi336@student.college.edu,8592154218,DEP000001,AY000004,SEM000007,True,PRO000336,Declining,40,65,35,60,4,16,15,40,0.45,AR000336,SEM000007,AY000004,12.0,8.0,3.0,3.0,1,1,PROMOTED,REG001325,CO000025,MN000010,REGISTERED,True,58.0,50.0,46.0,MK001229,15.0,34.0,49.0,C,5.0,20.0,4.0,4.0,PASS
ST000336,AIML2023336,Chanchal,Munshi,Female,2004-03-17,chanchal.munshi336@student.college.edu,8592154218,DEP000001,AY000004,SEM000007,True,PRO000336,Declining,40,65,35,60,4,16,15,40,0.45,AR000336,SEM000007,AY000004,12.0,8.0,3.0,3.0,1,1,PROMOTED,REG001326,CO000026,MN000011,REGISTERED,False,50.0,42.0,41.0,MK001230,7.0,18.0,25.0,F,0.0,0.0,4.0,0.0,FAIL
ST000336,AIML2023336,Chanchal,Munshi,Female,2004-03-17,chanchal.munshi336@student.college.edu,8592154218,DEP000001,AY000004,SEM000007,True,PRO000336,Declining,40,65,35,60,4,16,15,40,0.45,AR000336,SEM000007,AY000004,12.0,8.0,3.0,3.0,1,1,PROMOTED,REG001327,CO000027,MN000012,CANCELLED,False,55.0,60.0,41.0,,,,,,,,,,
ST000336,AIML2023336,Chanchal,Munshi,Female,2004-03-17,chanchal.munshi336@student.college.edu,8592154218,DEP000001,AY000004,SEM000007,True,PRO000336,Declining,40,65,35,60,4,16,15,40,0.45,AR000336,SEM000007,AY000004,12.0,8.0,3.0,3.0,1,1,PROMOTED,REG001328,CO000028,MN000013,REGISTERED,False,51.0,44.0,41.0,MK001231,8.0,35.0,43.0,P,4.0,16.0,4.0,4.0,PASS
ST000337,AIML2023337,Vansha,Sinha,Female,2003-08-31,vansha.sinha337@student.college.edu,6523111706,DEP000001,AY000004,SEM000007,True,PRO000337,Excellent,90,100,90,100,24,30,55,70,0.01,AR000337,SEM000007,AY000004,16.0,16.0,9.25,9.25,0,0,PASS,REG001329,CO000025,MN000010,REGISTERED,False,91.0,96.0,100.0,MK001232,29.0,56.0,85.0,A+,9.0,36.0,4.0,4.0,PASS
ST000337,AIML2023337,Vansha,Sinha,Female,2003-08-31,vansha.sinha337@student.college.edu,6523111706,DEP000001,AY000004,SEM000007,True,PRO000337,Excellent,90,100,90,100,24,30,55,70,0.01,AR000337,SEM000007,AY000004,16.0,16.0,9.25,9.25,0,0,PASS,REG001330,CO000026,MN000011,REGISTERED,False,98.0,93.0,88.0,MK001233,24.0,67.0,91.0,O,10.0,40.0,4.0,4.0,PASS
ST000337,AIML2023337,Vansha,Sinha,Female,2003-08-31,vansha.sinha337@student.college.edu,6523111706,DEP000001,AY000004,SEM000007,True,PRO000337,Excellent,90,100,90,100,24,30,55,70,0.01,AR000337,SEM000007,AY000004,16.0,16.0,9.25,9.25,0,0,PASS,REG001331,CO000027,MN000012,REGISTERED,False,97.0,91.0,95.0,MK001234,30.0,57.0,87.0,A+,9.0,36.0,4.0,4.0,PASS
ST000337,AIML2023337,Vansha,Sinha,Female,2003-08-31,vansha.sinha337@student.college.edu,6523111706,DEP000001,AY000004,SEM000007,True,PRO000337,Excellent,90,100,90,100,24,30,55,70,0.01,AR000337,SEM000007,AY000004,16.0,16.0,9.25,9.25,0,0,PASS,REG001332,CO000028,MN000013,REGISTERED,False,96.0,94.0,86.0,MK001235,28.0,61.0,89.0,A+,9.0,36.0,4.0,4.0,PASS
ST000338,AIML2023338,Idika,Dewan,Female,2003-10-02,idika.dewan338@student.college.edu,8786714422,DEP000001,AY000004,SEM000007,True,PRO000338,Average,65,85,60,80,10,24,30,58,0.1,AR000338,SEM000007,AY000004,16.0,16.0,7.25,7.25,0,0,PASS,REG001333,CO000025,MN000010,REGISTERED,False,80.0,74.0,69.0,MK001236,21.0,57.0,78.0,A,8.0,32.0,4.0,4.0,PASS
ST000338,AIML2023338,Idika,Dewan,Female,2003-10-02,idika.dewan338@student.college.edu,8786714422,DEP000001,AY000004,SEM000007,True,PRO000338,Average,65,85,60,80,10,24,30,58,0.1,AR000338,SEM000007,AY000004,16.0,16.0,7.25,7.25,0,0,PASS,REG001334,CO000026,MN000011,REGISTERED,False,75.0,80.0,66.0,MK001237,22.0,53.0,75.0,A,8.0,32.0,4.0,4.0,PASS
ST000338,AIML2023338,Idika,Dewan,Female,2003-10-02,idika.dewan338@student.college.edu,8786714422,DEP000001,AY000004,SEM000007,True,PRO000338,Average,65,85,60,80,10,24,30,58,0.1,AR000338,SEM000007,AY000004,16.0,16.0,7.25,7.25,0,0,PASS,REG001335,CO000027,MN000012,REGISTERED,False,71.0,61.0,73.0,MK001238,13.0,48.0,61.0,B+,7.0,28.0,4.0,4.0,PASS
ST000338,AIML2023338,Idika,Dewan,Female,2003-10-02,idika.dewan338@student.college.edu,8786714422,DEP000001,AY000004,SEM000007,True,PRO000338,Average,65,85,60,80,10,24,30,58,0.1,AR000338,SEM000007,AY000004,16.0,16.0,7.25,7.25,0,0,PASS,REG001336,CO000028,MN000013,REGISTERED,False,65.0,61.0,58.0,MK001239,11.0,45.0,56.0,B,6.0,24.0,4.0,4.0,PASS
ST000339,AIML2023339,Yadavi,Seth,Female,2005-10-30,yadavi.seth339@student.college.edu,6076477935,DEP000001,AY000004,SEM000007,True,PRO000339,Average,65,85,60,80,10,24,30,58,0.1,AR000339,SEM000007,AY000004,16.0,16.0,7.0,7.0,0,0,PASS,REG001337,CO000025,MN000010,REGISTERED,False,80.0,68.0,73.0,MK001240,17.0,39.0,56.0,B,6.0,24.0,4.0,4.0,PASS
ST000339,AIML2023339,Yadavi,Seth,Female,2005-10-30,yadavi.seth339@student.college.edu,6076477935,DEP000001,AY000004,SEM000007,True,PRO000339,Average,65,85,60,80,10,24,30,58,0.1,AR000339,SEM000007,AY000004,16.0,16.0,7.0,7.0,0,0,PASS,REG001338,CO000026,MN000011,REGISTERED,False,67.0,71.0,70.0,MK001241,16.0,53.0,69.0,B+,7.0,28.0,4.0,4.0,PASS
ST000339,AIML2023339,Yadavi,Seth,Female,2005-10-30,yadavi.seth339@student.college.edu,6076477935,DEP000001,AY000004,SEM000007,True,PRO000339,Average,65,85,60,80,10,24,30,58,0.1,AR000339,SEM000007,AY000004,16.0,16.0,7.0,7.0,0,0,PASS,REG001339,CO000027,MN000012,REGISTERED,False,85.0,79.0,77.0,MK001242,17.0,52.0,69.0,B+,7.0,28.0,4.0,4.0,PASS
ST000339,AIML2023339,Yadavi,Seth,Female,2005-10-30,yadavi.seth339@student.college.edu,6076477935,DEP000001,AY000004,SEM000007,True,PRO000339,Average,65,85,60,80,10,24,30,58,0.1,AR000339,SEM000007,AY000004,16.0,16.0,7.0,7.0,0,0,PASS,REG001340,CO000028,MN000013,REGISTERED,False,81.0,76.0,66.0,MK001243,18.0,53.0,71.0,A,8.0,32.0,4.0,4.0,PASS
ST000340,AIML2023340,Ranbir,Sekhon,Male,2005-06-15,ranbir.sekhon340@student.college.edu,7559333935,DEP000001,AY000004,SEM000007,True,PRO000340,Average,65,85,60,80,10,24,30,58,0.1,AR000340,SEM000007,AY000004,16.0,16.0,6.25,6.25,0,0,PASS,REG001341,CO000025,MN000010,REGISTERED,False,73.0,67.0,64.0,MK001244,12.0,37.0,49.0,C,5.0,20.0,4.0,4.0,PASS
ST000340,AIML2023340,Ranbir,Sekhon,Male,2005-06-15,ranbir.sekhon340@student.college.edu,7559333935,DEP000001,AY000004,SEM000007,True,PRO000340,Average,65,85,60,80,10,24,30,58,0.1,AR000340,SEM000007,AY000004,16.0,16.0,6.25,6.25,0,0,PASS,REG001342,CO000026,MN000011,REGISTERED,False,82.0,73.0,73.0,MK001245,12.0,49.0,61.0,B+,7.0,28.0,4.0,4.0,PASS
ST000340,AIML2023340,Ranbir,Sekhon,Male,2005-06-15,ranbir.sekhon340@student.college.edu,7559333935,DEP000001,AY000004,SEM000007,True,PRO000340,Average,65,85,60,80,10,24,30,58,0.1,AR000340,SEM000007,AY000004,16.0,16.0,6.25,6.25,0,0,PASS,REG001343,CO000027,MN000012,REGISTERED,False,75.0,67.0,69.0,MK001246,20.0,42.0,62.0,B+,7.0,28.0,4.0,4.0,PASS
ST000340,AIML2023340,Ranbir,Sekhon,Male,2005-06-15,ranbir.sekhon340@student.college.edu,7559333935,DEP000001,AY000004,SEM000007,True,PRO000340,Average,65,85,60,80,10,24,30,58,0.1,AR000340,SEM000007,AY000004,16.0,16.0,6.25,6.25,0,0,PASS,REG001344,CO000028,MN000013,REGISTERED,False,69.0,72.0,68.0,MK001247,11.0,47.0,58.0,B,6.0,24.0,4.0,4.0,PASS
ST000341,AIML2023341,Arin,Ramachandran,Male,2004-11-10,arin.ramachandran341@student.college.edu,6868722668,DEP000001,AY000004,SEM000007,True,PRO000341,Average,65,85,60,80,10,24,30,58,0.1,AR000341,SEM000007,AY000004,16.0,16.0,6.25,6.25,0,0,PASS,REG001345,CO000025,MN000010,REGISTERED,False,68.0,62.0,59.0,MK001248,20.0,36.0,56.0,B,6.0,24.0,4.0,4.0,PASS
ST000341,AIML2023341,Arin,Ramachandran,Male,2004-11-10,arin.ramachandran341@student.college.edu,6868722668,DEP000001,AY000004,SEM000007,True,PRO000341,Average,65,85,60,80,10,24,30,58,0.1,AR000341,SEM000007,AY000004,16.0,16.0,6.25,6.25,0,0,PASS,REG001346,CO000026,MN000011,REGISTERED,False,83.0,66.0,80.0,MK001249,16.0,32.0,48.0,C,5.0,20.0,4.0,4.0,PASS
ST000341,AIML2023341,Arin,Ramachandran,Male,2004-11-10,arin.ramachandran341@student.college.edu,6868722668,DEP000001,AY000004,SEM000007,True,PRO000341,Average,65,85,60,80,10,24,30,58,0.1,AR000341,SEM000007,AY000004,16.0,16.0,6.25,6.25,0,0,PASS,REG001347,CO000027,MN000012,REGISTERED,False,77.0,61.0,77.0,MK001250,19.0,35.0,54.0,B,6.0,24.0,4.0,4.0,PASS
ST000341,AIML2023341,Arin,Ramachandran,Male,2004-11-10,arin.ramachandran341@student.college.edu,6868722668,DEP000001,AY000004,SEM000007,True,PRO000341,Average,65,85,60,80,10,24,30,58,0.1,AR000341,SEM000007,AY000004,16.0,16.0,6.25,6.25,0,0,PASS,REG001348,CO000028,MN000013,REGISTERED,False,68.0,69.0,66.0,MK001251,22.0,55.0,77.0,A,8.0,32.0,4.0,4.0,PASS
ST000342,AIML2023342,Barkha,Sehgal,Female,2005-09-25,barkha.sehgal342@student.college.edu,7603354537,DEP000001,AY000004,SEM000007,True,PRO000342,Declining,40,65,35,60,4,16,15,40,0.45,AR000342,SEM000007,AY000004,16.0,4.0,1.0,1.0,3,3,FAIL,REG001349,CO000025,MN000010,REGISTERED,False,63.0,58.0,49.0,MK001252,12.0,24.0,36.0,F,0.0,0.0,4.0,0.0,FAIL
ST000342,AIML2023342,Barkha,Sehgal,Female,2005-09-25,barkha.sehgal342@student.college.edu,7603354537,DEP000001,AY000004,SEM000007,True,PRO000342,Declining,40,65,35,60,4,16,15,40,0.45,AR000342,SEM000007,AY000004,16.0,4.0,1.0,1.0,3,3,FAIL,REG001350,CO000026,MN000011,REGISTERED,False,50.0,38.0,39.0,MK001253,15.0,15.0,30.0,F,0.0,0.0,4.0,0.0,FAIL
ST000342,AIML2023342,Barkha,Sehgal,Female,2005-09-25,barkha.sehgal342@student.college.edu,7603354537,DEP000001,AY000004,SEM000007,True,PRO000342,Declining,40,65,35,60,4,16,15,40,0.45,AR000342,SEM000007,AY000004,16.0,4.0,1.0,1.0,3,3,FAIL,REG001351,CO000027,MN000012,REGISTERED,False,64.0,46.0,49.0,MK001254,6.0,20.0,26.0,F,0.0,0.0,4.0,0.0,FAIL
ST000342,AIML2023342,Barkha,Sehgal,Female,2005-09-25,barkha.sehgal342@student.college.edu,7603354537,DEP000001,AY000004,SEM000007,True,PRO000342,Declining,40,65,35,60,4,16,15,40,0.45,AR000342,SEM000007,AY000004,16.0,4.0,1.0,1.0,3,3,FAIL,REG001352,CO000028,MN000013,REGISTERED,False,55.0,38.0,50.0,MK001255,12.0,32.0,44.0,P,4.0,16.0,4.0,4.0,PASS
ST000343,AIML2023343,Ayushman,Shere,Male,2006-07-23,ayushman.shere343@student.college.edu,8068327442,DEP000001,AY000004,SEM000007,True,PRO000343,Average,65,85,60,80,10,24,30,58,0.1,AR000343,SEM000007,AY000004,16.0,16.0,7.25,7.25,0,0,PASS,REG001353,CO000025,MN000010,REGISTERED,False,78.0,68.0,64.0,MK001256,23.0,54.0,77.0,A,8.0,32.0,4.0,4.0,PASS
ST000343,AIML2023343,Ayushman,Shere,Male,2006-07-23,ayushman.shere343@student.college.edu,8068327442,DEP000001,AY000004,SEM000007,True,PRO000343,Average,65,85,60,80,10,24,30,58,0.1,AR000343,SEM000007,AY000004,16.0,16.0,7.25,7.25,0,0,PASS,REG001354,CO000026,MN000011,REGISTERED,False,81.0,68.0,78.0,MK001257,14.0,40.0,54.0,B,6.0,24.0,4.0,4.0,PASS
ST000343,AIML2023343,Ayushman,Shere,Male,2006-07-23,ayushman.shere343@student.college.edu,8068327442,DEP000001,AY000004,SEM000007,True,PRO000343,Average,65,85,60,80,10,24,30,58,0.1,AR000343,SEM000007,AY000004,16.0,16.0,7.25,7.25,0,0,PASS,REG001355,CO000027,MN000012,REGISTERED,False,81.0,79.0,77.0,MK001258,20.0,57.0,77.0,A,8.0,32.0,4.0,4.0,PASS
ST000343,AIML2023343,Ayushman,Shere,Male,2006-07-23,ayushman.shere343@student.college.edu,8068327442,DEP000001,AY000004,SEM000007,True,PRO000343,Average,65,85,60,80,10,24,30,58,0.1,AR000343,SEM000007,AY000004,16.0,16.0,7.25,7.25,0,0,PASS,REG001356,CO000028,MN000013,REGISTERED,False,83.0,72.0,68.0,MK001259,17.0,45.0,62.0,B+,7.0,28.0,4.0,4.0,PASS
ST000344,AIML2023344,Gabriel,Lala,Male,2003-10-02,gabriel.lala344@student.college.edu,8366593309,DEP000001,AY000004,SEM000007,True,PRO000344,Good,80,95,75,90,18,28,45,65,0.03,AR000344,SEM000007,AY000004,16.0,16.0,8.5,8.5,0,0,PASS,REG001357,CO000025,MN000010,REGISTERED,False,82.0,83.0,84.0,MK001260,26.0,57.0,83.0,A+,9.0,36.0,4.0,4.0,PASS
ST000344,AIML2023344,Gabriel,Lala,Male,2003-10-02,gabriel.lala344@student.college.edu,8366593309,DEP000001,AY000004,SEM000007,True,PRO000344,Good,80,95,75,90,18,28,45,65,0.03,AR000344,SEM000007,AY000004,16.0,16.0,8.5,8.5,0,0,PASS,REG001358,CO000026,MN000011,REGISTERED,False,90.0,80.0,88.0,MK001261,25.0,60.0,85.0,A+,9.0,36.0,4.0,4.0,PASS
ST000344,AIML2023344,Gabriel,Lala,Male,2003-10-02,gabriel.lala344@student.college.edu,8366593309,DEP000001,AY000004,SEM000007,True,PRO000344,Good,80,95,75,90,18,28,45,65,0.03,AR000344,SEM000007,AY000004,16.0,16.0,8.5,8.5,0,0,PASS,REG001359,CO000027,MN000012,REGISTERED,False,92.0,80.0,82.0,MK001262,21.0,55.0,76.0,A,8.0,32.0,4.0,4.0,PASS
ST000344,AIML2023344,Gabriel,Lala,Male,2003-10-02,gabriel.lala344@student.college.edu,8366593309,DEP000001,AY000004,SEM000007,True,PRO000344,Good,80,95,75,90,18,28,45,65,0.03,AR000344,SEM000007,AY000004,16.0,16.0,8.5,8.5,0,0,PASS,REG001360,CO000028,MN000013,REGISTERED,False,93.0,87.0,91.0,MK001263,26.0,51.0,77.0,A,8.0,32.0,4.0,4.0,PASS
ST000345,AIML2023345,Ekalinga,Prashad,Male,2004-10-08,ekalinga.prashad345@student.college.edu,6381226333,DEP000001,AY000004,SEM000007,True,PRO000345,Average,65,85,60,80,10,24,30,58,0.1,AR000345,SEM000007,AY000004,12.0,12.0,6.67,6.67,0,0,PASS,REG001361,CO000025,MN000010,CANCELLED,False,83.0,71.0,80.0,,,,,,,,,,
ST000345,AIML2023345,Ekalinga,Prashad,Male,2004-10-08,ekalinga.prashad345@student.college.edu,6381226333,DEP000001,AY000004,SEM000007,True,PRO000345,Average,65,85,60,80,10,24,30,58,0.1,AR000345,SEM000007,AY000004,12.0,12.0,6.67,6.67,0,0,PASS,REG001362,CO000026,MN000011,REGISTERED,False,66.0,71.0,55.0,MK001264,12.0,39.0,51.0,B,6.0,24.0,4.0,4.0,PASS
ST000345,AIML2023345,Ekalinga,Prashad,Male,2004-10-08,ekalinga.prashad345@student.college.edu,6381226333,DEP000001,AY000004,SEM000007,True,PRO000345,Average,65,85,60,80,10,24,30,58,0.1,AR000345,SEM000007,AY000004,12.0,12.0,6.67,6.67,0,0,PASS,REG001363,CO000027,MN000012,REGISTERED,False,73.0,72.0,73.0,MK001265,24.0,43.0,67.0,B+,7.0,28.0,4.0,4.0,PASS
ST000345,AIML2023345,Ekalinga,Prashad,Male,2004-10-08,ekalinga.prashad345@student.college.edu,6381226333,DEP000001,AY000004,SEM000007,True,PRO000345,Average,65,85,60,80,10,24,30,58,0.1,AR000345,SEM000007,AY000004,12.0,12.0,6.67,6.67,0,0,PASS,REG001364,CO000028,MN000013,REGISTERED,False,74.0,60.0,70.0,MK001266,20.0,43.0,63.0,B+,7.0,28.0,4.0,4.0,PASS
ST000346,AIML2023346,Siddharth,Mander,Male,2004-07-23,siddharth.mander346@student.college.edu,9035037485,DEP000001,AY000004,SEM000007,True,PRO000346,Declining,40,65,35,60,4,16,15,40,0.45,AR000346,SEM000007,AY000004,16.0,12.0,3.5,3.5,1,1,PROMOTED,REG001365,CO000025,MN000010,REGISTERED,False,41.0,43.0,29.0,MK001267,5.0,36.0,41.0,P,4.0,16.0,4.0,4.0,PASS
ST000346,AIML2023346,Siddharth,Mander,Male,2004-07-23,siddharth.mander346@student.college.edu,9035037485,DEP000001,AY000004,SEM000007,True,PRO000346,Declining,40,65,35,60,4,16,15,40,0.45,AR000346,SEM000007,AY000004,16.0,12.0,3.5,3.5,1,1,PROMOTED,REG001366,CO000026,MN000011,REGISTERED,False,46.0,44.0,43.0,MK001268,14.0,36.0,50.0,B,6.0,24.0,4.0,4.0,PASS
ST000346,AIML2023346,Siddharth,Mander,Male,2004-07-23,siddharth.mander346@student.college.edu,9035037485,DEP000001,AY000004,SEM000007,True,PRO000346,Declining,40,65,35,60,4,16,15,40,0.45,AR000346,SEM000007,AY000004,16.0,12.0,3.5,3.5,1,1,PROMOTED,REG001367,CO000027,MN000012,REGISTERED,False,58.0,54.0,50.0,MK001269,7.0,15.0,22.0,F,0.0,0.0,4.0,0.0,FAIL
ST000346,AIML2023346,Siddharth,Mander,Male,2004-07-23,siddharth.mander346@student.college.edu,9035037485,DEP000001,AY000004,SEM000007,True,PRO000346,Declining,40,65,35,60,4,16,15,40,0.45,AR000346,SEM000007,AY000004,16.0,12.0,3.5,3.5,1,1,PROMOTED,REG001368,CO000028,MN000013,REGISTERED,True,48.0,38.0,34.0,MK001270,11.0,32.0,43.0,P,4.0,16.0,4.0,4.0,PASS
ST000347,AIML2023347,Andrew,Thaker,Male,2003-12-22,andrew.thaker347@student.college.edu,6733666411,DEP000001,AY000004,SEM000007,True,PRO000347,Average,65,85,60,80,10,24,30,58,0.1,AR000347,SEM000007,AY000004,16.0,16.0,6.25,6.25,0,0,PASS,REG001369,CO000025,MN000010,REGISTERED,False,72.0,60.0,67.0,MK001271,12.0,35.0,47.0,C,5.0,20.0,4.0,4.0,PASS
ST000347,AIML2023347,Andrew,Thaker,Male,2003-12-22,andrew.thaker347@student.college.edu,6733666411,DEP000001,AY000004,SEM000007,True,PRO000347,Average,65,85,60,80,10,24,30,58,0.1,AR000347,SEM000007,AY000004,16.0,16.0,6.25,6.25,0,0,PASS,REG001370,CO000026,MN000011,REGISTERED,False,80.0,67.0,76.0,MK001272,20.0,45.0,65.0,B+,7.0,28.0,4.0,4.0,PASS
ST000347,AIML2023347,Andrew,Thaker,Male,2003-12-22,andrew.thaker347@student.college.edu,6733666411,DEP000001,AY000004,SEM000007,True,PRO000347,Average,65,85,60,80,10,24,30,58,0.1,AR000347,SEM000007,AY000004,16.0,16.0,6.25,6.25,0,0,PASS,REG001371,CO000027,MN000012,REGISTERED,False,66.0,70.0,62.0,MK001273,20.0,48.0,68.0,B+,7.0,28.0,4.0,4.0,PASS
ST000347,AIML2023347,Andrew,Thaker,Male,2003-12-22,andrew.thaker347@student.college.edu,6733666411,DEP000001,AY000004,SEM000007,True,PRO000347,Average,65,85,60,80,10,24,30,58,0.1,AR000347,SEM000007,AY000004,16.0,16.0,6.25,6.25,0,0,PASS,REG001372,CO000028,MN000013,REGISTERED,False,80.0,70.0,79.0,MK001274,18.0,40.0,58.0,B,6.0,24.0,4.0,4.0,PASS
ST000348,AIML2023348,Kavya,Kala,Female,2005-10-17,kavya.kala348@student.college.edu,9258433877,DEP000001,AY000004,SEM000007,True,PRO000348,Good,80,95,75,90,18,28,45,65,0.03,AR000348,SEM000007,AY000004,12.0,12.0,8.0,8.0,0,0,PASS,REG001373,CO000025,MN000010,REGISTERED,False,84.0,89.0,78.0,MK001275,26.0,48.0,74.0,A,8.0,32.0,4.0,4.0,PASS
ST000348,AIML2023348,Kavya,Kala,Female,2005-10-17,kavya.kala348@student.college.edu,9258433877,DEP000001,AY000004,SEM000007,True,PRO000348,Good,80,95,75,90,18,28,45,65,0.03,AR000348,SEM000007,AY000004,12.0,12.0,8.0,8.0,0,0,PASS,REG001374,CO000026,MN000011,REGISTERED,False,89.0,82.0,85.0,MK001276,23.0,46.0,69.0,B+,7.0,28.0,4.0,4.0,PASS
ST000348,AIML2023348,Kavya,Kala,Female,2005-10-17,kavya.kala348@student.college.edu,9258433877,DEP000001,AY000004,SEM000007,True,PRO000348,Good,80,95,75,90,18,28,45,65,0.03,AR000348,SEM000007,AY000004,12.0,12.0,8.0,8.0,0,0,PASS,REG001375,CO000027,MN000012,CANCELLED,False,80.0,82.0,71.0,,,,,,,,,,
ST000348,AIML2023348,Kavya,Kala,Female,2005-10-17,kavya.kala348@student.college.edu,9258433877,DEP000001,AY000004,SEM000007,True,PRO000348,Good,80,95,75,90,18,28,45,65,0.03,AR000348,SEM000007,AY000004,12.0,12.0,8.0,8.0,0,0,PASS,REG001376,CO000028,MN000013,REGISTERED,False,94.0,76.0,81.0,MK001277,18.0,63.0,81.0,A+,9.0,36.0,4.0,4.0,PASS
ST000349,AIML2023349,Lila,Talwar,Female,2006-03-25,lila.talwar349@student.college.edu,7664781477,DEP000001,AY000004,SEM000007,False,PRO000349,Average,65,85,60,80,10,24,30,58,0.1,AR000349,SEM000007,AY000004,0.0,0.0,0.0,0.0,0,0,NOT_REGISTERED,,,,,,,,,,,,,,,,,,
ST000350,AIML2023350,Kabir,Chana,Male,2004-05-13,kabir.chana350@student.college.edu,6873541125,DEP000001,AY000004,SEM000007,True,PRO000350,Declining,40,65,35,60,4,16,15,40,0.45,AR000350,SEM000007,AY000004,12.0,4.0,1.33,1.33,2,2,PROMOTED,REG001377,CO000025,MN000010,CANCELLED,False,43.0,39.0,35.0,,,,,,,,,,
ST000350,AIML2023350,Kabir,Chana,Male,2004-05-13,kabir.chana350@student.college.edu,6873541125,DEP000001,AY000004,SEM000007,True,PRO000350,Declining,40,65,35,60,4,16,15,40,0.45,AR000350,SEM000007,AY000004,12.0,4.0,1.33,1.33,2,2,PROMOTED,REG001378,CO000026,MN000011,REGISTERED,False,57.0,51.0,45.0,MK001278,11.0,29.0,40.0,P,4.0,16.0,4.0,4.0,PASS
ST000350,AIML2023350,Kabir,Chana,Male,2004-05-13,kabir.chana350@student.college.edu,6873541125,DEP000001,AY000004,SEM000007,True,PRO000350,Declining,40,65,35,60,4,16,15,40,0.45,AR000350,SEM000007,AY000004,12.0,4.0,1.33,1.33,2,2,PROMOTED,REG001379,CO000027,MN000012,REGISTERED,False,43.0,48.0,41.0,MK001279,13.0,16.0,29.0,F,0.0,0.0,4.0,0.0,FAIL
ST000350,AIML2023350,Kabir,Chana,Male,2004-05-13,kabir.chana350@student.college.edu,6873541125,DEP000001,AY000004,SEM000007,True,PRO000350,Declining,40,65,35,60,4,16,15,40,0.45,AR000350,SEM000007,AY000004,12.0,4.0,1.33,1.33,2,2,PROMOTED,REG001380,CO000028,MN000013,REGISTERED,False,44.0,47.0,49.0,MK001280,4.0,28.0,32.0,F,0.0,0.0,4.0,0.0,FAIL
ST000351,AIML2023351,Timothy,Oommen,Male,2005-03-26,timothy.oommen351@student.college.edu,7873077438,DEP000001,AY000004,SEM000007,True,PRO000351,Declining,40,65,35,60,4,16,15,40,0.45,AR000351,SEM000007,AY000004,12.0,8.0,3.33,3.33,1,1,PROMOTED,REG001381,CO000025,MN000010,CANCELLED,False,48.0,41.0,45.0,,,,,,,,,,
ST000351,AIML2023351,Timothy,Oommen,Male,2005-03-26,timothy.oommen351@student.college.edu,7873077438,DEP000001,AY000004,SEM000007,True,PRO000351,Declining,40,65,35,60,4,16,15,40,0.45,AR000351,SEM000007,AY000004,12.0,8.0,3.33,3.33,1,1,PROMOTED,REG001382,CO000026,MN000011,REGISTERED,False,52.0,37.0,48.0,MK001281,6.0,16.0,22.0,F,0.0,0.0,4.0,0.0,FAIL
ST000351,AIML2023351,Timothy,Oommen,Male,2005-03-26,timothy.oommen351@student.college.edu,7873077438,DEP000001,AY000004,SEM000007,True,PRO000351,Declining,40,65,35,60,4,16,15,40,0.45,AR000351,SEM000007,AY000004,12.0,8.0,3.33,3.33,1,1,PROMOTED,REG001383,CO000027,MN000012,REGISTERED,False,41.0,39.0,50.0,MK001282,16.0,35.0,51.0,B,6.0,24.0,4.0,4.0,PASS
ST000351,AIML2023351,Timothy,Oommen,Male,2005-03-26,timothy.oommen351@student.college.edu,7873077438,DEP000001,AY000004,SEM000007,True,PRO000351,Declining,40,65,35,60,4,16,15,40,0.45,AR000351,SEM000007,AY000004,12.0,8.0,3.33,3.33,1,1,PROMOTED,REG001384,CO000028,MN000013,REGISTERED,False,44.0,39.0,48.0,MK001283,12.0,28.0,40.0,P,4.0,16.0,4.0,4.0,PASS
ST000352,AIML2023352,Yadavi,Basu,Female,2004-08-13,yadavi.basu352@student.college.edu,8975282024,DEP000001,AY000004,SEM000007,True,PRO000352,Average,65,85,60,80,10,24,30,58,0.1,AR000352,SEM000007,AY000004,12.0,12.0,6.67,6.67,0,0,PASS,REG001385,CO000025,MN000010,REGISTERED,False,70.0,63.0,72.0,MK001284,23.0,41.0,64.0,B+,7.0,28.0,4.0,4.0,PASS
ST000352,AIML2023352,Yadavi,Basu,Female,2004-08-13,yadavi.basu352@student.college.edu,8975282024,DEP000001,AY000004,SEM000007,True,PRO000352,Average,65,85,60,80,10,24,30,58,0.1,AR000352,SEM000007,AY000004,12.0,12.0,6.67,6.67,0,0,PASS,REG001386,CO000026,MN000011,CANCELLED,False,78.0,65.0,70.0,,,,,,,,,,
ST000352,AIML2023352,Yadavi,Basu,Female,2004-08-13,yadavi.basu352@student.college.edu,8975282024,DEP000001,AY000004,SEM000007,True,PRO000352,Average,65,85,60,80,10,24,30,58,0.1,AR000352,SEM000007,AY000004,12.0,12.0,6.67,6.67,0,0,PASS,REG001387,CO000027,MN000012,REGISTERED,False,74.0,64.0,67.0,MK001285,11.0,39.0,50.0,B,6.0,24.0,4.0,4.0,PASS
ST000352,AIML2023352,Yadavi,Basu,Female,2004-08-13,yadavi.basu352@student.college.edu,8975282024,DEP000001,AY000004,SEM000007,True,PRO000352,Average,65,85,60,80,10,24,30,58,0.1,AR000352,SEM000007,AY000004,12.0,12.0,6.67,6.67,0,0,PASS,REG001388,CO000028,MN000013,REGISTERED,False,75.0,79.0,61.0,MK001286,18.0,50.0,68.0,B+,7.0,28.0,4.0,4.0,PASS
ST000353,AIML2023353,Jairaj,Khurana,Male,2004-08-23,jairaj.khurana353@student.college.edu,7960755632,DEP000001,AY000004,SEM000007,True,PRO000353,Good,80,95,75,90,18,28,45,65,0.03,AR000353,SEM000007,AY000004,16.0,16.0,9.0,9.0,0,0,PASS,REG001389,CO000025,MN000010,REGISTERED,False,85.0,75.0,81.0,MK001287,27.0,65.0,92.0,O,10.0,40.0,4.0,4.0,PASS
ST000353,AIML2023353,Jairaj,Khurana,Male,2004-08-23,jairaj.khurana353@student.college.edu,7960755632,DEP000001,AY000004,SEM000007,True,PRO000353,Good,80,95,75,90,18,28,45,65,0.03,AR000353,SEM000007,AY000004,16.0,16.0,9.0,9.0,0,0,PASS,REG001390,CO000026,MN000011,REGISTERED,False,86.0,89.0,85.0,MK001288,26.0,64.0,90.0,O,10.0,40.0,4.0,4.0,PASS
ST000353,AIML2023353,Jairaj,Khurana,Male,2004-08-23,jairaj.khurana353@student.college.edu,7960755632,DEP000001,AY000004,SEM000007,True,PRO000353,Good,80,95,75,90,18,28,45,65,0.03,AR000353,SEM000007,AY000004,16.0,16.0,9.0,9.0,0,0,PASS,REG001391,CO000027,MN000012,REGISTERED,False,88.0,79.0,86.0,MK001289,18.0,47.0,65.0,B+,7.0,28.0,4.0,4.0,PASS
ST000353,AIML2023353,Jairaj,Khurana,Male,2004-08-23,jairaj.khurana353@student.college.edu,7960755632,DEP000001,AY000004,SEM000007,True,PRO000353,Good,80,95,75,90,18,28,45,65,0.03,AR000353,SEM000007,AY000004,16.0,16.0,9.0,9.0,0,0,PASS,REG001392,CO000028,MN000013,REGISTERED,False,93.0,76.0,91.0,MK001290,22.0,60.0,82.0,A+,9.0,36.0,4.0,4.0,PASS
ST000354,AIML2023354,Saksham,Nagi,Male,2004-02-19,saksham.nagi354@student.college.edu,7501449054,DEP000001,AY000004,SEM000007,True,PRO000354,Average,65,85,60,80,10,24,30,58,0.1,AR000354,SEM000007,AY000004,12.0,12.0,7.0,7.0,0,0,PASS,REG001393,CO000025,MN000010,REGISTERED,False,69.0,65.0,73.0,MK001291,10.0,56.0,66.0,B+,7.0,28.0,4.0,4.0,PASS
ST000354,AIML2023354,Saksham,Nagi,Male,2004-02-19,saksham.nagi354@student.college.edu,7501449054,DEP000001,AY000004,SEM000007,True,PRO000354,Average,65,85,60,80,10,24,30,58,0.1,AR000354,SEM000007,AY000004,12.0,12.0,7.0,7.0,0,0,PASS,REG001394,CO000026,MN000011,CANCELLED,False,81.0,68.0,79.0,,,,,,,,,,
ST000354,AIML2023354,Saksham,Nagi,Male,2004-02-19,saksham.nagi354@student.college.edu,7501449054,DEP000001,AY000004,SEM000007,True,PRO000354,Average,65,85,60,80,10,24,30,58,0.1,AR000354,SEM000007,AY000004,12.0,12.0,7.0,7.0,0,0,PASS,REG001395,CO000027,MN000012,REGISTERED,False,79.0,80.0,78.0,MK001292,17.0,56.0,73.0,A,8.0,32.0,4.0,4.0,PASS
ST000354,AIML2023354,Saksham,Nagi,Male,2004-02-19,saksham.nagi354@student.college.edu,7501449054,DEP000001,AY000004,SEM000007,True,PRO000354,Average,65,85,60,80,10,24,30,58,0.1,AR000354,SEM000007,AY000004,12.0,12.0,7.0,7.0,0,0,PASS,REG001396,CO000028,MN000013,REGISTERED,False,74.0,61.0,62.0,MK001293,19.0,32.0,51.0,B,6.0,24.0,4.0,4.0,PASS
ST000355,AIML2023355,Faras,Singh,Male,2003-12-02,faras.singh355@student.college.edu,8024548607,DEP000001,AY000004,SEM000007,True,PRO000355,Average,65,85,60,80,10,24,30,58,0.1,AR000355,SEM000007,AY000004,16.0,16.0,7.75,7.75,0,0,PASS,REG001397,CO000025,MN000010,REGISTERED,False,70.0,73.0,79.0,MK001294,19.0,55.0,74.0,A,8.0,32.0,4.0,4.0,PASS
ST000355,AIML2023355,Faras,Singh,Male,2003-12-02,faras.singh355@student.college.edu,8024548607,DEP000001,AY000004,SEM000007,True,PRO000355,Average,65,85,60,80,10,24,30,58,0.1,AR000355,SEM000007,AY000004,16.0,16.0,7.75,7.75,0,0,PASS,REG001398,CO000026,MN000011,REGISTERED,False,68.0,67.0,55.0,MK001295,13.0,58.0,71.0,A,8.0,32.0,4.0,4.0,PASS
ST000355,AIML2023355,Faras,Singh,Male,2003-12-02,faras.singh355@student.college.edu,8024548607,DEP000001,AY000004,SEM000007,True,PRO000355,Average,65,85,60,80,10,24,30,58,0.1,AR000355,SEM000007,AY000004,16.0,16.0,7.75,7.75,0,0,PASS,REG001399,CO000027,MN000012,REGISTERED,False,71.0,72.0,58.0,MK001296,17.0,49.0,66.0,B+,7.0,28.0,4.0,4.0,PASS
ST000355,AIML2023355,Faras,Singh,Male,2003-12-02,faras.singh355@student.college.edu,8024548607,DEP000001,AY000004,SEM000007,True,PRO000355,Average,65,85,60,80,10,24,30,58,0.1,AR000355,SEM000007,AY000004,16.0,16.0,7.75,7.75,0,0,PASS,REG001400,CO000028,MN000013,REGISTERED,False,74.0,60.0,77.0,MK001297,20.0,53.0,73.0,A,8.0,32.0,4.0,4.0,PASS
ST000356,AIML2023356,Ekapad,Devi,Male,2003-09-14,ekapad.devi356@student.college.edu,6342686680,DEP000001,AY000004,SEM000007,True,PRO000356,Excellent,90,100,90,100,24,30,55,70,0.01,AR000356,SEM000007,AY000004,16.0,16.0,9.25,9.25,0,0,PASS,REG001401,CO000025,MN000010,REGISTERED,False,91.0,94.0,85.0,MK001298,27.0,55.0,82.0,A+,9.0,36.0,4.0,4.0,PASS
ST000356,AIML2023356,Ekapad,Devi,Male,2003-09-14,ekapad.devi356@student.college.edu,6342686680,DEP000001,AY000004,SEM000007,True,PRO000356,Excellent,90,100,90,100,24,30,55,70,0.01,AR000356,SEM000007,AY000004,16.0,16.0,9.25,9.25,0,0,PASS,REG001402,CO000026,MN000011,REGISTERED,False,100.0,94.0,87.0,MK001299,25.0,59.0,84.0,A+,9.0,36.0,4.0,4.0,PASS
ST000356,AIML2023356,Ekapad,Devi,Male,2003-09-14,ekapad.devi356@student.college.edu,6342686680,DEP000001,AY000004,SEM000007,True,PRO000356,Excellent,90,100,90,100,24,30,55,70,0.01,AR000356,SEM000007,AY000004,16.0,16.0,9.25,9.25,0,0,PASS,REG001403,CO000027,MN000012,REGISTERED,False,97.0,90.0,86.0,MK001300,25.0,60.0,85.0,A+,9.0,36.0,4.0,4.0,PASS
ST000356,AIML2023356,Ekapad,Devi,Male,2003-09-14,ekapad.devi356@student.college.edu,6342686680,DEP000001,AY000004,SEM000007,True,PRO000356,Excellent,90,100,90,100,24,30,55,70,0.01,AR000356,SEM000007,AY000004,16.0,16.0,9.25,9.25,0,0,PASS,REG001404,CO000028,MN000013,REGISTERED,False,96.0,99.0,96.0,MK001301,28.0,70.0,98.0,O,10.0,40.0,4.0,4.0,PASS
ST000357,AIML2023357,Xiti,Ramaswamy,Female,2005-01-30,xiti.ramaswamy357@student.college.edu,9307440525,DEP000001,AY000004,SEM000007,True,PRO000357,Good,80,95,75,90,18,28,45,65,0.03,AR000357,SEM000007,AY000004,16.0,16.0,8.25,8.25,0,0,PASS,REG001405,CO000025,MN000010,REGISTERED,False,82.0,77.0,78.0,MK001302,26.0,46.0,72.0,A,8.0,32.0,4.0,4.0,PASS
ST000357,AIML2023357,Xiti,Ramaswamy,Female,2005-01-30,xiti.ramaswamy357@student.college.edu,9307440525,DEP000001,AY000004,SEM000007,True,PRO000357,Good,80,95,75,90,18,28,45,65,0.03,AR000357,SEM000007,AY000004,16.0,16.0,8.25,8.25,0,0,PASS,REG001406,CO000026,MN000011,REGISTERED,False,91.0,78.0,88.0,MK001303,28.0,58.0,86.0,A+,9.0,36.0,4.0,4.0,PASS
ST000357,AIML2023357,Xiti,Ramaswamy,Female,2005-01-30,xiti.ramaswamy357@student.college.edu,9307440525,DEP000001,AY000004,SEM000007,True,PRO000357,Good,80,95,75,90,18,28,45,65,0.03,AR000357,SEM000007,AY000004,16.0,16.0,8.25,8.25,0,0,PASS,REG001407,CO000027,MN000012,REGISTERED,False,83.0,83.0,89.0,MK001304,25.0,46.0,71.0,A,8.0,32.0,4.0,4.0,PASS
ST000357,AIML2023357,Xiti,Ramaswamy,Female,2005-01-30,xiti.ramaswamy357@student.college.edu,9307440525,DEP000001,AY000004,SEM000007,True,PRO000357,Good,80,95,75,90,18,28,45,65,0.03,AR000357,SEM000007,AY000004,16.0,16.0,8.25,8.25,0,0,PASS,REG001408,CO000028,MN000013,REGISTERED,False,83.0,82.0,92.0,MK001305,19.0,54.0,73.0,A,8.0,32.0,4.0,4.0,PASS
ST000358,AIML2023358,Alexander,Patla,Male,2004-12-19,alexander.patla358@student.college.edu,9115358215,DEP000001,AY000004,SEM000007,True,PRO000358,Excellent,90,100,90,100,24,30,55,70,0.01,AR000358,SEM000007,AY000004,16.0,16.0,9.75,9.75,0,0,PASS,REG001409,CO000025,MN000010,REGISTERED,False,93.0,91.0,93.0,MK001306,25.0,62.0,87.0,A+,9.0,36.0,4.0,4.0,PASS
ST000358,AIML2023358,Alexander,Patla,Male,2004-12-19,alexander.patla358@student.college.edu,9115358215,DEP000001,AY000004,SEM000007,True,PRO000358,Excellent,90,100,90,100,24,30,55,70,0.01,AR000358,SEM000007,AY000004,16.0,16.0,9.75,9.75,0,0,PASS,REG001410,CO000026,MN000011,REGISTERED,False,100.0,100.0,96.0,MK001307,30.0,65.0,95.0,O,10.0,40.0,4.0,4.0,PASS
ST000358,AIML2023358,Alexander,Patla,Male,2004-12-19,alexander.patla358@student.college.edu,9115358215,DEP000001,AY000004,SEM000007,True,PRO000358,Excellent,90,100,90,100,24,30,55,70,0.01,AR000358,SEM000007,AY000004,16.0,16.0,9.75,9.75,0,0,PASS,REG001411,CO000027,MN000012,REGISTERED,False,91.0,91.0,98.0,MK001308,29.0,64.0,93.0,O,10.0,40.0,4.0,4.0,PASS
ST000358,AIML2023358,Alexander,Patla,Male,2004-12-19,alexander.patla358@student.college.edu,9115358215,DEP000001,AY000004,SEM000007,True,PRO000358,Excellent,90,100,90,100,24,30,55,70,0.01,AR000358,SEM000007,AY000004,16.0,16.0,9.75,9.75,0,0,PASS,REG001412,CO000028,MN000013,REGISTERED,False,100.0,94.0,93.0,MK001309,26.0,70.0,96.0,O,10.0,40.0,4.0,4.0,PASS
ST000359,AIML2023359,Elijah,Sethi,Male,2006-07-26,elijah.sethi359@student.college.edu,9683379275,DEP000001,AY000004,SEM000007,True,PRO000359,Average,65,85,60,80,10,24,30,58,0.1,AR000359,SEM000007,AY000004,16.0,16.0,6.25,6.25,0,0,PASS,REG001413,CO000025,MN000010,REGISTERED,False,75.0,60.0,63.0,MK001310,23.0,33.0,56.0,B,6.0,24.0,4.0,4.0,PASS
ST000359,AIML2023359,Elijah,Sethi,Male,2006-07-26,elijah.sethi359@student.college.edu,9683379275,DEP000001,AY000004,SEM000007,True,PRO000359,Average,65,85,60,80,10,24,30,58,0.1,AR000359,SEM000007,AY000004,16.0,16.0,6.25,6.25,0,0,PASS,REG001414,CO000026,MN000011,REGISTERED,False,66.0,64.0,64.0,MK001311,14.0,30.0,44.0,P,4.0,16.0,4.0,4.0,PASS
ST000359,AIML2023359,Elijah,Sethi,Male,2006-07-26,elijah.sethi359@student.college.edu,9683379275,DEP000001,AY000004,SEM000007,True,PRO000359,Average,65,85,60,80,10,24,30,58,0.1,AR000359,SEM000007,AY000004,16.0,16.0,6.25,6.25,0,0,PASS,REG001415,CO000027,MN000012,REGISTERED,False,76.0,64.0,70.0,MK001312,20.0,48.0,68.0,B+,7.0,28.0,4.0,4.0,PASS
ST000359,AIML2023359,Elijah,Sethi,Male,2006-07-26,elijah.sethi359@student.college.edu,9683379275,DEP000001,AY000004,SEM000007,True,PRO000359,Average,65,85,60,80,10,24,30,58,0.1,AR000359,SEM000007,AY000004,16.0,16.0,6.25,6.25,0,0,PASS,REG001416,CO000028,MN000013,REGISTERED,False,83.0,63.0,71.0,MK001313,24.0,53.0,77.0,A,8.0,32.0,4.0,4.0,PASS
ST000360,AIML2023360,Madhav,Krish,Male,2003-12-20,madhav.krish360@student.college.edu,6242757577,DEP000001,AY000004,SEM000007,True,PRO000360,Average,65,85,60,80,10,24,30,58,0.1,AR000360,SEM000007,AY000004,12.0,12.0,6.67,6.67,0,0,PASS,REG001417,CO000025,MN000010,CANCELLED,False,79.0,66.0,75.0,,,,,,,,,,
ST000360,AIML2023360,Madhav,Krish,Male,2003-12-20,madhav.krish360@student.college.edu,6242757577,DEP000001,AY000004,SEM000007,True,PRO000360,Average,65,85,60,80,10,24,30,58,0.1,AR000360,SEM000007,AY000004,12.0,12.0,6.67,6.67,0,0,PASS,REG001418,CO000026,MN000011,REGISTERED,False,65.0,60.0,53.0,MK001314,18.0,35.0,53.0,B,6.0,24.0,4.0,4.0,PASS
ST000360,AIML2023360,Madhav,Krish,Male,2003-12-20,madhav.krish360@student.college.edu,6242757577,DEP000001,AY000004,SEM000007,True,PRO000360,Average,65,85,60,80,10,24,30,58,0.1,AR000360,SEM000007,AY000004,12.0,12.0,6.67,6.67,0,0,PASS,REG001419,CO000027,MN000012,REGISTERED,False,73.0,76.0,72.0,MK001315,15.0,58.0,73.0,A,8.0,32.0,4.0,4.0,PASS
ST000360,AIML2023360,Madhav,Krish,Male,2003-12-20,madhav.krish360@student.college.edu,6242757577,DEP000001,AY000004,SEM000007,True,PRO000360,Average,65,85,60,80,10,24,30,58,0.1,AR000360,SEM000007,AY000004,12.0,12.0,6.67,6.67,0,0,PASS,REG001420,CO000028,MN000013,REGISTERED,False,74.0,70.0,79.0,MK001316,21.0,36.0,57.0,B,6.0,24.0,4.0,4.0,PASS
ST000361,AIML2023361,Henry,Mani,Male,2004-03-26,henry.mani361@student.college.edu,7537958235,DEP000001,AY000004,SEM000007,True,PRO000361,HighRisk,20,50,20,45,0,12,0,30,0.8,AR000361,SEM000007,AY000004,12.0,0.0,0.0,0.0,3,3,FAIL,REG001421,CO000025,MN000010,REGISTERED,False,44.0,45.0,35.0,MK001317,9.0,24.0,33.0,F,0.0,0.0,4.0,0.0,FAIL
ST000361,AIML2023361,Henry,Mani,Male,2004-03-26,henry.mani361@student.college.edu,7537958235,DEP000001,AY000004,SEM000007,True,PRO000361,HighRisk,20,50,20,45,0,12,0,30,0.8,AR000361,SEM000007,AY000004,12.0,0.0,0.0,0.0,3,3,FAIL,REG001422,CO000026,MN000011,CANCELLED,False,26.0,25.0,21.0,,,,,,,,,,
ST000361,AIML2023361,Henry,Mani,Male,2004-03-26,henry.mani361@student.college.edu,7537958235,DEP000001,AY000004,SEM000007,True,PRO000361,HighRisk,20,50,20,45,0,12,0,30,0.8,AR000361,SEM000007,AY000004,12.0,0.0,0.0,0.0,3,3,FAIL,REG001423,CO000027,MN000012,REGISTERED,False,27.0,23.0,30.0,MK001318,5.0,1.0,6.0,F,0.0,0.0,4.0,0.0,FAIL
ST000361,AIML2023361,Henry,Mani,Male,2004-03-26,henry.mani361@student.college.edu,7537958235,DEP000001,AY000004,SEM000007,True,PRO000361,HighRisk,20,50,20,45,0,12,0,30,0.8,AR000361,SEM000007,AY000004,12.0,0.0,0.0,0.0,3,3,FAIL,REG001424,CO000028,MN000013,REGISTERED,False,50.0,33.0,35.0,MK001319,5.0,11.0,16.0,F,0.0,0.0,4.0,0.0,FAIL
ST000362,AIML2023362,Rayaan,Chaudhry,Male,2003-10-12,rayaan.chaudhry362@student.college.edu,6409014940,DEP000001,AY000004,SEM000007,True,PRO000362,Excellent,90,100,90,100,24,30,55,70,0.01,AR000362,SEM000007,AY000004,16.0,16.0,9.25,9.25,0,0,PASS,REG001425,CO000025,MN000010,REGISTERED,False,94.0,92.0,93.0,MK001320,24.0,55.0,79.0,A,8.0,32.0,4.0,4.0,PASS
ST000362,AIML2023362,Rayaan,Chaudhry,Male,2003-10-12,rayaan.chaudhry362@student.college.edu,6409014940,DEP000001,AY000004,SEM000007,True,PRO000362,Excellent,90,100,90,100,24,30,55,70,0.01,AR000362,SEM000007,AY000004,16.0,16.0,9.25,9.25,0,0,PASS,REG001426,CO000026,MN000011,REGISTERED,False,91.0,94.0,93.0,MK001321,25.0,59.0,84.0,A+,9.0,36.0,4.0,4.0,PASS
ST000362,AIML2023362,Rayaan,Chaudhry,Male,2003-10-12,rayaan.chaudhry362@student.college.edu,6409014940,DEP000001,AY000004,SEM000007,True,PRO000362,Excellent,90,100,90,100,24,30,55,70,0.01,AR000362,SEM000007,AY000004,16.0,16.0,9.25,9.25,0,0,PASS,REG001427,CO000027,MN000012,REGISTERED,False,94.0,90.0,96.0,MK001322,26.0,70.0,96.0,O,10.0,40.0,4.0,4.0,PASS
ST000362,AIML2023362,Rayaan,Chaudhry,Male,2003-10-12,rayaan.chaudhry362@student.college.edu,6409014940,DEP000001,AY000004,SEM000007,True,PRO000362,Excellent,90,100,90,100,24,30,55,70,0.01,AR000362,SEM000007,AY000004,16.0,16.0,9.25,9.25,0,0,PASS,REG001428,CO000028,MN000013,REGISTERED,False,92.0,97.0,86.0,MK001323,26.0,68.0,94.0,O,10.0,40.0,4.0,4.0,PASS
ST000363,AIML2023363,Nachiket,Walla,Male,2004-04-17,nachiket.walla363@student.college.edu,8994524957,DEP000001,AY000004,SEM000007,False,PRO000363,Declining,40,65,35,60,4,16,15,40,0.45,AR000363,SEM000007,AY000004,0.0,0.0,0.0,0.0,0,0,NOT_REGISTERED,,,,,,,,,,,,,,,,,,
ST000364,AIML2023364,Yachana,Rattan,Female,2005-05-28,yachana.rattan364@student.college.edu,9016579662,DEP000001,AY000004,SEM000007,True,PRO000364,Good,80,95,75,90,18,28,45,65,0.03,AR000364,SEM000007,AY000004,16.0,16.0,8.0,8.0,0,0,PASS,REG001429,CO000025,MN000010,REGISTERED,False,93.0,76.0,87.0,MK001324,21.0,45.0,66.0,B+,7.0,28.0,4.0,4.0,PASS
ST000364,AIML2023364,Yachana,Rattan,Female,2005-05-28,yachana.rattan364@student.college.edu,9016579662,DEP000001,AY000004,SEM000007,True,PRO000364,Good,80,95,75,90,18,28,45,65,0.03,AR000364,SEM000007,AY000004,16.0,16.0,8.0,8.0,0,0,PASS,REG001430,CO000026,MN000011,REGISTERED,False,82.0,87.0,87.0,MK001325,23.0,48.0,71.0,A,8.0,32.0,4.0,4.0,PASS
ST000364,AIML2023364,Yachana,Rattan,Female,2005-05-28,yachana.rattan364@student.college.edu,9016579662,DEP000001,AY000004,SEM000007,True,PRO000364,Good,80,95,75,90,18,28,45,65,0.03,AR000364,SEM000007,AY000004,16.0,16.0,8.0,8.0,0,0,PASS,REG001431,CO000027,MN000012,REGISTERED,False,85.0,88.0,75.0,MK001326,23.0,59.0,82.0,A+,9.0,36.0,4.0,4.0,PASS
ST000364,AIML2023364,Yachana,Rattan,Female,2005-05-28,yachana.rattan364@student.college.edu,9016579662,DEP000001,AY000004,SEM000007,True,PRO000364,Good,80,95,75,90,18,28,45,65,0.03,AR000364,SEM000007,AY000004,16.0,16.0,8.0,8.0,0,0,PASS,REG001432,CO000028,MN000013,REGISTERED,False,83.0,80.0,84.0,MK001327,22.0,48.0,70.0,A,8.0,32.0,4.0,4.0,PASS
ST000365,AIML2023365,Kabir,Gara,Male,2004-08-22,kabir.gara365@student.college.edu,7842881262,DEP000001,AY000004,SEM000007,True,PRO000365,HighRisk,20,50,20,45,0,12,0,30,0.8,AR000365,SEM000007,AY000004,16.0,0.0,0.0,0.0,4,4,FAIL,REG001433,CO000025,MN000010,REGISTERED,False,26.0,24.0,35.0,MK001328,1.0,12.0,13.0,F,0.0,0.0,4.0,0.0,FAIL
ST000365,AIML2023365,Kabir,Gara,Male,2004-08-22,kabir.gara365@student.college.edu,7842881262,DEP000001,AY000004,SEM000007,True,PRO000365,HighRisk,20,50,20,45,0,12,0,30,0.8,AR000365,SEM000007,AY000004,16.0,0.0,0.0,0.0,4,4,FAIL,REG001434,CO000026,MN000011,REGISTERED,False,27.0,20.0,16.0,MK001329,1.0,14.0,15.0,F,0.0,0.0,4.0,0.0,FAIL
ST000365,AIML2023365,Kabir,Gara,Male,2004-08-22,kabir.gara365@student.college.edu,7842881262,DEP000001,AY000004,SEM000007,True,PRO000365,HighRisk,20,50,20,45,0,12,0,30,0.8,AR000365,SEM000007,AY000004,16.0,0.0,0.0,0.0,4,4,FAIL,REG001435,CO000027,MN000012,REGISTERED,False,26.0,29.0,25.0,MK001330,9.0,1.0,10.0,F,0.0,0.0,4.0,0.0,FAIL
ST000365,AIML2023365,Kabir,Gara,Male,2004-08-22,kabir.gara365@student.college.edu,7842881262,DEP000001,AY000004,SEM000007,True,PRO000365,HighRisk,20,50,20,45,0,12,0,30,0.8,AR000365,SEM000007,AY000004,16.0,0.0,0.0,0.0,4,4,FAIL,REG001436,CO000028,MN000013,REGISTERED,True,24.0,26.0,14.0,MK001331,10.0,21.0,31.0,F,0.0,0.0,4.0,0.0,FAIL
ST000366,AIML2023366,Fiyaz,Bhardwaj,Male,2005-11-24,fiyaz.bhardwaj366@student.college.edu,8592105168,DEP000001,AY000004,SEM000007,True,PRO000366,Average,65,85,60,80,10,24,30,58,0.1,AR000366,SEM000007,AY000004,16.0,16.0,6.0,6.0,0,0,PASS,REG001437,CO000025,MN000010,REGISTERED,True,82.0,66.0,73.0,MK001332,15.0,35.0,50.0,B,6.0,24.0,4.0,4.0,PASS
ST000366,AIML2023366,Fiyaz,Bhardwaj,Male,2005-11-24,fiyaz.bhardwaj366@student.college.edu,8592105168,DEP000001,AY000004,SEM000007,True,PRO000366,Average,65,85,60,80,10,24,30,58,0.1,AR000366,SEM000007,AY000004,16.0,16.0,6.0,6.0,0,0,PASS,REG001438,CO000026,MN000011,REGISTERED,False,78.0,67.0,63.0,MK001333,18.0,33.0,51.0,B,6.0,24.0,4.0,4.0,PASS
ST000366,AIML2023366,Fiyaz,Bhardwaj,Male,2005-11-24,fiyaz.bhardwaj366@student.college.edu,8592105168,DEP000001,AY000004,SEM000007,True,PRO000366,Average,65,85,60,80,10,24,30,58,0.1,AR000366,SEM000007,AY000004,16.0,16.0,6.0,6.0,0,0,PASS,REG001439,CO000027,MN000012,REGISTERED,False,69.0,62.0,55.0,MK001334,10.0,46.0,56.0,B,6.0,24.0,4.0,4.0,PASS
ST000366,AIML2023366,Fiyaz,Bhardwaj,Male,2005-11-24,fiyaz.bhardwaj366@student.college.edu,8592105168,DEP000001,AY000004,SEM000007,True,PRO000366,Average,65,85,60,80,10,24,30,58,0.1,AR000366,SEM000007,AY000004,16.0,16.0,6.0,6.0,0,0,PASS,REG001440,CO000028,MN000013,REGISTERED,False,67.0,71.0,67.0,MK001335,11.0,43.0,54.0,B,6.0,24.0,4.0,4.0,PASS
ST000367,AIML2023367,Samarth,Gokhale,Male,2005-01-05,samarth.gokhale367@student.college.edu,6641076762,DEP000001,AY000004,SEM000007,True,PRO000367,Improving,55,75,50,70,8,20,25,50,0.2,AR000367,SEM000007,AY000004,16.0,16.0,5.75,5.75,0,0,PASS,REG001441,CO000025,MN000010,REGISTERED,False,61.0,50.0,49.0,MK001336,15.0,50.0,65.0,B+,7.0,28.0,4.0,4.0,PASS
ST000367,AIML2023367,Samarth,Gokhale,Male,2005-01-05,samarth.gokhale367@student.college.edu,6641076762,DEP000001,AY000004,SEM000007,True,PRO000367,Improving,55,75,50,70,8,20,25,50,0.2,AR000367,SEM000007,AY000004,16.0,16.0,5.75,5.75,0,0,PASS,REG001442,CO000026,MN000011,REGISTERED,False,56.0,58.0,61.0,MK001337,15.0,30.0,45.0,C,5.0,20.0,4.0,4.0,PASS
ST000367,AIML2023367,Samarth,Gokhale,Male,2005-01-05,samarth.gokhale367@student.college.edu,6641076762,DEP000001,AY000004,SEM000007,True,PRO000367,Improving,55,75,50,70,8,20,25,50,0.2,AR000367,SEM000007,AY000004,16.0,16.0,5.75,5.75,0,0,PASS,REG001443,CO000027,MN000012,REGISTERED,False,57.0,59.0,49.0,MK001338,14.0,35.0,49.0,C,5.0,20.0,4.0,4.0,PASS
ST000367,AIML2023367,Samarth,Gokhale,Male,2005-01-05,samarth.gokhale367@student.college.edu,6641076762,DEP000001,AY000004,SEM000007,True,PRO000367,Improving,55,75,50,70,8,20,25,50,0.2,AR000367,SEM000007,AY000004,16.0,16.0,5.75,5.75,0,0,PASS,REG001444,CO000028,MN000013,REGISTERED,False,74.0,57.0,64.0,MK001339,9.0,49.0,58.0,B,6.0,24.0,4.0,4.0,PASS
ST000368,AIML2023368,Watika,Tiwari,Female,2004-07-08,watika.tiwari368@student.college.edu,9407478412,DEP000001,AY000004,SEM000007,True,PRO000368,HighRisk,20,50,20,45,0,12,0,30,0.8,AR000368,SEM000007,AY000004,12.0,0.0,0.0,0.0,3,3,FAIL,REG001445,CO000025,MN000010,REGISTERED,False,21.0,22.0,25.0,MK001340,9.0,21.0,30.0,F,0.0,0.0,4.0,0.0,FAIL
ST000368,AIML2023368,Watika,Tiwari,Female,2004-07-08,watika.tiwari368@student.college.edu,9407478412,DEP000001,AY000004,SEM000007,True,PRO000368,HighRisk,20,50,20,45,0,12,0,30,0.8,AR000368,SEM000007,AY000004,12.0,0.0,0.0,0.0,3,3,FAIL,REG001446,CO000026,MN000011,REGISTERED,False,33.0,27.0,34.0,MK001341,5.0,12.0,17.0,F,0.0,0.0,4.0,0.0,FAIL
ST000368,AIML2023368,Watika,Tiwari,Female,2004-07-08,watika.tiwari368@student.college.edu,9407478412,DEP000001,AY000004,SEM000007,True,PRO000368,HighRisk,20,50,20,45,0,12,0,30,0.8,AR000368,SEM000007,AY000004,12.0,0.0,0.0,0.0,3,3,FAIL,REG001447,CO000027,MN000012,CANCELLED,False,47.0,39.0,35.0,,,,,,,,,,
ST000368,AIML2023368,Watika,Tiwari,Female,2004-07-08,watika.tiwari368@student.college.edu,9407478412,DEP000001,AY000004,SEM000007,True,PRO000368,HighRisk,20,50,20,45,0,12,0,30,0.8,AR000368,SEM000007,AY000004,12.0,0.0,0.0,0.0,3,3,FAIL,REG001448,CO000028,MN000013,REGISTERED,True,36.0,35.0,21.0,MK001342,9.0,2.0,11.0,F,0.0,0.0,4.0,0.0,FAIL
ST000369,AIML2023369,Darika,Sanghvi,Female,2003-10-18,darika.sanghvi369@student.college.edu,9098402185,DEP000001,AY000004,SEM000007,True,PRO000369,HighRisk,20,50,20,45,0,12,0,30,0.8,AR000369,SEM000007,AY000004,8.0,0.0,0.0,0.0,2,2,PROMOTED,REG001449,CO000025,MN000010,CANCELLED,False,36.0,27.0,21.0,,,,,,,,,,
ST000369,AIML2023369,Darika,Sanghvi,Female,2003-10-18,darika.sanghvi369@student.college.edu,9098402185,DEP000001,AY000004,SEM000007,True,PRO000369,HighRisk,20,50,20,45,0,12,0,30,0.8,AR000369,SEM000007,AY000004,8.0,0.0,0.0,0.0,2,2,PROMOTED,REG001450,CO000026,MN000011,REGISTERED,False,38.0,24.0,29.0,MK001343,8.0,20.0,28.0,F,0.0,0.0,4.0,0.0,FAIL
ST000369,AIML2023369,Darika,Sanghvi,Female,2003-10-18,darika.sanghvi369@student.college.edu,9098402185,DEP000001,AY000004,SEM000007,True,PRO000369,HighRisk,20,50,20,45,0,12,0,30,0.8,AR000369,SEM000007,AY000004,8.0,0.0,0.0,0.0,2,2,PROMOTED,REG001451,CO000027,MN000012,REGISTERED,False,45.0,45.0,33.0,MK001344,0.0,13.0,13.0,F,0.0,0.0,4.0,0.0,FAIL
ST000369,AIML2023369,Darika,Sanghvi,Female,2003-10-18,darika.sanghvi369@student.college.edu,9098402185,DEP000001,AY000004,SEM000007,True,PRO000369,HighRisk,20,50,20,45,0,12,0,30,0.8,AR000369,SEM000007,AY000004,8.0,0.0,0.0,0.0,2,2,PROMOTED,REG001452,CO000028,MN000013,CANCELLED,False,25.0,24.0,20.0,,,,,,,,,,
ST000370,AIML2023370,Ekansh,Bala,Male,2006-04-25,ekansh.bala370@student.college.edu,7044489344,DEP000001,AY000004,SEM000007,True,PRO000370,Good,80,95,75,90,18,28,45,65,0.03,AR000370,SEM000007,AY000004,16.0,16.0,8.25,8.25,0,0,PASS,REG001453,CO000025,MN000010,REGISTERED,False,87.0,87.0,79.0,MK001345,25.0,51.0,76.0,A,8.0,32.0,4.0,4.0,PASS
ST000370,AIML2023370,Ekansh,Bala,Male,2006-04-25,ekansh.bala370@student.college.edu,7044489344,DEP000001,AY000004,SEM000007,True,PRO000370,Good,80,95,75,90,18,28,45,65,0.03,AR000370,SEM000007,AY000004,16.0,16.0,8.25,8.25,0,0,PASS,REG001454,CO000026,MN000011,REGISTERED,False,80.0,84.0,76.0,MK001346,26.0,59.0,85.0,A+,9.0,36.0,4.0,4.0,PASS
ST000370,AIML2023370,Ekansh,Bala,Male,2006-04-25,ekansh.bala370@student.college.edu,7044489344,DEP000001,AY000004,SEM000007,True,PRO000370,Good,80,95,75,90,18,28,45,65,0.03,AR000370,SEM000007,AY000004,16.0,16.0,8.25,8.25,0,0,PASS,REG001455,CO000027,MN000012,REGISTERED,False,80.0,75.0,73.0,MK001347,24.0,65.0,89.0,A+,9.0,36.0,4.0,4.0,PASS
ST000370,AIML2023370,Ekansh,Bala,Male,2006-04-25,ekansh.bala370@student.college.edu,7044489344,DEP000001,AY000004,SEM000007,True,PRO000370,Good,80,95,75,90,18,28,45,65,0.03,AR000370,SEM000007,AY000004,16.0,16.0,8.25,8.25,0,0,PASS,REG001456,CO000028,MN000013,REGISTERED,False,84.0,83.0,82.0,MK001348,23.0,45.0,68.0,B+,7.0,28.0,4.0,4.0,PASS
ST000371,AIML2023371,Krish,Dewan,Male,2004-06-12,krish.dewan371@student.college.edu,6389466118,DEP000001,AY000004,SEM000007,True,PRO000371,HighRisk,20,50,20,45,0,12,0,30,0.8,AR000371,SEM000007,AY000004,12.0,0.0,0.0,0.0,3,3,FAIL,REG001457,CO000025,MN000010,REGISTERED,True,24.0,23.0,33.0,MK001349,10.0,11.0,21.0,F,0.0,0.0,4.0,0.0,FAIL
ST000371,AIML2023371,Krish,Dewan,Male,2004-06-12,krish.dewan371@student.college.edu,6389466118,DEP000001,AY000004,SEM000007,True,PRO000371,HighRisk,20,50,20,45,0,12,0,30,0.8,AR000371,SEM000007,AY000004,12.0,0.0,0.0,0.0,3,3,FAIL,REG001458,CO000026,MN000011,REGISTERED,True,28.0,27.0,20.0,MK001350,2.0,5.0,7.0,F,0.0,0.0,4.0,0.0,FAIL
ST000371,AIML2023371,Krish,Dewan,Male,2004-06-12,krish.dewan371@student.college.edu,6389466118,DEP000001,AY000004,SEM000007,True,PRO000371,HighRisk,20,50,20,45,0,12,0,30,0.8,AR000371,SEM000007,AY000004,12.0,0.0,0.0,0.0,3,3,FAIL,REG001459,CO000027,MN000012,REGISTERED,True,20.0,22.0,14.0,MK001351,6.0,22.0,28.0,F,0.0,0.0,4.0,0.0,FAIL
ST000371,AIML2023371,Krish,Dewan,Male,2004-06-12,krish.dewan371@student.college.edu,6389466118,DEP000001,AY000004,SEM000007,True,PRO000371,HighRisk,20,50,20,45,0,12,0,30,0.8,AR000371,SEM000007,AY000004,12.0,0.0,0.0,0.0,3,3,FAIL,REG001460,CO000028,MN000013,CANCELLED,False,29.0,28.0,15.0,,,,,,,,,,
ST000372,AIML2023372,Noah,Hayre,Male,2006-02-15,noah.hayre372@student.college.edu,7429729088,DEP000001,AY000004,SEM000007,True,PRO000372,Average,65,85,60,80,10,24,30,58,0.1,AR000372,SEM000007,AY000004,16.0,16.0,6.75,6.75,0,0,PASS,REG001461,CO000025,MN000010,REGISTERED,False,76.0,75.0,79.0,MK001352,24.0,39.0,63.0,B+,7.0,28.0,4.0,4.0,PASS
ST000372,AIML2023372,Noah,Hayre,Male,2006-02-15,noah.hayre372@student.college.edu,7429729088,DEP000001,AY000004,SEM000007,True,PRO000372,Average,65,85,60,80,10,24,30,58,0.1,AR000372,SEM000007,AY000004,16.0,16.0,6.75,6.75,0,0,PASS,REG001462,CO000026,MN000011,REGISTERED,False,82.0,67.0,74.0,MK001353,24.0,33.0,57.0,B,6.0,24.0,4.0,4.0,PASS
ST000372,AIML2023372,Noah,Hayre,Male,2006-02-15,noah.hayre372@student.college.edu,7429729088,DEP000001,AY000004,SEM000007,True,PRO000372,Average,65,85,60,80,10,24,30,58,0.1,AR000372,SEM000007,AY000004,16.0,16.0,6.75,6.75,0,0,PASS,REG001463,CO000027,MN000012,REGISTERED,True,78.0,61.0,69.0,MK001354,18.0,46.0,64.0,B+,7.0,28.0,4.0,4.0,PASS
ST000372,AIML2023372,Noah,Hayre,Male,2006-02-15,noah.hayre372@student.college.edu,7429729088,DEP000001,AY000004,SEM000007,True,PRO000372,Average,65,85,60,80,10,24,30,58,0.1,AR000372,SEM000007,AY000004,16.0,16.0,6.75,6.75,0,0,PASS,REG001464,CO000028,MN000013,REGISTERED,False,76.0,73.0,80.0,MK001355,15.0,51.0,66.0,B+,7.0,28.0,4.0,4.0,PASS
ST000373,AIML2023373,Hritik,Sawhney,Male,2005-02-19,hritik.sawhney373@student.college.edu,7436287861,DEP000001,AY000004,SEM000007,True,PRO000373,Improving,55,75,50,70,8,20,25,50,0.2,AR000373,SEM000007,AY000004,16.0,16.0,6.5,6.5,0,0,PASS,REG001465,CO000025,MN000010,REGISTERED,False,55.0,55.0,57.0,MK001356,11.0,50.0,61.0,B+,7.0,28.0,4.0,4.0,PASS
ST000373,AIML2023373,Hritik,Sawhney,Male,2005-02-19,hritik.sawhney373@student.college.edu,7436287861,DEP000001,AY000004,SEM000007,True,PRO000373,Improving,55,75,50,70,8,20,25,50,0.2,AR000373,SEM000007,AY000004,16.0,16.0,6.5,6.5,0,0,PASS,REG001466,CO000026,MN000011,REGISTERED,False,58.0,59.0,47.0,MK001357,20.0,30.0,50.0,B,6.0,24.0,4.0,4.0,PASS
ST000373,AIML2023373,Hritik,Sawhney,Male,2005-02-19,hritik.sawhney373@student.college.edu,7436287861,DEP000001,AY000004,SEM000007,True,PRO000373,Improving,55,75,50,70,8,20,25,50,0.2,AR000373,SEM000007,AY000004,16.0,16.0,6.5,6.5,0,0,PASS,REG001467,CO000027,MN000012,REGISTERED,False,63.0,55.0,57.0,MK001358,13.0,48.0,61.0,B+,7.0,28.0,4.0,4.0,PASS
ST000373,AIML2023373,Hritik,Sawhney,Male,2005-02-19,hritik.sawhney373@student.college.edu,7436287861,DEP000001,AY000004,SEM000007,True,PRO000373,Improving,55,75,50,70,8,20,25,50,0.2,AR000373,SEM000007,AY000004,16.0,16.0,6.5,6.5,0,0,PASS,REG001468,CO000028,MN000013,REGISTERED,False,63.0,64.0,59.0,MK001359,12.0,41.0,53.0,B,6.0,24.0,4.0,4.0,PASS
ST000374,AIML2023374,Darsh,Bandi,Male,2004-11-07,darsh.bandi374@student.college.edu,8748906670,DEP000001,AY000004,SEM000007,True,PRO000374,Average,65,85,60,80,10,24,30,58,0.1,AR000374,SEM000007,AY000004,12.0,12.0,7.0,7.0,0,0,PASS,REG001469,CO000025,MN000010,REGISTERED,False,84.0,65.0,75.0,MK001360,14.0,53.0,67.0,B+,7.0,28.0,4.0,4.0,PASS
ST000374,AIML2023374,Darsh,Bandi,Male,2004-11-07,darsh.bandi374@student.college.edu,8748906670,DEP000001,AY000004,SEM000007,True,PRO000374,Average,65,85,60,80,10,24,30,58,0.1,AR000374,SEM000007,AY000004,12.0,12.0,7.0,7.0,0,0,PASS,REG001470,CO000026,MN000011,CANCELLED,False,68.0,71.0,65.0,,,,,,,,,,
ST000374,AIML2023374,Darsh,Bandi,Male,2004-11-07,darsh.bandi374@student.college.edu,8748906670,DEP000001,AY000004,SEM000007,True,PRO000374,Average,65,85,60,80,10,24,30,58,0.1,AR000374,SEM000007,AY000004,12.0,12.0,7.0,7.0,0,0,PASS,REG001471,CO000027,MN000012,REGISTERED,False,72.0,67.0,67.0,MK001361,19.0,55.0,74.0,A,8.0,32.0,4.0,4.0,PASS
ST000374,AIML2023374,Darsh,Bandi,Male,2004-11-07,darsh.bandi374@student.college.edu,8748906670,DEP000001,AY000004,SEM000007,True,PRO000374,Average,65,85,60,80,10,24,30,58,0.1,AR000374,SEM000007,AY000004,12.0,12.0,7.0,7.0,0,0,PASS,REG001472,CO000028,MN000013,REGISTERED,False,82.0,63.0,70.0,MK001362,15.0,38.0,53.0,B,6.0,24.0,4.0,4.0,PASS
ST000375,AIML2023375,Sai,Parsa,Female,2003-12-08,sai.parsa375@student.college.edu,9628416179,DEP000001,AY000004,SEM000007,True,PRO000375,Average,65,85,60,80,10,24,30,58,0.1,AR000375,SEM000007,AY000004,16.0,16.0,6.75,6.75,0,0,PASS,REG001473,CO000025,MN000010,REGISTERED,False,71.0,76.0,74.0,MK001363,13.0,50.0,63.0,B+,7.0,28.0,4.0,4.0,PASS
ST000375,AIML2023375,Sai,Parsa,Female,2003-12-08,sai.parsa375@student.college.edu,9628416179,DEP000001,AY000004,SEM000007,True,PRO000375,Average,65,85,60,80,10,24,30,58,0.1,AR000375,SEM000007,AY000004,16.0,16.0,6.75,6.75,0,0,PASS,REG001474,CO000026,MN000011,REGISTERED,False,67.0,60.0,59.0,MK001364,12.0,54.0,66.0,B+,7.0,28.0,4.0,4.0,PASS
ST000375,AIML2023375,Sai,Parsa,Female,2003-12-08,sai.parsa375@student.college.edu,9628416179,DEP000001,AY000004,SEM000007,True,PRO000375,Average,65,85,60,80,10,24,30,58,0.1,AR000375,SEM000007,AY000004,16.0,16.0,6.75,6.75,0,0,PASS,REG001475,CO000027,MN000012,REGISTERED,False,72.0,64.0,63.0,MK001365,10.0,41.0,51.0,B,6.0,24.0,4.0,4.0,PASS
ST000375,AIML2023375,Sai,Parsa,Female,2003-12-08,sai.parsa375@student.college.edu,9628416179,DEP000001,AY000004,SEM000007,True,PRO000375,Average,65,85,60,80,10,24,30,58,0.1,AR000375,SEM000007,AY000004,16.0,16.0,6.75,6.75,0,0,PASS,REG001476,CO000028,MN000013,REGISTERED,False,65.0,65.0,63.0,MK001366,19.0,50.0,69.0,B+,7.0,28.0,4.0,4.0,PASS
ST000376,AIML2023376,Devansh,Mallick,Male,2003-12-27,devansh.mallick376@student.college.edu,7168010827,DEP000001,AY000004,SEM000007,True,PRO000376,Declining,40,65,35,60,4,16,15,40,0.45,AR000376,SEM000007,AY000004,16.0,4.0,1.5,1.5,3,3,FAIL,REG001477,CO000025,MN000010,REGISTERED,True,55.0,42.0,41.0,MK001367,7.0,15.0,22.0,F,0.0,0.0,4.0,0.0,FAIL
ST000376,AIML2023376,Devansh,Mallick,Male,2003-12-27,devansh.mallick376@student.college.edu,7168010827,DEP000001,AY000004,SEM000007,True,PRO000376,Declining,40,65,35,60,4,16,15,40,0.45,AR000376,SEM000007,AY000004,16.0,4.0,1.5,1.5,3,3,FAIL,REG001478,CO000026,MN000011,REGISTERED,False,46.0,48.0,37.0,MK001368,15.0,39.0,54.0,B,6.0,24.0,4.0,4.0,PASS
ST000376,AIML2023376,Devansh,Mallick,Male,2003-12-27,devansh.mallick376@student.college.edu,7168010827,DEP000001,AY000004,SEM000007,True,PRO000376,Declining,40,65,35,60,4,16,15,40,0.45,AR000376,SEM000007,AY000004,16.0,4.0,1.5,1.5,3,3,FAIL,REG001479,CO000027,MN000012,REGISTERED,False,65.0,60.0,50.0,MK001369,6.0,32.0,38.0,F,0.0,0.0,4.0,0.0,FAIL
ST000376,AIML2023376,Devansh,Mallick,Male,2003-12-27,devansh.mallick376@student.college.edu,7168010827,DEP000001,AY000004,SEM000007,True,PRO000376,Declining,40,65,35,60,4,16,15,40,0.45,AR000376,SEM000007,AY000004,16.0,4.0,1.5,1.5,3,3,FAIL,REG001480,CO000028,MN000013,REGISTERED,False,61.0,56.0,50.0,MK001370,8.0,18.0,26.0,F,0.0,0.0,4.0,0.0,FAIL
ST000377,AIML2023377,Jagrati,Mander,Female,2006-01-28,jagrati.mander377@student.college.edu,9248822918,DEP000001,AY000004,SEM000007,True,PRO000377,Improving,55,75,50,70,8,20,25,50,0.2,AR000377,SEM000007,AY000004,16.0,16.0,4.75,4.75,0,0,PASS,REG001481,CO000025,MN000010,REGISTERED,False,75.0,64.0,62.0,MK001371,9.0,32.0,41.0,P,4.0,16.0,4.0,4.0,PASS
ST000377,AIML2023377,Jagrati,Mander,Female,2006-01-28,jagrati.mander377@student.college.edu,9248822918,DEP000001,AY000004,SEM000007,True,PRO000377,Improving,55,75,50,70,8,20,25,50,0.2,AR000377,SEM000007,AY000004,16.0,16.0,4.75,4.75,0,0,PASS,REG001482,CO000026,MN000011,REGISTERED,False,69.0,64.0,54.0,MK001372,10.0,31.0,41.0,P,4.0,16.0,4.0,4.0,PASS
ST000377,AIML2023377,Jagrati,Mander,Female,2006-01-28,jagrati.mander377@student.college.edu,9248822918,DEP000001,AY000004,SEM000007,True,PRO000377,Improving,55,75,50,70,8,20,25,50,0.2,AR000377,SEM000007,AY000004,16.0,16.0,4.75,4.75,0,0,PASS,REG001483,CO000027,MN000012,REGISTERED,False,57.0,61.0,60.0,MK001373,19.0,39.0,58.0,B,6.0,24.0,4.0,4.0,PASS
ST000377,AIML2023377,Jagrati,Mander,Female,2006-01-28,jagrati.mander377@student.college.edu,9248822918,DEP000001,AY000004,SEM000007,True,PRO000377,Improving,55,75,50,70,8,20,25,50,0.2,AR000377,SEM000007,AY000004,16.0,16.0,4.75,4.75,0,0,PASS,REG001484,CO000028,MN000013,REGISTERED,True,71.0,68.0,62.0,MK001374,18.0,27.0,45.0,C,5.0,20.0,4.0,4.0,PASS
ST000378,AIML2023378,Vedhika,Salvi,Female,2005-03-30,vedhika.salvi378@student.college.edu,8142285345,DEP000001,AY000004,SEM000007,True,PRO000378,Improving,55,75,50,70,8,20,25,50,0.2,AR000378,SEM000007,AY000004,16.0,12.0,4.5,4.5,1,1,PROMOTED,REG001485,CO000025,MN000010,REGISTERED,False,61.0,53.0,53.0,MK001375,17.0,37.0,54.0,B,6.0,24.0,4.0,4.0,PASS
ST000378,AIML2023378,Vedhika,Salvi,Female,2005-03-30,vedhika.salvi378@student.college.edu,8142285345,DEP000001,AY000004,SEM000007,True,PRO000378,Improving,55,75,50,70,8,20,25,50,0.2,AR000378,SEM000007,AY000004,16.0,12.0,4.5,4.5,1,1,PROMOTED,REG001486,CO000026,MN000011,REGISTERED,False,74.0,62.0,62.0,MK001376,15.0,36.0,51.0,B,6.0,24.0,4.0,4.0,PASS
ST000378,AIML2023378,Vedhika,Salvi,Female,2005-03-30,vedhika.salvi378@student.college.edu,8142285345,DEP000001,AY000004,SEM000007,True,PRO000378,Improving,55,75,50,70,8,20,25,50,0.2,AR000378,SEM000007,AY000004,16.0,12.0,4.5,4.5,1,1,PROMOTED,REG001487,CO000027,MN000012,REGISTERED,False,72.0,68.0,63.0,MK001377,8.0,30.0,38.0,F,0.0,0.0,4.0,0.0,FAIL
ST000378,AIML2023378,Vedhika,Salvi,Female,2005-03-30,vedhika.salvi378@student.college.edu,8142285345,DEP000001,AY000004,SEM000007,True,PRO000378,Improving,55,75,50,70,8,20,25,50,0.2,AR000378,SEM000007,AY000004,16.0,12.0,4.5,4.5,1,1,PROMOTED,REG001488,CO000028,MN000013,REGISTERED,False,71.0,64.0,65.0,MK001378,13.0,38.0,51.0,B,6.0,24.0,4.0,4.0,PASS
ST000379,AIML2023379,Daniel,Parmar,Male,2003-07-31,daniel.parmar379@student.college.edu,6328390812,DEP000001,AY000004,SEM000007,True,PRO000379,Average,65,85,60,80,10,24,30,58,0.1,AR000379,SEM000007,AY000004,12.0,12.0,6.33,6.33,0,0,PASS,REG001489,CO000025,MN000010,REGISTERED,False,84.0,77.0,69.0,MK001379,17.0,50.0,67.0,B+,7.0,28.0,4.0,4.0,PASS
ST000379,AIML2023379,Daniel,Parmar,Male,2003-07-31,daniel.parmar379@student.college.edu,6328390812,DEP000001,AY000004,SEM000007,True,PRO000379,Average,65,85,60,80,10,24,30,58,0.1,AR000379,SEM000007,AY000004,12.0,12.0,6.33,6.33,0,0,PASS,REG001490,CO000026,MN000011,REGISTERED,False,65.0,70.0,56.0,MK001380,23.0,33.0,56.0,B,6.0,24.0,4.0,4.0,PASS
ST000379,AIML2023379,Daniel,Parmar,Male,2003-07-31,daniel.parmar379@student.college.edu,6328390812,DEP000001,AY000004,SEM000007,True,PRO000379,Average,65,85,60,80,10,24,30,58,0.1,AR000379,SEM000007,AY000004,12.0,12.0,6.33,6.33,0,0,PASS,REG001491,CO000027,MN000012,REGISTERED,False,76.0,69.0,65.0,MK001381,14.0,37.0,51.0,B,6.0,24.0,4.0,4.0,PASS
ST000379,AIML2023379,Daniel,Parmar,Male,2003-07-31,daniel.parmar379@student.college.edu,6328390812,DEP000001,AY000004,SEM000007,True,PRO000379,Average,65,85,60,80,10,24,30,58,0.1,AR000379,SEM000007,AY000004,12.0,12.0,6.33,6.33,0,0,PASS,REG001492,CO000028,MN000013,CANCELLED,False,65.0,65.0,61.0,,,,,,,,,,
ST000380,AIML2023380,Indali,Chhabra,Female,2006-01-23,indali.chhabra380@student.college.edu,9546182792,DEP000001,AY000004,SEM000007,True,PRO000380,Declining,40,65,35,60,4,16,15,40,0.45,AR000380,SEM000007,AY000004,16.0,4.0,1.25,1.25,3,3,FAIL,REG001493,CO000025,MN000010,REGISTERED,False,63.0,58.0,50.0,MK001382,12.0,26.0,38.0,F,0.0,0.0,4.0,0.0,FAIL
ST000380,AIML2023380,Indali,Chhabra,Female,2006-01-23,indali.chhabra380@student.college.edu,9546182792,DEP000001,AY000004,SEM000007,True,PRO000380,Declining,40,65,35,60,4,16,15,40,0.45,AR000380,SEM000007,AY000004,16.0,4.0,1.25,1.25,3,3,FAIL,REG001494,CO000026,MN000011,REGISTERED,False,58.0,45.0,43.0,MK001383,16.0,32.0,48.0,C,5.0,20.0,4.0,4.0,PASS
ST000380,AIML2023380,Indali,Chhabra,Female,2006-01-23,indali.chhabra380@student.college.edu,9546182792,DEP000001,AY000004,SEM000007,True,PRO000380,Declining,40,65,35,60,4,16,15,40,0.45,AR000380,SEM000007,AY000004,16.0,4.0,1.25,1.25,3,3,FAIL,REG001495,CO000027,MN000012,REGISTERED,False,62.0,50.0,47.0,MK001384,6.0,31.0,37.0,F,0.0,0.0,4.0,0.0,FAIL
ST000380,AIML2023380,Indali,Chhabra,Female,2006-01-23,indali.chhabra380@student.college.edu,9546182792,DEP000001,AY000004,SEM000007,True,PRO000380,Declining,40,65,35,60,4,16,15,40,0.45,AR000380,SEM000007,AY000004,16.0,4.0,1.25,1.25,3,3,FAIL,REG001496,CO000028,MN000013,REGISTERED,False,47.0,47.0,40.0,MK001385,7.0,30.0,37.0,F,0.0,0.0,4.0,0.0,FAIL
ST000381,AIML2023381,Brijesh,Ramaswamy,Male,2006-03-11,brijesh.ramaswamy381@student.college.edu,6667133462,DEP000001,AY000004,SEM000007,True,PRO000381,Average,65,85,60,80,10,24,30,58,0.1,AR000381,SEM000007,AY000004,16.0,16.0,8.0,8.0,0,0,PASS,REG001497,CO000025,MN000010,REGISTERED,False,65.0,63.0,68.0,MK001386,23.0,43.0,66.0,B+,7.0,28.0,4.0,4.0,PASS
ST000381,AIML2023381,Brijesh,Ramaswamy,Male,2006-03-11,brijesh.ramaswamy381@student.college.edu,6667133462,DEP000001,AY000004,SEM000007,True,PRO000381,Average,65,85,60,80,10,24,30,58,0.1,AR000381,SEM000007,AY000004,16.0,16.0,8.0,8.0,0,0,PASS,REG001498,CO000026,MN000011,REGISTERED,False,73.0,76.0,58.0,MK001387,16.0,54.0,70.0,A,8.0,32.0,4.0,4.0,PASS
ST000381,AIML2023381,Brijesh,Ramaswamy,Male,2006-03-11,brijesh.ramaswamy381@student.college.edu,6667133462,DEP000001,AY000004,SEM000007,True,PRO000381,Average,65,85,60,80,10,24,30,58,0.1,AR000381,SEM000007,AY000004,16.0,16.0,8.0,8.0,0,0,PASS,REG001499,CO000027,MN000012,REGISTERED,False,79.0,68.0,70.0,MK001388,23.0,58.0,81.0,A+,9.0,36.0,4.0,4.0,PASS
ST000381,AIML2023381,Brijesh,Ramaswamy,Male,2006-03-11,brijesh.ramaswamy381@student.college.edu,6667133462,DEP000001,AY000004,SEM000007,True,PRO000381,Average,65,85,60,80,10,24,30,58,0.1,AR000381,SEM000007,AY000004,16.0,16.0,8.0,8.0,0,0,PASS,REG001500,CO000028,MN000013,REGISTERED,False,85.0,67.0,74.0,MK001389,24.0,55.0,79.0,A,8.0,32.0,4.0,4.0,PASS
ST000382,AIML2023382,Kalpit,Solanki,Male,2004-09-28,kalpit.solanki382@student.college.edu,7948471282,DEP000001,AY000004,SEM000007,True,PRO000382,Declining,40,65,35,60,4,16,15,40,0.45,AR000382,SEM000007,AY000004,16.0,4.0,1.0,1.0,3,3,FAIL,REG001501,CO000025,MN000010,REGISTERED,True,57.0,49.0,43.0,MK001390,10.0,15.0,25.0,F,0.0,0.0,4.0,0.0,FAIL
ST000382,AIML2023382,Kalpit,Solanki,Male,2004-09-28,kalpit.solanki382@student.college.edu,7948471282,DEP000001,AY000004,SEM000007,True,PRO000382,Declining,40,65,35,60,4,16,15,40,0.45,AR000382,SEM000007,AY000004,16.0,4.0,1.0,1.0,3,3,FAIL,REG001502,CO000026,MN000011,REGISTERED,False,47.0,40.0,44.0,MK001391,16.0,19.0,35.0,F,0.0,0.0,4.0,0.0,FAIL
ST000382,AIML2023382,Kalpit,Solanki,Male,2004-09-28,kalpit.solanki382@student.college.edu,7948471282,DEP000001,AY000004,SEM000007,True,PRO000382,Declining,40,65,35,60,4,16,15,40,0.45,AR000382,SEM000007,AY000004,16.0,4.0,1.0,1.0,3,3,FAIL,REG001503,CO000027,MN000012,REGISTERED,False,50.0,55.0,45.0,MK001392,15.0,27.0,42.0,P,4.0,16.0,4.0,4.0,PASS
ST000382,AIML2023382,Kalpit,Solanki,Male,2004-09-28,kalpit.solanki382@student.college.edu,7948471282,DEP000001,AY000004,SEM000007,True,PRO000382,Declining,40,65,35,60,4,16,15,40,0.45,AR000382,SEM000007,AY000004,16.0,4.0,1.0,1.0,3,3,FAIL,REG001504,CO000028,MN000013,REGISTERED,True,57.0,40.0,50.0,MK001393,9.0,19.0,28.0,F,0.0,0.0,4.0,0.0,FAIL
ST000383,AIML2023383,David,Bhardwaj,Male,2004-06-06,david.bhardwaj383@student.college.edu,7083394277,DEP000001,AY000004,SEM000007,True,PRO000383,Excellent,90,100,90,100,24,30,55,70,0.01,AR000383,SEM000007,AY000004,16.0,16.0,9.5,9.5,0,0,PASS,REG001505,CO000025,MN000010,REGISTERED,False,98.0,93.0,95.0,MK001394,28.0,67.0,95.0,O,10.0,40.0,4.0,4.0,PASS
ST000383,AIML2023383,David,Bhardwaj,Male,2004-06-06,david.bhardwaj383@student.college.edu,7083394277,DEP000001,AY000004,SEM000007,True,PRO000383,Excellent,90,100,90,100,24,30,55,70,0.01,AR000383,SEM000007,AY000004,16.0,16.0,9.5,9.5,0,0,PASS,REG001506,CO000026,MN000011,REGISTERED,False,94.0,92.0,91.0,MK001395,29.0,56.0,85.0,A+,9.0,36.0,4.0,4.0,PASS
ST000383,AIML2023383,David,Bhardwaj,Male,2004-06-06,david.bhardwaj383@student.college.edu,7083394277,DEP000001,AY000004,SEM000007,True,PRO000383,Excellent,90,100,90,100,24,30,55,70,0.01,AR000383,SEM000007,AY000004,16.0,16.0,9.5,9.5,0,0,PASS,REG001507,CO000027,MN000012,REGISTERED,False,99.0,94.0,94.0,MK001396,24.0,56.0,80.0,A+,9.0,36.0,4.0,4.0,PASS
ST000383,AIML2023383,David,Bhardwaj,Male,2004-06-06,david.bhardwaj383@student.college.edu,7083394277,DEP000001,AY000004,SEM000007,True,PRO000383,Excellent,90,100,90,100,24,30,55,70,0.01,AR000383,SEM000007,AY000004,16.0,16.0,9.5,9.5,0,0,PASS,REG001508,CO000028,MN000013,REGISTERED,False,94.0,93.0,88.0,MK001397,28.0,66.0,94.0,O,10.0,40.0,4.0,4.0,PASS
ST000384,AIML2023384,Vedika,Ramesh,Female,2003-08-27,vedika.ramesh384@student.college.edu,9422758815,DEP000001,AY000004,SEM000007,True,PRO000384,Average,65,85,60,80,10,24,30,58,0.1,AR000384,SEM000007,AY000004,16.0,16.0,7.25,7.25,0,0,PASS,REG001509,CO000025,MN000010,REGISTERED,False,84.0,80.0,80.0,MK001398,21.0,53.0,74.0,A,8.0,32.0,4.0,4.0,PASS
ST000384,AIML2023384,Vedika,Ramesh,Female,2003-08-27,vedika.ramesh384@student.college.edu,9422758815,DEP000001,AY000004,SEM000007,True,PRO000384,Average,65,85,60,80,10,24,30,58,0.1,AR000384,SEM000007,AY000004,16.0,16.0,7.25,7.25,0,0,PASS,REG001510,CO000026,MN000011,REGISTERED,False,81.0,80.0,79.0,MK001399,21.0,57.0,78.0,A,8.0,32.0,4.0,4.0,PASS
ST000384,AIML2023384,Vedika,Ramesh,Female,2003-08-27,vedika.ramesh384@student.college.edu,9422758815,DEP000001,AY000004,SEM000007,True,PRO000384,Average,65,85,60,80,10,24,30,58,0.1,AR000384,SEM000007,AY000004,16.0,16.0,7.25,7.25,0,0,PASS,REG001511,CO000027,MN000012,REGISTERED,False,80.0,63.0,77.0,MK001400,12.0,38.0,50.0,B,6.0,24.0,4.0,4.0,PASS
ST000384,AIML2023384,Vedika,Ramesh,Female,2003-08-27,vedika.ramesh384@student.college.edu,9422758815,DEP000001,AY000004,SEM000007,True,PRO000384,Average,65,85,60,80,10,24,30,58,0.1,AR000384,SEM000007,AY000004,16.0,16.0,7.25,7.25,0,0,PASS,REG001512,CO000028,MN000013,REGISTERED,False,69.0,72.0,59.0,MK001401,13.0,50.0,63.0,B+,7.0,28.0,4.0,4.0,PASS
ST000385,AIML2023385,Geetika,Upadhyay,Female,2005-11-19,geetika.upadhyay385@student.college.edu,8277698777,DEP000001,AY000004,SEM000007,True,PRO000385,Good,80,95,75,90,18,28,45,65,0.03,AR000385,SEM000007,AY000004,16.0,16.0,7.5,7.5,0,0,PASS,REG001513,CO000025,MN000010,REGISTERED,False,95.0,81.0,80.0,MK001402,19.0,47.0,66.0,B+,7.0,28.0,4.0,4.0,PASS
ST000385,AIML2023385,Geetika,Upadhyay,Female,2005-11-19,geetika.upadhyay385@student.college.edu,8277698777,DEP000001,AY000004,SEM000007,True,PRO000385,Good,80,95,75,90,18,28,45,65,0.03,AR000385,SEM000007,AY000004,16.0,16.0,7.5,7.5,0,0,PASS,REG001514,CO000026,MN000011,REGISTERED,False,83.0,83.0,92.0,MK001403,19.0,49.0,68.0,B+,7.0,28.0,4.0,4.0,PASS
ST000385,AIML2023385,Geetika,Upadhyay,Female,2005-11-19,geetika.upadhyay385@student.college.edu,8277698777,DEP000001,AY000004,SEM000007,True,PRO000385,Good,80,95,75,90,18,28,45,65,0.03,AR000385,SEM000007,AY000004,16.0,16.0,7.5,7.5,0,0,PASS,REG001515,CO000027,MN000012,REGISTERED,False,83.0,76.0,87.0,MK001404,21.0,60.0,81.0,A+,9.0,36.0,4.0,4.0,PASS
ST000385,AIML2023385,Geetika,Upadhyay,Female,2005-11-19,geetika.upadhyay385@student.college.edu,8277698777,DEP000001,AY000004,SEM000007,True,PRO000385,Good,80,95,75,90,18,28,45,65,0.03,AR000385,SEM000007,AY000004,16.0,16.0,7.5,7.5,0,0,PASS,REG001516,CO000028,MN000013,REGISTERED,False,92.0,75.0,89.0,MK001405,21.0,48.0,69.0,B+,7.0,28.0,4.0,4.0,PASS
ST000386,AIML2023386,Brinda,Master,Female,2006-07-05,brinda.master386@student.college.edu,6130900102,DEP000001,AY000004,SEM000007,True,PRO000386,Average,65,85,60,80,10,24,30,58,0.1,AR000386,SEM000007,AY000004,16.0,16.0,6.5,6.5,0,0,PASS,REG001517,CO000025,MN000010,REGISTERED,False,68.0,68.0,72.0,MK001406,23.0,42.0,65.0,B+,7.0,28.0,4.0,4.0,PASS
ST000386,AIML2023386,Brinda,Master,Female,2006-07-05,brinda.master386@student.college.edu,6130900102,DEP000001,AY000004,SEM000007,True,PRO000386,Average,65,85,60,80,10,24,30,58,0.1,AR000386,SEM000007,AY000004,16.0,16.0,6.5,6.5,0,0,PASS,REG001518,CO000026,MN000011,REGISTERED,False,70.0,65.0,66.0,MK001407,10.0,43.0,53.0,B,6.0,24.0,4.0,4.0,PASS
ST000386,AIML2023386,Brinda,Master,Female,2006-07-05,brinda.master386@student.college.edu,6130900102,DEP000001,AY000004,SEM000007,True,PRO000386,Average,65,85,60,80,10,24,30,58,0.1,AR000386,SEM000007,AY000004,16.0,16.0,6.5,6.5,0,0,PASS,REG001519,CO000027,MN000012,REGISTERED,False,85.0,65.0,79.0,MK001408,11.0,41.0,52.0,B,6.0,24.0,4.0,4.0,PASS
ST000386,AIML2023386,Brinda,Master,Female,2006-07-05,brinda.master386@student.college.edu,6130900102,DEP000001,AY000004,SEM000007,True,PRO000386,Average,65,85,60,80,10,24,30,58,0.1,AR000386,SEM000007,AY000004,16.0,16.0,6.5,6.5,0,0,PASS,REG001520,CO000028,MN000013,REGISTERED,False,65.0,67.0,64.0,MK001409,19.0,42.0,61.0,B+,7.0,28.0,4.0,4.0,PASS
ST000387,AIML2023387,Arya,Murty,Female,2004-11-13,arya.murty387@student.college.edu,8590298446,DEP000001,AY000004,SEM000007,True,PRO000387,Good,80,95,75,90,18,28,45,65,0.03,AR000387,SEM000007,AY000004,16.0,16.0,8.5,8.5,0,0,PASS,REG001521,CO000025,MN000010,REGISTERED,False,84.0,83.0,72.0,MK001410,23.0,59.0,82.0,A+,9.0,36.0,4.0,4.0,PASS
ST000387,AIML2023387,Arya,Murty,Female,2004-11-13,arya.murty387@student.college.edu,8590298446,DEP000001,AY000004,SEM000007,True,PRO000387,Good,80,95,75,90,18,28,45,65,0.03,AR000387,SEM000007,AY000004,16.0,16.0,8.5,8.5,0,0,PASS,REG001522,CO000026,MN000011,REGISTERED,False,87.0,79.0,91.0,MK001411,28.0,59.0,87.0,A+,9.0,36.0,4.0,4.0,PASS
ST000387,AIML2023387,Arya,Murty,Female,2004-11-13,arya.murty387@student.college.edu,8590298446,DEP000001,AY000004,SEM000007,True,PRO000387,Good,80,95,75,90,18,28,45,65,0.03,AR000387,SEM000007,AY000004,16.0,16.0,8.5,8.5,0,0,PASS,REG001523,CO000027,MN000012,REGISTERED,False,92.0,89.0,88.0,MK001412,28.0,46.0,74.0,A,8.0,32.0,4.0,4.0,PASS
ST000387,AIML2023387,Arya,Murty,Female,2004-11-13,arya.murty387@student.college.edu,8590298446,DEP000001,AY000004,SEM000007,True,PRO000387,Good,80,95,75,90,18,28,45,65,0.03,AR000387,SEM000007,AY000004,16.0,16.0,8.5,8.5,0,0,PASS,REG001524,CO000028,MN000013,REGISTERED,False,84.0,81.0,87.0,MK001413,19.0,51.0,70.0,A,8.0,32.0,4.0,4.0,PASS
ST000388,AIML2023388,Qasim,Mohanty,Male,2006-06-13,qasim.mohanty388@student.college.edu,7270137031,DEP000001,AY000004,SEM000007,True,PRO000388,Good,80,95,75,90,18,28,45,65,0.03,AR000388,SEM000007,AY000004,16.0,16.0,8.25,8.25,0,0,PASS,REG001525,CO000025,MN000010,REGISTERED,False,95.0,86.0,81.0,MK001414,20.0,58.0,78.0,A,8.0,32.0,4.0,4.0,PASS
ST000388,AIML2023388,Qasim,Mohanty,Male,2006-06-13,qasim.mohanty388@student.college.edu,7270137031,DEP000001,AY000004,SEM000007,True,PRO000388,Good,80,95,75,90,18,28,45,65,0.03,AR000388,SEM000007,AY000004,16.0,16.0,8.25,8.25,0,0,PASS,REG001526,CO000026,MN000011,REGISTERED,False,87.0,78.0,90.0,MK001415,27.0,45.0,72.0,A,8.0,32.0,4.0,4.0,PASS
ST000388,AIML2023388,Qasim,Mohanty,Male,2006-06-13,qasim.mohanty388@student.college.edu,7270137031,DEP000001,AY000004,SEM000007,True,PRO000388,Good,80,95,75,90,18,28,45,65,0.03,AR000388,SEM000007,AY000004,16.0,16.0,8.25,8.25,0,0,PASS,REG001527,CO000027,MN000012,REGISTERED,False,83.0,75.0,76.0,MK001416,19.0,60.0,79.0,A,8.0,32.0,4.0,4.0,PASS
ST000388,AIML2023388,Qasim,Mohanty,Male,2006-06-13,qasim.mohanty388@student.college.edu,7270137031,DEP000001,AY000004,SEM000007,True,PRO000388,Good,80,95,75,90,18,28,45,65,0.03,AR000388,SEM000007,AY000004,16.0,16.0,8.25,8.25,0,0,PASS,REG001528,CO000028,MN000013,REGISTERED,False,90.0,87.0,79.0,MK001417,18.0,62.0,80.0,A+,9.0,36.0,4.0,4.0,PASS
ST000389,AIML2023389,Max,Thaker,Male,2005-01-22,max.thaker389@student.college.edu,8931837674,DEP000001,AY000004,SEM000007,True,PRO000389,Average,65,85,60,80,10,24,30,58,0.1,AR000389,SEM000007,AY000004,16.0,16.0,6.5,6.5,0,0,PASS,REG001529,CO000025,MN000010,REGISTERED,False,69.0,74.0,79.0,MK001418,19.0,31.0,50.0,B,6.0,24.0,4.0,4.0,PASS
ST000389,AIML2023389,Max,Thaker,Male,2005-01-22,max.thaker389@student.college.edu,8931837674,DEP000001,AY000004,SEM000007,True,PRO000389,Average,65,85,60,80,10,24,30,58,0.1,AR000389,SEM000007,AY000004,16.0,16.0,6.5,6.5,0,0,PASS,REG001530,CO000026,MN000011,REGISTERED,False,65.0,70.0,55.0,MK001419,18.0,38.0,56.0,B,6.0,24.0,4.0,4.0,PASS
ST000389,AIML2023389,Max,Thaker,Male,2005-01-22,max.thaker389@student.college.edu,8931837674,DEP000001,AY000004,SEM000007,True,PRO000389,Average,65,85,60,80,10,24,30,58,0.1,AR000389,SEM000007,AY000004,16.0,16.0,6.5,6.5,0,0,PASS,REG001531,CO000027,MN000012,REGISTERED,False,81.0,72.0,72.0,MK001420,16.0,43.0,59.0,B,6.0,24.0,4.0,4.0,PASS
ST000389,AIML2023389,Max,Thaker,Male,2005-01-22,max.thaker389@student.college.edu,8931837674,DEP000001,AY000004,SEM000007,True,PRO000389,Average,65,85,60,80,10,24,30,58,0.1,AR000389,SEM000007,AY000004,16.0,16.0,6.5,6.5,0,0,PASS,REG001532,CO000028,MN000013,REGISTERED,False,66.0,60.0,72.0,MK001421,24.0,54.0,78.0,A,8.0,32.0,4.0,4.0,PASS
ST000390,AIML2023390,Ikshita,Munshi,Female,2006-07-29,ikshita.munshi390@student.college.edu,9692167090,DEP000001,AY000004,SEM000007,True,PRO000390,Average,65,85,60,80,10,24,30,58,0.1,AR000390,SEM000007,AY000004,16.0,16.0,7.75,7.75,0,0,PASS,REG001533,CO000025,MN000010,REGISTERED,False,68.0,66.0,65.0,MK001422,14.0,55.0,69.0,B+,7.0,28.0,4.0,4.0,PASS
ST000390,AIML2023390,Ikshita,Munshi,Female,2006-07-29,ikshita.munshi390@student.college.edu,9692167090,DEP000001,AY000004,SEM000007,True,PRO000390,Average,65,85,60,80,10,24,30,58,0.1,AR000390,SEM000007,AY000004,16.0,16.0,7.75,7.75,0,0,PASS,REG001534,CO000026,MN000011,REGISTERED,True,68.0,67.0,64.0,MK001423,20.0,51.0,71.0,A,8.0,32.0,4.0,4.0,PASS
ST000390,AIML2023390,Ikshita,Munshi,Female,2006-07-29,ikshita.munshi390@student.college.edu,9692167090,DEP000001,AY000004,SEM000007,True,PRO000390,Average,65,85,60,80,10,24,30,58,0.1,AR000390,SEM000007,AY000004,16.0,16.0,7.75,7.75,0,0,PASS,REG001535,CO000027,MN000012,REGISTERED,False,72.0,77.0,59.0,MK001424,15.0,57.0,72.0,A,8.0,32.0,4.0,4.0,PASS
ST000390,AIML2023390,Ikshita,Munshi,Female,2006-07-29,ikshita.munshi390@student.college.edu,9692167090,DEP000001,AY000004,SEM000007,True,PRO000390,Average,65,85,60,80,10,24,30,58,0.1,AR000390,SEM000007,AY000004,16.0,16.0,7.75,7.75,0,0,PASS,REG001536,CO000028,MN000013,REGISTERED,False,79.0,78.0,73.0,MK001425,24.0,48.0,72.0,A,8.0,32.0,4.0,4.0,PASS
ST000391,AIML2023391,Raksha,Grover,Female,2004-06-19,raksha.grover391@student.college.edu,9659550821,DEP000001,AY000004,SEM000007,True,PRO000391,HighRisk,20,50,20,45,0,12,0,30,0.8,AR000391,SEM000007,AY000004,16.0,0.0,0.0,0.0,4,4,FAIL,REG001537,CO000025,MN000010,REGISTERED,False,35.0,35.0,35.0,MK001426,7.0,20.0,27.0,F,0.0,0.0,4.0,0.0,FAIL
ST000391,AIML2023391,Raksha,Grover,Female,2004-06-19,raksha.grover391@student.college.edu,9659550821,DEP000001,AY000004,SEM000007,True,PRO000391,HighRisk,20,50,20,45,0,12,0,30,0.8,AR000391,SEM000007,AY000004,16.0,0.0,0.0,0.0,4,4,FAIL,REG001538,CO000026,MN000011,REGISTERED,False,25.0,23.0,20.0,MK001427,2.0,20.0,22.0,F,0.0,0.0,4.0,0.0,FAIL
ST000391,AIML2023391,Raksha,Grover,Female,2004-06-19,raksha.grover391@student.college.edu,9659550821,DEP000001,AY000004,SEM000007,True,PRO000391,HighRisk,20,50,20,45,0,12,0,30,0.8,AR000391,SEM000007,AY000004,16.0,0.0,0.0,0.0,4,4,FAIL,REG001539,CO000027,MN000012,REGISTERED,False,37.0,37.0,28.0,MK001428,10.0,2.0,12.0,F,0.0,0.0,4.0,0.0,FAIL
ST000391,AIML2023391,Raksha,Grover,Female,2004-06-19,raksha.grover391@student.college.edu,9659550821,DEP000001,AY000004,SEM000007,True,PRO000391,HighRisk,20,50,20,45,0,12,0,30,0.8,AR000391,SEM000007,AY000004,16.0,0.0,0.0,0.0,4,4,FAIL,REG001540,CO000028,MN000013,REGISTERED,False,27.0,20.0,28.0,MK001429,11.0,22.0,33.0,F,0.0,0.0,4.0,0.0,FAIL
ST000392,AIML2023392,Isha,Grover,Female,2004-10-12,isha.grover392@student.college.edu,9527680839,DEP000001,AY000004,SEM000007,True,PRO000392,Improving,55,75,50,70,8,20,25,50,0.2,AR000392,SEM000007,AY000004,12.0,12.0,6.33,6.33,0,0,PASS,REG001541,CO000025,MN000010,REGISTERED,True,66.0,63.0,57.0,MK001430,15.0,48.0,63.0,B+,7.0,28.0,4.0,4.0,PASS
ST000392,AIML2023392,Isha,Grover,Female,2004-10-12,isha.grover392@student.college.edu,9527680839,DEP000001,AY000004,SEM000007,True,PRO000392,Improving,55,75,50,70,8,20,25,50,0.2,AR000392,SEM000007,AY000004,12.0,12.0,6.33,6.33,0,0,PASS,REG001542,CO000026,MN000011,REGISTERED,False,68.0,66.0,64.0,MK001431,17.0,36.0,53.0,B,6.0,24.0,4.0,4.0,PASS
ST000392,AIML2023392,Isha,Grover,Female,2004-10-12,isha.grover392@student.college.edu,9527680839,DEP000001,AY000004,SEM000007,True,PRO000392,Improving,55,75,50,70,8,20,25,50,0.2,AR000392,SEM000007,AY000004,12.0,12.0,6.33,6.33,0,0,PASS,REG001543,CO000027,MN000012,CANCELLED,False,57.0,56.0,56.0,,,,,,,,,,
ST000392,AIML2023392,Isha,Grover,Female,2004-10-12,isha.grover392@student.college.edu,9527680839,DEP000001,AY000004,SEM000007,True,PRO000392,Improving,55,75,50,70,8,20,25,50,0.2,AR000392,SEM000007,AY000004,12.0,12.0,6.33,6.33,0,0,PASS,REG001544,CO000028,MN000013,REGISTERED,True,65.0,62.0,56.0,MK001432,10.0,43.0,53.0,B,6.0,24.0,4.0,4.0,PASS
ST000393,AIML2023393,Bhanumati,Badami,Female,2004-01-21,bhanumati.badami393@student.college.edu,7506369035,DEP000001,AY000004,SEM000007,True,PRO000393,Improving,55,75,50,70,8,20,25,50,0.2,AR000393,SEM000007,AY000004,16.0,16.0,6.0,6.0,0,0,PASS,REG001545,CO000025,MN000010,REGISTERED,False,69.0,63.0,56.0,MK001433,13.0,49.0,62.0,B+,7.0,28.0,4.0,4.0,PASS
ST000393,AIML2023393,Bhanumati,Badami,Female,2004-01-21,bhanumati.badami393@student.college.edu,7506369035,DEP000001,AY000004,SEM000007,True,PRO000393,Improving,55,75,50,70,8,20,25,50,0.2,AR000393,SEM000007,AY000004,16.0,16.0,6.0,6.0,0,0,PASS,REG001546,CO000026,MN000011,REGISTERED,False,56.0,57.0,51.0,MK001434,11.0,45.0,56.0,B,6.0,24.0,4.0,4.0,PASS
ST000393,AIML2023393,Bhanumati,Badami,Female,2004-01-21,bhanumati.badami393@student.college.edu,7506369035,DEP000001,AY000004,SEM000007,True,PRO000393,Improving,55,75,50,70,8,20,25,50,0.2,AR000393,SEM000007,AY000004,16.0,16.0,6.0,6.0,0,0,PASS,REG001547,CO000027,MN000012,REGISTERED,False,57.0,52.0,54.0,MK001435,12.0,34.0,46.0,C,5.0,20.0,4.0,4.0,PASS
ST000393,AIML2023393,Bhanumati,Badami,Female,2004-01-21,bhanumati.badami393@student.college.edu,7506369035,DEP000001,AY000004,SEM000007,True,PRO000393,Improving,55,75,50,70,8,20,25,50,0.2,AR000393,SEM000007,AY000004,16.0,16.0,6.0,6.0,0,0,PASS,REG001548,CO000028,MN000013,REGISTERED,False,65.0,50.0,54.0,MK001436,10.0,47.0,57.0,B,6.0,24.0,4.0,4.0,PASS
ST000394,AIML2023394,Lila,Bail,Female,2006-03-22,lila.bail394@student.college.edu,9726904272,DEP000001,AY000004,SEM000007,True,PRO000394,Declining,40,65,35,60,4,16,15,40,0.45,AR000394,SEM000007,AY000004,12.0,8.0,3.33,3.33,1,1,PROMOTED,REG001549,CO000025,MN000010,CANCELLED,False,49.0,44.0,41.0,,,,,,,,,,
ST000394,AIML2023394,Lila,Bail,Female,2006-03-22,lila.bail394@student.college.edu,9726904272,DEP000001,AY000004,SEM000007,True,PRO000394,Declining,40,65,35,60,4,16,15,40,0.45,AR000394,SEM000007,AY000004,12.0,8.0,3.33,3.33,1,1,PROMOTED,REG001550,CO000026,MN000011,REGISTERED,False,62.0,56.0,49.0,MK001437,9.0,21.0,30.0,F,0.0,0.0,4.0,0.0,FAIL
ST000394,AIML2023394,Lila,Bail,Female,2006-03-22,lila.bail394@student.college.edu,9726904272,DEP000001,AY000004,SEM000007,True,PRO000394,Declining,40,65,35,60,4,16,15,40,0.45,AR000394,SEM000007,AY000004,12.0,8.0,3.33,3.33,1,1,PROMOTED,REG001551,CO000027,MN000012,REGISTERED,False,58.0,38.0,47.0,MK001438,14.0,38.0,52.0,B,6.0,24.0,4.0,4.0,PASS
ST000394,AIML2023394,Lila,Bail,Female,2006-03-22,lila.bail394@student.college.edu,9726904272,DEP000001,AY000004,SEM000007,True,PRO000394,Declining,40,65,35,60,4,16,15,40,0.45,AR000394,SEM000007,AY000004,12.0,8.0,3.33,3.33,1,1,PROMOTED,REG001552,CO000028,MN000013,REGISTERED,False,57.0,55.0,44.0,MK001439,9.0,34.0,43.0,P,4.0,16.0,4.0,4.0,PASS
ST000395,AIML2023395,Mohini,Bhatia,Female,2005-04-22,mohini.bhatia395@student.college.edu,7777093248,DEP000001,AY000004,SEM000007,True,PRO000395,Improving,55,75,50,70,8,20,25,50,0.2,AR000395,SEM000007,AY000004,16.0,16.0,6.0,6.0,0,0,PASS,REG001553,CO000025,MN000010,REGISTERED,False,71.0,63.0,58.0,MK001440,15.0,47.0,62.0,B+,7.0,28.0,4.0,4.0,PASS
ST000395,AIML2023395,Mohini,Bhatia,Female,2005-04-22,mohini.bhatia395@student.college.edu,7777093248,DEP000001,AY000004,SEM000007,True,PRO000395,Improving,55,75,50,70,8,20,25,50,0.2,AR000395,SEM000007,AY000004,16.0,16.0,6.0,6.0,0,0,PASS,REG001554,CO000026,MN000011,REGISTERED,False,55.0,58.0,57.0,MK001441,17.0,38.0,55.0,B,6.0,24.0,4.0,4.0,PASS
ST000395,AIML2023395,Mohini,Bhatia,Female,2005-04-22,mohini.bhatia395@student.college.edu,7777093248,DEP000001,AY000004,SEM000007,True,PRO000395,Improving,55,75,50,70,8,20,25,50,0.2,AR000395,SEM000007,AY000004,16.0,16.0,6.0,6.0,0,0,PASS,REG001555,CO000027,MN000012,REGISTERED,False,55.0,55.0,52.0,MK001442,11.0,39.0,50.0,B,6.0,24.0,4.0,4.0,PASS
ST000395,AIML2023395,Mohini,Bhatia,Female,2005-04-22,mohini.bhatia395@student.college.edu,7777093248,DEP000001,AY000004,SEM000007,True,PRO000395,Improving,55,75,50,70,8,20,25,50,0.2,AR000395,SEM000007,AY000004,16.0,16.0,6.0,6.0,0,0,PASS,REG001556,CO000028,MN000013,REGISTERED,False,62.0,63.0,60.0,MK001443,20.0,28.0,48.0,C,5.0,20.0,4.0,4.0,PASS
ST000396,AIML2023396,Fariq,Mitra,Male,2004-06-22,fariq.mitra396@student.college.edu,7626288424,DEP000001,AY000004,SEM000007,True,PRO000396,HighRisk,20,50,20,45,0,12,0,30,0.8,AR000396,SEM000007,AY000004,12.0,0.0,0.0,0.0,3,3,FAIL,REG001557,CO000025,MN000010,REGISTERED,False,22.0,21.0,23.0,MK001444,11.0,19.0,30.0,F,0.0,0.0,4.0,0.0,FAIL
ST000396,AIML2023396,Fariq,Mitra,Male,2004-06-22,fariq.mitra396@student.college.edu,7626288424,DEP000001,AY000004,SEM000007,True,PRO000396,HighRisk,20,50,20,45,0,12,0,30,0.8,AR000396,SEM000007,AY000004,12.0,0.0,0.0,0.0,3,3,FAIL,REG001558,CO000026,MN000011,REGISTERED,False,28.0,29.0,15.0,MK001445,3.0,10.0,13.0,F,0.0,0.0,4.0,0.0,FAIL
ST000396,AIML2023396,Fariq,Mitra,Male,2004-06-22,fariq.mitra396@student.college.edu,7626288424,DEP000001,AY000004,SEM000007,True,PRO000396,HighRisk,20,50,20,45,0,12,0,30,0.8,AR000396,SEM000007,AY000004,12.0,0.0,0.0,0.0,3,3,FAIL,REG001559,CO000027,MN000012,REGISTERED,False,38.0,38.0,28.0,MK001446,7.0,30.0,37.0,F,0.0,0.0,4.0,0.0,FAIL
ST000396,AIML2023396,Fariq,Mitra,Male,2004-06-22,fariq.mitra396@student.college.edu,7626288424,DEP000001,AY000004,SEM000007,True,PRO000396,HighRisk,20,50,20,45,0,12,0,30,0.8,AR000396,SEM000007,AY000004,12.0,0.0,0.0,0.0,3,3,FAIL,REG001560,CO000028,MN000013,CANCELLED,False,24.0,29.0,32.0,,,,,,,,,,
ST000397,AIML2023397,Gayathri,Pandya,Female,2005-10-28,gayathri.pandya397@student.college.edu,6086616371,DEP000001,AY000004,SEM000007,True,PRO000397,Average,65,85,60,80,10,24,30,58,0.1,AR000397,SEM000007,AY000004,16.0,16.0,6.25,6.25,0,0,PASS,REG001561,CO000025,MN000010,REGISTERED,False,78.0,72.0,71.0,MK001447,13.0,51.0,64.0,B+,7.0,28.0,4.0,4.0,PASS
ST000397,AIML2023397,Gayathri,Pandya,Female,2005-10-28,gayathri.pandya397@student.college.edu,6086616371,DEP000001,AY000004,SEM000007,True,PRO000397,Average,65,85,60,80,10,24,30,58,0.1,AR000397,SEM000007,AY000004,16.0,16.0,6.25,6.25,0,0,PASS,REG001562,CO000026,MN000011,REGISTERED,False,77.0,76.0,69.0,MK001448,24.0,37.0,61.0,B+,7.0,28.0,4.0,4.0,PASS
ST000397,AIML2023397,Gayathri,Pandya,Female,2005-10-28,gayathri.pandya397@student.college.edu,6086616371,DEP000001,AY000004,SEM000007,True,PRO000397,Average,65,85,60,80,10,24,30,58,0.1,AR000397,SEM000007,AY000004,16.0,16.0,6.25,6.25,0,0,PASS,REG001563,CO000027,MN000012,REGISTERED,False,68.0,69.0,71.0,MK001449,11.0,35.0,46.0,C,5.0,20.0,4.0,4.0,PASS
ST000397,AIML2023397,Gayathri,Pandya,Female,2005-10-28,gayathri.pandya397@student.college.edu,6086616371,DEP000001,AY000004,SEM000007,True,PRO000397,Average,65,85,60,80,10,24,30,58,0.1,AR000397,SEM000007,AY000004,16.0,16.0,6.25,6.25,0,0,PASS,REG001564,CO000028,MN000013,REGISTERED,False,83.0,74.0,68.0,MK001450,11.0,44.0,55.0,B,6.0,24.0,4.0,4.0,PASS
ST000398,AIML2023398,Chavvi,Sant,Female,2004-08-18,chavvi.sant398@student.college.edu,6465841880,DEP000001,AY000004,SEM000007,True,PRO000398,Average,65,85,60,80,10,24,30,58,0.1,AR000398,SEM000007,AY000004,16.0,16.0,6.75,6.75,0,0,PASS,REG001565,CO000025,MN000010,REGISTERED,False,71.0,65.0,68.0,MK001451,19.0,54.0,73.0,A,8.0,32.0,4.0,4.0,PASS
ST000398,AIML2023398,Chavvi,Sant,Female,2004-08-18,chavvi.sant398@student.college.edu,6465841880,DEP000001,AY000004,SEM000007,True,PRO000398,Average,65,85,60,80,10,24,30,58,0.1,AR000398,SEM000007,AY000004,16.0,16.0,6.75,6.75,0,0,PASS,REG001566,CO000026,MN000011,REGISTERED,True,76.0,73.0,65.0,MK001452,21.0,31.0,52.0,B,6.0,24.0,4.0,4.0,PASS
ST000398,AIML2023398,Chavvi,Sant,Female,2004-08-18,chavvi.sant398@student.college.edu,6465841880,DEP000001,AY000004,SEM000007,True,PRO000398,Average,65,85,60,80,10,24,30,58,0.1,AR000398,SEM000007,AY000004,16.0,16.0,6.75,6.75,0,0,PASS,REG001567,CO000027,MN000012,REGISTERED,True,81.0,61.0,78.0,MK001453,12.0,35.0,47.0,C,5.0,20.0,4.0,4.0,PASS
ST000398,AIML2023398,Chavvi,Sant,Female,2004-08-18,chavvi.sant398@student.college.edu,6465841880,DEP000001,AY000004,SEM000007,True,PRO000398,Average,65,85,60,80,10,24,30,58,0.1,AR000398,SEM000007,AY000004,16.0,16.0,6.75,6.75,0,0,PASS,REG001568,CO000028,MN000013,REGISTERED,False,77.0,70.0,63.0,MK001454,12.0,58.0,70.0,A,8.0,32.0,4.0,4.0,PASS
ST000399,AIML2023399,Jeet,Issac,Male,2006-05-01,jeet.issac399@student.college.edu,8671774858,DEP000001,AY000004,SEM000007,True,PRO000399,HighRisk,20,50,20,45,0,12,0,30,0.8,AR000399,SEM000007,AY000004,12.0,0.0,0.0,0.0,3,3,FAIL,REG001569,CO000025,MN000010,CANCELLED,False,37.0,26.0,32.0,,,,,,,,,,
ST000399,AIML2023399,Jeet,Issac,Male,2006-05-01,jeet.issac399@student.college.edu,8671774858,DEP000001,AY000004,SEM000007,True,PRO000399,HighRisk,20,50,20,45,0,12,0,30,0.8,AR000399,SEM000007,AY000004,12.0,0.0,0.0,0.0,3,3,FAIL,REG001570,CO000026,MN000011,REGISTERED,True,39.0,26.0,29.0,MK001455,8.0,5.0,13.0,F,0.0,0.0,4.0,0.0,FAIL
ST000399,AIML2023399,Jeet,Issac,Male,2006-05-01,jeet.issac399@student.college.edu,8671774858,DEP000001,AY000004,SEM000007,True,PRO000399,HighRisk,20,50,20,45,0,12,0,30,0.8,AR000399,SEM000007,AY000004,12.0,0.0,0.0,0.0,3,3,FAIL,REG001571,CO000027,MN000012,REGISTERED,False,40.0,40.0,29.0,MK001456,1.0,5.0,6.0,F,0.0,0.0,4.0,0.0,FAIL
ST000399,AIML2023399,Jeet,Issac,Male,2006-05-01,jeet.issac399@student.college.edu,8671774858,DEP000001,AY000004,SEM000007,True,PRO000399,HighRisk,20,50,20,45,0,12,0,30,0.8,AR000399,SEM000007,AY000004,12.0,0.0,0.0,0.0,3,3,FAIL,REG001572,CO000028,MN000013,REGISTERED,False,46.0,31.0,32.0,MK001457,11.0,14.0,25.0,F,0.0,0.0,4.0,0.0,FAIL
ST000400,AIML2023400,Shaurya,Parekh,Male,2003-09-18,shaurya.parekh400@student.college.edu,7627846944,DEP000001,AY000004,SEM000007,True,PRO000400,HighRisk,20,50,20,45,0,12,0,30,0.8,AR000400,SEM000007,AY000004,12.0,0.0,0.0,0.0,3,3,FAIL,REG001573,CO000025,MN000010,REGISTERED,False,32.0,37.0,30.0,MK001458,0.0,23.0,23.0,F,0.0,0.0,4.0,0.0,FAIL
ST000400,AIML2023400,Shaurya,Parekh,Male,2003-09-18,shaurya.parekh400@student.college.edu,7627846944,DEP000001,AY000004,SEM000007,True,PRO000400,HighRisk,20,50,20,45,0,12,0,30,0.8,AR000400,SEM000007,AY000004,12.0,0.0,0.0,0.0,3,3,FAIL,REG001574,CO000026,MN000011,REGISTERED,True,49.0,38.0,34.0,MK001459,1.0,11.0,12.0,F,0.0,0.0,4.0,0.0,FAIL
ST000400,AIML2023400,Shaurya,Parekh,Male,2003-09-18,shaurya.parekh400@student.college.edu,7627846944,DEP000001,AY000004,SEM000007,True,PRO000400,HighRisk,20,50,20,45,0,12,0,30,0.8,AR000400,SEM000007,AY000004,12.0,0.0,0.0,0.0,3,3,FAIL,REG001575,CO000027,MN000012,REGISTERED,True,50.0,35.0,35.0,MK001460,1.0,28.0,29.0,F,0.0,0.0,4.0,0.0,FAIL
ST000400,AIML2023400,Shaurya,Parekh,Male,2003-09-18,shaurya.parekh400@student.college.edu,7627846944,DEP000001,AY000004,SEM000007,True,PRO000400,HighRisk,20,50,20,45,0,12,0,30,0.8,AR000400,SEM000007,AY000004,12.0,0.0,0.0,0.0,3,3,FAIL,REG001576,CO000028,MN000013,CANCELLED,False,39.0,38.0,28.0,,,,,,,,,,
ST000401,AIML2023401,Urvi,Devi,Female,2003-11-18,urvi.devi401@student.college.edu,9122922146,DEP000001,AY000004,SEM000007,True,PRO000401,Declining,40,65,35,60,4,16,15,40,0.45,AR000401,SEM000007,AY000004,16.0,12.0,3.5,3.5,1,1,PROMOTED,REG001577,CO000025,MN000010,REGISTERED,True,64.0,53.0,50.0,MK001461,15.0,30.0,45.0,C,5.0,20.0,4.0,4.0,PASS
ST000401,AIML2023401,Urvi,Devi,Female,2003-11-18,urvi.devi401@student.college.edu,9122922146,DEP000001,AY000004,SEM000007,True,PRO000401,Declining,40,65,35,60,4,16,15,40,0.45,AR000401,SEM000007,AY000004,16.0,12.0,3.5,3.5,1,1,PROMOTED,REG001578,CO000026,MN000011,REGISTERED,False,63.0,47.0,49.0,MK001462,16.0,33.0,49.0,C,5.0,20.0,4.0,4.0,PASS
ST000401,AIML2023401,Urvi,Devi,Female,2003-11-18,urvi.devi401@student.college.edu,9122922146,DEP000001,AY000004,SEM000007,True,PRO000401,Declining,40,65,35,60,4,16,15,40,0.45,AR000401,SEM000007,AY000004,16.0,12.0,3.5,3.5,1,1,PROMOTED,REG001579,CO000027,MN000012,REGISTERED,False,63.0,46.0,50.0,MK001463,11.0,17.0,28.0,F,0.0,0.0,4.0,0.0,FAIL
ST000401,AIML2023401,Urvi,Devi,Female,2003-11-18,urvi.devi401@student.college.edu,9122922146,DEP000001,AY000004,SEM000007,True,PRO000401,Declining,40,65,35,60,4,16,15,40,0.45,AR000401,SEM000007,AY000004,16.0,12.0,3.5,3.5,1,1,PROMOTED,REG001580,CO000028,MN000013,REGISTERED,False,57.0,46.0,49.0,MK001464,11.0,33.0,44.0,P,4.0,16.0,4.0,4.0,PASS
ST000402,AIML2023402,Caleb,Murty,Male,2004-10-28,caleb.murty402@student.college.edu,7108668654,DEP000001,AY000004,SEM000007,True,PRO000402,Average,65,85,60,80,10,24,30,58,0.1,AR000402,SEM000007,AY000004,16.0,16.0,7.0,7.0,0,0,PASS,REG001581,CO000025,MN000010,REGISTERED,True,67.0,70.0,57.0,MK001465,15.0,47.0,62.0,B+,7.0,28.0,4.0,4.0,PASS
ST000402,AIML2023402,Caleb,Murty,Male,2004-10-28,caleb.murty402@student.college.edu,7108668654,DEP000001,AY000004,SEM000007,True,PRO000402,Average,65,85,60,80,10,24,30,58,0.1,AR000402,SEM000007,AY000004,16.0,16.0,7.0,7.0,0,0,PASS,REG001582,CO000026,MN000011,REGISTERED,False,79.0,80.0,78.0,MK001466,16.0,58.0,74.0,A,8.0,32.0,4.0,4.0,PASS
ST000402,AIML2023402,Caleb,Murty,Male,2004-10-28,caleb.murty402@student.college.edu,7108668654,DEP000001,AY000004,SEM000007,True,PRO000402,Average,65,85,60,80,10,24,30,58,0.1,AR000402,SEM000007,AY000004,16.0,16.0,7.0,7.0,0,0,PASS,REG001583,CO000027,MN000012,REGISTERED,False,73.0,65.0,72.0,MK001467,19.0,35.0,54.0,B,6.0,24.0,4.0,4.0,PASS
ST000402,AIML2023402,Caleb,Murty,Male,2004-10-28,caleb.murty402@student.college.edu,7108668654,DEP000001,AY000004,SEM000007,True,PRO000402,Average,65,85,60,80,10,24,30,58,0.1,AR000402,SEM000007,AY000004,16.0,16.0,7.0,7.0,0,0,PASS,REG001584,CO000028,MN000013,REGISTERED,False,84.0,72.0,75.0,MK001468,18.0,42.0,60.0,B+,7.0,28.0,4.0,4.0,PASS
ST000403,AIML2023403,Yatin,Choudhry,Male,2006-03-21,yatin.choudhry403@student.college.edu,8557128872,DEP000001,AY000004,SEM000007,True,PRO000403,Average,65,85,60,80,10,24,30,58,0.1,AR000403,SEM000007,AY000004,16.0,16.0,6.5,6.5,0,0,PASS,REG001585,CO000025,MN000010,REGISTERED,False,82.0,73.0,70.0,MK001469,13.0,52.0,65.0,B+,7.0,28.0,4.0,4.0,PASS
ST000403,AIML2023403,Yatin,Choudhry,Male,2006-03-21,yatin.choudhry403@student.college.edu,8557128872,DEP000001,AY000004,SEM000007,True,PRO000403,Average,65,85,60,80,10,24,30,58,0.1,AR000403,SEM000007,AY000004,16.0,16.0,6.5,6.5,0,0,PASS,REG001586,CO000026,MN000011,REGISTERED,False,69.0,68.0,56.0,MK001470,14.0,44.0,58.0,B,6.0,24.0,4.0,4.0,PASS
ST000403,AIML2023403,Yatin,Choudhry,Male,2006-03-21,yatin.choudhry403@student.college.edu,8557128872,DEP000001,AY000004,SEM000007,True,PRO000403,Average,65,85,60,80,10,24,30,58,0.1,AR000403,SEM000007,AY000004,16.0,16.0,6.5,6.5,0,0,PASS,REG001587,CO000027,MN000012,REGISTERED,False,66.0,63.0,57.0,MK001471,17.0,45.0,62.0,B+,7.0,28.0,4.0,4.0,PASS
ST000403,AIML2023403,Yatin,Choudhry,Male,2006-03-21,yatin.choudhry403@student.college.edu,8557128872,DEP000001,AY000004,SEM000007,True,PRO000403,Average,65,85,60,80,10,24,30,58,0.1,AR000403,SEM000007,AY000004,16.0,16.0,6.5,6.5,0,0,PASS,REG001588,CO000028,MN000013,REGISTERED,False,81.0,63.0,75.0,MK001472,10.0,46.0,56.0,B,6.0,24.0,4.0,4.0,PASS
ST000404,AIML2023404,Hitesh,Parmar,Male,2005-04-27,hitesh.parmar404@student.college.edu,9807792206,DEP000001,AY000004,SEM000007,True,PRO000404,Good,80,95,75,90,18,28,45,65,0.03,AR000404,SEM000007,AY000004,16.0,16.0,8.25,8.25,0,0,PASS,REG001589,CO000025,MN000010,REGISTERED,False,94.0,84.0,92.0,MK001473,27.0,45.0,72.0,A,8.0,32.0,4.0,4.0,PASS
ST000404,AIML2023404,Hitesh,Parmar,Male,2005-04-27,hitesh.parmar404@student.college.edu,9807792206,DEP000001,AY000004,SEM000007,True,PRO000404,Good,80,95,75,90,18,28,45,65,0.03,AR000404,SEM000007,AY000004,16.0,16.0,8.25,8.25,0,0,PASS,REG001590,CO000026,MN000011,REGISTERED,False,95.0,75.0,81.0,MK001474,24.0,65.0,89.0,A+,9.0,36.0,4.0,4.0,PASS
ST000404,AIML2023404,Hitesh,Parmar,Male,2005-04-27,hitesh.parmar404@student.college.edu,9807792206,DEP000001,AY000004,SEM000007,True,PRO000404,Good,80,95,75,90,18,28,45,65,0.03,AR000404,SEM000007,AY000004,16.0,16.0,8.25,8.25,0,0,PASS,REG001591,CO000027,MN000012,REGISTERED,False,84.0,87.0,90.0,MK001475,18.0,53.0,71.0,A,8.0,32.0,4.0,4.0,PASS
ST000404,AIML2023404,Hitesh,Parmar,Male,2005-04-27,hitesh.parmar404@student.college.edu,9807792206,DEP000001,AY000004,SEM000007,True,PRO000404,Good,80,95,75,90,18,28,45,65,0.03,AR000404,SEM000007,AY000004,16.0,16.0,8.25,8.25,0,0,PASS,REG001592,CO000028,MN000013,REGISTERED,False,88.0,87.0,91.0,MK001476,18.0,58.0,76.0,A,8.0,32.0,4.0,4.0,PASS
ST000405,AIML2023405,Eta,Puri,Female,2003-10-09,eta.puri405@student.college.edu,7357510673,DEP000001,AY000004,SEM000007,True,PRO000405,Average,65,85,60,80,10,24,30,58,0.1,AR000405,SEM000007,AY000004,12.0,12.0,6.67,6.67,0,0,PASS,REG001593,CO000025,MN000010,REGISTERED,False,70.0,61.0,79.0,MK001477,21.0,56.0,77.0,A,8.0,32.0,4.0,4.0,PASS
ST000405,AIML2023405,Eta,Puri,Female,2003-10-09,eta.puri405@student.college.edu,7357510673,DEP000001,AY000004,SEM000007,True,PRO000405,Average,65,85,60,80,10,24,30,58,0.1,AR000405,SEM000007,AY000004,12.0,12.0,6.67,6.67,0,0,PASS,REG001594,CO000026,MN000011,REGISTERED,False,78.0,74.0,77.0,MK001478,13.0,31.0,44.0,P,4.0,16.0,4.0,4.0,PASS
ST000405,AIML2023405,Eta,Puri,Female,2003-10-09,eta.puri405@student.college.edu,7357510673,DEP000001,AY000004,SEM000007,True,PRO000405,Average,65,85,60,80,10,24,30,58,0.1,AR000405,SEM000007,AY000004,12.0,12.0,6.67,6.67,0,0,PASS,REG001595,CO000027,MN000012,REGISTERED,False,74.0,79.0,66.0,MK001479,20.0,50.0,70.0,A,8.0,32.0,4.0,4.0,PASS
ST000405,AIML2023405,Eta,Puri,Female,2003-10-09,eta.puri405@student.college.edu,7357510673,DEP000001,AY000004,SEM000007,True,PRO000405,Average,65,85,60,80,10,24,30,58,0.1,AR000405,SEM000007,AY000004,12.0,12.0,6.67,6.67,0,0,PASS,REG001596,CO000028,MN000013,CANCELLED,False,72.0,75.0,72.0,,,,,,,,,,
ST000406,AIML2023406,Ikshita,Kohli,Female,2005-10-11,ikshita.kohli406@student.college.edu,6577318634,DEP000001,AY000004,SEM000007,True,PRO000406,Average,65,85,60,80,10,24,30,58,0.1,AR000406,SEM000007,AY000004,16.0,16.0,7.0,7.0,0,0,PASS,REG001597,CO000025,MN000010,REGISTERED,False,73.0,63.0,76.0,MK001480,17.0,55.0,72.0,A,8.0,32.0,4.0,4.0,PASS
ST000406,AIML2023406,Ikshita,Kohli,Female,2005-10-11,ikshita.kohli406@student.college.edu,6577318634,DEP000001,AY000004,SEM000007,True,PRO000406,Average,65,85,60,80,10,24,30,58,0.1,AR000406,SEM000007,AY000004,16.0,16.0,7.0,7.0,0,0,PASS,REG001598,CO000026,MN000011,REGISTERED,False,81.0,74.0,66.0,MK001481,15.0,31.0,46.0,C,5.0,20.0,4.0,4.0,PASS
ST000406,AIML2023406,Ikshita,Kohli,Female,2005-10-11,ikshita.kohli406@student.college.edu,6577318634,DEP000001,AY000004,SEM000007,True,PRO000406,Average,65,85,60,80,10,24,30,58,0.1,AR000406,SEM000007,AY000004,16.0,16.0,7.0,7.0,0,0,PASS,REG001599,CO000027,MN000012,REGISTERED,False,80.0,74.0,80.0,MK001482,11.0,52.0,63.0,B+,7.0,28.0,4.0,4.0,PASS
ST000406,AIML2023406,Ikshita,Kohli,Female,2005-10-11,ikshita.kohli406@student.college.edu,6577318634,DEP000001,AY000004,SEM000007,True,PRO000406,Average,65,85,60,80,10,24,30,58,0.1,AR000406,SEM000007,AY000004,16.0,16.0,7.0,7.0,0,0,PASS,REG001600,CO000028,MN000013,REGISTERED,False,73.0,67.0,74.0,MK001483,24.0,48.0,72.0,A,8.0,32.0,4.0,4.0,PASS
ST000407,AIML2023407,Vamakshi,More,Female,2006-06-28,vamakshi.more407@student.college.edu,6651869206,DEP000001,AY000004,SEM000007,True,PRO000407,Average,65,85,60,80,10,24,30,58,0.1,AR000407,SEM000007,AY000004,16.0,16.0,6.0,6.0,0,0,PASS,REG001601,CO000025,MN000010,REGISTERED,False,73.0,69.0,77.0,MK001484,13.0,32.0,45.0,C,5.0,20.0,4.0,4.0,PASS
ST000407,AIML2023407,Vamakshi,More,Female,2006-06-28,vamakshi.more407@student.college.edu,6651869206,DEP000001,AY000004,SEM000007,True,PRO000407,Average,65,85,60,80,10,24,30,58,0.1,AR000407,SEM000007,AY000004,16.0,16.0,6.0,6.0,0,0,PASS,REG001602,CO000026,MN000011,REGISTERED,False,76.0,76.0,71.0,MK001485,19.0,35.0,54.0,B,6.0,24.0,4.0,4.0,PASS
ST000407,AIML2023407,Vamakshi,More,Female,2006-06-28,vamakshi.more407@student.college.edu,6651869206,DEP000001,AY000004,SEM000007,True,PRO000407,Average,65,85,60,80,10,24,30,58,0.1,AR000407,SEM000007,AY000004,16.0,16.0,6.0,6.0,0,0,PASS,REG001603,CO000027,MN000012,REGISTERED,False,68.0,72.0,73.0,MK001486,18.0,36.0,54.0,B,6.0,24.0,4.0,4.0,PASS
ST000407,AIML2023407,Vamakshi,More,Female,2006-06-28,vamakshi.more407@student.college.edu,6651869206,DEP000001,AY000004,SEM000007,True,PRO000407,Average,65,85,60,80,10,24,30,58,0.1,AR000407,SEM000007,AY000004,16.0,16.0,6.0,6.0,0,0,PASS,REG001604,CO000028,MN000013,REGISTERED,False,67.0,64.0,67.0,MK001487,23.0,41.0,64.0,B+,7.0,28.0,4.0,4.0,PASS
ST000408,AIML2023408,Ekaraj,Bava,Male,2004-02-03,ekaraj.bava408@student.college.edu,9106459134,DEP000001,AY000004,SEM000007,True,PRO000408,Declining,40,65,35,60,4,16,15,40,0.45,AR000408,SEM000007,AY000004,12.0,4.0,1.33,1.33,2,2,PROMOTED,REG001605,CO000025,MN000010,REGISTERED,True,51.0,40.0,46.0,MK001488,16.0,24.0,40.0,P,4.0,16.0,4.0,4.0,PASS
ST000408,AIML2023408,Ekaraj,Bava,Male,2004-02-03,ekaraj.bava408@student.college.edu,9106459134,DEP000001,AY000004,SEM000007,True,PRO000408,Declining,40,65,35,60,4,16,15,40,0.45,AR000408,SEM000007,AY000004,12.0,4.0,1.33,1.33,2,2,PROMOTED,REG001606,CO000026,MN000011,CANCELLED,False,57.0,54.0,48.0,,,,,,,,,,
ST000408,AIML2023408,Ekaraj,Bava,Male,2004-02-03,ekaraj.bava408@student.college.edu,9106459134,DEP000001,AY000004,SEM000007,True,PRO000408,Declining,40,65,35,60,4,16,15,40,0.45,AR000408,SEM000007,AY000004,12.0,4.0,1.33,1.33,2,2,PROMOTED,REG001607,CO000027,MN000012,REGISTERED,False,62.0,52.0,49.0,MK001489,8.0,25.0,33.0,F,0.0,0.0,4.0,0.0,FAIL
ST000408,AIML2023408,Ekaraj,Bava,Male,2004-02-03,ekaraj.bava408@student.college.edu,9106459134,DEP000001,AY000004,SEM000007,True,PRO000408,Declining,40,65,35,60,4,16,15,40,0.45,AR000408,SEM000007,AY000004,12.0,4.0,1.33,1.33,2,2,PROMOTED,REG001608,CO000028,MN000013,REGISTERED,False,57.0,41.0,48.0,MK001490,11.0,28.0,39.0,F,0.0,0.0,4.0,0.0,FAIL
ST000409,AIML2023409,Ronith,Sachdev,Male,2005-03-05,ronith.sachdev409@student.college.edu,9222904749,DEP000001,AY000004,SEM000007,True,PRO000409,Improving,55,75,50,70,8,20,25,50,0.2,AR000409,SEM000007,AY000004,16.0,8.0,3.0,3.0,2,2,PROMOTED,REG001609,CO000025,MN000010,REGISTERED,False,60.0,59.0,50.0,MK001491,8.0,27.0,35.0,F,0.0,0.0,4.0,0.0,FAIL
ST000409,AIML2023409,Ronith,Sachdev,Male,2005-03-05,ronith.sachdev409@student.college.edu,9222904749,DEP000001,AY000004,SEM000007,True,PRO000409,Improving,55,75,50,70,8,20,25,50,0.2,AR000409,SEM000007,AY000004,16.0,8.0,3.0,3.0,2,2,PROMOTED,REG001610,CO000026,MN000011,REGISTERED,False,72.0,54.0,61.0,MK001492,9.0,29.0,38.0,F,0.0,0.0,4.0,0.0,FAIL
ST000409,AIML2023409,Ronith,Sachdev,Male,2005-03-05,ronith.sachdev409@student.college.edu,9222904749,DEP000001,AY000004,SEM000007,True,PRO000409,Improving,55,75,50,70,8,20,25,50,0.2,AR000409,SEM000007,AY000004,16.0,8.0,3.0,3.0,2,2,PROMOTED,REG001611,CO000027,MN000012,REGISTERED,False,58.0,57.0,64.0,MK001493,9.0,39.0,48.0,C,5.0,20.0,4.0,4.0,PASS
ST000409,AIML2023409,Ronith,Sachdev,Male,2005-03-05,ronith.sachdev409@student.college.edu,9222904749,DEP000001,AY000004,SEM000007,True,PRO000409,Improving,55,75,50,70,8,20,25,50,0.2,AR000409,SEM000007,AY000004,16.0,8.0,3.0,3.0,2,2,PROMOTED,REG001612,CO000028,MN000013,REGISTERED,False,75.0,55.0,64.0,MK001494,18.0,49.0,67.0,B+,7.0,28.0,4.0,4.0,PASS
ST000410,AIML2023410,Ethan,Choudhury,Male,2006-03-11,ethan.choudhury410@student.college.edu,8143360998,DEP000001,AY000004,SEM000007,True,PRO000410,Average,65,85,60,80,10,24,30,58,0.1,AR000410,SEM000007,AY000004,16.0,16.0,6.5,6.5,0,0,PASS,REG001613,CO000025,MN000010,REGISTERED,False,79.0,76.0,74.0,MK001495,23.0,40.0,63.0,B+,7.0,28.0,4.0,4.0,PASS
ST000410,AIML2023410,Ethan,Choudhury,Male,2006-03-11,ethan.choudhury410@student.college.edu,8143360998,DEP000001,AY000004,SEM000007,True,PRO000410,Average,65,85,60,80,10,24,30,58,0.1,AR000410,SEM000007,AY000004,16.0,16.0,6.5,6.5,0,0,PASS,REG001614,CO000026,MN000011,REGISTERED,False,73.0,69.0,74.0,MK001496,12.0,56.0,68.0,B+,7.0,28.0,4.0,4.0,PASS
ST000410,AIML2023410,Ethan,Choudhury,Male,2006-03-11,ethan.choudhury410@student.college.edu,8143360998,DEP000001,AY000004,SEM000007,True,PRO000410,Average,65,85,60,80,10,24,30,58,0.1,AR000410,SEM000007,AY000004,16.0,16.0,6.5,6.5,0,0,PASS,REG001615,CO000027,MN000012,REGISTERED,False,73.0,75.0,79.0,MK001497,17.0,37.0,54.0,B,6.0,24.0,4.0,4.0,PASS
ST000410,AIML2023410,Ethan,Choudhury,Male,2006-03-11,ethan.choudhury410@student.college.edu,8143360998,DEP000001,AY000004,SEM000007,True,PRO000410,Average,65,85,60,80,10,24,30,58,0.1,AR000410,SEM000007,AY000004,16.0,16.0,6.5,6.5,0,0,PASS,REG001616,CO000028,MN000013,REGISTERED,False,74.0,70.0,80.0,MK001498,20.0,32.0,52.0,B,6.0,24.0,4.0,4.0,PASS
ST000411,AIML2023411,Adya,Vala,Female,2005-01-10,adya.vala411@student.college.edu,9998319960,DEP000001,AY000004,SEM000007,True,PRO000411,Average,65,85,60,80,10,24,30,58,0.1,AR000411,SEM000007,AY000004,12.0,12.0,6.33,6.33,0,0,PASS,REG001617,CO000025,MN000010,REGISTERED,False,80.0,79.0,77.0,MK001499,12.0,43.0,55.0,B,6.0,24.0,4.0,4.0,PASS
ST000411,AIML2023411,Adya,Vala,Female,2005-01-10,adya.vala411@student.college.edu,9998319960,DEP000001,AY000004,SEM000007,True,PRO000411,Average,65,85,60,80,10,24,30,58,0.1,AR000411,SEM000007,AY000004,12.0,12.0,6.33,6.33,0,0,PASS,REG001618,CO000026,MN000011,CANCELLED,False,78.0,76.0,70.0,,,,,,,,,,
ST000411,AIML2023411,Adya,Vala,Female,2005-01-10,adya.vala411@student.college.edu,9998319960,DEP000001,AY000004,SEM000007,True,PRO000411,Average,65,85,60,80,10,24,30,58,0.1,AR000411,SEM000007,AY000004,12.0,12.0,6.33,6.33,0,0,PASS,REG001619,CO000027,MN000012,REGISTERED,False,73.0,74.0,76.0,MK001500,23.0,38.0,61.0,B+,7.0,28.0,4.0,4.0,PASS
ST000411,AIML2023411,Adya,Vala,Female,2005-01-10,adya.vala411@student.college.edu,9998319960,DEP000001,AY000004,SEM000007,True,PRO000411,Average,65,85,60,80,10,24,30,58,0.1,AR000411,SEM000007,AY000004,12.0,12.0,6.33,6.33,0,0,PASS,REG001620,CO000028,MN000013,REGISTERED,False,71.0,75.0,77.0,MK001501,18.0,34.0,52.0,B,6.0,24.0,4.0,4.0,PASS
ST000412,AIML2023412,Lekha,Padmanabhan,Female,2004-12-31,lekha.padmanabhan412@student.college.edu,9508277955,DEP000001,AY000004,SEM000007,True,PRO000412,Improving,55,75,50,70,8,20,25,50,0.2,AR000412,SEM000007,AY000004,12.0,12.0,7.0,7.0,0,0,PASS,REG001621,CO000025,MN000010,REGISTERED,False,70.0,66.0,61.0,MK001502,12.0,49.0,61.0,B+,7.0,28.0,4.0,4.0,PASS
ST000412,AIML2023412,Lekha,Padmanabhan,Female,2004-12-31,lekha.padmanabhan412@student.college.edu,9508277955,DEP000001,AY000004,SEM000007,True,PRO000412,Improving,55,75,50,70,8,20,25,50,0.2,AR000412,SEM000007,AY000004,12.0,12.0,7.0,7.0,0,0,PASS,REG001622,CO000026,MN000011,REGISTERED,False,71.0,57.0,57.0,MK001503,17.0,45.0,62.0,B+,7.0,28.0,4.0,4.0,PASS
ST000412,AIML2023412,Lekha,Padmanabhan,Female,2004-12-31,lekha.padmanabhan412@student.college.edu,9508277955,DEP000001,AY000004,SEM000007,True,PRO000412,Improving,55,75,50,70,8,20,25,50,0.2,AR000412,SEM000007,AY000004,12.0,12.0,7.0,7.0,0,0,PASS,REG001623,CO000027,MN000012,REGISTERED,False,60.0,60.0,57.0,MK001504,16.0,49.0,65.0,B+,7.0,28.0,4.0,4.0,PASS
ST000412,AIML2023412,Lekha,Padmanabhan,Female,2004-12-31,lekha.padmanabhan412@student.college.edu,9508277955,DEP000001,AY000004,SEM000007,True,PRO000412,Improving,55,75,50,70,8,20,25,50,0.2,AR000412,SEM000007,AY000004,12.0,12.0,7.0,7.0,0,0,PASS,REG001624,CO000028,MN000013,CANCELLED,False,70.0,65.0,65.0,,,,,,,,,,
ST000413,AIML2023413,Ati,Karan,Female,2006-06-16,ati.karan413@student.college.edu,7509998736,DEP000001,AY000004,SEM000007,True,PRO000413,HighRisk,20,50,20,45,0,12,0,30,0.8,AR000413,SEM000007,AY000004,16.0,0.0,0.0,0.0,4,4,FAIL,REG001625,CO000025,MN000010,REGISTERED,False,31.0,28.0,16.0,MK001505,5.0,6.0,11.0,F,0.0,0.0,4.0,0.0,FAIL
ST000413,AIML2023413,Ati,Karan,Female,2006-06-16,ati.karan413@student.college.edu,7509998736,DEP000001,AY000004,SEM000007,True,PRO000413,HighRisk,20,50,20,45,0,12,0,30,0.8,AR000413,SEM000007,AY000004,16.0,0.0,0.0,0.0,4,4,FAIL,REG001626,CO000026,MN000011,REGISTERED,False,35.0,40.0,30.0,MK001506,3.0,22.0,25.0,F,0.0,0.0,4.0,0.0,FAIL
ST000413,AIML2023413,Ati,Karan,Female,2006-06-16,ati.karan413@student.college.edu,7509998736,DEP000001,AY000004,SEM000007,True,PRO000413,HighRisk,20,50,20,45,0,12,0,30,0.8,AR000413,SEM000007,AY000004,16.0,0.0,0.0,0.0,4,4,FAIL,REG001627,CO000027,MN000012,REGISTERED,False,36.0,20.0,22.0,MK001507,8.0,2.0,10.0,F,0.0,0.0,4.0,0.0,FAIL
ST000413,AIML2023413,Ati,Karan,Female,2006-06-16,ati.karan413@student.college.edu,7509998736,DEP000001,AY000004,SEM000007,True,PRO000413,HighRisk,20,50,20,45,0,12,0,30,0.8,AR000413,SEM000007,AY000004,16.0,0.0,0.0,0.0,4,4,FAIL,REG001628,CO000028,MN000013,REGISTERED,True,36.0,36.0,28.0,MK001508,7.0,13.0,20.0,F,0.0,0.0,4.0,0.0,FAIL
ST000414,AIML2023414,Jasmit,Sathe,Female,2004-05-17,jasmit.sathe414@student.college.edu,8707959674,DEP000001,AY000004,SEM000007,True,PRO000414,Good,80,95,75,90,18,28,45,65,0.03,AR000414,SEM000007,AY000004,16.0,16.0,8.0,8.0,0,0,PASS,REG001629,CO000025,MN000010,REGISTERED,False,91.0,77.0,92.0,MK001509,27.0,62.0,89.0,A+,9.0,36.0,4.0,4.0,PASS
ST000414,AIML2023414,Jasmit,Sathe,Female,2004-05-17,jasmit.sathe414@student.college.edu,8707959674,DEP000001,AY000004,SEM000007,True,PRO000414,Good,80,95,75,90,18,28,45,65,0.03,AR000414,SEM000007,AY000004,16.0,16.0,8.0,8.0,0,0,PASS,REG001630,CO000026,MN000011,REGISTERED,False,89.0,88.0,80.0,MK001510,25.0,47.0,72.0,A,8.0,32.0,4.0,4.0,PASS
ST000414,AIML2023414,Jasmit,Sathe,Female,2004-05-17,jasmit.sathe414@student.college.edu,8707959674,DEP000001,AY000004,SEM000007,True,PRO000414,Good,80,95,75,90,18,28,45,65,0.03,AR000414,SEM000007,AY000004,16.0,16.0,8.0,8.0,0,0,PASS,REG001631,CO000027,MN000012,REGISTERED,False,93.0,82.0,92.0,MK001511,19.0,53.0,72.0,A,8.0,32.0,4.0,4.0,PASS
ST000414,AIML2023414,Jasmit,Sathe,Female,2004-05-17,jasmit.sathe414@student.college.edu,8707959674,DEP000001,AY000004,SEM000007,True,PRO000414,Good,80,95,75,90,18,28,45,65,0.03,AR000414,SEM000007,AY000004,16.0,16.0,8.0,8.0,0,0,PASS,REG001632,CO000028,MN000013,REGISTERED,False,94.0,86.0,79.0,MK001512,20.0,48.0,68.0,B+,7.0,28.0,4.0,4.0,PASS
ST000415,AIML2023415,Vedika,Deo,Female,2004-12-26,vedika.deo415@student.college.edu,9068825762,DEP000001,AY000004,SEM000007,True,PRO000415,Average,65,85,60,80,10,24,30,58,0.1,AR000415,SEM000007,AY000004,16.0,16.0,7.25,7.25,0,0,PASS,REG001633,CO000025,MN000010,REGISTERED,False,66.0,66.0,51.0,MK001513,16.0,56.0,72.0,A,8.0,32.0,4.0,4.0,PASS
ST000415,AIML2023415,Vedika,Deo,Female,2004-12-26,vedika.deo415@student.college.edu,9068825762,DEP000001,AY000004,SEM000007,True,PRO000415,Average,65,85,60,80,10,24,30,58,0.1,AR000415,SEM000007,AY000004,16.0,16.0,7.25,7.25,0,0,PASS,REG001634,CO000026,MN000011,REGISTERED,False,84.0,64.0,69.0,MK001514,20.0,45.0,65.0,B+,7.0,28.0,4.0,4.0,PASS
ST000415,AIML2023415,Vedika,Deo,Female,2004-12-26,vedika.deo415@student.college.edu,9068825762,DEP000001,AY000004,SEM000007,True,PRO000415,Average,65,85,60,80,10,24,30,58,0.1,AR000415,SEM000007,AY000004,16.0,16.0,7.25,7.25,0,0,PASS,REG001635,CO000027,MN000012,REGISTERED,False,68.0,66.0,70.0,MK001515,16.0,47.0,63.0,B+,7.0,28.0,4.0,4.0,PASS
ST000415,AIML2023415,Vedika,Deo,Female,2004-12-26,vedika.deo415@student.college.edu,9068825762,DEP000001,AY000004,SEM000007,True,PRO000415,Average,65,85,60,80,10,24,30,58,0.1,AR000415,SEM000007,AY000004,16.0,16.0,7.25,7.25,0,0,PASS,REG001636,CO000028,MN000013,REGISTERED,False,85.0,77.0,79.0,MK001516,23.0,40.0,63.0,B+,7.0,28.0,4.0,4.0,PASS
ST000416,AIML2023416,Samarth,Bala,Male,2006-04-30,samarth.bala416@student.college.edu,6507875927,DEP000001,AY000004,SEM000007,True,PRO000416,HighRisk,20,50,20,45,0,12,0,30,0.8,AR000416,SEM000007,AY000004,12.0,4.0,1.33,1.33,2,2,PROMOTED,REG001637,CO000025,MN000010,CANCELLED,False,50.0,43.0,35.0,,,,,,,,,,
ST000416,AIML2023416,Samarth,Bala,Male,2006-04-30,samarth.bala416@student.college.edu,6507875927,DEP000001,AY000004,SEM000007,True,PRO000416,HighRisk,20,50,20,45,0,12,0,30,0.8,AR000416,SEM000007,AY000004,12.0,4.0,1.33,1.33,2,2,PROMOTED,REG001638,CO000026,MN000011,REGISTERED,False,27.0,24.0,27.0,MK001517,10.0,9.0,19.0,F,0.0,0.0,4.0,0.0,FAIL
ST000416,AIML2023416,Samarth,Bala,Male,2006-04-30,samarth.bala416@student.college.edu,6507875927,DEP000001,AY000004,SEM000007,True,PRO000416,HighRisk,20,50,20,45,0,12,0,30,0.8,AR000416,SEM000007,AY000004,12.0,4.0,1.33,1.33,2,2,PROMOTED,REG001639,CO000027,MN000012,REGISTERED,False,21.0,20.0,9.0,MK001518,12.0,29.0,41.0,P,4.0,16.0,4.0,4.0,PASS
ST000416,AIML2023416,Samarth,Bala,Male,2006-04-30,samarth.bala416@student.college.edu,6507875927,DEP000001,AY000004,SEM000007,True,PRO000416,HighRisk,20,50,20,45,0,12,0,30,0.8,AR000416,SEM000007,AY000004,12.0,4.0,1.33,1.33,2,2,PROMOTED,REG001640,CO000028,MN000013,REGISTERED,False,25.0,22.0,31.0,MK001519,10.0,16.0,26.0,F,0.0,0.0,4.0,0.0,FAIL
ST000417,AIML2023417,Unnati,Badal,Female,2003-11-06,unnati.badal417@student.college.edu,9974150208,DEP000001,AY000004,SEM000007,True,PRO000417,Good,80,95,75,90,18,28,45,65,0.03,AR000417,SEM000007,AY000004,16.0,16.0,8.5,8.5,0,0,PASS,REG001641,CO000025,MN000010,REGISTERED,False,84.0,77.0,70.0,MK001520,23.0,52.0,75.0,A,8.0,32.0,4.0,4.0,PASS
ST000417,AIML2023417,Unnati,Badal,Female,2003-11-06,unnati.badal417@student.college.edu,9974150208,DEP000001,AY000004,SEM000007,True,PRO000417,Good,80,95,75,90,18,28,45,65,0.03,AR000417,SEM000007,AY000004,16.0,16.0,8.5,8.5,0,0,PASS,REG001642,CO000026,MN000011,REGISTERED,False,88.0,77.0,76.0,MK001521,28.0,65.0,93.0,O,10.0,40.0,4.0,4.0,PASS
ST000417,AIML2023417,Unnati,Badal,Female,2003-11-06,unnati.badal417@student.college.edu,9974150208,DEP000001,AY000004,SEM000007,True,PRO000417,Good,80,95,75,90,18,28,45,65,0.03,AR000417,SEM000007,AY000004,16.0,16.0,8.5,8.5,0,0,PASS,REG001643,CO000027,MN000012,REGISTERED,False,83.0,81.0,80.0,MK001522,18.0,60.0,78.0,A,8.0,32.0,4.0,4.0,PASS
ST000417,AIML2023417,Unnati,Badal,Female,2003-11-06,unnati.badal417@student.college.edu,9974150208,DEP000001,AY000004,SEM000007,True,PRO000417,Good,80,95,75,90,18,28,45,65,0.03,AR000417,SEM000007,AY000004,16.0,16.0,8.5,8.5,0,0,PASS,REG001644,CO000028,MN000013,REGISTERED,False,87.0,75.0,84.0,MK001523,26.0,48.0,74.0,A,8.0,32.0,4.0,4.0,PASS
ST000418,AIML2023418,Ubika,Acharya,Female,2005-02-13,ubika.acharya418@student.college.edu,9259022652,DEP000001,AY000004,SEM000007,True,PRO000418,Average,65,85,60,80,10,24,30,58,0.1,AR000418,SEM000007,AY000004,16.0,16.0,7.25,7.25,0,0,PASS,REG001645,CO000025,MN000010,REGISTERED,False,74.0,60.0,79.0,MK001524,11.0,46.0,57.0,B,6.0,24.0,4.0,4.0,PASS
ST000418,AIML2023418,Ubika,Acharya,Female,2005-02-13,ubika.acharya418@student.college.edu,9259022652,DEP000001,AY000004,SEM000007,True,PRO000418,Average,65,85,60,80,10,24,30,58,0.1,AR000418,SEM000007,AY000004,16.0,16.0,7.25,7.25,0,0,PASS,REG001646,CO000026,MN000011,REGISTERED,False,70.0,63.0,55.0,MK001525,15.0,55.0,70.0,A,8.0,32.0,4.0,4.0,PASS
ST000418,AIML2023418,Ubika,Acharya,Female,2005-02-13,ubika.acharya418@student.college.edu,9259022652,DEP000001,AY000004,SEM000007,True,PRO000418,Average,65,85,60,80,10,24,30,58,0.1,AR000418,SEM000007,AY000004,16.0,16.0,7.25,7.25,0,0,PASS,REG001647,CO000027,MN000012,REGISTERED,False,72.0,70.0,70.0,MK001526,16.0,48.0,64.0,B+,7.0,28.0,4.0,4.0,PASS
ST000418,AIML2023418,Ubika,Acharya,Female,2005-02-13,ubika.acharya418@student.college.edu,9259022652,DEP000001,AY000004,SEM000007,True,PRO000418,Average,65,85,60,80,10,24,30,58,0.1,AR000418,SEM000007,AY000004,16.0,16.0,7.25,7.25,0,0,PASS,REG001648,CO000028,MN000013,REGISTERED,True,81.0,62.0,70.0,MK001527,20.0,51.0,71.0,A,8.0,32.0,4.0,4.0,PASS
ST000419,AIML2023419,Ekta,Wadhwa,Female,2006-02-07,ekta.wadhwa419@student.college.edu,8838230312,DEP000001,AY000004,SEM000007,True,PRO000419,Good,80,95,75,90,18,28,45,65,0.03,AR000419,SEM000007,AY000004,16.0,16.0,8.75,8.75,0,0,PASS,REG001649,CO000025,MN000010,REGISTERED,False,94.0,82.0,88.0,MK001528,27.0,58.0,85.0,A+,9.0,36.0,4.0,4.0,PASS
ST000419,AIML2023419,Ekta,Wadhwa,Female,2006-02-07,ekta.wadhwa419@student.college.edu,8838230312,DEP000001,AY000004,SEM000007,True,PRO000419,Good,80,95,75,90,18,28,45,65,0.03,AR000419,SEM000007,AY000004,16.0,16.0,8.75,8.75,0,0,PASS,REG001650,CO000026,MN000011,REGISTERED,False,80.0,85.0,85.0,MK001529,26.0,48.0,74.0,A,8.0,32.0,4.0,4.0,PASS
ST000419,AIML2023419,Ekta,Wadhwa,Female,2006-02-07,ekta.wadhwa419@student.college.edu,8838230312,DEP000001,AY000004,SEM000007,True,PRO000419,Good,80,95,75,90,18,28,45,65,0.03,AR000419,SEM000007,AY000004,16.0,16.0,8.75,8.75,0,0,PASS,REG001651,CO000027,MN000012,REGISTERED,False,95.0,77.0,92.0,MK001530,24.0,50.0,74.0,A,8.0,32.0,4.0,4.0,PASS
ST000419,AIML2023419,Ekta,Wadhwa,Female,2006-02-07,ekta.wadhwa419@student.college.edu,8838230312,DEP000001,AY000004,SEM000007,True,PRO000419,Good,80,95,75,90,18,28,45,65,0.03,AR000419,SEM000007,AY000004,16.0,16.0,8.75,8.75,0,0,PASS,REG001652,CO000028,MN000013,REGISTERED,False,83.0,79.0,91.0,MK001531,28.0,64.0,92.0,O,10.0,40.0,4.0,4.0,PASS
ST000420,AIML2023420,Jonathan,Gaba,Male,2005-04-17,jonathan.gaba420@student.college.edu,7568409150,DEP000001,AY000004,SEM000007,True,PRO000420,Good,80,95,75,90,18,28,45,65,0.03,AR000420,SEM000007,AY000004,16.0,16.0,8.25,8.25,0,0,PASS,REG001653,CO000025,MN000010,REGISTERED,False,83.0,75.0,82.0,MK001532,23.0,62.0,85.0,A+,9.0,36.0,4.0,4.0,PASS
ST000420,AIML2023420,Jonathan,Gaba,Male,2005-04-17,jonathan.gaba420@student.college.edu,7568409150,DEP000001,AY000004,SEM000007,True,PRO000420,Good,80,95,75,90,18,28,45,65,0.03,AR000420,SEM000007,AY000004,16.0,16.0,8.25,8.25,0,0,PASS,REG001654,CO000026,MN000011,REGISTERED,False,87.0,88.0,73.0,MK001533,22.0,56.0,78.0,A,8.0,32.0,4.0,4.0,PASS
ST000420,AIML2023420,Jonathan,Gaba,Male,2005-04-17,jonathan.gaba420@student.college.edu,7568409150,DEP000001,AY000004,SEM000007,True,PRO000420,Good,80,95,75,90,18,28,45,65,0.03,AR000420,SEM000007,AY000004,16.0,16.0,8.25,8.25,0,0,PASS,REG001655,CO000027,MN000012,REGISTERED,False,88.0,76.0,91.0,MK001534,22.0,51.0,73.0,A,8.0,32.0,4.0,4.0,PASS
ST000420,AIML2023420,Jonathan,Gaba,Male,2005-04-17,jonathan.gaba420@student.college.edu,7568409150,DEP000001,AY000004,SEM000007,True,PRO000420,Good,80,95,75,90,18,28,45,65,0.03,AR000420,SEM000007,AY000004,16.0,16.0,8.25,8.25,0,0,PASS,REG001656,CO000028,MN000013,REGISTERED,False,92.0,90.0,81.0,MK001535,20.0,57.0,77.0,A,8.0,32.0,4.0,4.0,PASS
ST000421,AIML2023421,Atharv,Mann,Male,2006-04-05,atharv.mann421@student.college.edu,9978085475,DEP000001,AY000004,SEM000007,True,PRO000421,Average,65,85,60,80,10,24,30,58,0.1,AR000421,SEM000007,AY000004,16.0,16.0,6.75,6.75,0,0,PASS,REG001657,CO000025,MN000010,REGISTERED,False,69.0,65.0,60.0,MK001536,19.0,38.0,57.0,B,6.0,24.0,4.0,4.0,PASS
ST000421,AIML2023421,Atharv,Mann,Male,2006-04-05,atharv.mann421@student.college.edu,9978085475,DEP000001,AY000004,SEM000007,True,PRO000421,Average,65,85,60,80,10,24,30,58,0.1,AR000421,SEM000007,AY000004,16.0,16.0,6.75,6.75,0,0,PASS,REG001658,CO000026,MN000011,REGISTERED,False,83.0,74.0,74.0,MK001537,15.0,46.0,61.0,B+,7.0,28.0,4.0,4.0,PASS
ST000421,AIML2023421,Atharv,Mann,Male,2006-04-05,atharv.mann421@student.college.edu,9978085475,DEP000001,AY000004,SEM000007,True,PRO000421,Average,65,85,60,80,10,24,30,58,0.1,AR000421,SEM000007,AY000004,16.0,16.0,6.75,6.75,0,0,PASS,REG001659,CO000027,MN000012,REGISTERED,False,80.0,60.0,73.0,MK001538,22.0,46.0,68.0,B+,7.0,28.0,4.0,4.0,PASS
ST000421,AIML2023421,Atharv,Mann,Male,2006-04-05,atharv.mann421@student.college.edu,9978085475,DEP000001,AY000004,SEM000007,True,PRO000421,Average,65,85,60,80,10,24,30,58,0.1,AR000421,SEM000007,AY000004,16.0,16.0,6.75,6.75,0,0,PASS,REG001660,CO000028,MN000013,REGISTERED,False,74.0,75.0,78.0,MK001539,16.0,44.0,60.0,B+,7.0,28.0,4.0,4.0,PASS
ST000422,AIML2023422,Jalsa,Mall,Female,2005-11-06,jalsa.mall422@student.college.edu,7666018094,DEP000001,AY000004,SEM000007,True,PRO000422,Improving,55,75,50,70,8,20,25,50,0.2,AR000422,SEM000007,AY000004,16.0,12.0,4.0,4.0,1,1,PROMOTED,REG001661,CO000025,MN000010,REGISTERED,False,61.0,60.0,55.0,MK001540,9.0,30.0,39.0,F,0.0,0.0,4.0,0.0,FAIL
ST000422,AIML2023422,Jalsa,Mall,Female,2005-11-06,jalsa.mall422@student.college.edu,7666018094,DEP000001,AY000004,SEM000007,True,PRO000422,Improving,55,75,50,70,8,20,25,50,0.2,AR000422,SEM000007,AY000004,16.0,12.0,4.0,4.0,1,1,PROMOTED,REG001662,CO000026,MN000011,REGISTERED,False,70.0,70.0,58.0,MK001541,20.0,49.0,69.0,B+,7.0,28.0,4.0,4.0,PASS
ST000422,AIML2023422,Jalsa,Mall,Female,2005-11-06,jalsa.mall422@student.college.edu,7666018094,DEP000001,AY000004,SEM000007,True,PRO000422,Improving,55,75,50,70,8,20,25,50,0.2,AR000422,SEM000007,AY000004,16.0,12.0,4.0,4.0,1,1,PROMOTED,REG001663,CO000027,MN000012,REGISTERED,False,68.0,67.0,56.0,MK001542,15.0,26.0,41.0,P,4.0,16.0,4.0,4.0,PASS
ST000422,AIML2023422,Jalsa,Mall,Female,2005-11-06,jalsa.mall422@student.college.edu,7666018094,DEP000001,AY000004,SEM000007,True,PRO000422,Improving,55,75,50,70,8,20,25,50,0.2,AR000422,SEM000007,AY000004,16.0,12.0,4.0,4.0,1,1,PROMOTED,REG001664,CO000028,MN000013,REGISTERED,True,71.0,55.0,62.0,MK001543,15.0,30.0,45.0,C,5.0,20.0,4.0,4.0,PASS
ST000423,AIML2023423,Jagvi,Varghese,Female,2003-12-31,jagvi.varghese423@student.college.edu,8452856688,DEP000001,AY000004,SEM000007,True,PRO000423,Good,80,95,75,90,18,28,45,65,0.03,AR000423,SEM000007,AY000004,16.0,16.0,8.0,8.0,0,0,PASS,REG001665,CO000025,MN000010,REGISTERED,False,92.0,88.0,78.0,MK001544,25.0,53.0,78.0,A,8.0,32.0,4.0,4.0,PASS
ST000423,AIML2023423,Jagvi,Varghese,Female,2003-12-31,jagvi.varghese423@student.college.edu,8452856688,DEP000001,AY000004,SEM000007,True,PRO000423,Good,80,95,75,90,18,28,45,65,0.03,AR000423,SEM000007,AY000004,16.0,16.0,8.0,8.0,0,0,PASS,REG001666,CO000026,MN000011,REGISTERED,False,89.0,86.0,76.0,MK001545,21.0,60.0,81.0,A+,9.0,36.0,4.0,4.0,PASS
ST000423,AIML2023423,Jagvi,Varghese,Female,2003-12-31,jagvi.varghese423@student.college.edu,8452856688,DEP000001,AY000004,SEM000007,True,PRO000423,Good,80,95,75,90,18,28,45,65,0.03,AR000423,SEM000007,AY000004,16.0,16.0,8.0,8.0,0,0,PASS,REG001667,CO000027,MN000012,REGISTERED,False,88.0,85.0,75.0,MK001546,19.0,48.0,67.0,B+,7.0,28.0,4.0,4.0,PASS
ST000423,AIML2023423,Jagvi,Varghese,Female,2003-12-31,jagvi.varghese423@student.college.edu,8452856688,DEP000001,AY000004,SEM000007,True,PRO000423,Good,80,95,75,90,18,28,45,65,0.03,AR000423,SEM000007,AY000004,16.0,16.0,8.0,8.0,0,0,PASS,REG001668,CO000028,MN000013,REGISTERED,False,87.0,85.0,81.0,MK001547,18.0,59.0,77.0,A,8.0,32.0,4.0,4.0,PASS
ST000424,AIML2023424,Ishanvi,Raghavan,Female,2006-06-17,ishanvi.raghavan424@student.college.edu,6751234424,DEP000001,AY000004,SEM000007,True,PRO000424,Good,80,95,75,90,18,28,45,65,0.03,AR000424,SEM000007,AY000004,16.0,16.0,7.75,7.75,0,0,PASS,REG001669,CO000025,MN000010,REGISTERED,False,93.0,88.0,85.0,MK001548,18.0,50.0,68.0,B+,7.0,28.0,4.0,4.0,PASS
ST000424,AIML2023424,Ishanvi,Raghavan,Female,2006-06-17,ishanvi.raghavan424@student.college.edu,6751234424,DEP000001,AY000004,SEM000007,True,PRO000424,Good,80,95,75,90,18,28,45,65,0.03,AR000424,SEM000007,AY000004,16.0,16.0,7.75,7.75,0,0,PASS,REG001670,CO000026,MN000011,REGISTERED,False,92.0,87.0,79.0,MK001549,24.0,55.0,79.0,A,8.0,32.0,4.0,4.0,PASS
ST000424,AIML2023424,Ishanvi,Raghavan,Female,2006-06-17,ishanvi.raghavan424@student.college.edu,6751234424,DEP000001,AY000004,SEM000007,True,PRO000424,Good,80,95,75,90,18,28,45,65,0.03,AR000424,SEM000007,AY000004,16.0,16.0,7.75,7.75,0,0,PASS,REG001671,CO000027,MN000012,REGISTERED,False,92.0,79.0,85.0,MK001550,19.0,58.0,77.0,A,8.0,32.0,4.0,4.0,PASS
ST000424,AIML2023424,Ishanvi,Raghavan,Female,2006-06-17,ishanvi.raghavan424@student.college.edu,6751234424,DEP000001,AY000004,SEM000007,True,PRO000424,Good,80,95,75,90,18,28,45,65,0.03,AR000424,SEM000007,AY000004,16.0,16.0,7.75,7.75,0,0,PASS,REG001672,CO000028,MN000013,REGISTERED,False,86.0,89.0,75.0,MK001551,28.0,51.0,79.0,A,8.0,32.0,4.0,4.0,PASS
ST000425,AIML2023425,Triveni,Srinivas,Female,2005-04-05,triveni.srinivas425@student.college.edu,6226772149,DEP000001,AY000004,SEM000007,True,PRO000425,Improving,55,75,50,70,8,20,25,50,0.2,AR000425,SEM000007,AY000004,12.0,12.0,6.33,6.33,0,0,PASS,REG001673,CO000025,MN000010,REGISTERED,True,56.0,51.0,45.0,MK001552,20.0,47.0,67.0,B+,7.0,28.0,4.0,4.0,PASS
ST000425,AIML2023425,Triveni,Srinivas,Female,2005-04-05,triveni.srinivas425@student.college.edu,6226772149,DEP000001,AY000004,SEM000007,True,PRO000425,Improving,55,75,50,70,8,20,25,50,0.2,AR000425,SEM000007,AY000004,12.0,12.0,6.33,6.33,0,0,PASS,REG001674,CO000026,MN000011,REGISTERED,False,64.0,67.0,61.0,MK001553,15.0,31.0,46.0,C,5.0,20.0,4.0,4.0,PASS
ST000425,AIML2023425,Triveni,Srinivas,Female,2005-04-05,triveni.srinivas425@student.college.edu,6226772149,DEP000001,AY000004,SEM000007,True,PRO000425,Improving,55,75,50,70,8,20,25,50,0.2,AR000425,SEM000007,AY000004,12.0,12.0,6.33,6.33,0,0,PASS,REG001675,CO000027,MN000012,REGISTERED,True,67.0,60.0,62.0,MK001554,18.0,42.0,60.0,B+,7.0,28.0,4.0,4.0,PASS
ST000425,AIML2023425,Triveni,Srinivas,Female,2005-04-05,triveni.srinivas425@student.college.edu,6226772149,DEP000001,AY000004,SEM000007,True,PRO000425,Improving,55,75,50,70,8,20,25,50,0.2,AR000425,SEM000007,AY000004,12.0,12.0,6.33,6.33,0,0,PASS,REG001676,CO000028,MN000013,CANCELLED,False,64.0,57.0,57.0,,,,,,,,,,
ST000426,AIML2023426,Tara,Nadkarni,Female,2005-03-25,tara.nadkarni426@student.college.edu,7182624161,DEP000001,AY000004,SEM000007,True,PRO000426,Declining,40,65,35,60,4,16,15,40,0.45,AR000426,SEM000007,AY000004,16.0,4.0,1.0,1.0,3,3,FAIL,REG001677,CO000025,MN000010,REGISTERED,False,48.0,41.0,38.0,MK001555,10.0,31.0,41.0,P,4.0,16.0,4.0,4.0,PASS
ST000426,AIML2023426,Tara,Nadkarni,Female,2005-03-25,tara.nadkarni426@student.college.edu,7182624161,DEP000001,AY000004,SEM000007,True,PRO000426,Declining,40,65,35,60,4,16,15,40,0.45,AR000426,SEM000007,AY000004,16.0,4.0,1.0,1.0,3,3,FAIL,REG001678,CO000026,MN000011,REGISTERED,False,48.0,45.0,40.0,MK001556,5.0,30.0,35.0,F,0.0,0.0,4.0,0.0,FAIL
ST000426,AIML2023426,Tara,Nadkarni,Female,2005-03-25,tara.nadkarni426@student.college.edu,7182624161,DEP000001,AY000004,SEM000007,True,PRO000426,Declining,40,65,35,60,4,16,15,40,0.45,AR000426,SEM000007,AY000004,16.0,4.0,1.0,1.0,3,3,FAIL,REG001679,CO000027,MN000012,REGISTERED,False,58.0,50.0,44.0,MK001557,5.0,34.0,39.0,F,0.0,0.0,4.0,0.0,FAIL
ST000426,AIML2023426,Tara,Nadkarni,Female,2005-03-25,tara.nadkarni426@student.college.edu,7182624161,DEP000001,AY000004,SEM000007,True,PRO000426,Declining,40,65,35,60,4,16,15,40,0.45,AR000426,SEM000007,AY000004,16.0,4.0,1.0,1.0,3,3,FAIL,REG001680,CO000028,MN000013,REGISTERED,False,48.0,43.0,50.0,MK001558,5.0,32.0,37.0,F,0.0,0.0,4.0,0.0,FAIL
ST000427,AIML2023427,Qadim,Doctor,Male,2004-06-05,qadim.doctor427@student.college.edu,9019019007,DEP000001,AY000004,SEM000007,True,PRO000427,Average,65,85,60,80,10,24,30,58,0.1,AR000427,SEM000007,AY000004,16.0,16.0,6.75,6.75,0,0,PASS,REG001681,CO000025,MN000010,REGISTERED,True,83.0,75.0,73.0,MK001559,10.0,51.0,61.0,B+,7.0,28.0,4.0,4.0,PASS
ST000427,AIML2023427,Qadim,Doctor,Male,2004-06-05,qadim.doctor427@student.college.edu,9019019007,DEP000001,AY000004,SEM000007,True,PRO000427,Average,65,85,60,80,10,24,30,58,0.1,AR000427,SEM000007,AY000004,16.0,16.0,6.75,6.75,0,0,PASS,REG001682,CO000026,MN000011,REGISTERED,False,77.0,73.0,64.0,MK001560,23.0,43.0,66.0,B+,7.0,28.0,4.0,4.0,PASS
ST000427,AIML2023427,Qadim,Doctor,Male,2004-06-05,qadim.doctor427@student.college.edu,9019019007,DEP000001,AY000004,SEM000007,True,PRO000427,Average,65,85,60,80,10,24,30,58,0.1,AR000427,SEM000007,AY000004,16.0,16.0,6.75,6.75,0,0,PASS,REG001683,CO000027,MN000012,REGISTERED,False,71.0,70.0,76.0,MK001561,20.0,56.0,76.0,A,8.0,32.0,4.0,4.0,PASS
ST000427,AIML2023427,Qadim,Doctor,Male,2004-06-05,qadim.doctor427@student.college.edu,9019019007,DEP000001,AY000004,SEM000007,True,PRO000427,Average,65,85,60,80,10,24,30,58,0.1,AR000427,SEM000007,AY000004,16.0,16.0,6.75,6.75,0,0,PASS,REG001684,CO000028,MN000013,REGISTERED,False,71.0,75.0,57.0,MK001562,17.0,30.0,47.0,C,5.0,20.0,4.0,4.0,PASS
ST000428,AIML2023428,Rudra,Bahri,Male,2005-06-01,rudra.bahri428@student.college.edu,6683934305,DEP000001,AY000004,SEM000007,True,PRO000428,HighRisk,20,50,20,45,0,12,0,30,0.8,AR000428,SEM000007,AY000004,12.0,0.0,0.0,0.0,3,3,FAIL,REG001685,CO000025,MN000010,REGISTERED,True,41.0,39.0,35.0,MK001563,3.0,13.0,16.0,F,0.0,0.0,4.0,0.0,FAIL
ST000428,AIML2023428,Rudra,Bahri,Male,2005-06-01,rudra.bahri428@student.college.edu,6683934305,DEP000001,AY000004,SEM000007,True,PRO000428,HighRisk,20,50,20,45,0,12,0,30,0.8,AR000428,SEM000007,AY000004,12.0,0.0,0.0,0.0,3,3,FAIL,REG001686,CO000026,MN000011,REGISTERED,True,34.0,35.0,29.0,MK001564,1.0,4.0,5.0,F,0.0,0.0,4.0,0.0,FAIL
ST000428,AIML2023428,Rudra,Bahri,Male,2005-06-01,rudra.bahri428@student.college.edu,6683934305,DEP000001,AY000004,SEM000007,True,PRO000428,HighRisk,20,50,20,45,0,12,0,30,0.8,AR000428,SEM000007,AY000004,12.0,0.0,0.0,0.0,3,3,FAIL,REG001687,CO000027,MN000012,CANCELLED,False,20.0,22.0,30.0,,,,,,,,,,
ST000428,AIML2023428,Rudra,Bahri,Male,2005-06-01,rudra.bahri428@student.college.edu,6683934305,DEP000001,AY000004,SEM000007,True,PRO000428,HighRisk,20,50,20,45,0,12,0,30,0.8,AR000428,SEM000007,AY000004,12.0,0.0,0.0,0.0,3,3,FAIL,REG001688,CO000028,MN000013,REGISTERED,True,27.0,25.0,13.0,MK001565,0.0,9.0,9.0,F,0.0,0.0,4.0,0.0,FAIL
ST000429,AIML2023429,Elijah,Minhas,Male,2005-05-03,elijah.minhas429@student.college.edu,7940053688,DEP000001,AY000004,SEM000007,True,PRO000429,Improving,55,75,50,70,8,20,25,50,0.2,AR000429,SEM000007,AY000004,8.0,8.0,6.0,6.0,0,0,PASS,REG001689,CO000025,MN000010,CANCELLED,False,74.0,69.0,61.0,,,,,,,,,,
ST000429,AIML2023429,Elijah,Minhas,Male,2005-05-03,elijah.minhas429@student.college.edu,7940053688,DEP000001,AY000004,SEM000007,True,PRO000429,Improving,55,75,50,70,8,20,25,50,0.2,AR000429,SEM000007,AY000004,8.0,8.0,6.0,6.0,0,0,PASS,REG001690,CO000026,MN000011,REGISTERED,False,69.0,68.0,57.0,MK001566,10.0,37.0,47.0,C,5.0,20.0,4.0,4.0,PASS
ST000429,AIML2023429,Elijah,Minhas,Male,2005-05-03,elijah.minhas429@student.college.edu,7940053688,DEP000001,AY000004,SEM000007,True,PRO000429,Improving,55,75,50,70,8,20,25,50,0.2,AR000429,SEM000007,AY000004,8.0,8.0,6.0,6.0,0,0,PASS,REG001691,CO000027,MN000012,REGISTERED,False,56.0,57.0,56.0,MK001567,18.0,43.0,61.0,B+,7.0,28.0,4.0,4.0,PASS
ST000429,AIML2023429,Elijah,Minhas,Male,2005-05-03,elijah.minhas429@student.college.edu,7940053688,DEP000001,AY000004,SEM000007,True,PRO000429,Improving,55,75,50,70,8,20,25,50,0.2,AR000429,SEM000007,AY000004,8.0,8.0,6.0,6.0,0,0,PASS,REG001692,CO000028,MN000013,CANCELLED,False,68.0,63.0,55.0,,,,,,,,,,
ST000430,AIML2023430,Ayaan,Mittal,Male,2005-05-08,ayaan.mittal430@student.college.edu,9369135892,DEP000001,AY000004,SEM000007,True,PRO000430,Declining,40,65,35,60,4,16,15,40,0.45,AR000430,SEM000007,AY000004,12.0,0.0,0.0,0.0,3,3,FAIL,REG001693,CO000025,MN000010,CANCELLED,False,52.0,50.0,48.0,,,,,,,,,,
ST000430,AIML2023430,Ayaan,Mittal,Male,2005-05-08,ayaan.mittal430@student.college.edu,9369135892,DEP000001,AY000004,SEM000007,True,PRO000430,Declining,40,65,35,60,4,16,15,40,0.45,AR000430,SEM000007,AY000004,12.0,0.0,0.0,0.0,3,3,FAIL,REG001694,CO000026,MN000011,REGISTERED,True,46.0,43.0,37.0,MK001568,11.0,24.0,35.0,F,0.0,0.0,4.0,0.0,FAIL
ST000430,AIML2023430,Ayaan,Mittal,Male,2005-05-08,ayaan.mittal430@student.college.edu,9369135892,DEP000001,AY000004,SEM000007,True,PRO000430,Declining,40,65,35,60,4,16,15,40,0.45,AR000430,SEM000007,AY000004,12.0,0.0,0.0,0.0,3,3,FAIL,REG001695,CO000027,MN000012,REGISTERED,False,51.0,42.0,37.0,MK001569,11.0,20.0,31.0,F,0.0,0.0,4.0,0.0,FAIL
ST000430,AIML2023430,Ayaan,Mittal,Male,2005-05-08,ayaan.mittal430@student.college.edu,9369135892,DEP000001,AY000004,SEM000007,True,PRO000430,Declining,40,65,35,60,4,16,15,40,0.45,AR000430,SEM000007,AY000004,12.0,0.0,0.0,0.0,3,3,FAIL,REG001696,CO000028,MN000013,REGISTERED,False,63.0,47.0,49.0,MK001570,16.0,15.0,31.0,F,0.0,0.0,4.0,0.0,FAIL
ST000431,AIML2023431,Fitan,Padmanabhan,Male,2004-05-21,fitan.padmanabhan431@student.college.edu,8557821798,DEP000001,AY000004,SEM000007,True,PRO000431,Average,65,85,60,80,10,24,30,58,0.1,AR000431,SEM000007,AY000004,16.0,16.0,7.0,7.0,0,0,PASS,REG001697,CO000025,MN000010,REGISTERED,False,68.0,66.0,77.0,MK001571,23.0,42.0,65.0,B+,7.0,28.0,4.0,4.0,PASS
ST000431,AIML2023431,Fitan,Padmanabhan,Male,2004-05-21,fitan.padmanabhan431@student.college.edu,8557821798,DEP000001,AY000004,SEM000007,True,PRO000431,Average,65,85,60,80,10,24,30,58,0.1,AR000431,SEM000007,AY000004,16.0,16.0,7.0,7.0,0,0,PASS,REG001698,CO000026,MN000011,REGISTERED,False,71.0,68.0,67.0,MK001572,19.0,50.0,69.0,B+,7.0,28.0,4.0,4.0,PASS
ST000431,AIML2023431,Fitan,Padmanabhan,Male,2004-05-21,fitan.padmanabhan431@student.college.edu,8557821798,DEP000001,AY000004,SEM000007,True,PRO000431,Average,65,85,60,80,10,24,30,58,0.1,AR000431,SEM000007,AY000004,16.0,16.0,7.0,7.0,0,0,PASS,REG001699,CO000027,MN000012,REGISTERED,False,70.0,64.0,69.0,MK001573,13.0,40.0,53.0,B,6.0,24.0,4.0,4.0,PASS
ST000431,AIML2023431,Fitan,Padmanabhan,Male,2004-05-21,fitan.padmanabhan431@student.college.edu,8557821798,DEP000001,AY000004,SEM000007,True,PRO000431,Average,65,85,60,80,10,24,30,58,0.1,AR000431,SEM000007,AY000004,16.0,16.0,7.0,7.0,0,0,PASS,REG001700,CO000028,MN000013,REGISTERED,False,81.0,63.0,70.0,MK001574,24.0,48.0,72.0,A,8.0,32.0,4.0,4.0,PASS
ST000432,AIML2023432,Gauri,Atwal,Female,2005-11-26,gauri.atwal432@student.college.edu,8732706284,DEP000001,AY000004,SEM000007,True,PRO000432,Improving,55,75,50,70,8,20,25,50,0.2,AR000432,SEM000007,AY000004,16.0,16.0,5.0,5.0,0,0,PASS,REG001701,CO000025,MN000010,REGISTERED,False,74.0,55.0,62.0,MK001575,12.0,34.0,46.0,C,5.0,20.0,4.0,4.0,PASS
ST000432,AIML2023432,Gauri,Atwal,Female,2005-11-26,gauri.atwal432@student.college.edu,8732706284,DEP000001,AY000004,SEM000007,True,PRO000432,Improving,55,75,50,70,8,20,25,50,0.2,AR000432,SEM000007,AY000004,16.0,16.0,5.0,5.0,0,0,PASS,REG001702,CO000026,MN000011,REGISTERED,False,70.0,68.0,59.0,MK001576,10.0,44.0,54.0,B,6.0,24.0,4.0,4.0,PASS
ST000432,AIML2023432,Gauri,Atwal,Female,2005-11-26,gauri.atwal432@student.college.edu,8732706284,DEP000001,AY000004,SEM000007,True,PRO000432,Improving,55,75,50,70,8,20,25,50,0.2,AR000432,SEM000007,AY000004,16.0,16.0,5.0,5.0,0,0,PASS,REG001703,CO000027,MN000012,REGISTERED,False,66.0,54.0,63.0,MK001577,9.0,40.0,49.0,C,5.0,20.0,4.0,4.0,PASS
ST000432,AIML2023432,Gauri,Atwal,Female,2005-11-26,gauri.atwal432@student.college.edu,8732706284,DEP000001,AY000004,SEM000007,True,PRO000432,Improving,55,75,50,70,8,20,25,50,0.2,AR000432,SEM000007,AY000004,16.0,16.0,5.0,5.0,0,0,PASS,REG001704,CO000028,MN000013,REGISTERED,True,70.0,57.0,59.0,MK001578,16.0,27.0,43.0,P,4.0,16.0,4.0,4.0,PASS
ST000433,AIML2023433,Vedant,De,Male,2004-11-11,vedant.de433@student.college.edu,9383179161,DEP000001,AY000004,SEM000007,True,PRO000433,Declining,40,65,35,60,4,16,15,40,0.45,AR000433,SEM000007,AY000004,16.0,8.0,2.5,2.5,2,2,PROMOTED,REG001705,CO000025,MN000010,REGISTERED,False,57.0,37.0,43.0,MK001579,14.0,30.0,44.0,P,4.0,16.0,4.0,4.0,PASS
ST000433,AIML2023433,Vedant,De,Male,2004-11-11,vedant.de433@student.college.edu,9383179161,DEP000001,AY000004,SEM000007,True,PRO000433,Declining,40,65,35,60,4,16,15,40,0.45,AR000433,SEM000007,AY000004,16.0,8.0,2.5,2.5,2,2,PROMOTED,REG001706,CO000026,MN000011,REGISTERED,False,49.0,38.0,37.0,MK001580,15.0,22.0,37.0,F,0.0,0.0,4.0,0.0,FAIL
ST000433,AIML2023433,Vedant,De,Male,2004-11-11,vedant.de433@student.college.edu,9383179161,DEP000001,AY000004,SEM000007,True,PRO000433,Declining,40,65,35,60,4,16,15,40,0.45,AR000433,SEM000007,AY000004,16.0,8.0,2.5,2.5,2,2,PROMOTED,REG001707,CO000027,MN000012,REGISTERED,False,62.0,45.0,49.0,MK001581,14.0,37.0,51.0,B,6.0,24.0,4.0,4.0,PASS
ST000433,AIML2023433,Vedant,De,Male,2004-11-11,vedant.de433@student.college.edu,9383179161,DEP000001,AY000004,SEM000007,True,PRO000433,Declining,40,65,35,60,4,16,15,40,0.45,AR000433,SEM000007,AY000004,16.0,8.0,2.5,2.5,2,2,PROMOTED,REG001708,CO000028,MN000013,REGISTERED,False,43.0,37.0,39.0,MK001582,8.0,27.0,35.0,F,0.0,0.0,4.0,0.0,FAIL
ST000434,AIML2023434,Chavvi,Kapadia,Female,2005-12-15,chavvi.kapadia434@student.college.edu,7675714459,DEP000001,AY000004,SEM000007,True,PRO000434,Declining,40,65,35,60,4,16,15,40,0.45,AR000434,SEM000007,AY000004,8.0,4.0,2.0,2.0,1,1,PROMOTED,REG001709,CO000025,MN000010,REGISTERED,False,52.0,39.0,44.0,MK001583,7.0,17.0,24.0,F,0.0,0.0,4.0,0.0,FAIL
ST000434,AIML2023434,Chavvi,Kapadia,Female,2005-12-15,chavvi.kapadia434@student.college.edu,7675714459,DEP000001,AY000004,SEM000007,True,PRO000434,Declining,40,65,35,60,4,16,15,40,0.45,AR000434,SEM000007,AY000004,8.0,4.0,2.0,2.0,1,1,PROMOTED,REG001710,CO000026,MN000011,CANCELLED,False,64.0,55.0,50.0,,,,,,,,,,
ST000434,AIML2023434,Chavvi,Kapadia,Female,2005-12-15,chavvi.kapadia434@student.college.edu,7675714459,DEP000001,AY000004,SEM000007,True,PRO000434,Declining,40,65,35,60,4,16,15,40,0.45,AR000434,SEM000007,AY000004,8.0,4.0,2.0,2.0,1,1,PROMOTED,REG001711,CO000027,MN000012,CANCELLED,False,55.0,41.0,48.0,,,,,,,,,,
ST000434,AIML2023434,Chavvi,Kapadia,Female,2005-12-15,chavvi.kapadia434@student.college.edu,7675714459,DEP000001,AY000004,SEM000007,True,PRO000434,Declining,40,65,35,60,4,16,15,40,0.45,AR000434,SEM000007,AY000004,8.0,4.0,2.0,2.0,1,1,PROMOTED,REG001712,CO000028,MN000013,REGISTERED,False,58.0,57.0,48.0,MK001584,12.0,31.0,43.0,P,4.0,16.0,4.0,4.0,PASS
ST000435,AIML2023435,Benjamin,Zachariah,Male,2004-02-24,benjamin.zachariah435@student.college.edu,9261745380,DEP000001,AY000004,SEM000007,True,PRO000435,Good,80,95,75,90,18,28,45,65,0.03,AR000435,SEM000007,AY000004,16.0,16.0,8.5,8.5,0,0,PASS,REG001713,CO000025,MN000010,REGISTERED,False,80.0,82.0,72.0,MK001585,21.0,53.0,74.0,A,8.0,32.0,4.0,4.0,PASS
ST000435,AIML2023435,Benjamin,Zachariah,Male,2004-02-24,benjamin.zachariah435@student.college.edu,9261745380,DEP000001,AY000004,SEM000007,True,PRO000435,Good,80,95,75,90,18,28,45,65,0.03,AR000435,SEM000007,AY000004,16.0,16.0,8.5,8.5,0,0,PASS,REG001714,CO000026,MN000011,REGISTERED,False,85.0,76.0,70.0,MK001586,20.0,61.0,81.0,A+,9.0,36.0,4.0,4.0,PASS
ST000435,AIML2023435,Benjamin,Zachariah,Male,2004-02-24,benjamin.zachariah435@student.college.edu,9261745380,DEP000001,AY000004,SEM000007,True,PRO000435,Good,80,95,75,90,18,28,45,65,0.03,AR000435,SEM000007,AY000004,16.0,16.0,8.5,8.5,0,0,PASS,REG001715,CO000027,MN000012,REGISTERED,False,92.0,87.0,80.0,MK001587,21.0,61.0,82.0,A+,9.0,36.0,4.0,4.0,PASS
ST000435,AIML2023435,Benjamin,Zachariah,Male,2004-02-24,benjamin.zachariah435@student.college.edu,9261745380,DEP000001,AY000004,SEM000007,True,PRO000435,Good,80,95,75,90,18,28,45,65,0.03,AR000435,SEM000007,AY000004,16.0,16.0,8.5,8.5,0,0,PASS,REG001716,CO000028,MN000013,REGISTERED,False,86.0,81.0,78.0,MK001588,22.0,51.0,73.0,A,8.0,32.0,4.0,4.0,PASS
ST000436,AIML2023436,Vasana,Aurora,Female,2006-02-07,vasana.aurora436@student.college.edu,6228337203,DEP000001,AY000004,SEM000007,True,PRO000436,Improving,55,75,50,70,8,20,25,50,0.2,AR000436,SEM000007,AY000004,12.0,12.0,6.67,6.67,0,0,PASS,REG001717,CO000025,MN000010,REGISTERED,False,64.0,55.0,64.0,MK001589,16.0,47.0,63.0,B+,7.0,28.0,4.0,4.0,PASS
ST000436,AIML2023436,Vasana,Aurora,Female,2006-02-07,vasana.aurora436@student.college.edu,6228337203,DEP000001,AY000004,SEM000007,True,PRO000436,Improving,55,75,50,70,8,20,25,50,0.2,AR000436,SEM000007,AY000004,12.0,12.0,6.67,6.67,0,0,PASS,REG001718,CO000026,MN000011,REGISTERED,False,56.0,50.0,54.0,MK001590,15.0,32.0,47.0,C,5.0,20.0,4.0,4.0,PASS
ST000436,AIML2023436,Vasana,Aurora,Female,2006-02-07,vasana.aurora436@student.college.edu,6228337203,DEP000001,AY000004,SEM000007,True,PRO000436,Improving,55,75,50,70,8,20,25,50,0.2,AR000436,SEM000007,AY000004,12.0,12.0,6.67,6.67,0,0,PASS,REG001719,CO000027,MN000012,REGISTERED,False,60.0,52.0,60.0,MK001591,20.0,50.0,70.0,A,8.0,32.0,4.0,4.0,PASS
ST000436,AIML2023436,Vasana,Aurora,Female,2006-02-07,vasana.aurora436@student.college.edu,6228337203,DEP000001,AY000004,SEM000007,True,PRO000436,Improving,55,75,50,70,8,20,25,50,0.2,AR000436,SEM000007,AY000004,12.0,12.0,6.67,6.67,0,0,PASS,REG001720,CO000028,MN000013,CANCELLED,False,55.0,54.0,59.0,,,,,,,,,,
ST000437,AIML2023437,Mahika,Kalita,Female,2006-02-22,mahika.kalita437@student.college.edu,6695338757,DEP000001,AY000004,SEM000007,True,PRO000437,Good,80,95,75,90,18,28,45,65,0.03,AR000437,SEM000007,AY000004,16.0,16.0,8.25,8.25,0,0,PASS,REG001721,CO000025,MN000010,REGISTERED,False,91.0,90.0,81.0,MK001592,21.0,50.0,71.0,A,8.0,32.0,4.0,4.0,PASS
ST000437,AIML2023437,Mahika,Kalita,Female,2006-02-22,mahika.kalita437@student.college.edu,6695338757,DEP000001,AY000004,SEM000007,True,PRO000437,Good,80,95,75,90,18,28,45,65,0.03,AR000437,SEM000007,AY000004,16.0,16.0,8.25,8.25,0,0,PASS,REG001722,CO000026,MN000011,REGISTERED,False,91.0,88.0,92.0,MK001593,26.0,49.0,75.0,A,8.0,32.0,4.0,4.0,PASS
ST000437,AIML2023437,Mahika,Kalita,Female,2006-02-22,mahika.kalita437@student.college.edu,6695338757,DEP000001,AY000004,SEM000007,True,PRO000437,Good,80,95,75,90,18,28,45,65,0.03,AR000437,SEM000007,AY000004,16.0,16.0,8.25,8.25,0,0,PASS,REG001723,CO000027,MN000012,REGISTERED,False,91.0,82.0,79.0,MK001594,26.0,53.0,79.0,A,8.0,32.0,4.0,4.0,PASS
ST000437,AIML2023437,Mahika,Kalita,Female,2006-02-22,mahika.kalita437@student.college.edu,6695338757,DEP000001,AY000004,SEM000007,True,PRO000437,Good,80,95,75,90,18,28,45,65,0.03,AR000437,SEM000007,AY000004,16.0,16.0,8.25,8.25,0,0,PASS,REG001724,CO000028,MN000013,REGISTERED,False,86.0,77.0,77.0,MK001595,26.0,54.0,80.0,A+,9.0,36.0,4.0,4.0,PASS
ST000438,AIML2023438,Tanish,Sant,Male,2005-06-28,tanish.sant438@student.college.edu,8713415639,DEP000001,AY000004,SEM000007,True,PRO000438,Good,80,95,75,90,18,28,45,65,0.03,AR000438,SEM000007,AY000004,16.0,16.0,8.25,8.25,0,0,PASS,REG001725,CO000025,MN000010,REGISTERED,False,85.0,80.0,87.0,MK001596,27.0,51.0,78.0,A,8.0,32.0,4.0,4.0,PASS
ST000438,AIML2023438,Tanish,Sant,Male,2005-06-28,tanish.sant438@student.college.edu,8713415639,DEP000001,AY000004,SEM000007,True,PRO000438,Good,80,95,75,90,18,28,45,65,0.03,AR000438,SEM000007,AY000004,16.0,16.0,8.25,8.25,0,0,PASS,REG001726,CO000026,MN000011,REGISTERED,False,91.0,84.0,85.0,MK001597,23.0,54.0,77.0,A,8.0,32.0,4.0,4.0,PASS
ST000438,AIML2023438,Tanish,Sant,Male,2005-06-28,tanish.sant438@student.college.edu,8713415639,DEP000001,AY000004,SEM000007,True,PRO000438,Good,80,95,75,90,18,28,45,65,0.03,AR000438,SEM000007,AY000004,16.0,16.0,8.25,8.25,0,0,PASS,REG001727,CO000027,MN000012,REGISTERED,False,92.0,82.0,89.0,MK001598,21.0,59.0,80.0,A+,9.0,36.0,4.0,4.0,PASS
ST000438,AIML2023438,Tanish,Sant,Male,2005-06-28,tanish.sant438@student.college.edu,8713415639,DEP000001,AY000004,SEM000007,True,PRO000438,Good,80,95,75,90,18,28,45,65,0.03,AR000438,SEM000007,AY000004,16.0,16.0,8.25,8.25,0,0,PASS,REG001728,CO000028,MN000013,REGISTERED,False,87.0,85.0,73.0,MK001599,21.0,58.0,79.0,A,8.0,32.0,4.0,4.0,PASS
ST000439,AIML2023439,Raghav,Murthy,Male,2004-02-11,raghav.murthy439@student.college.edu,7740537377,DEP000001,AY000004,SEM000007,True,PRO000439,Average,65,85,60,80,10,24,30,58,0.1,AR000439,SEM000007,AY000004,16.0,16.0,6.75,6.75,0,0,PASS,REG001729,CO000025,MN000010,REGISTERED,False,80.0,70.0,80.0,MK001600,21.0,32.0,53.0,B,6.0,24.0,4.0,4.0,PASS
ST000439,AIML2023439,Raghav,Murthy,Male,2004-02-11,raghav.murthy439@student.college.edu,7740537377,DEP000001,AY000004,SEM000007,True,PRO000439,Average,65,85,60,80,10,24,30,58,0.1,AR000439,SEM000007,AY000004,16.0,16.0,6.75,6.75,0,0,PASS,REG001730,CO000026,MN000011,REGISTERED,False,67.0,71.0,64.0,MK001601,24.0,39.0,63.0,B+,7.0,28.0,4.0,4.0,PASS
ST000439,AIML2023439,Raghav,Murthy,Male,2004-02-11,raghav.murthy439@student.college.edu,7740537377,DEP000001,AY000004,SEM000007,True,PRO000439,Average,65,85,60,80,10,24,30,58,0.1,AR000439,SEM000007,AY000004,16.0,16.0,6.75,6.75,0,0,PASS,REG001731,CO000027,MN000012,REGISTERED,False,67.0,71.0,67.0,MK001602,23.0,51.0,74.0,A,8.0,32.0,4.0,4.0,PASS
ST000439,AIML2023439,Raghav,Murthy,Male,2004-02-11,raghav.murthy439@student.college.edu,7740537377,DEP000001,AY000004,SEM000007,True,PRO000439,Average,65,85,60,80,10,24,30,58,0.1,AR000439,SEM000007,AY000004,16.0,16.0,6.75,6.75,0,0,PASS,REG001732,CO000028,MN000013,REGISTERED,False,84.0,80.0,75.0,MK001603,17.0,41.0,58.0,B,6.0,24.0,4.0,4.0,PASS
ST000440,AIML2023440,Varsha,Bobal,Female,2006-07-12,varsha.bobal440@student.college.edu,8839249864,DEP000001,AY000004,SEM000007,True,PRO000440,Good,80,95,75,90,18,28,45,65,0.03,AR000440,SEM000007,AY000004,16.0,16.0,8.0,8.0,0,0,PASS,REG001733,CO000025,MN000010,REGISTERED,False,90.0,82.0,91.0,MK001604,25.0,52.0,77.0,A,8.0,32.0,4.0,4.0,PASS
ST000440,AIML2023440,Varsha,Bobal,Female,2006-07-12,varsha.bobal440@student.college.edu,8839249864,DEP000001,AY000004,SEM000007,True,PRO000440,Good,80,95,75,90,18,28,45,65,0.03,AR000440,SEM000007,AY000004,16.0,16.0,8.0,8.0,0,0,PASS,REG001734,CO000026,MN000011,REGISTERED,False,88.0,86.0,73.0,MK001605,20.0,51.0,71.0,A,8.0,32.0,4.0,4.0,PASS
ST000440,AIML2023440,Varsha,Bobal,Female,2006-07-12,varsha.bobal440@student.college.edu,8839249864,DEP000001,AY000004,SEM000007,True,PRO000440,Good,80,95,75,90,18,28,45,65,0.03,AR000440,SEM000007,AY000004,16.0,16.0,8.0,8.0,0,0,PASS,REG001735,CO000027,MN000012,REGISTERED,False,93.0,75.0,78.0,MK001606,20.0,59.0,79.0,A,8.0,32.0,4.0,4.0,PASS
ST000440,AIML2023440,Varsha,Bobal,Female,2006-07-12,varsha.bobal440@student.college.edu,8839249864,DEP000001,AY000004,SEM000007,True,PRO000440,Good,80,95,75,90,18,28,45,65,0.03,AR000440,SEM000007,AY000004,16.0,16.0,8.0,8.0,0,0,PASS,REG001736,CO000028,MN000013,REGISTERED,False,84.0,83.0,81.0,MK001607,26.0,53.0,79.0,A,8.0,32.0,4.0,4.0,PASS
ST000441,AIML2023441,Anita,Tailor,Female,2005-12-24,anita.tailor441@student.college.edu,9848177782,DEP000001,AY000004,SEM000007,True,PRO000441,Excellent,90,100,90,100,24,30,55,70,0.01,AR000441,SEM000007,AY000004,16.0,16.0,9.5,9.5,0,0,PASS,REG001737,CO000025,MN000010,REGISTERED,False,94.0,93.0,86.0,MK001608,24.0,58.0,82.0,A+,9.0,36.0,4.0,4.0,PASS
ST000441,AIML2023441,Anita,Tailor,Female,2005-12-24,anita.tailor441@student.college.edu,9848177782,DEP000001,AY000004,SEM000007,True,PRO000441,Excellent,90,100,90,100,24,30,55,70,0.01,AR000441,SEM000007,AY000004,16.0,16.0,9.5,9.5,0,0,PASS,REG001738,CO000026,MN000011,REGISTERED,False,94.0,96.0,93.0,MK001609,28.0,70.0,98.0,O,10.0,40.0,4.0,4.0,PASS
ST000441,AIML2023441,Anita,Tailor,Female,2005-12-24,anita.tailor441@student.college.edu,9848177782,DEP000001,AY000004,SEM000007,True,PRO000441,Excellent,90,100,90,100,24,30,55,70,0.01,AR000441,SEM000007,AY000004,16.0,16.0,9.5,9.5,0,0,PASS,REG001739,CO000027,MN000012,REGISTERED,False,94.0,94.0,99.0,MK001610,26.0,63.0,89.0,A+,9.0,36.0,4.0,4.0,PASS
ST000441,AIML2023441,Anita,Tailor,Female,2005-12-24,anita.tailor441@student.college.edu,9848177782,DEP000001,AY000004,SEM000007,True,PRO000441,Excellent,90,100,90,100,24,30,55,70,0.01,AR000441,SEM000007,AY000004,16.0,16.0,9.5,9.5,0,0,PASS,REG001740,CO000028,MN000013,REGISTERED,False,91.0,91.0,100.0,MK001611,27.0,66.0,93.0,O,10.0,40.0,4.0,4.0,PASS
ST000442,AIML2023442,Hritik,Venkatesh,Male,2006-03-08,hritik.venkatesh442@student.college.edu,6339830939,DEP000001,AY000004,SEM000007,True,PRO000442,Improving,55,75,50,70,8,20,25,50,0.2,AR000442,SEM000007,AY000004,16.0,12.0,5.0,5.0,1,1,PROMOTED,REG001741,CO000025,MN000010,REGISTERED,False,74.0,64.0,60.0,MK001612,18.0,47.0,65.0,B+,7.0,28.0,4.0,4.0,PASS
ST000442,AIML2023442,Hritik,Venkatesh,Male,2006-03-08,hritik.venkatesh442@student.college.edu,6339830939,DEP000001,AY000004,SEM000007,True,PRO000442,Improving,55,75,50,70,8,20,25,50,0.2,AR000442,SEM000007,AY000004,16.0,12.0,5.0,5.0,1,1,PROMOTED,REG001742,CO000026,MN000011,REGISTERED,False,74.0,57.0,65.0,MK001613,8.0,28.0,36.0,F,0.0,0.0,4.0,0.0,FAIL
ST000442,AIML2023442,Hritik,Venkatesh,Male,2006-03-08,hritik.venkatesh442@student.college.edu,6339830939,DEP000001,AY000004,SEM000007,True,PRO000442,Improving,55,75,50,70,8,20,25,50,0.2,AR000442,SEM000007,AY000004,16.0,12.0,5.0,5.0,1,1,PROMOTED,REG001743,CO000027,MN000012,REGISTERED,False,69.0,65.0,57.0,MK001614,19.0,50.0,69.0,B+,7.0,28.0,4.0,4.0,PASS
ST000442,AIML2023442,Hritik,Venkatesh,Male,2006-03-08,hritik.venkatesh442@student.college.edu,6339830939,DEP000001,AY000004,SEM000007,True,PRO000442,Improving,55,75,50,70,8,20,25,50,0.2,AR000442,SEM000007,AY000004,16.0,12.0,5.0,5.0,1,1,PROMOTED,REG001744,CO000028,MN000013,REGISTERED,False,60.0,50.0,47.0,MK001615,17.0,36.0,53.0,B,6.0,24.0,4.0,4.0,PASS
ST000443,AIML2023443,Ekansh,Lala,Male,2005-02-16,ekansh.lala443@student.college.edu,9956357586,DEP000001,AY000004,SEM000007,True,PRO000443,Improving,55,75,50,70,8,20,25,50,0.2,AR000443,SEM000007,AY000004,16.0,8.0,3.25,3.25,2,2,PROMOTED,REG001745,CO000025,MN000010,REGISTERED,True,66.0,64.0,56.0,MK001616,11.0,26.0,37.0,F,0.0,0.0,4.0,0.0,FAIL
ST000443,AIML2023443,Ekansh,Lala,Male,2005-02-16,ekansh.lala443@student.college.edu,9956357586,DEP000001,AY000004,SEM000007,True,PRO000443,Improving,55,75,50,70,8,20,25,50,0.2,AR000443,SEM000007,AY000004,16.0,8.0,3.25,3.25,2,2,PROMOTED,REG001746,CO000026,MN000011,REGISTERED,False,65.0,58.0,55.0,MK001617,19.0,49.0,68.0,B+,7.0,28.0,4.0,4.0,PASS
ST000443,AIML2023443,Ekansh,Lala,Male,2005-02-16,ekansh.lala443@student.college.edu,9956357586,DEP000001,AY000004,SEM000007,True,PRO000443,Improving,55,75,50,70,8,20,25,50,0.2,AR000443,SEM000007,AY000004,16.0,8.0,3.25,3.25,2,2,PROMOTED,REG001747,CO000027,MN000012,REGISTERED,False,55.0,54.0,60.0,MK001618,10.0,27.0,37.0,F,0.0,0.0,4.0,0.0,FAIL
ST000443,AIML2023443,Ekansh,Lala,Male,2005-02-16,ekansh.lala443@student.college.edu,9956357586,DEP000001,AY000004,SEM000007,True,PRO000443,Improving,55,75,50,70,8,20,25,50,0.2,AR000443,SEM000007,AY000004,16.0,8.0,3.25,3.25,2,2,PROMOTED,REG001748,CO000028,MN000013,REGISTERED,False,65.0,68.0,65.0,MK001619,19.0,35.0,54.0,B,6.0,24.0,4.0,4.0,PASS
ST000444,AIML2023444,Hredhaan,Bhandari,Male,2003-12-23,hredhaan.bhandari444@student.college.edu,9243262984,DEP000001,AY000004,SEM000007,True,PRO000444,Excellent,90,100,90,100,24,30,55,70,0.01,AR000444,SEM000007,AY000004,16.0,16.0,9.25,9.25,0,0,PASS,REG001749,CO000025,MN000010,REGISTERED,False,95.0,91.0,91.0,MK001620,25.0,55.0,80.0,A+,9.0,36.0,4.0,4.0,PASS
ST000444,AIML2023444,Hredhaan,Bhandari,Male,2003-12-23,hredhaan.bhandari444@student.college.edu,9243262984,DEP000001,AY000004,SEM000007,True,PRO000444,Excellent,90,100,90,100,24,30,55,70,0.01,AR000444,SEM000007,AY000004,16.0,16.0,9.25,9.25,0,0,PASS,REG001750,CO000026,MN000011,REGISTERED,False,96.0,91.0,93.0,MK001621,24.0,58.0,82.0,A+,9.0,36.0,4.0,4.0,PASS
ST000444,AIML2023444,Hredhaan,Bhandari,Male,2003-12-23,hredhaan.bhandari444@student.college.edu,9243262984,DEP000001,AY000004,SEM000007,True,PRO000444,Excellent,90,100,90,100,24,30,55,70,0.01,AR000444,SEM000007,AY000004,16.0,16.0,9.25,9.25,0,0,PASS,REG001751,CO000027,MN000012,REGISTERED,False,99.0,97.0,86.0,MK001622,24.0,56.0,80.0,A+,9.0,36.0,4.0,4.0,PASS
ST000444,AIML2023444,Hredhaan,Bhandari,Male,2003-12-23,hredhaan.bhandari444@student.college.edu,9243262984,DEP000001,AY000004,SEM000007,True,PRO000444,Excellent,90,100,90,100,24,30,55,70,0.01,AR000444,SEM000007,AY000004,16.0,16.0,9.25,9.25,0,0,PASS,REG001752,CO000028,MN000013,REGISTERED,False,95.0,92.0,98.0,MK001623,30.0,68.0,98.0,O,10.0,40.0,4.0,4.0,PASS
ST000445,AIML2023445,Bhavna,Sundaram,Female,2006-05-22,bhavna.sundaram445@student.college.edu,9311977604,DEP000001,AY000004,SEM000007,True,PRO000445,Good,80,95,75,90,18,28,45,65,0.03,AR000445,SEM000007,AY000004,16.0,16.0,8.0,8.0,0,0,PASS,REG001753,CO000025,MN000010,REGISTERED,False,81.0,84.0,83.0,MK001624,22.0,63.0,85.0,A+,9.0,36.0,4.0,4.0,PASS
ST000445,AIML2023445,Bhavna,Sundaram,Female,2006-05-22,bhavna.sundaram445@student.college.edu,9311977604,DEP000001,AY000004,SEM000007,True,PRO000445,Good,80,95,75,90,18,28,45,65,0.03,AR000445,SEM000007,AY000004,16.0,16.0,8.0,8.0,0,0,PASS,REG001754,CO000026,MN000011,REGISTERED,False,83.0,86.0,86.0,MK001625,21.0,57.0,78.0,A,8.0,32.0,4.0,4.0,PASS
ST000445,AIML2023445,Bhavna,Sundaram,Female,2006-05-22,bhavna.sundaram445@student.college.edu,9311977604,DEP000001,AY000004,SEM000007,True,PRO000445,Good,80,95,75,90,18,28,45,65,0.03,AR000445,SEM000007,AY000004,16.0,16.0,8.0,8.0,0,0,PASS,REG001755,CO000027,MN000012,REGISTERED,False,80.0,83.0,89.0,MK001626,20.0,47.0,67.0,B+,7.0,28.0,4.0,4.0,PASS
ST000445,AIML2023445,Bhavna,Sundaram,Female,2006-05-22,bhavna.sundaram445@student.college.edu,9311977604,DEP000001,AY000004,SEM000007,True,PRO000445,Good,80,95,75,90,18,28,45,65,0.03,AR000445,SEM000007,AY000004,16.0,16.0,8.0,8.0,0,0,PASS,REG001756,CO000028,MN000013,REGISTERED,False,86.0,84.0,85.0,MK001627,20.0,51.0,71.0,A,8.0,32.0,4.0,4.0,PASS
ST000446,AIML2023446,Liam,Malhotra,Male,2004-04-19,liam.malhotra446@student.college.edu,7539777639,DEP000001,AY000004,SEM000007,True,PRO000446,Average,65,85,60,80,10,24,30,58,0.1,AR000446,SEM000007,AY000004,16.0,16.0,7.0,7.0,0,0,PASS,REG001757,CO000025,MN000010,REGISTERED,False,77.0,61.0,64.0,MK001628,22.0,35.0,57.0,B,6.0,24.0,4.0,4.0,PASS
ST000446,AIML2023446,Liam,Malhotra,Male,2004-04-19,liam.malhotra446@student.college.edu,7539777639,DEP000001,AY000004,SEM000007,True,PRO000446,Average,65,85,60,80,10,24,30,58,0.1,AR000446,SEM000007,AY000004,16.0,16.0,7.0,7.0,0,0,PASS,REG001758,CO000026,MN000011,REGISTERED,False,74.0,63.0,65.0,MK001629,18.0,54.0,72.0,A,8.0,32.0,4.0,4.0,PASS
ST000446,AIML2023446,Liam,Malhotra,Male,2004-04-19,liam.malhotra446@student.college.edu,7539777639,DEP000001,AY000004,SEM000007,True,PRO000446,Average,65,85,60,80,10,24,30,58,0.1,AR000446,SEM000007,AY000004,16.0,16.0,7.0,7.0,0,0,PASS,REG001759,CO000027,MN000012,REGISTERED,False,81.0,70.0,69.0,MK001630,15.0,39.0,54.0,B,6.0,24.0,4.0,4.0,PASS
ST000446,AIML2023446,Liam,Malhotra,Male,2004-04-19,liam.malhotra446@student.college.edu,7539777639,DEP000001,AY000004,SEM000007,True,PRO000446,Average,65,85,60,80,10,24,30,58,0.1,AR000446,SEM000007,AY000004,16.0,16.0,7.0,7.0,0,0,PASS,REG001760,CO000028,MN000013,REGISTERED,False,71.0,65.0,80.0,MK001631,23.0,50.0,73.0,A,8.0,32.0,4.0,4.0,PASS
ST000447,AIML2023447,Ekaraj,Thakkar,Male,2005-11-10,ekaraj.thakkar447@student.college.edu,6265429620,DEP000001,AY000004,SEM000007,True,PRO000447,Average,65,85,60,80,10,24,30,58,0.1,AR000447,SEM000007,AY000004,16.0,16.0,6.5,6.5,0,0,PASS,REG001761,CO000025,MN000010,REGISTERED,False,77.0,75.0,71.0,MK001632,13.0,51.0,64.0,B+,7.0,28.0,4.0,4.0,PASS
ST000447,AIML2023447,Ekaraj,Thakkar,Male,2005-11-10,ekaraj.thakkar447@student.college.edu,6265429620,DEP000001,AY000004,SEM000007,True,PRO000447,Average,65,85,60,80,10,24,30,58,0.1,AR000447,SEM000007,AY000004,16.0,16.0,6.5,6.5,0,0,PASS,REG001762,CO000026,MN000011,REGISTERED,False,68.0,63.0,69.0,MK001633,18.0,38.0,56.0,B,6.0,24.0,4.0,4.0,PASS
ST000447,AIML2023447,Ekaraj,Thakkar,Male,2005-11-10,ekaraj.thakkar447@student.college.edu,6265429620,DEP000001,AY000004,SEM000007,True,PRO000447,Average,65,85,60,80,10,24,30,58,0.1,AR000447,SEM000007,AY000004,16.0,16.0,6.5,6.5,0,0,PASS,REG001763,CO000027,MN000012,REGISTERED,False,74.0,68.0,60.0,MK001634,16.0,50.0,66.0,B+,7.0,28.0,4.0,4.0,PASS
ST000447,AIML2023447,Ekaraj,Thakkar,Male,2005-11-10,ekaraj.thakkar447@student.college.edu,6265429620,DEP000001,AY000004,SEM000007,True,PRO000447,Average,65,85,60,80,10,24,30,58,0.1,AR000447,SEM000007,AY000004,16.0,16.0,6.5,6.5,0,0,PASS,REG001764,CO000028,MN000013,REGISTERED,False,83.0,72.0,80.0,MK001635,19.0,32.0,51.0,B,6.0,24.0,4.0,4.0,PASS
ST000448,AIML2023448,Zansi,Chanda,Female,2004-07-23,zansi.chanda448@student.college.edu,7310272726,DEP000001,AY000004,SEM000007,True,PRO000448,Average,65,85,60,80,10,24,30,58,0.1,AR000448,SEM000007,AY000004,16.0,16.0,7.25,7.25,0,0,PASS,REG001765,CO000025,MN000010,REGISTERED,True,69.0,70.0,62.0,MK001636,17.0,58.0,75.0,A,8.0,32.0,4.0,4.0,PASS
ST000448,AIML2023448,Zansi,Chanda,Female,2004-07-23,zansi.chanda448@student.college.edu,7310272726,DEP000001,AY000004,SEM000007,True,PRO000448,Average,65,85,60,80,10,24,30,58,0.1,AR000448,SEM000007,AY000004,16.0,16.0,7.25,7.25,0,0,PASS,REG001766,CO000026,MN000011,REGISTERED,False,78.0,63.0,76.0,MK001637,13.0,38.0,51.0,B,6.0,24.0,4.0,4.0,PASS
ST000448,AIML2023448,Zansi,Chanda,Female,2004-07-23,zansi.chanda448@student.college.edu,7310272726,DEP000001,AY000004,SEM000007,True,PRO000448,Average,65,85,60,80,10,24,30,58,0.1,AR000448,SEM000007,AY000004,16.0,16.0,7.25,7.25,0,0,PASS,REG001767,CO000027,MN000012,REGISTERED,False,79.0,61.0,64.0,MK001638,22.0,39.0,61.0,B+,7.0,28.0,4.0,4.0,PASS
ST000448,AIML2023448,Zansi,Chanda,Female,2004-07-23,zansi.chanda448@student.college.edu,7310272726,DEP000001,AY000004,SEM000007,True,PRO000448,Average,65,85,60,80,10,24,30,58,0.1,AR000448,SEM000007,AY000004,16.0,16.0,7.25,7.25,0,0,PASS,REG001768,CO000028,MN000013,REGISTERED,False,70.0,62.0,77.0,MK001639,22.0,53.0,75.0,A,8.0,32.0,4.0,4.0,PASS
ST000449,AIML2023449,Balendra,Madan,Male,2003-10-05,balendra.madan449@student.college.edu,7183350580,DEP000001,AY000004,SEM000007,True,PRO000449,Average,65,85,60,80,10,24,30,58,0.1,AR000449,SEM000007,AY000004,4.0,4.0,7.0,7.0,0,0,PASS,REG001769,CO000025,MN000010,CANCELLED,False,81.0,79.0,66.0,,,,,,,,,,
ST000449,AIML2023449,Balendra,Madan,Male,2003-10-05,balendra.madan449@student.college.edu,7183350580,DEP000001,AY000004,SEM000007,True,PRO000449,Average,65,85,60,80,10,24,30,58,0.1,AR000449,SEM000007,AY000004,4.0,4.0,7.0,7.0,0,0,PASS,REG001770,CO000026,MN000011,CANCELLED,False,83.0,74.0,68.0,,,,,,,,,,
ST000449,AIML2023449,Balendra,Madan,Male,2003-10-05,balendra.madan449@student.college.edu,7183350580,DEP000001,AY000004,SEM000007,True,PRO000449,Average,65,85,60,80,10,24,30,58,0.1,AR000449,SEM000007,AY000004,4.0,4.0,7.0,7.0,0,0,PASS,REG001771,CO000027,MN000012,CANCELLED,False,80.0,68.0,80.0,,,,,,,,,,
ST000449,AIML2023449,Balendra,Madan,Male,2003-10-05,balendra.madan449@student.college.edu,7183350580,DEP000001,AY000004,SEM000007,True,PRO000449,Average,65,85,60,80,10,24,30,58,0.1,AR000449,SEM000007,AY000004,4.0,4.0,7.0,7.0,0,0,PASS,REG001772,CO000028,MN000013,REGISTERED,False,69.0,64.0,72.0,MK001640,22.0,39.0,61.0,B+,7.0,28.0,4.0,4.0,PASS
ST000450,AIML2023450,Devika,Sane,Female,2003-12-13,devika.sane450@student.college.edu,8741109686,DEP000001,AY000004,SEM000007,True,PRO000450,Declining,40,65,35,60,4,16,15,40,0.45,AR000450,SEM000007,AY000004,16.0,8.0,2.0,2.0,2,2,PROMOTED,REG001773,CO000025,MN000010,REGISTERED,False,62.0,46.0,49.0,MK001641,15.0,20.0,35.0,F,0.0,0.0,4.0,0.0,FAIL
ST000450,AIML2023450,Devika,Sane,Female,2003-12-13,devika.sane450@student.college.edu,8741109686,DEP000001,AY000004,SEM000007,True,PRO000450,Declining,40,65,35,60,4,16,15,40,0.45,AR000450,SEM000007,AY000004,16.0,8.0,2.0,2.0,2,2,PROMOTED,REG001774,CO000026,MN000011,REGISTERED,False,42.0,38.0,34.0,MK001642,11.0,30.0,41.0,P,4.0,16.0,4.0,4.0,PASS
ST000450,AIML2023450,Devika,Sane,Female,2003-12-13,devika.sane450@student.college.edu,8741109686,DEP000001,AY000004,SEM000007,True,PRO000450,Declining,40,65,35,60,4,16,15,40,0.45,AR000450,SEM000007,AY000004,16.0,8.0,2.0,2.0,2,2,PROMOTED,REG001775,CO000027,MN000012,REGISTERED,False,41.0,42.0,42.0,MK001643,16.0,17.0,33.0,F,0.0,0.0,4.0,0.0,FAIL
ST000450,AIML2023450,Devika,Sane,Female,2003-12-13,devika.sane450@student.college.edu,8741109686,DEP000001,AY000004,SEM000007,True,PRO000450,Declining,40,65,35,60,4,16,15,40,0.45,AR000450,SEM000007,AY000004,16.0,8.0,2.0,2.0,2,2,PROMOTED,REG001776,CO000028,MN000013,REGISTERED,False,54.0,35.0,40.0,MK001644,5.0,36.0,41.0,P,4.0,16.0,4.0,4.0,PASS
ST000451,AIML2023451,Kabir,Bora,Male,2003-09-06,kabir.bora451@student.college.edu,9708129515,DEP000001,AY000004,SEM000007,True,PRO000451,Improving,55,75,50,70,8,20,25,50,0.2,AR000451,SEM000007,AY000004,16.0,16.0,4.75,4.75,0,0,PASS,REG001777,CO000025,MN000010,REGISTERED,False,68.0,52.0,56.0,MK001645,14.0,30.0,44.0,P,4.0,16.0,4.0,4.0,PASS
ST000451,AIML2023451,Kabir,Bora,Male,2003-09-06,kabir.bora451@student.college.edu,9708129515,DEP000001,AY000004,SEM000007,True,PRO000451,Improving,55,75,50,70,8,20,25,50,0.2,AR000451,SEM000007,AY000004,16.0,16.0,4.75,4.75,0,0,PASS,REG001778,CO000026,MN000011,REGISTERED,False,58.0,56.0,57.0,MK001646,17.0,40.0,57.0,B,6.0,24.0,4.0,4.0,PASS
ST000451,AIML2023451,Kabir,Bora,Male,2003-09-06,kabir.bora451@student.college.edu,9708129515,DEP000001,AY000004,SEM000007,True,PRO000451,Improving,55,75,50,70,8,20,25,50,0.2,AR000451,SEM000007,AY000004,16.0,16.0,4.75,4.75,0,0,PASS,REG001779,CO000027,MN000012,REGISTERED,False,72.0,53.0,64.0,MK001647,20.0,25.0,45.0,C,5.0,20.0,4.0,4.0,PASS
ST000451,AIML2023451,Kabir,Bora,Male,2003-09-06,kabir.bora451@student.college.edu,9708129515,DEP000001,AY000004,SEM000007,True,PRO000451,Improving,55,75,50,70,8,20,25,50,0.2,AR000451,SEM000007,AY000004,16.0,16.0,4.75,4.75,0,0,PASS,REG001780,CO000028,MN000013,REGISTERED,False,63.0,57.0,56.0,MK001648,16.0,25.0,41.0,P,4.0,16.0,4.0,4.0,PASS
ST000452,AIML2023452,Qabil,Vasa,Male,2003-11-01,qabil.vasa452@student.college.edu,6483654585,DEP000001,AY000004,SEM000007,True,PRO000452,Declining,40,65,35,60,4,16,15,40,0.45,AR000452,SEM000007,AY000004,16.0,8.0,2.0,2.0,2,2,PROMOTED,REG001781,CO000025,MN000010,REGISTERED,False,61.0,49.0,46.0,MK001649,14.0,29.0,43.0,P,4.0,16.0,4.0,4.0,PASS
ST000452,AIML2023452,Qabil,Vasa,Male,2003-11-01,qabil.vasa452@student.college.edu,6483654585,DEP000001,AY000004,SEM000007,True,PRO000452,Declining,40,65,35,60,4,16,15,40,0.45,AR000452,SEM000007,AY000004,16.0,8.0,2.0,2.0,2,2,PROMOTED,REG001782,CO000026,MN000011,REGISTERED,False,57.0,44.0,48.0,MK001650,4.0,19.0,23.0,F,0.0,0.0,4.0,0.0,FAIL
ST000452,AIML2023452,Qabil,Vasa,Male,2003-11-01,qabil.vasa452@student.college.edu,6483654585,DEP000001,AY000004,SEM000007,True,PRO000452,Declining,40,65,35,60,4,16,15,40,0.45,AR000452,SEM000007,AY000004,16.0,8.0,2.0,2.0,2,2,PROMOTED,REG001783,CO000027,MN000012,REGISTERED,True,50.0,53.0,50.0,MK001651,5.0,37.0,42.0,P,4.0,16.0,4.0,4.0,PASS
ST000452,AIML2023452,Qabil,Vasa,Male,2003-11-01,qabil.vasa452@student.college.edu,6483654585,DEP000001,AY000004,SEM000007,True,PRO000452,Declining,40,65,35,60,4,16,15,40,0.45,AR000452,SEM000007,AY000004,16.0,8.0,2.0,2.0,2,2,PROMOTED,REG001784,CO000028,MN000013,REGISTERED,False,53.0,52.0,45.0,MK001652,12.0,19.0,31.0,F,0.0,0.0,4.0,0.0,FAIL
ST000453,AIML2023453,Falguni,Tata,Female,2006-03-05,falguni.tata453@student.college.edu,9178834200,DEP000001,AY000004,SEM000007,True,PRO000453,Good,80,95,75,90,18,28,45,65,0.03,AR000453,SEM000007,AY000004,16.0,16.0,8.5,8.5,0,0,PASS,REG001785,CO000025,MN000010,REGISTERED,False,86.0,75.0,78.0,MK001653,27.0,49.0,76.0,A,8.0,32.0,4.0,4.0,PASS
ST000453,AIML2023453,Falguni,Tata,Female,2006-03-05,falguni.tata453@student.college.edu,9178834200,DEP000001,AY000004,SEM000007,True,PRO000453,Good,80,95,75,90,18,28,45,65,0.03,AR000453,SEM000007,AY000004,16.0,16.0,8.5,8.5,0,0,PASS,REG001786,CO000026,MN000011,REGISTERED,False,89.0,90.0,92.0,MK001654,27.0,59.0,86.0,A+,9.0,36.0,4.0,4.0,PASS
ST000453,AIML2023453,Falguni,Tata,Female,2006-03-05,falguni.tata453@student.college.edu,9178834200,DEP000001,AY000004,SEM000007,True,PRO000453,Good,80,95,75,90,18,28,45,65,0.03,AR000453,SEM000007,AY000004,16.0,16.0,8.5,8.5,0,0,PASS,REG001787,CO000027,MN000012,REGISTERED,False,83.0,80.0,83.0,MK001655,22.0,49.0,71.0,A,8.0,32.0,4.0,4.0,PASS
ST000453,AIML2023453,Falguni,Tata,Female,2006-03-05,falguni.tata453@student.college.edu,9178834200,DEP000001,AY000004,SEM000007,True,PRO000453,Good,80,95,75,90,18,28,45,65,0.03,AR000453,SEM000007,AY000004,16.0,16.0,8.5,8.5,0,0,PASS,REG001788,CO000028,MN000013,REGISTERED,False,87.0,81.0,82.0,MK001656,23.0,60.0,83.0,A+,9.0,36.0,4.0,4.0,PASS
ST000454,AIML2023454,William,Nagarajan,Male,2004-02-11,william.nagarajan454@student.college.edu,9882082715,DEP000001,AY000004,SEM000007,True,PRO000454,Good,80,95,75,90,18,28,45,65,0.03,AR000454,SEM000007,AY000004,16.0,16.0,8.0,8.0,0,0,PASS,REG001789,CO000025,MN000010,REGISTERED,False,86.0,87.0,72.0,MK001657,21.0,50.0,71.0,A,8.0,32.0,4.0,4.0,PASS
ST000454,AIML2023454,William,Nagarajan,Male,2004-02-11,william.nagarajan454@student.college.edu,9882082715,DEP000001,AY000004,SEM000007,True,PRO000454,Good,80,95,75,90,18,28,45,65,0.03,AR000454,SEM000007,AY000004,16.0,16.0,8.0,8.0,0,0,PASS,REG001790,CO000026,MN000011,REGISTERED,False,85.0,80.0,72.0,MK001658,26.0,58.0,84.0,A+,9.0,36.0,4.0,4.0,PASS
ST000454,AIML2023454,William,Nagarajan,Male,2004-02-11,william.nagarajan454@student.college.edu,9882082715,DEP000001,AY000004,SEM000007,True,PRO000454,Good,80,95,75,90,18,28,45,65,0.03,AR000454,SEM000007,AY000004,16.0,16.0,8.0,8.0,0,0,PASS,REG001791,CO000027,MN000012,REGISTERED,False,89.0,77.0,83.0,MK001659,22.0,46.0,68.0,B+,7.0,28.0,4.0,4.0,PASS
ST000454,AIML2023454,William,Nagarajan,Male,2004-02-11,william.nagarajan454@student.college.edu,9882082715,DEP000001,AY000004,SEM000007,True,PRO000454,Good,80,95,75,90,18,28,45,65,0.03,AR000454,SEM000007,AY000004,16.0,16.0,8.0,8.0,0,0,PASS,REG001792,CO000028,MN000013,REGISTERED,False,90.0,82.0,92.0,MK001660,26.0,46.0,72.0,A,8.0,32.0,4.0,4.0,PASS
ST000455,AIML2023455,Tanvi,Sarraf,Female,2005-09-07,tanvi.sarraf455@student.college.edu,8151210185,DEP000001,AY000004,SEM000007,True,PRO000455,Good,80,95,75,90,18,28,45,65,0.03,AR000455,SEM000007,AY000004,16.0,16.0,8.75,8.75,0,0,PASS,REG001793,CO000025,MN000010,REGISTERED,False,82.0,83.0,70.0,MK001661,28.0,49.0,77.0,A,8.0,32.0,4.0,4.0,PASS
ST000455,AIML2023455,Tanvi,Sarraf,Female,2005-09-07,tanvi.sarraf455@student.college.edu,8151210185,DEP000001,AY000004,SEM000007,True,PRO000455,Good,80,95,75,90,18,28,45,65,0.03,AR000455,SEM000007,AY000004,16.0,16.0,8.75,8.75,0,0,PASS,REG001794,CO000026,MN000011,REGISTERED,False,86.0,84.0,85.0,MK001662,27.0,58.0,85.0,A+,9.0,36.0,4.0,4.0,PASS
ST000455,AIML2023455,Tanvi,Sarraf,Female,2005-09-07,tanvi.sarraf455@student.college.edu,8151210185,DEP000001,AY000004,SEM000007,True,PRO000455,Good,80,95,75,90,18,28,45,65,0.03,AR000455,SEM000007,AY000004,16.0,16.0,8.75,8.75,0,0,PASS,REG001795,CO000027,MN000012,REGISTERED,False,81.0,83.0,86.0,MK001663,27.0,65.0,92.0,O,10.0,40.0,4.0,4.0,PASS
ST000455,AIML2023455,Tanvi,Sarraf,Female,2005-09-07,tanvi.sarraf455@student.college.edu,8151210185,DEP000001,AY000004,SEM000007,True,PRO000455,Good,80,95,75,90,18,28,45,65,0.03,AR000455,SEM000007,AY000004,16.0,16.0,8.75,8.75,0,0,PASS,REG001796,CO000028,MN000013,REGISTERED,False,90.0,88.0,87.0,MK001664,27.0,49.0,76.0,A,8.0,32.0,4.0,4.0,PASS
ST000456,AIML2023456,Advik,Batta,Male,2005-11-26,advik.batta456@student.college.edu,9068136069,DEP000001,AY000004,SEM000007,True,PRO000456,Average,65,85,60,80,10,24,30,58,0.1,AR000456,SEM000007,AY000004,16.0,16.0,7.0,7.0,0,0,PASS,REG001797,CO000025,MN000010,REGISTERED,False,77.0,79.0,74.0,MK001665,22.0,30.0,52.0,B,6.0,24.0,4.0,4.0,PASS
ST000456,AIML2023456,Advik,Batta,Male,2005-11-26,advik.batta456@student.college.edu,9068136069,DEP000001,AY000004,SEM000007,True,PRO000456,Average,65,85,60,80,10,24,30,58,0.1,AR000456,SEM000007,AY000004,16.0,16.0,7.0,7.0,0,0,PASS,REG001798,CO000026,MN000011,REGISTERED,False,79.0,77.0,75.0,MK001666,15.0,57.0,72.0,A,8.0,32.0,4.0,4.0,PASS
ST000456,AIML2023456,Advik,Batta,Male,2005-11-26,advik.batta456@student.college.edu,9068136069,DEP000001,AY000004,SEM000007,True,PRO000456,Average,65,85,60,80,10,24,30,58,0.1,AR000456,SEM000007,AY000004,16.0,16.0,7.0,7.0,0,0,PASS,REG001799,CO000027,MN000012,REGISTERED,False,72.0,71.0,66.0,MK001667,23.0,36.0,59.0,B,6.0,24.0,4.0,4.0,PASS
ST000456,AIML2023456,Advik,Batta,Male,2005-11-26,advik.batta456@student.college.edu,9068136069,DEP000001,AY000004,SEM000007,True,PRO000456,Average,65,85,60,80,10,24,30,58,0.1,AR000456,SEM000007,AY000004,16.0,16.0,7.0,7.0,0,0,PASS,REG001800,CO000028,MN000013,REGISTERED,False,66.0,60.0,57.0,MK001668,24.0,53.0,77.0,A,8.0,32.0,4.0,4.0,PASS
ST000457,AIML2023457,Lila,Bora,Female,2004-09-13,lila.bora457@student.college.edu,6222135102,DEP000001,AY000004,SEM000007,True,PRO000457,Improving,55,75,50,70,8,20,25,50,0.2,AR000457,SEM000007,AY000004,16.0,8.0,3.0,3.0,2,2,PROMOTED,REG001801,CO000025,MN000010,REGISTERED,False,60.0,61.0,65.0,MK001669,17.0,42.0,59.0,B,6.0,24.0,4.0,4.0,PASS
ST000457,AIML2023457,Lila,Bora,Female,2004-09-13,lila.bora457@student.college.edu,6222135102,DEP000001,AY000004,SEM000007,True,PRO000457,Improving,55,75,50,70,8,20,25,50,0.2,AR000457,SEM000007,AY000004,16.0,8.0,3.0,3.0,2,2,PROMOTED,REG001802,CO000026,MN000011,REGISTERED,False,55.0,50.0,56.0,MK001670,13.0,26.0,39.0,F,0.0,0.0,4.0,0.0,FAIL
ST000457,AIML2023457,Lila,Bora,Female,2004-09-13,lila.bora457@student.college.edu,6222135102,DEP000001,AY000004,SEM000007,True,PRO000457,Improving,55,75,50,70,8,20,25,50,0.2,AR000457,SEM000007,AY000004,16.0,8.0,3.0,3.0,2,2,PROMOTED,REG001803,CO000027,MN000012,REGISTERED,False,69.0,57.0,62.0,MK001671,14.0,25.0,39.0,F,0.0,0.0,4.0,0.0,FAIL
ST000457,AIML2023457,Lila,Bora,Female,2004-09-13,lila.bora457@student.college.edu,6222135102,DEP000001,AY000004,SEM000007,True,PRO000457,Improving,55,75,50,70,8,20,25,50,0.2,AR000457,SEM000007,AY000004,16.0,8.0,3.0,3.0,2,2,PROMOTED,REG001804,CO000028,MN000013,REGISTERED,False,74.0,66.0,59.0,MK001672,15.0,42.0,57.0,B,6.0,24.0,4.0,4.0,PASS
ST000458,AIML2023458,Umang,Zacharia,Male,2004-12-10,umang.zacharia458@student.college.edu,9699216862,DEP000001,AY000004,SEM000007,True,PRO000458,Average,65,85,60,80,10,24,30,58,0.1,AR000458,SEM000007,AY000004,16.0,16.0,7.0,7.0,0,0,PASS,REG001805,CO000025,MN000010,REGISTERED,False,67.0,70.0,68.0,MK001673,23.0,52.0,75.0,A,8.0,32.0,4.0,4.0,PASS
ST000458,AIML2023458,Umang,Zacharia,Male,2004-12-10,umang.zacharia458@student.college.edu,9699216862,DEP000001,AY000004,SEM000007,True,PRO000458,Average,65,85,60,80,10,24,30,58,0.1,AR000458,SEM000007,AY000004,16.0,16.0,7.0,7.0,0,0,PASS,REG001806,CO000026,MN000011,REGISTERED,False,76.0,72.0,71.0,MK001674,19.0,45.0,64.0,B+,7.0,28.0,4.0,4.0,PASS
ST000458,AIML2023458,Umang,Zacharia,Male,2004-12-10,umang.zacharia458@student.college.edu,9699216862,DEP000001,AY000004,SEM000007,True,PRO000458,Average,65,85,60,80,10,24,30,58,0.1,AR000458,SEM000007,AY000004,16.0,16.0,7.0,7.0,0,0,PASS,REG001807,CO000027,MN000012,REGISTERED,False,78.0,68.0,78.0,MK001675,13.0,48.0,61.0,B+,7.0,28.0,4.0,4.0,PASS
ST000458,AIML2023458,Umang,Zacharia,Male,2004-12-10,umang.zacharia458@student.college.edu,9699216862,DEP000001,AY000004,SEM000007,True,PRO000458,Average,65,85,60,80,10,24,30,58,0.1,AR000458,SEM000007,AY000004,16.0,16.0,7.0,7.0,0,0,PASS,REG001808,CO000028,MN000013,REGISTERED,False,73.0,68.0,71.0,MK001676,17.0,34.0,51.0,B,6.0,24.0,4.0,4.0,PASS
ST000459,AIML2023459,Imaran,Hayer,Male,2004-07-22,imaran.hayer459@student.college.edu,6196332469,DEP000001,AY000004,SEM000007,True,PRO000459,Good,80,95,75,90,18,28,45,65,0.03,AR000459,SEM000007,AY000004,16.0,16.0,8.0,8.0,0,0,PASS,REG001809,CO000025,MN000010,REGISTERED,False,92.0,83.0,88.0,MK001677,18.0,47.0,65.0,B+,7.0,28.0,4.0,4.0,PASS
ST000459,AIML2023459,Imaran,Hayer,Male,2004-07-22,imaran.hayer459@student.college.edu,6196332469,DEP000001,AY000004,SEM000007,True,PRO000459,Good,80,95,75,90,18,28,45,65,0.03,AR000459,SEM000007,AY000004,16.0,16.0,8.0,8.0,0,0,PASS,REG001810,CO000026,MN000011,REGISTERED,False,82.0,84.0,75.0,MK001678,21.0,50.0,71.0,A,8.0,32.0,4.0,4.0,PASS
ST000459,AIML2023459,Imaran,Hayer,Male,2004-07-22,imaran.hayer459@student.college.edu,6196332469,DEP000001,AY000004,SEM000007,True,PRO000459,Good,80,95,75,90,18,28,45,65,0.03,AR000459,SEM000007,AY000004,16.0,16.0,8.0,8.0,0,0,PASS,REG001811,CO000027,MN000012,REGISTERED,False,85.0,80.0,71.0,MK001679,27.0,56.0,83.0,A+,9.0,36.0,4.0,4.0,PASS
ST000459,AIML2023459,Imaran,Hayer,Male,2004-07-22,imaran.hayer459@student.college.edu,6196332469,DEP000001,AY000004,SEM000007,True,PRO000459,Good,80,95,75,90,18,28,45,65,0.03,AR000459,SEM000007,AY000004,16.0,16.0,8.0,8.0,0,0,PASS,REG001812,CO000028,MN000013,REGISTERED,False,92.0,79.0,78.0,MK001680,24.0,51.0,75.0,A,8.0,32.0,4.0,4.0,PASS
ST000460,AIML2023460,Wahab,Vig,Male,2005-03-03,wahab.vig460@student.college.edu,8489665046,DEP000001,AY000004,SEM000007,False,PRO000460,Average,65,85,60,80,10,24,30,58,0.1,AR000460,SEM000007,AY000004,0.0,0.0,0.0,0.0,0,0,NOT_REGISTERED,,,,,,,,,,,,,,,,,,
ST000461,AIML2023461,Mitali,Gokhale,Female,2005-05-18,mitali.gokhale461@student.college.edu,6948632386,DEP000001,AY000004,SEM000007,True,PRO000461,Average,65,85,60,80,10,24,30,58,0.1,AR000461,SEM000007,AY000004,16.0,16.0,6.25,6.25,0,0,PASS,REG001813,CO000025,MN000010,REGISTERED,True,66.0,64.0,65.0,MK001681,15.0,36.0,51.0,B,6.0,24.0,4.0,4.0,PASS
ST000461,AIML2023461,Mitali,Gokhale,Female,2005-05-18,mitali.gokhale461@student.college.edu,6948632386,DEP000001,AY000004,SEM000007,True,PRO000461,Average,65,85,60,80,10,24,30,58,0.1,AR000461,SEM000007,AY000004,16.0,16.0,6.25,6.25,0,0,PASS,REG001814,CO000026,MN000011,REGISTERED,False,69.0,69.0,60.0,MK001682,18.0,45.0,63.0,B+,7.0,28.0,4.0,4.0,PASS
ST000461,AIML2023461,Mitali,Gokhale,Female,2005-05-18,mitali.gokhale461@student.college.edu,6948632386,DEP000001,AY000004,SEM000007,True,PRO000461,Average,65,85,60,80,10,24,30,58,0.1,AR000461,SEM000007,AY000004,16.0,16.0,6.25,6.25,0,0,PASS,REG001815,CO000027,MN000012,REGISTERED,False,78.0,79.0,65.0,MK001683,17.0,42.0,59.0,B,6.0,24.0,4.0,4.0,PASS
ST000461,AIML2023461,Mitali,Gokhale,Female,2005-05-18,mitali.gokhale461@student.college.edu,6948632386,DEP000001,AY000004,SEM000007,True,PRO000461,Average,65,85,60,80,10,24,30,58,0.1,AR000461,SEM000007,AY000004,16.0,16.0,6.25,6.25,0,0,PASS,REG001816,CO000028,MN000013,REGISTERED,False,72.0,63.0,70.0,MK001684,18.0,41.0,59.0,B,6.0,24.0,4.0,4.0,PASS
ST000462,AIML2023462,Ubika,Raj,Female,2005-02-18,ubika.raj462@student.college.edu,9524382131,DEP000001,AY000004,SEM000007,True,PRO000462,Average,65,85,60,80,10,24,30,58,0.1,AR000462,SEM000007,AY000004,16.0,16.0,7.25,7.25,0,0,PASS,REG001817,CO000025,MN000010,REGISTERED,False,66.0,70.0,70.0,MK001685,24.0,44.0,68.0,B+,7.0,28.0,4.0,4.0,PASS
ST000462,AIML2023462,Ubika,Raj,Female,2005-02-18,ubika.raj462@student.college.edu,9524382131,DEP000001,AY000004,SEM000007,True,PRO000462,Average,65,85,60,80,10,24,30,58,0.1,AR000462,SEM000007,AY000004,16.0,16.0,7.25,7.25,0,0,PASS,REG001818,CO000026,MN000011,REGISTERED,False,75.0,68.0,78.0,MK001686,20.0,54.0,74.0,A,8.0,32.0,4.0,4.0,PASS
ST000462,AIML2023462,Ubika,Raj,Female,2005-02-18,ubika.raj462@student.college.edu,9524382131,DEP000001,AY000004,SEM000007,True,PRO000462,Average,65,85,60,80,10,24,30,58,0.1,AR000462,SEM000007,AY000004,16.0,16.0,7.25,7.25,0,0,PASS,REG001819,CO000027,MN000012,REGISTERED,False,67.0,68.0,72.0,MK001687,11.0,48.0,59.0,B,6.0,24.0,4.0,4.0,PASS
ST000462,AIML2023462,Ubika,Raj,Female,2005-02-18,ubika.raj462@student.college.edu,9524382131,DEP000001,AY000004,SEM000007,True,PRO000462,Average,65,85,60,80,10,24,30,58,0.1,AR000462,SEM000007,AY000004,16.0,16.0,7.25,7.25,0,0,PASS,REG001820,CO000028,MN000013,REGISTERED,False,73.0,72.0,79.0,MK001688,24.0,53.0,77.0,A,8.0,32.0,4.0,4.0,PASS
ST000463,AIML2023463,Yasti,Chakrabarti,Female,2004-03-19,yasti.chakrabarti463@student.college.edu,9121123146,DEP000001,AY000004,SEM000007,True,PRO000463,Good,80,95,75,90,18,28,45,65,0.03,AR000463,SEM000007,AY000004,16.0,16.0,7.75,7.75,0,0,PASS,REG001821,CO000025,MN000010,REGISTERED,False,85.0,85.0,90.0,MK001689,20.0,50.0,70.0,A,8.0,32.0,4.0,4.0,PASS
ST000463,AIML2023463,Yasti,Chakrabarti,Female,2004-03-19,yasti.chakrabarti463@student.college.edu,9121123146,DEP000001,AY000004,SEM000007,True,PRO000463,Good,80,95,75,90,18,28,45,65,0.03,AR000463,SEM000007,AY000004,16.0,16.0,7.75,7.75,0,0,PASS,REG001822,CO000026,MN000011,REGISTERED,False,80.0,78.0,90.0,MK001690,20.0,52.0,72.0,A,8.0,32.0,4.0,4.0,PASS
ST000463,AIML2023463,Yasti,Chakrabarti,Female,2004-03-19,yasti.chakrabarti463@student.college.edu,9121123146,DEP000001,AY000004,SEM000007,True,PRO000463,Good,80,95,75,90,18,28,45,65,0.03,AR000463,SEM000007,AY000004,16.0,16.0,7.75,7.75,0,0,PASS,REG001823,CO000027,MN000012,REGISTERED,False,89.0,89.0,77.0,MK001691,23.0,56.0,79.0,A,8.0,32.0,4.0,4.0,PASS
ST000463,AIML2023463,Yasti,Chakrabarti,Female,2004-03-19,yasti.chakrabarti463@student.college.edu,9121123146,DEP000001,AY000004,SEM000007,True,PRO000463,Good,80,95,75,90,18,28,45,65,0.03,AR000463,SEM000007,AY000004,16.0,16.0,7.75,7.75,0,0,PASS,REG001824,CO000028,MN000013,REGISTERED,False,86.0,80.0,75.0,MK001692,18.0,46.0,64.0,B+,7.0,28.0,4.0,4.0,PASS
ST000464,AIML2023464,Samar,Goda,Male,2004-02-26,samar.goda464@student.college.edu,8644023675,DEP000001,AY000004,SEM000007,True,PRO000464,Declining,40,65,35,60,4,16,15,40,0.45,AR000464,SEM000007,AY000004,16.0,8.0,2.5,2.5,2,2,PROMOTED,REG001825,CO000025,MN000010,REGISTERED,False,47.0,47.0,41.0,MK001693,16.0,30.0,46.0,C,5.0,20.0,4.0,4.0,PASS
ST000464,AIML2023464,Samar,Goda,Male,2004-02-26,samar.goda464@student.college.edu,8644023675,DEP000001,AY000004,SEM000007,True,PRO000464,Declining,40,65,35,60,4,16,15,40,0.45,AR000464,SEM000007,AY000004,16.0,8.0,2.5,2.5,2,2,PROMOTED,REG001826,CO000026,MN000011,REGISTERED,False,50.0,55.0,39.0,MK001694,10.0,37.0,47.0,C,5.0,20.0,4.0,4.0,PASS
ST000464,AIML2023464,Samar,Goda,Male,2004-02-26,samar.goda464@student.college.edu,8644023675,DEP000001,AY000004,SEM000007,True,PRO000464,Declining,40,65,35,60,4,16,15,40,0.45,AR000464,SEM000007,AY000004,16.0,8.0,2.5,2.5,2,2,PROMOTED,REG001827,CO000027,MN000012,REGISTERED,True,65.0,49.0,50.0,MK001695,5.0,23.0,28.0,F,0.0,0.0,4.0,0.0,FAIL
ST000464,AIML2023464,Samar,Goda,Male,2004-02-26,samar.goda464@student.college.edu,8644023675,DEP000001,AY000004,SEM000007,True,PRO000464,Declining,40,65,35,60,4,16,15,40,0.45,AR000464,SEM000007,AY000004,16.0,8.0,2.5,2.5,2,2,PROMOTED,REG001828,CO000028,MN000013,REGISTERED,False,44.0,48.0,30.0,MK001696,4.0,23.0,27.0,F,0.0,0.0,4.0,0.0,FAIL
ST000465,AIML2023465,Unnati,Wason,Female,2004-09-25,unnati.wason465@student.college.edu,6137823855,DEP000001,AY000004,SEM000007,True,PRO000465,Average,65,85,60,80,10,24,30,58,0.1,AR000465,SEM000007,AY000004,16.0,16.0,6.25,6.25,0,0,PASS,REG001829,CO000025,MN000010,REGISTERED,False,83.0,63.0,69.0,MK001697,16.0,44.0,60.0,B+,7.0,28.0,4.0,4.0,PASS
ST000465,AIML2023465,Unnati,Wason,Female,2004-09-25,unnati.wason465@student.college.edu,6137823855,DEP000001,AY000004,SEM000007,True,PRO000465,Average,65,85,60,80,10,24,30,58,0.1,AR000465,SEM000007,AY000004,16.0,16.0,6.25,6.25,0,0,PASS,REG001830,CO000026,MN000011,REGISTERED,False,73.0,77.0,61.0,MK001698,14.0,34.0,48.0,C,5.0,20.0,4.0,4.0,PASS
ST000465,AIML2023465,Unnati,Wason,Female,2004-09-25,unnati.wason465@student.college.edu,6137823855,DEP000001,AY000004,SEM000007,True,PRO000465,Average,65,85,60,80,10,24,30,58,0.1,AR000465,SEM000007,AY000004,16.0,16.0,6.25,6.25,0,0,PASS,REG001831,CO000027,MN000012,REGISTERED,False,73.0,67.0,60.0,MK001699,20.0,40.0,60.0,B+,7.0,28.0,4.0,4.0,PASS
ST000465,AIML2023465,Unnati,Wason,Female,2004-09-25,unnati.wason465@student.college.edu,6137823855,DEP000001,AY000004,SEM000007,True,PRO000465,Average,65,85,60,80,10,24,30,58,0.1,AR000465,SEM000007,AY000004,16.0,16.0,6.25,6.25,0,0,PASS,REG001832,CO000028,MN000013,REGISTERED,False,77.0,80.0,69.0,MK001700,14.0,42.0,56.0,B,6.0,24.0,4.0,4.0,PASS
ST000466,AIML2023466,Barkha,Krishnan,Female,2005-11-03,barkha.krishnan466@student.college.edu,9035195326,DEP000001,AY000004,SEM000007,True,PRO000466,Average,65,85,60,80,10,24,30,58,0.1,AR000466,SEM000007,AY000004,12.0,12.0,6.67,6.67,0,0,PASS,REG001833,CO000025,MN000010,REGISTERED,False,67.0,72.0,61.0,MK001701,11.0,33.0,44.0,P,4.0,16.0,4.0,4.0,PASS
ST000466,AIML2023466,Barkha,Krishnan,Female,2005-11-03,barkha.krishnan466@student.college.edu,9035195326,DEP000001,AY000004,SEM000007,True,PRO000466,Average,65,85,60,80,10,24,30,58,0.1,AR000466,SEM000007,AY000004,12.0,12.0,6.67,6.67,0,0,PASS,REG001834,CO000026,MN000011,REGISTERED,False,75.0,80.0,64.0,MK001702,21.0,54.0,75.0,A,8.0,32.0,4.0,4.0,PASS
ST000466,AIML2023466,Barkha,Krishnan,Female,2005-11-03,barkha.krishnan466@student.college.edu,9035195326,DEP000001,AY000004,SEM000007,True,PRO000466,Average,65,85,60,80,10,24,30,58,0.1,AR000466,SEM000007,AY000004,12.0,12.0,6.67,6.67,0,0,PASS,REG001835,CO000027,MN000012,REGISTERED,False,74.0,74.0,63.0,MK001703,20.0,52.0,72.0,A,8.0,32.0,4.0,4.0,PASS
ST000466,AIML2023466,Barkha,Krishnan,Female,2005-11-03,barkha.krishnan466@student.college.edu,9035195326,DEP000001,AY000004,SEM000007,True,PRO000466,Average,65,85,60,80,10,24,30,58,0.1,AR000466,SEM000007,AY000004,12.0,12.0,6.67,6.67,0,0,PASS,REG001836,CO000028,MN000013,CANCELLED,False,80.0,69.0,66.0,,,,,,,,,,
ST000467,AIML2023467,Aayush,Chandra,Male,2005-04-07,aayush.chandra467@student.college.edu,8583030352,DEP000001,AY000004,SEM000007,False,PRO000467,Average,65,85,60,80,10,24,30,58,0.1,AR000467,SEM000007,AY000004,0.0,0.0,0.0,0.0,0,0,NOT_REGISTERED,,,,,,,,,,,,,,,,,,
ST000468,AIML2023468,Bhavna,Vyas,Female,2003-09-02,bhavna.vyas468@student.college.edu,8767590271,DEP000001,AY000004,SEM000007,True,PRO000468,Excellent,90,100,90,100,24,30,55,70,0.01,AR000468,SEM000007,AY000004,16.0,16.0,9.25,9.25,0,0,PASS,REG001837,CO000025,MN000010,REGISTERED,False,96.0,95.0,88.0,MK001704,27.0,58.0,85.0,A+,9.0,36.0,4.0,4.0,PASS
ST000468,AIML2023468,Bhavna,Vyas,Female,2003-09-02,bhavna.vyas468@student.college.edu,8767590271,DEP000001,AY000004,SEM000007,True,PRO000468,Excellent,90,100,90,100,24,30,55,70,0.01,AR000468,SEM000007,AY000004,16.0,16.0,9.25,9.25,0,0,PASS,REG001838,CO000026,MN000011,REGISTERED,False,96.0,96.0,95.0,MK001705,26.0,65.0,91.0,O,10.0,40.0,4.0,4.0,PASS
ST000468,AIML2023468,Bhavna,Vyas,Female,2003-09-02,bhavna.vyas468@student.college.edu,8767590271,DEP000001,AY000004,SEM000007,True,PRO000468,Excellent,90,100,90,100,24,30,55,70,0.01,AR000468,SEM000007,AY000004,16.0,16.0,9.25,9.25,0,0,PASS,REG001839,CO000027,MN000012,REGISTERED,False,90.0,90.0,95.0,MK001706,25.0,60.0,85.0,A+,9.0,36.0,4.0,4.0,PASS
ST000468,AIML2023468,Bhavna,Vyas,Female,2003-09-02,bhavna.vyas468@student.college.edu,8767590271,DEP000001,AY000004,SEM000007,True,PRO000468,Excellent,90,100,90,100,24,30,55,70,0.01,AR000468,SEM000007,AY000004,16.0,16.0,9.25,9.25,0,0,PASS,REG001840,CO000028,MN000013,REGISTERED,False,100.0,91.0,85.0,MK001707,29.0,58.0,87.0,A+,9.0,36.0,4.0,4.0,PASS
ST000469,AIML2023469,Karan,Kaul,Male,2004-07-25,karan.kaul469@student.college.edu,6245247391,DEP000001,AY000004,SEM000007,True,PRO000469,Good,80,95,75,90,18,28,45,65,0.03,AR000469,SEM000007,AY000004,16.0,16.0,8.5,8.5,0,0,PASS,REG001841,CO000025,MN000010,REGISTERED,False,81.0,81.0,88.0,MK001708,27.0,50.0,77.0,A,8.0,32.0,4.0,4.0,PASS
ST000469,AIML2023469,Karan,Kaul,Male,2004-07-25,karan.kaul469@student.college.edu,6245247391,DEP000001,AY000004,SEM000007,True,PRO000469,Good,80,95,75,90,18,28,45,65,0.03,AR000469,SEM000007,AY000004,16.0,16.0,8.5,8.5,0,0,PASS,REG001842,CO000026,MN000011,REGISTERED,False,94.0,77.0,84.0,MK001709,22.0,57.0,79.0,A,8.0,32.0,4.0,4.0,PASS
ST000469,AIML2023469,Karan,Kaul,Male,2004-07-25,karan.kaul469@student.college.edu,6245247391,DEP000001,AY000004,SEM000007,True,PRO000469,Good,80,95,75,90,18,28,45,65,0.03,AR000469,SEM000007,AY000004,16.0,16.0,8.5,8.5,0,0,PASS,REG001843,CO000027,MN000012,REGISTERED,False,83.0,77.0,75.0,MK001710,20.0,64.0,84.0,A+,9.0,36.0,4.0,4.0,PASS
ST000469,AIML2023469,Karan,Kaul,Male,2004-07-25,karan.kaul469@student.college.edu,6245247391,DEP000001,AY000004,SEM000007,True,PRO000469,Good,80,95,75,90,18,28,45,65,0.03,AR000469,SEM000007,AY000004,16.0,16.0,8.5,8.5,0,0,PASS,REG001844,CO000028,MN000013,REGISTERED,False,83.0,84.0,83.0,MK001711,27.0,59.0,86.0,A+,9.0,36.0,4.0,4.0,PASS
ST000470,AIML2023470,Thomas,Aggarwal,Male,2003-11-02,thomas.aggarwal470@student.college.edu,6912608679,DEP000001,AY000004,SEM000007,True,PRO000470,Improving,55,75,50,70,8,20,25,50,0.2,AR000470,SEM000007,AY000004,16.0,16.0,5.0,5.0,0,0,PASS,REG001845,CO000025,MN000010,REGISTERED,False,72.0,65.0,60.0,MK001712,10.0,46.0,56.0,B,6.0,24.0,4.0,4.0,PASS
ST000470,AIML2023470,Thomas,Aggarwal,Male,2003-11-02,thomas.aggarwal470@student.college.edu,6912608679,DEP000001,AY000004,SEM000007,True,PRO000470,Improving,55,75,50,70,8,20,25,50,0.2,AR000470,SEM000007,AY000004,16.0,16.0,5.0,5.0,0,0,PASS,REG001846,CO000026,MN000011,REGISTERED,False,62.0,52.0,52.0,MK001713,18.0,25.0,43.0,P,4.0,16.0,4.0,4.0,PASS
ST000470,AIML2023470,Thomas,Aggarwal,Male,2003-11-02,thomas.aggarwal470@student.college.edu,6912608679,DEP000001,AY000004,SEM000007,True,PRO000470,Improving,55,75,50,70,8,20,25,50,0.2,AR000470,SEM000007,AY000004,16.0,16.0,5.0,5.0,0,0,PASS,REG001847,CO000027,MN000012,REGISTERED,False,62.0,52.0,59.0,MK001714,12.0,35.0,47.0,C,5.0,20.0,4.0,4.0,PASS
ST000470,AIML2023470,Thomas,Aggarwal,Male,2003-11-02,thomas.aggarwal470@student.college.edu,6912608679,DEP000001,AY000004,SEM000007,True,PRO000470,Improving,55,75,50,70,8,20,25,50,0.2,AR000470,SEM000007,AY000004,16.0,16.0,5.0,5.0,0,0,PASS,REG001848,CO000028,MN000013,REGISTERED,False,66.0,51.0,51.0,MK001715,16.0,32.0,48.0,C,5.0,20.0,4.0,4.0,PASS
ST000471,AIML2023471,Chanakya,Anne,Male,2005-04-03,chanakya.anne471@student.college.edu,6114770191,DEP000001,AY000004,SEM000007,True,PRO000471,Improving,55,75,50,70,8,20,25,50,0.2,AR000471,SEM000007,AY000004,16.0,12.0,3.75,3.75,1,1,PROMOTED,REG001849,CO000025,MN000010,REGISTERED,False,69.0,52.0,54.0,MK001716,18.0,39.0,57.0,B,6.0,24.0,4.0,4.0,PASS
ST000471,AIML2023471,Chanakya,Anne,Male,2005-04-03,chanakya.anne471@student.college.edu,6114770191,DEP000001,AY000004,SEM000007,True,PRO000471,Improving,55,75,50,70,8,20,25,50,0.2,AR000471,SEM000007,AY000004,16.0,12.0,3.75,3.75,1,1,PROMOTED,REG001850,CO000026,MN000011,REGISTERED,False,75.0,68.0,60.0,MK001717,11.0,26.0,37.0,F,0.0,0.0,4.0,0.0,FAIL
ST000471,AIML2023471,Chanakya,Anne,Male,2005-04-03,chanakya.anne471@student.college.edu,6114770191,DEP000001,AY000004,SEM000007,True,PRO000471,Improving,55,75,50,70,8,20,25,50,0.2,AR000471,SEM000007,AY000004,16.0,12.0,3.75,3.75,1,1,PROMOTED,REG001851,CO000027,MN000012,REGISTERED,False,74.0,70.0,59.0,MK001718,15.0,34.0,49.0,C,5.0,20.0,4.0,4.0,PASS
ST000471,AIML2023471,Chanakya,Anne,Male,2005-04-03,chanakya.anne471@student.college.edu,6114770191,DEP000001,AY000004,SEM000007,True,PRO000471,Improving,55,75,50,70,8,20,25,50,0.2,AR000471,SEM000007,AY000004,16.0,12.0,3.75,3.75,1,1,PROMOTED,REG001852,CO000028,MN000013,REGISTERED,False,56.0,54.0,47.0,MK001719,8.0,35.0,43.0,P,4.0,16.0,4.0,4.0,PASS
ST000472,AIML2023472,Jason,Lall,Male,2005-09-06,jason.lall472@student.college.edu,6395669623,DEP000001,AY000004,SEM000007,True,PRO000472,Declining,40,65,35,60,4,16,15,40,0.45,AR000472,SEM000007,AY000004,16.0,0.0,0.0,0.0,4,4,FAIL,REG001853,CO000025,MN000010,REGISTERED,False,61.0,44.0,46.0,MK001720,10.0,28.0,38.0,F,0.0,0.0,4.0,0.0,FAIL
ST000472,AIML2023472,Jason,Lall,Male,2005-09-06,jason.lall472@student.college.edu,6395669623,DEP000001,AY000004,SEM000007,True,PRO000472,Declining,40,65,35,60,4,16,15,40,0.45,AR000472,SEM000007,AY000004,16.0,0.0,0.0,0.0,4,4,FAIL,REG001854,CO000026,MN000011,REGISTERED,False,57.0,45.0,50.0,MK001721,8.0,25.0,33.0,F,0.0,0.0,4.0,0.0,FAIL
ST000472,AIML2023472,Jason,Lall,Male,2005-09-06,jason.lall472@student.college.edu,6395669623,DEP000001,AY000004,SEM000007,True,PRO000472,Declining,40,65,35,60,4,16,15,40,0.45,AR000472,SEM000007,AY000004,16.0,0.0,0.0,0.0,4,4,FAIL,REG001855,CO000027,MN000012,REGISTERED,True,61.0,52.0,46.0,MK001722,5.0,30.0,35.0,F,0.0,0.0,4.0,0.0,FAIL
ST000472,AIML2023472,Jason,Lall,Male,2005-09-06,jason.lall472@student.college.edu,6395669623,DEP000001,AY000004,SEM000007,True,PRO000472,Declining,40,65,35,60,4,16,15,40,0.45,AR000472,SEM000007,AY000004,16.0,0.0,0.0,0.0,4,4,FAIL,REG001856,CO000028,MN000013,REGISTERED,True,49.0,47.0,49.0,MK001723,9.0,15.0,24.0,F,0.0,0.0,4.0,0.0,FAIL
ST000473,AIML2023473,Advik,Bose,Male,2004-05-05,advik.bose473@student.college.edu,9172192043,DEP000001,AY000004,SEM000007,True,PRO000473,Average,65,85,60,80,10,24,30,58,0.1,AR000473,SEM000007,AY000004,16.0,16.0,6.75,6.75,0,0,PASS,REG001857,CO000025,MN000010,REGISTERED,False,83.0,76.0,76.0,MK001724,13.0,48.0,61.0,B+,7.0,28.0,4.0,4.0,PASS
ST000473,AIML2023473,Advik,Bose,Male,2004-05-05,advik.bose473@student.college.edu,9172192043,DEP000001,AY000004,SEM000007,True,PRO000473,Average,65,85,60,80,10,24,30,58,0.1,AR000473,SEM000007,AY000004,16.0,16.0,6.75,6.75,0,0,PASS,REG001858,CO000026,MN000011,REGISTERED,False,81.0,73.0,77.0,MK001725,19.0,49.0,68.0,B+,7.0,28.0,4.0,4.0,PASS
ST000473,AIML2023473,Advik,Bose,Male,2004-05-05,advik.bose473@student.college.edu,9172192043,DEP000001,AY000004,SEM000007,True,PRO000473,Average,65,85,60,80,10,24,30,58,0.1,AR000473,SEM000007,AY000004,16.0,16.0,6.75,6.75,0,0,PASS,REG001859,CO000027,MN000012,REGISTERED,False,80.0,64.0,65.0,MK001726,18.0,45.0,63.0,B+,7.0,28.0,4.0,4.0,PASS
ST000473,AIML2023473,Advik,Bose,Male,2004-05-05,advik.bose473@student.college.edu,9172192043,DEP000001,AY000004,SEM000007,True,PRO000473,Average,65,85,60,80,10,24,30,58,0.1,AR000473,SEM000007,AY000004,16.0,16.0,6.75,6.75,0,0,PASS,REG001860,CO000028,MN000013,REGISTERED,False,80.0,79.0,66.0,MK001727,23.0,31.0,54.0,B,6.0,24.0,4.0,4.0,PASS
ST000474,AIML2023474,Jeet,Pillay,Male,2006-03-25,jeet.pillay474@student.college.edu,8276710942,DEP000001,AY000004,SEM000007,True,PRO000474,Declining,40,65,35,60,4,16,15,40,0.45,AR000474,SEM000007,AY000004,16.0,4.0,1.0,1.0,3,3,FAIL,REG001861,CO000025,MN000010,REGISTERED,False,49.0,42.0,47.0,MK001728,6.0,15.0,21.0,F,0.0,0.0,4.0,0.0,FAIL
ST000474,AIML2023474,Jeet,Pillay,Male,2006-03-25,jeet.pillay474@student.college.edu,8276710942,DEP000001,AY000004,SEM000007,True,PRO000474,Declining,40,65,35,60,4,16,15,40,0.45,AR000474,SEM000007,AY000004,16.0,4.0,1.0,1.0,3,3,FAIL,REG001862,CO000026,MN000011,REGISTERED,False,58.0,38.0,47.0,MK001729,7.0,22.0,29.0,F,0.0,0.0,4.0,0.0,FAIL
ST000474,AIML2023474,Jeet,Pillay,Male,2006-03-25,jeet.pillay474@student.college.edu,8276710942,DEP000001,AY000004,SEM000007,True,PRO000474,Declining,40,65,35,60,4,16,15,40,0.45,AR000474,SEM000007,AY000004,16.0,4.0,1.0,1.0,3,3,FAIL,REG001863,CO000027,MN000012,REGISTERED,False,59.0,39.0,45.0,MK001730,8.0,21.0,29.0,F,0.0,0.0,4.0,0.0,FAIL
ST000474,AIML2023474,Jeet,Pillay,Male,2006-03-25,jeet.pillay474@student.college.edu,8276710942,DEP000001,AY000004,SEM000007,True,PRO000474,Declining,40,65,35,60,4,16,15,40,0.45,AR000474,SEM000007,AY000004,16.0,4.0,1.0,1.0,3,3,FAIL,REG001864,CO000028,MN000013,REGISTERED,False,61.0,47.0,49.0,MK001731,14.0,30.0,44.0,P,4.0,16.0,4.0,4.0,PASS
ST000475,AIML2023475,Ranveer,Singh,Male,2004-11-26,ranveer.singh475@student.college.edu,8375846723,DEP000001,AY000004,SEM000007,True,PRO000475,Good,80,95,75,90,18,28,45,65,0.03,AR000475,SEM000007,AY000004,16.0,16.0,8.75,8.75,0,0,PASS,REG001865,CO000025,MN000010,REGISTERED,False,91.0,89.0,85.0,MK001732,23.0,61.0,84.0,A+,9.0,36.0,4.0,4.0,PASS
ST000475,AIML2023475,Ranveer,Singh,Male,2004-11-26,ranveer.singh475@student.college.edu,8375846723,DEP000001,AY000004,SEM000007,True,PRO000475,Good,80,95,75,90,18,28,45,65,0.03,AR000475,SEM000007,AY000004,16.0,16.0,8.75,8.75,0,0,PASS,REG001866,CO000026,MN000011,REGISTERED,False,85.0,77.0,74.0,MK001733,21.0,59.0,80.0,A+,9.0,36.0,4.0,4.0,PASS
ST000475,AIML2023475,Ranveer,Singh,Male,2004-11-26,ranveer.singh475@student.college.edu,8375846723,DEP000001,AY000004,SEM000007,True,PRO000475,Good,80,95,75,90,18,28,45,65,0.03,AR000475,SEM000007,AY000004,16.0,16.0,8.75,8.75,0,0,PASS,REG001867,CO000027,MN000012,REGISTERED,False,92.0,80.0,90.0,MK001734,27.0,60.0,87.0,A+,9.0,36.0,4.0,4.0,PASS
ST000475,AIML2023475,Ranveer,Singh,Male,2004-11-26,ranveer.singh475@student.college.edu,8375846723,DEP000001,AY000004,SEM000007,True,PRO000475,Good,80,95,75,90,18,28,45,65,0.03,AR000475,SEM000007,AY000004,16.0,16.0,8.75,8.75,0,0,PASS,REG001868,CO000028,MN000013,REGISTERED,False,88.0,85.0,84.0,MK001735,22.0,49.0,71.0,A,8.0,32.0,4.0,4.0,PASS
ST000476,AIML2023476,Azaan,Seshadri,Male,2004-11-01,azaan.seshadri476@student.college.edu,7468252222,DEP000001,AY000004,SEM000007,True,PRO000476,Average,65,85,60,80,10,24,30,58,0.1,AR000476,SEM000007,AY000004,16.0,16.0,7.25,7.25,0,0,PASS,REG001869,CO000025,MN000010,REGISTERED,False,79.0,63.0,76.0,MK001736,14.0,41.0,55.0,B,6.0,24.0,4.0,4.0,PASS
ST000476,AIML2023476,Azaan,Seshadri,Male,2004-11-01,azaan.seshadri476@student.college.edu,7468252222,DEP000001,AY000004,SEM000007,True,PRO000476,Average,65,85,60,80,10,24,30,58,0.1,AR000476,SEM000007,AY000004,16.0,16.0,7.25,7.25,0,0,PASS,REG001870,CO000026,MN000011,REGISTERED,False,71.0,72.0,80.0,MK001737,15.0,54.0,69.0,B+,7.0,28.0,4.0,4.0,PASS
ST000476,AIML2023476,Azaan,Seshadri,Male,2004-11-01,azaan.seshadri476@student.college.edu,7468252222,DEP000001,AY000004,SEM000007,True,PRO000476,Average,65,85,60,80,10,24,30,58,0.1,AR000476,SEM000007,AY000004,16.0,16.0,7.25,7.25,0,0,PASS,REG001871,CO000027,MN000012,REGISTERED,True,73.0,70.0,75.0,MK001738,22.0,49.0,71.0,A,8.0,32.0,4.0,4.0,PASS
ST000476,AIML2023476,Azaan,Seshadri,Male,2004-11-01,azaan.seshadri476@student.college.edu,7468252222,DEP000001,AY000004,SEM000007,True,PRO000476,Average,65,85,60,80,10,24,30,58,0.1,AR000476,SEM000007,AY000004,16.0,16.0,7.25,7.25,0,0,PASS,REG001872,CO000028,MN000013,REGISTERED,False,66.0,61.0,51.0,MK001739,18.0,52.0,70.0,A,8.0,32.0,4.0,4.0,PASS
ST000477,AIML2023477,Ekaraj,Baria,Male,2006-01-30,ekaraj.baria477@student.college.edu,9386098068,DEP000001,AY000004,SEM000007,True,PRO000477,Average,65,85,60,80,10,24,30,58,0.1,AR000477,SEM000007,AY000004,16.0,16.0,6.0,6.0,0,0,PASS,REG001873,CO000025,MN000010,REGISTERED,False,84.0,67.0,74.0,MK001740,18.0,31.0,49.0,C,5.0,20.0,4.0,4.0,PASS
ST000477,AIML2023477,Ekaraj,Baria,Male,2006-01-30,ekaraj.baria477@student.college.edu,9386098068,DEP000001,AY000004,SEM000007,True,PRO000477,Average,65,85,60,80,10,24,30,58,0.1,AR000477,SEM000007,AY000004,16.0,16.0,6.0,6.0,0,0,PASS,REG001874,CO000026,MN000011,REGISTERED,False,72.0,72.0,80.0,MK001741,19.0,50.0,69.0,B+,7.0,28.0,4.0,4.0,PASS
ST000477,AIML2023477,Ekaraj,Baria,Male,2006-01-30,ekaraj.baria477@student.college.edu,9386098068,DEP000001,AY000004,SEM000007,True,PRO000477,Average,65,85,60,80,10,24,30,58,0.1,AR000477,SEM000007,AY000004,16.0,16.0,6.0,6.0,0,0,PASS,REG001875,CO000027,MN000012,REGISTERED,False,66.0,65.0,75.0,MK001742,12.0,34.0,46.0,C,5.0,20.0,4.0,4.0,PASS
ST000477,AIML2023477,Ekaraj,Baria,Male,2006-01-30,ekaraj.baria477@student.college.edu,9386098068,DEP000001,AY000004,SEM000007,True,PRO000477,Average,65,85,60,80,10,24,30,58,0.1,AR000477,SEM000007,AY000004,16.0,16.0,6.0,6.0,0,0,PASS,REG001876,CO000028,MN000013,REGISTERED,False,68.0,67.0,65.0,MK001743,17.0,49.0,66.0,B+,7.0,28.0,4.0,4.0,PASS
ST000478,AIML2023478,Darika,Bahl,Female,2005-03-16,darika.bahl478@student.college.edu,8541782487,DEP000001,AY000004,SEM000007,True,PRO000478,Average,65,85,60,80,10,24,30,58,0.1,AR000478,SEM000007,AY000004,16.0,16.0,7.0,7.0,0,0,PASS,REG001877,CO000025,MN000010,REGISTERED,False,67.0,61.0,64.0,MK001744,20.0,52.0,72.0,A,8.0,32.0,4.0,4.0,PASS
ST000478,AIML2023478,Darika,Bahl,Female,2005-03-16,darika.bahl478@student.college.edu,8541782487,DEP000001,AY000004,SEM000007,True,PRO000478,Average,65,85,60,80,10,24,30,58,0.1,AR000478,SEM000007,AY000004,16.0,16.0,7.0,7.0,0,0,PASS,REG001878,CO000026,MN000011,REGISTERED,False,82.0,68.0,70.0,MK001745,21.0,37.0,58.0,B,6.0,24.0,4.0,4.0,PASS
ST000478,AIML2023478,Darika,Bahl,Female,2005-03-16,darika.bahl478@student.college.edu,8541782487,DEP000001,AY000004,SEM000007,True,PRO000478,Average,65,85,60,80,10,24,30,58,0.1,AR000478,SEM000007,AY000004,16.0,16.0,7.0,7.0,0,0,PASS,REG001879,CO000027,MN000012,REGISTERED,False,74.0,62.0,64.0,MK001746,18.0,44.0,62.0,B+,7.0,28.0,4.0,4.0,PASS
ST000478,AIML2023478,Darika,Bahl,Female,2005-03-16,darika.bahl478@student.college.edu,8541782487,DEP000001,AY000004,SEM000007,True,PRO000478,Average,65,85,60,80,10,24,30,58,0.1,AR000478,SEM000007,AY000004,16.0,16.0,7.0,7.0,0,0,PASS,REG001880,CO000028,MN000013,REGISTERED,False,84.0,69.0,78.0,MK001747,13.0,49.0,62.0,B+,7.0,28.0,4.0,4.0,PASS
ST000479,AIML2023479,Luke,Sarna,Male,2004-04-05,luke.sarna479@student.college.edu,8889048379,DEP000001,AY000004,SEM000007,True,PRO000479,Average,65,85,60,80,10,24,30,58,0.1,AR000479,SEM000007,AY000004,16.0,16.0,6.25,6.25,0,0,PASS,REG001881,CO000025,MN000010,REGISTERED,False,82.0,80.0,77.0,MK001748,19.0,37.0,56.0,B,6.0,24.0,4.0,4.0,PASS
ST000479,AIML2023479,Luke,Sarna,Male,2004-04-05,luke.sarna479@student.college.edu,8889048379,DEP000001,AY000004,SEM000007,True,PRO000479,Average,65,85,60,80,10,24,30,58,0.1,AR000479,SEM000007,AY000004,16.0,16.0,6.25,6.25,0,0,PASS,REG001882,CO000026,MN000011,REGISTERED,False,78.0,61.0,77.0,MK001749,21.0,45.0,66.0,B+,7.0,28.0,4.0,4.0,PASS
ST000479,AIML2023479,Luke,Sarna,Male,2004-04-05,luke.sarna479@student.college.edu,8889048379,DEP000001,AY000004,SEM000007,True,PRO000479,Average,65,85,60,80,10,24,30,58,0.1,AR000479,SEM000007,AY000004,16.0,16.0,6.25,6.25,0,0,PASS,REG001883,CO000027,MN000012,REGISTERED,False,79.0,60.0,74.0,MK001750,18.0,38.0,56.0,B,6.0,24.0,4.0,4.0,PASS
ST000479,AIML2023479,Luke,Sarna,Male,2004-04-05,luke.sarna479@student.college.edu,8889048379,DEP000001,AY000004,SEM000007,True,PRO000479,Average,65,85,60,80,10,24,30,58,0.1,AR000479,SEM000007,AY000004,16.0,16.0,6.25,6.25,0,0,PASS,REG001884,CO000028,MN000013,REGISTERED,False,79.0,73.0,77.0,MK001751,12.0,47.0,59.0,B,6.0,24.0,4.0,4.0,PASS
ST000480,AIML2023480,Jagvi,Divan,Female,2006-01-15,jagvi.divan480@student.college.edu,7103789580,DEP000001,AY000004,SEM000007,True,PRO000480,Average,65,85,60,80,10,24,30,58,0.1,AR000480,SEM000007,AY000004,16.0,16.0,6.5,6.5,0,0,PASS,REG001885,CO000025,MN000010,REGISTERED,False,77.0,77.0,71.0,MK001752,19.0,40.0,59.0,B,6.0,24.0,4.0,4.0,PASS
ST000480,AIML2023480,Jagvi,Divan,Female,2006-01-15,jagvi.divan480@student.college.edu,7103789580,DEP000001,AY000004,SEM000007,True,PRO000480,Average,65,85,60,80,10,24,30,58,0.1,AR000480,SEM000007,AY000004,16.0,16.0,6.5,6.5,0,0,PASS,REG001886,CO000026,MN000011,REGISTERED,False,79.0,78.0,77.0,MK001753,18.0,58.0,76.0,A,8.0,32.0,4.0,4.0,PASS
ST000480,AIML2023480,Jagvi,Divan,Female,2006-01-15,jagvi.divan480@student.college.edu,7103789580,DEP000001,AY000004,SEM000007,True,PRO000480,Average,65,85,60,80,10,24,30,58,0.1,AR000480,SEM000007,AY000004,16.0,16.0,6.5,6.5,0,0,PASS,REG001887,CO000027,MN000012,REGISTERED,False,66.0,68.0,58.0,MK001754,18.0,32.0,50.0,B,6.0,24.0,4.0,4.0,PASS
ST000480,AIML2023480,Jagvi,Divan,Female,2006-01-15,jagvi.divan480@student.college.edu,7103789580,DEP000001,AY000004,SEM000007,True,PRO000480,Average,65,85,60,80,10,24,30,58,0.1,AR000480,SEM000007,AY000004,16.0,16.0,6.5,6.5,0,0,PASS,REG001888,CO000028,MN000013,REGISTERED,False,80.0,65.0,72.0,MK001755,22.0,31.0,53.0,B,6.0,24.0,4.0,4.0,PASS
ST000481,AIML2023481,Idika,Goda,Female,2005-06-30,idika.goda481@student.college.edu,8714302124,DEP000001,AY000004,SEM000007,True,PRO000481,Good,80,95,75,90,18,28,45,65,0.03,AR000481,SEM000007,AY000004,16.0,16.0,7.5,7.5,0,0,PASS,REG001889,CO000025,MN000010,REGISTERED,False,84.0,85.0,82.0,MK001756,20.0,46.0,66.0,B+,7.0,28.0,4.0,4.0,PASS
ST000481,AIML2023481,Idika,Goda,Female,2005-06-30,idika.goda481@student.college.edu,8714302124,DEP000001,AY000004,SEM000007,True,PRO000481,Good,80,95,75,90,18,28,45,65,0.03,AR000481,SEM000007,AY000004,16.0,16.0,7.5,7.5,0,0,PASS,REG001890,CO000026,MN000011,REGISTERED,False,95.0,75.0,87.0,MK001757,19.0,56.0,75.0,A,8.0,32.0,4.0,4.0,PASS
ST000481,AIML2023481,Idika,Goda,Female,2005-06-30,idika.goda481@student.college.edu,8714302124,DEP000001,AY000004,SEM000007,True,PRO000481,Good,80,95,75,90,18,28,45,65,0.03,AR000481,SEM000007,AY000004,16.0,16.0,7.5,7.5,0,0,PASS,REG001891,CO000027,MN000012,REGISTERED,False,90.0,80.0,91.0,MK001758,18.0,48.0,66.0,B+,7.0,28.0,4.0,4.0,PASS
ST000481,AIML2023481,Idika,Goda,Female,2005-06-30,idika.goda481@student.college.edu,8714302124,DEP000001,AY000004,SEM000007,True,PRO000481,Good,80,95,75,90,18,28,45,65,0.03,AR000481,SEM000007,AY000004,16.0,16.0,7.5,7.5,0,0,PASS,REG001892,CO000028,MN000013,REGISTERED,False,95.0,77.0,91.0,MK001759,26.0,53.0,79.0,A,8.0,32.0,4.0,4.0,PASS
ST000482,AIML2023482,Kevin,Natarajan,Male,2004-10-24,kevin.natarajan482@student.college.edu,6784903375,DEP000001,AY000004,SEM000007,True,PRO000482,Improving,55,75,50,70,8,20,25,50,0.2,AR000482,SEM000007,AY000004,16.0,12.0,4.0,4.0,1,1,PROMOTED,REG001893,CO000025,MN000010,REGISTERED,False,66.0,63.0,64.0,MK001760,10.0,34.0,44.0,P,4.0,16.0,4.0,4.0,PASS
ST000482,AIML2023482,Kevin,Natarajan,Male,2004-10-24,kevin.natarajan482@student.college.edu,6784903375,DEP000001,AY000004,SEM000007,True,PRO000482,Improving,55,75,50,70,8,20,25,50,0.2,AR000482,SEM000007,AY000004,16.0,12.0,4.0,4.0,1,1,PROMOTED,REG001894,CO000026,MN000011,REGISTERED,False,63.0,54.0,51.0,MK001761,16.0,44.0,60.0,B+,7.0,28.0,4.0,4.0,PASS
ST000482,AIML2023482,Kevin,Natarajan,Male,2004-10-24,kevin.natarajan482@student.college.edu,6784903375,DEP000001,AY000004,SEM000007,True,PRO000482,Improving,55,75,50,70,8,20,25,50,0.2,AR000482,SEM000007,AY000004,16.0,12.0,4.0,4.0,1,1,PROMOTED,REG001895,CO000027,MN000012,REGISTERED,False,58.0,59.0,43.0,MK001762,15.0,34.0,49.0,C,5.0,20.0,4.0,4.0,PASS
ST000482,AIML2023482,Kevin,Natarajan,Male,2004-10-24,kevin.natarajan482@student.college.edu,6784903375,DEP000001,AY000004,SEM000007,True,PRO000482,Improving,55,75,50,70,8,20,25,50,0.2,AR000482,SEM000007,AY000004,16.0,12.0,4.0,4.0,1,1,PROMOTED,REG001896,CO000028,MN000013,REGISTERED,False,62.0,55.0,62.0,MK001763,9.0,27.0,36.0,F,0.0,0.0,4.0,0.0,FAIL
ST000483,AIML2023483,Januja,Kaur,Female,2005-11-10,januja.kaur483@student.college.edu,9727134864,DEP000001,AY000004,SEM000007,True,PRO000483,Good,80,95,75,90,18,28,45,65,0.03,AR000483,SEM000007,AY000004,16.0,16.0,8.25,8.25,0,0,PASS,REG001897,CO000025,MN000010,REGISTERED,False,95.0,79.0,91.0,MK001764,27.0,51.0,78.0,A,8.0,32.0,4.0,4.0,PASS
ST000483,AIML2023483,Januja,Kaur,Female,2005-11-10,januja.kaur483@student.college.edu,9727134864,DEP000001,AY000004,SEM000007,True,PRO000483,Good,80,95,75,90,18,28,45,65,0.03,AR000483,SEM000007,AY000004,16.0,16.0,8.25,8.25,0,0,PASS,REG001898,CO000026,MN000011,REGISTERED,False,94.0,87.0,81.0,MK001765,26.0,48.0,74.0,A,8.0,32.0,4.0,4.0,PASS
ST000483,AIML2023483,Januja,Kaur,Female,2005-11-10,januja.kaur483@student.college.edu,9727134864,DEP000001,AY000004,SEM000007,True,PRO000483,Good,80,95,75,90,18,28,45,65,0.03,AR000483,SEM000007,AY000004,16.0,16.0,8.25,8.25,0,0,PASS,REG001899,CO000027,MN000012,REGISTERED,False,82.0,87.0,75.0,MK001766,21.0,58.0,79.0,A,8.0,32.0,4.0,4.0,PASS
ST000483,AIML2023483,Januja,Kaur,Female,2005-11-10,januja.kaur483@student.college.edu,9727134864,DEP000001,AY000004,SEM000007,True,PRO000483,Good,80,95,75,90,18,28,45,65,0.03,AR000483,SEM000007,AY000004,16.0,16.0,8.25,8.25,0,0,PASS,REG001900,CO000028,MN000013,REGISTERED,False,95.0,76.0,92.0,MK001767,22.0,60.0,82.0,A+,9.0,36.0,4.0,4.0,PASS
ST000484,AIML2023484,Nakul,Puri,Male,2006-06-14,nakul.puri484@student.college.edu,6095929755,DEP000001,AY000004,SEM000007,True,PRO000484,Improving,55,75,50,70,8,20,25,50,0.2,AR000484,SEM000007,AY000004,16.0,16.0,6.0,6.0,0,0,PASS,REG001901,CO000025,MN000010,REGISTERED,True,71.0,57.0,57.0,MK001768,17.0,47.0,64.0,B+,7.0,28.0,4.0,4.0,PASS
ST000484,AIML2023484,Nakul,Puri,Male,2006-06-14,nakul.puri484@student.college.edu,6095929755,DEP000001,AY000004,SEM000007,True,PRO000484,Improving,55,75,50,70,8,20,25,50,0.2,AR000484,SEM000007,AY000004,16.0,16.0,6.0,6.0,0,0,PASS,REG001902,CO000026,MN000011,REGISTERED,False,62.0,63.0,48.0,MK001769,13.0,31.0,44.0,P,4.0,16.0,4.0,4.0,PASS
ST000484,AIML2023484,Nakul,Puri,Male,2006-06-14,nakul.puri484@student.college.edu,6095929755,DEP000001,AY000004,SEM000007,True,PRO000484,Improving,55,75,50,70,8,20,25,50,0.2,AR000484,SEM000007,AY000004,16.0,16.0,6.0,6.0,0,0,PASS,REG001903,CO000027,MN000012,REGISTERED,False,74.0,68.0,62.0,MK001770,9.0,44.0,53.0,B,6.0,24.0,4.0,4.0,PASS
ST000484,AIML2023484,Nakul,Puri,Male,2006-06-14,nakul.puri484@student.college.edu,6095929755,DEP000001,AY000004,SEM000007,True,PRO000484,Improving,55,75,50,70,8,20,25,50,0.2,AR000484,SEM000007,AY000004,16.0,16.0,6.0,6.0,0,0,PASS,REG001904,CO000028,MN000013,REGISTERED,False,60.0,58.0,51.0,MK001771,16.0,48.0,64.0,B+,7.0,28.0,4.0,4.0,PASS
ST000485,AIML2023485,Arin,Chana,Male,2004-08-31,arin.chana485@student.college.edu,7530273468,DEP000001,AY000004,SEM000007,True,PRO000485,Average,65,85,60,80,10,24,30,58,0.1,AR000485,SEM000007,AY000004,16.0,16.0,7.0,7.0,0,0,PASS,REG001905,CO000025,MN000010,REGISTERED,False,67.0,62.0,60.0,MK001772,14.0,55.0,69.0,B+,7.0,28.0,4.0,4.0,PASS
ST000485,AIML2023485,Arin,Chana,Male,2004-08-31,arin.chana485@student.college.edu,7530273468,DEP000001,AY000004,SEM000007,True,PRO000485,Average,65,85,60,80,10,24,30,58,0.1,AR000485,SEM000007,AY000004,16.0,16.0,7.0,7.0,0,0,PASS,REG001906,CO000026,MN000011,REGISTERED,True,69.0,60.0,57.0,MK001773,19.0,40.0,59.0,B,6.0,24.0,4.0,4.0,PASS
ST000485,AIML2023485,Arin,Chana,Male,2004-08-31,arin.chana485@student.college.edu,7530273468,DEP000001,AY000004,SEM000007,True,PRO000485,Average,65,85,60,80,10,24,30,58,0.1,AR000485,SEM000007,AY000004,16.0,16.0,7.0,7.0,0,0,PASS,REG001907,CO000027,MN000012,REGISTERED,False,73.0,73.0,60.0,MK001774,18.0,51.0,69.0,B+,7.0,28.0,4.0,4.0,PASS
ST000485,AIML2023485,Arin,Chana,Male,2004-08-31,arin.chana485@student.college.edu,7530273468,DEP000001,AY000004,SEM000007,True,PRO000485,Average,65,85,60,80,10,24,30,58,0.1,AR000485,SEM000007,AY000004,16.0,16.0,7.0,7.0,0,0,PASS,REG001908,CO000028,MN000013,REGISTERED,False,79.0,72.0,72.0,MK001775,24.0,49.0,73.0,A,8.0,32.0,4.0,4.0,PASS
ST000486,AIML2023486,Oscar,Lalla,Male,2004-04-22,oscar.lalla486@student.college.edu,9369517597,DEP000001,AY000004,SEM000007,True,PRO000486,Declining,40,65,35,60,4,16,15,40,0.45,AR000486,SEM000007,AY000004,16.0,4.0,1.5,1.5,3,3,FAIL,REG001909,CO000025,MN000010,REGISTERED,False,58.0,46.0,44.0,MK001776,8.0,30.0,38.0,F,0.0,0.0,4.0,0.0,FAIL
ST000486,AIML2023486,Oscar,Lalla,Male,2004-04-22,oscar.lalla486@student.college.edu,9369517597,DEP000001,AY000004,SEM000007,True,PRO000486,Declining,40,65,35,60,4,16,15,40,0.45,AR000486,SEM000007,AY000004,16.0,4.0,1.5,1.5,3,3,FAIL,REG001910,CO000026,MN000011,REGISTERED,False,47.0,46.0,48.0,MK001777,8.0,23.0,31.0,F,0.0,0.0,4.0,0.0,FAIL
ST000486,AIML2023486,Oscar,Lalla,Male,2004-04-22,oscar.lalla486@student.college.edu,9369517597,DEP000001,AY000004,SEM000007,True,PRO000486,Declining,40,65,35,60,4,16,15,40,0.45,AR000486,SEM000007,AY000004,16.0,4.0,1.5,1.5,3,3,FAIL,REG001911,CO000027,MN000012,REGISTERED,False,45.0,48.0,31.0,MK001778,14.0,19.0,33.0,F,0.0,0.0,4.0,0.0,FAIL
ST000486,AIML2023486,Oscar,Lalla,Male,2004-04-22,oscar.lalla486@student.college.edu,9369517597,DEP000001,AY000004,SEM000007,True,PRO000486,Declining,40,65,35,60,4,16,15,40,0.45,AR000486,SEM000007,AY000004,16.0,4.0,1.5,1.5,3,3,FAIL,REG001912,CO000028,MN000013,REGISTERED,False,49.0,54.0,45.0,MK001779,15.0,39.0,54.0,B,6.0,24.0,4.0,4.0,PASS
ST000487,AIML2023487,Wishi,Kunda,Female,2006-02-28,wishi.kunda487@student.college.edu,6009760483,DEP000001,AY000004,SEM000007,True,PRO000487,Good,80,95,75,90,18,28,45,65,0.03,AR000487,SEM000007,AY000004,16.0,16.0,7.5,7.5,0,0,PASS,REG001913,CO000025,MN000010,REGISTERED,False,95.0,77.0,80.0,MK001780,18.0,49.0,67.0,B+,7.0,28.0,4.0,4.0,PASS
ST000487,AIML2023487,Wishi,Kunda,Female,2006-02-28,wishi.kunda487@student.college.edu,6009760483,DEP000001,AY000004,SEM000007,True,PRO000487,Good,80,95,75,90,18,28,45,65,0.03,AR000487,SEM000007,AY000004,16.0,16.0,7.5,7.5,0,0,PASS,REG001914,CO000026,MN000011,REGISTERED,False,84.0,89.0,82.0,MK001781,26.0,48.0,74.0,A,8.0,32.0,4.0,4.0,PASS
ST000487,AIML2023487,Wishi,Kunda,Female,2006-02-28,wishi.kunda487@student.college.edu,6009760483,DEP000001,AY000004,SEM000007,True,PRO000487,Good,80,95,75,90,18,28,45,65,0.03,AR000487,SEM000007,AY000004,16.0,16.0,7.5,7.5,0,0,PASS,REG001915,CO000027,MN000012,REGISTERED,False,87.0,79.0,76.0,MK001782,21.0,47.0,68.0,B+,7.0,28.0,4.0,4.0,PASS
ST000487,AIML2023487,Wishi,Kunda,Female,2006-02-28,wishi.kunda487@student.college.edu,6009760483,DEP000001,AY000004,SEM000007,True,PRO000487,Good,80,95,75,90,18,28,45,65,0.03,AR000487,SEM000007,AY000004,16.0,16.0,7.5,7.5,0,0,PASS,REG001916,CO000028,MN000013,REGISTERED,False,90.0,88.0,76.0,MK001783,19.0,59.0,78.0,A,8.0,32.0,4.0,4.0,PASS
ST000488,AIML2023488,Imaran,Wable,Male,2004-07-28,imaran.wable488@student.college.edu,8774365333,DEP000001,AY000004,SEM000007,True,PRO000488,HighRisk,20,50,20,45,0,12,0,30,0.8,AR000488,SEM000007,AY000004,16.0,0.0,0.0,0.0,4,4,FAIL,REG001917,CO000025,MN000010,REGISTERED,False,39.0,21.0,32.0,MK001784,10.0,12.0,22.0,F,0.0,0.0,4.0,0.0,FAIL
ST000488,AIML2023488,Imaran,Wable,Male,2004-07-28,imaran.wable488@student.college.edu,8774365333,DEP000001,AY000004,SEM000007,True,PRO000488,HighRisk,20,50,20,45,0,12,0,30,0.8,AR000488,SEM000007,AY000004,16.0,0.0,0.0,0.0,4,4,FAIL,REG001918,CO000026,MN000011,REGISTERED,False,41.0,45.0,35.0,MK001785,11.0,21.0,32.0,F,0.0,0.0,4.0,0.0,FAIL
ST000488,AIML2023488,Imaran,Wable,Male,2004-07-28,imaran.wable488@student.college.edu,8774365333,DEP000001,AY000004,SEM000007,True,PRO000488,HighRisk,20,50,20,45,0,12,0,30,0.8,AR000488,SEM000007,AY000004,16.0,0.0,0.0,0.0,4,4,FAIL,REG001919,CO000027,MN000012,REGISTERED,True,26.0,21.0,18.0,MK001786,11.0,10.0,21.0,F,0.0,0.0,4.0,0.0,FAIL
ST000488,AIML2023488,Imaran,Wable,Male,2004-07-28,imaran.wable488@student.college.edu,8774365333,DEP000001,AY000004,SEM000007,True,PRO000488,HighRisk,20,50,20,45,0,12,0,30,0.8,AR000488,SEM000007,AY000004,16.0,0.0,0.0,0.0,4,4,FAIL,REG001920,CO000028,MN000013,REGISTERED,False,26.0,20.0,20.0,MK001787,5.0,21.0,26.0,F,0.0,0.0,4.0,0.0,FAIL
ST000489,AIML2023489,Yashodhara,Nath,Female,2005-04-04,yashodhara.nath489@student.college.edu,7106985941,DEP000001,AY000004,SEM000007,True,PRO000489,Improving,55,75,50,70,8,20,25,50,0.2,AR000489,SEM000007,AY000004,12.0,12.0,6.0,6.0,0,0,PASS,REG001921,CO000025,MN000010,REGISTERED,False,68.0,64.0,58.0,MK001788,20.0,41.0,61.0,B+,7.0,28.0,4.0,4.0,PASS
ST000489,AIML2023489,Yashodhara,Nath,Female,2005-04-04,yashodhara.nath489@student.college.edu,7106985941,DEP000001,AY000004,SEM000007,True,PRO000489,Improving,55,75,50,70,8,20,25,50,0.2,AR000489,SEM000007,AY000004,12.0,12.0,6.0,6.0,0,0,PASS,REG001922,CO000026,MN000011,CANCELLED,False,70.0,66.0,65.0,,,,,,,,,,
ST000489,AIML2023489,Yashodhara,Nath,Female,2005-04-04,yashodhara.nath489@student.college.edu,7106985941,DEP000001,AY000004,SEM000007,True,PRO000489,Improving,55,75,50,70,8,20,25,50,0.2,AR000489,SEM000007,AY000004,12.0,12.0,6.0,6.0,0,0,PASS,REG001923,CO000027,MN000012,REGISTERED,False,72.0,63.0,58.0,MK001789,11.0,29.0,40.0,P,4.0,16.0,4.0,4.0,PASS
ST000489,AIML2023489,Yashodhara,Nath,Female,2005-04-04,yashodhara.nath489@student.college.edu,7106985941,DEP000001,AY000004,SEM000007,True,PRO000489,Improving,55,75,50,70,8,20,25,50,0.2,AR000489,SEM000007,AY000004,12.0,12.0,6.0,6.0,0,0,PASS,REG001924,CO000028,MN000013,REGISTERED,False,61.0,58.0,63.0,MK001790,16.0,46.0,62.0,B+,7.0,28.0,4.0,4.0,PASS
ST000490,AIML2023490,Chaman,Mahajan,Female,2006-07-27,chaman.mahajan490@student.college.edu,8947515325,DEP000001,AY000004,SEM000007,True,PRO000490,Average,65,85,60,80,10,24,30,58,0.1,AR000490,SEM000007,AY000004,16.0,16.0,5.75,5.75,0,0,PASS,REG001925,CO000025,MN000010,REGISTERED,False,81.0,80.0,71.0,MK001791,17.0,31.0,48.0,C,5.0,20.0,4.0,4.0,PASS
ST000490,AIML2023490,Chaman,Mahajan,Female,2006-07-27,chaman.mahajan490@student.college.edu,8947515325,DEP000001,AY000004,SEM000007,True,PRO000490,Average,65,85,60,80,10,24,30,58,0.1,AR000490,SEM000007,AY000004,16.0,16.0,5.75,5.75,0,0,PASS,REG001926,CO000026,MN000011,REGISTERED,False,78.0,72.0,70.0,MK001792,19.0,43.0,62.0,B+,7.0,28.0,4.0,4.0,PASS
ST000490,AIML2023490,Chaman,Mahajan,Female,2006-07-27,chaman.mahajan490@student.college.edu,8947515325,DEP000001,AY000004,SEM000007,True,PRO000490,Average,65,85,60,80,10,24,30,58,0.1,AR000490,SEM000007,AY000004,16.0,16.0,5.75,5.75,0,0,PASS,REG001927,CO000027,MN000012,REGISTERED,False,72.0,71.0,62.0,MK001793,21.0,37.0,58.0,B,6.0,24.0,4.0,4.0,PASS
ST000490,AIML2023490,Chaman,Mahajan,Female,2006-07-27,chaman.mahajan490@student.college.edu,8947515325,DEP000001,AY000004,SEM000007,True,PRO000490,Average,65,85,60,80,10,24,30,58,0.1,AR000490,SEM000007,AY000004,16.0,16.0,5.75,5.75,0,0,PASS,REG001928,CO000028,MN000013,REGISTERED,False,79.0,70.0,78.0,MK001794,11.0,37.0,48.0,C,5.0,20.0,4.0,4.0,PASS
ST000491,AIML2023491,Jeevika,Oak,Female,2004-11-12,jeevika.oak491@student.college.edu,6032940762,DEP000001,AY000004,SEM000007,True,PRO000491,Declining,40,65,35,60,4,16,15,40,0.45,AR000491,SEM000007,AY000004,16.0,4.0,1.25,1.25,3,3,FAIL,REG001929,CO000025,MN000010,REGISTERED,False,62.0,57.0,50.0,MK001795,9.0,16.0,25.0,F,0.0,0.0,4.0,0.0,FAIL
ST000491,AIML2023491,Jeevika,Oak,Female,2004-11-12,jeevika.oak491@student.college.edu,6032940762,DEP000001,AY000004,SEM000007,True,PRO000491,Declining,40,65,35,60,4,16,15,40,0.45,AR000491,SEM000007,AY000004,16.0,4.0,1.25,1.25,3,3,FAIL,REG001930,CO000026,MN000011,REGISTERED,True,44.0,48.0,44.0,MK001796,10.0,20.0,30.0,F,0.0,0.0,4.0,0.0,FAIL
ST000491,AIML2023491,Jeevika,Oak,Female,2004-11-12,jeevika.oak491@student.college.edu,6032940762,DEP000001,AY000004,SEM000007,True,PRO000491,Declining,40,65,35,60,4,16,15,40,0.45,AR000491,SEM000007,AY000004,16.0,4.0,1.25,1.25,3,3,FAIL,REG001931,CO000027,MN000012,REGISTERED,False,63.0,52.0,50.0,MK001797,9.0,23.0,32.0,F,0.0,0.0,4.0,0.0,FAIL
ST000491,AIML2023491,Jeevika,Oak,Female,2004-11-12,jeevika.oak491@student.college.edu,6032940762,DEP000001,AY000004,SEM000007,True,PRO000491,Declining,40,65,35,60,4,16,15,40,0.45,AR000491,SEM000007,AY000004,16.0,4.0,1.25,1.25,3,3,FAIL,REG001932,CO000028,MN000013,REGISTERED,False,64.0,44.0,49.0,MK001798,11.0,34.0,45.0,C,5.0,20.0,4.0,4.0,PASS
ST000492,AIML2023492,Isaac,Sani,Male,2005-12-16,isaac.sani492@student.college.edu,8857751247,DEP000001,AY000004,SEM000007,True,PRO000492,Excellent,90,100,90,100,24,30,55,70,0.01,AR000492,SEM000007,AY000004,16.0,16.0,9.5,9.5,0,0,PASS,REG001933,CO000025,MN000010,REGISTERED,False,96.0,90.0,93.0,MK001799,28.0,67.0,95.0,O,10.0,40.0,4.0,4.0,PASS
ST000492,AIML2023492,Isaac,Sani,Male,2005-12-16,isaac.sani492@student.college.edu,8857751247,DEP000001,AY000004,SEM000007,True,PRO000492,Excellent,90,100,90,100,24,30,55,70,0.01,AR000492,SEM000007,AY000004,16.0,16.0,9.5,9.5,0,0,PASS,REG001934,CO000026,MN000011,REGISTERED,False,96.0,95.0,93.0,MK001800,30.0,57.0,87.0,A+,9.0,36.0,4.0,4.0,PASS
ST000492,AIML2023492,Isaac,Sani,Male,2005-12-16,isaac.sani492@student.college.edu,8857751247,DEP000001,AY000004,SEM000007,True,PRO000492,Excellent,90,100,90,100,24,30,55,70,0.01,AR000492,SEM000007,AY000004,16.0,16.0,9.5,9.5,0,0,PASS,REG001935,CO000027,MN000012,REGISTERED,False,96.0,97.0,98.0,MK001801,29.0,55.0,84.0,A+,9.0,36.0,4.0,4.0,PASS
ST000492,AIML2023492,Isaac,Sani,Male,2005-12-16,isaac.sani492@student.college.edu,8857751247,DEP000001,AY000004,SEM000007,True,PRO000492,Excellent,90,100,90,100,24,30,55,70,0.01,AR000492,SEM000007,AY000004,16.0,16.0,9.5,9.5,0,0,PASS,REG001936,CO000028,MN000013,REGISTERED,False,100.0,96.0,99.0,MK001802,27.0,70.0,97.0,O,10.0,40.0,4.0,4.0,PASS
ST000493,AIML2023493,Anthony,Ray,Male,2004-11-13,anthony.ray493@student.college.edu,7728800539,DEP000001,AY000004,SEM000007,True,PRO000493,Good,80,95,75,90,18,28,45,65,0.03,AR000493,SEM000007,AY000004,16.0,16.0,8.5,8.5,0,0,PASS,REG001937,CO000025,MN000010,REGISTERED,False,87.0,81.0,85.0,MK001803,24.0,65.0,89.0,A+,9.0,36.0,4.0,4.0,PASS
ST000493,AIML2023493,Anthony,Ray,Male,2004-11-13,anthony.ray493@student.college.edu,7728800539,DEP000001,AY000004,SEM000007,True,PRO000493,Good,80,95,75,90,18,28,45,65,0.03,AR000493,SEM000007,AY000004,16.0,16.0,8.5,8.5,0,0,PASS,REG001938,CO000026,MN000011,REGISTERED,False,82.0,84.0,91.0,MK001804,23.0,62.0,85.0,A+,9.0,36.0,4.0,4.0,PASS
ST000493,AIML2023493,Anthony,Ray,Male,2004-11-13,anthony.ray493@student.college.edu,7728800539,DEP000001,AY000004,SEM000007,True,PRO000493,Good,80,95,75,90,18,28,45,65,0.03,AR000493,SEM000007,AY000004,16.0,16.0,8.5,8.5,0,0,PASS,REG001939,CO000027,MN000012,REGISTERED,False,86.0,79.0,83.0,MK001805,24.0,61.0,85.0,A+,9.0,36.0,4.0,4.0,PASS
ST000493,AIML2023493,Anthony,Ray,Male,2004-11-13,anthony.ray493@student.college.edu,7728800539,DEP000001,AY000004,SEM000007,True,PRO000493,Good,80,95,75,90,18,28,45,65,0.03,AR000493,SEM000007,AY000004,16.0,16.0,8.5,8.5,0,0,PASS,REG001940,CO000028,MN000013,REGISTERED,False,92.0,79.0,89.0,MK001806,21.0,46.0,67.0,B+,7.0,28.0,4.0,4.0,PASS
ST000494,AIML2023494,Pooja,Buch,Female,2005-11-28,pooja.buch494@student.college.edu,8577951861,DEP000001,AY000004,SEM000007,True,PRO000494,Good,80,95,75,90,18,28,45,65,0.03,AR000494,SEM000007,AY000004,16.0,16.0,8.5,8.5,0,0,PASS,REG001941,CO000025,MN000010,REGISTERED,False,82.0,76.0,80.0,MK001807,19.0,57.0,76.0,A,8.0,32.0,4.0,4.0,PASS
ST000494,AIML2023494,Pooja,Buch,Female,2005-11-28,pooja.buch494@student.college.edu,8577951861,DEP000001,AY000004,SEM000007,True,PRO000494,Good,80,95,75,90,18,28,45,65,0.03,AR000494,SEM000007,AY000004,16.0,16.0,8.5,8.5,0,0,PASS,REG001942,CO000026,MN000011,REGISTERED,False,92.0,75.0,87.0,MK001808,27.0,55.0,82.0,A+,9.0,36.0,4.0,4.0,PASS
ST000494,AIML2023494,Pooja,Buch,Female,2005-11-28,pooja.buch494@student.college.edu,8577951861,DEP000001,AY000004,SEM000007,True,PRO000494,Good,80,95,75,90,18,28,45,65,0.03,AR000494,SEM000007,AY000004,16.0,16.0,8.5,8.5,0,0,PASS,REG001943,CO000027,MN000012,REGISTERED,False,89.0,88.0,85.0,MK001809,18.0,63.0,81.0,A+,9.0,36.0,4.0,4.0,PASS
ST000494,AIML2023494,Pooja,Buch,Female,2005-11-28,pooja.buch494@student.college.edu,8577951861,DEP000001,AY000004,SEM000007,True,PRO000494,Good,80,95,75,90,18,28,45,65,0.03,AR000494,SEM000007,AY000004,16.0,16.0,8.5,8.5,0,0,PASS,REG001944,CO000028,MN000013,REGISTERED,False,93.0,83.0,87.0,MK001810,27.0,52.0,79.0,A,8.0,32.0,4.0,4.0,PASS
ST000495,AIML2023495,Hardik,Jayaraman,Male,2005-02-26,hardik.jayaraman495@student.college.edu,6762066666,DEP000001,AY000004,SEM000007,True,PRO000495,Declining,40,65,35,60,4,16,15,40,0.45,AR000495,SEM000007,AY000004,16.0,4.0,1.0,1.0,3,3,FAIL,REG001945,CO000025,MN000010,REGISTERED,False,45.0,40.0,38.0,MK001811,6.0,28.0,34.0,F,0.0,0.0,4.0,0.0,FAIL
ST000495,AIML2023495,Hardik,Jayaraman,Male,2005-02-26,hardik.jayaraman495@student.college.edu,6762066666,DEP000001,AY000004,SEM000007,True,PRO000495,Declining,40,65,35,60,4,16,15,40,0.45,AR000495,SEM000007,AY000004,16.0,4.0,1.0,1.0,3,3,FAIL,REG001946,CO000026,MN000011,REGISTERED,False,43.0,40.0,43.0,MK001812,8.0,26.0,34.0,F,0.0,0.0,4.0,0.0,FAIL
ST000495,AIML2023495,Hardik,Jayaraman,Male,2005-02-26,hardik.jayaraman495@student.college.edu,6762066666,DEP000001,AY000004,SEM000007,True,PRO000495,Declining,40,65,35,60,4,16,15,40,0.45,AR000495,SEM000007,AY000004,16.0,4.0,1.0,1.0,3,3,FAIL,REG001947,CO000027,MN000012,REGISTERED,True,52.0,56.0,39.0,MK001813,4.0,29.0,33.0,F,0.0,0.0,4.0,0.0,FAIL
ST000495,AIML2023495,Hardik,Jayaraman,Male,2005-02-26,hardik.jayaraman495@student.college.edu,6762066666,DEP000001,AY000004,SEM000007,True,PRO000495,Declining,40,65,35,60,4,16,15,40,0.45,AR000495,SEM000007,AY000004,16.0,4.0,1.0,1.0,3,3,FAIL,REG001948,CO000028,MN000013,REGISTERED,False,54.0,49.0,46.0,MK001814,15.0,26.0,41.0,P,4.0,16.0,4.0,4.0,PASS
ST000496,AIML2023496,Gunbir,Bhalla,Male,2004-12-04,gunbir.bhalla496@student.college.edu,7337220019,DEP000001,AY000004,SEM000007,True,PRO000496,Average,65,85,60,80,10,24,30,58,0.1,AR000496,SEM000007,AY000004,16.0,16.0,5.75,5.75,0,0,PASS,REG001949,CO000025,MN000010,REGISTERED,False,80.0,64.0,76.0,MK001815,16.0,57.0,73.0,A,8.0,32.0,4.0,4.0,PASS
ST000496,AIML2023496,Gunbir,Bhalla,Male,2004-12-04,gunbir.bhalla496@student.college.edu,7337220019,DEP000001,AY000004,SEM000007,True,PRO000496,Average,65,85,60,80,10,24,30,58,0.1,AR000496,SEM000007,AY000004,16.0,16.0,5.75,5.75,0,0,PASS,REG001950,CO000026,MN000011,REGISTERED,False,85.0,71.0,74.0,MK001816,12.0,31.0,43.0,P,4.0,16.0,4.0,4.0,PASS
ST000496,AIML2023496,Gunbir,Bhalla,Male,2004-12-04,gunbir.bhalla496@student.college.edu,7337220019,DEP000001,AY000004,SEM000007,True,PRO000496,Average,65,85,60,80,10,24,30,58,0.1,AR000496,SEM000007,AY000004,16.0,16.0,5.75,5.75,0,0,PASS,REG001951,CO000027,MN000012,REGISTERED,False,79.0,67.0,75.0,MK001817,19.0,33.0,52.0,B,6.0,24.0,4.0,4.0,PASS
ST000496,AIML2023496,Gunbir,Bhalla,Male,2004-12-04,gunbir.bhalla496@student.college.edu,7337220019,DEP000001,AY000004,SEM000007,True,PRO000496,Average,65,85,60,80,10,24,30,58,0.1,AR000496,SEM000007,AY000004,16.0,16.0,5.75,5.75,0,0,PASS,REG001952,CO000028,MN000013,REGISTERED,False,80.0,60.0,70.0,MK001818,14.0,32.0,46.0,C,5.0,20.0,4.0,4.0,PASS
ST000497,AIML2023497,Jagdish,Sunder,Male,2005-04-19,jagdish.sunder497@student.college.edu,8776526280,DEP000001,AY000004,SEM000007,True,PRO000497,Improving,55,75,50,70,8,20,25,50,0.2,AR000497,SEM000007,AY000004,16.0,16.0,6.25,6.25,0,0,PASS,REG001953,CO000025,MN000010,REGISTERED,False,57.0,59.0,56.0,MK001819,20.0,33.0,53.0,B,6.0,24.0,4.0,4.0,PASS
ST000497,AIML2023497,Jagdish,Sunder,Male,2005-04-19,jagdish.sunder497@student.college.edu,8776526280,DEP000001,AY000004,SEM000007,True,PRO000497,Improving,55,75,50,70,8,20,25,50,0.2,AR000497,SEM000007,AY000004,16.0,16.0,6.25,6.25,0,0,PASS,REG001954,CO000026,MN000011,REGISTERED,False,57.0,56.0,49.0,MK001820,18.0,45.0,63.0,B+,7.0,28.0,4.0,4.0,PASS
ST000497,AIML2023497,Jagdish,Sunder,Male,2005-04-19,jagdish.sunder497@student.college.edu,8776526280,DEP000001,AY000004,SEM000007,True,PRO000497,Improving,55,75,50,70,8,20,25,50,0.2,AR000497,SEM000007,AY000004,16.0,16.0,6.25,6.25,0,0,PASS,REG001955,CO000027,MN000012,REGISTERED,False,75.0,55.0,63.0,MK001821,13.0,39.0,52.0,B,6.0,24.0,4.0,4.0,PASS
ST000497,AIML2023497,Jagdish,Sunder,Male,2005-04-19,jagdish.sunder497@student.college.edu,8776526280,DEP000001,AY000004,SEM000007,True,PRO000497,Improving,55,75,50,70,8,20,25,50,0.2,AR000497,SEM000007,AY000004,16.0,16.0,6.25,6.25,0,0,PASS,REG001956,CO000028,MN000013,REGISTERED,False,75.0,63.0,63.0,MK001822,17.0,41.0,58.0,B,6.0,24.0,4.0,4.0,PASS
ST000498,AIML2023498,Falan,Jayaraman,Male,2004-06-23,falan.jayaraman498@student.college.edu,9059272517,DEP000001,AY000004,SEM000007,True,PRO000498,Good,80,95,75,90,18,28,45,65,0.03,AR000498,SEM000007,AY000004,16.0,16.0,8.5,8.5,0,0,PASS,REG001957,CO000025,MN000010,REGISTERED,False,90.0,76.0,79.0,MK001823,20.0,65.0,85.0,A+,9.0,36.0,4.0,4.0,PASS
ST000498,AIML2023498,Falan,Jayaraman,Male,2004-06-23,falan.jayaraman498@student.college.edu,9059272517,DEP000001,AY000004,SEM000007,True,PRO000498,Good,80,95,75,90,18,28,45,65,0.03,AR000498,SEM000007,AY000004,16.0,16.0,8.5,8.5,0,0,PASS,REG001958,CO000026,MN000011,REGISTERED,False,83.0,79.0,85.0,MK001824,21.0,56.0,77.0,A,8.0,32.0,4.0,4.0,PASS
ST000498,AIML2023498,Falan,Jayaraman,Male,2004-06-23,falan.jayaraman498@student.college.edu,9059272517,DEP000001,AY000004,SEM000007,True,PRO000498,Good,80,95,75,90,18,28,45,65,0.03,AR000498,SEM000007,AY000004,16.0,16.0,8.5,8.5,0,0,PASS,REG001959,CO000027,MN000012,REGISTERED,False,81.0,86.0,73.0,MK001825,24.0,55.0,79.0,A,8.0,32.0,4.0,4.0,PASS
ST000498,AIML2023498,Falan,Jayaraman,Male,2004-06-23,falan.jayaraman498@student.college.edu,9059272517,DEP000001,AY000004,SEM000007,True,PRO000498,Good,80,95,75,90,18,28,45,65,0.03,AR000498,SEM000007,AY000004,16.0,16.0,8.5,8.5,0,0,PASS,REG001960,CO000028,MN000013,REGISTERED,False,84.0,84.0,82.0,MK001826,20.0,64.0,84.0,A+,9.0,36.0,4.0,4.0,PASS
ST000499,AIML2023499,David,Chad,Male,2006-03-29,david.chad499@student.college.edu,7428202555,DEP000001,AY000004,SEM000007,True,PRO000499,Average,65,85,60,80,10,24,30,58,0.1,AR000499,SEM000007,AY000004,12.0,12.0,6.33,6.33,0,0,PASS,REG001961,CO000025,MN000010,REGISTERED,False,72.0,76.0,75.0,MK001827,10.0,42.0,52.0,B,6.0,24.0,4.0,4.0,PASS
ST000499,AIML2023499,David,Chad,Male,2006-03-29,david.chad499@student.college.edu,7428202555,DEP000001,AY000004,SEM000007,True,PRO000499,Average,65,85,60,80,10,24,30,58,0.1,AR000499,SEM000007,AY000004,12.0,12.0,6.33,6.33,0,0,PASS,REG001962,CO000026,MN000011,REGISTERED,False,84.0,67.0,78.0,MK001828,17.0,37.0,54.0,B,6.0,24.0,4.0,4.0,PASS
ST000499,AIML2023499,David,Chad,Male,2006-03-29,david.chad499@student.college.edu,7428202555,DEP000001,AY000004,SEM000007,True,PRO000499,Average,65,85,60,80,10,24,30,58,0.1,AR000499,SEM000007,AY000004,12.0,12.0,6.33,6.33,0,0,PASS,REG001963,CO000027,MN000012,REGISTERED,False,76.0,74.0,75.0,MK001829,20.0,40.0,60.0,B+,7.0,28.0,4.0,4.0,PASS
ST000499,AIML2023499,David,Chad,Male,2006-03-29,david.chad499@student.college.edu,7428202555,DEP000001,AY000004,SEM000007,True,PRO000499,Average,65,85,60,80,10,24,30,58,0.1,AR000499,SEM000007,AY000004,12.0,12.0,6.33,6.33,0,0,PASS,REG001964,CO000028,MN000013,CANCELLED,False,72.0,75.0,66.0,,,,,,,,,,
ST000500,AIML2023500,Chakrika,Swaminathan,Female,2004-02-22,chakrika.swaminathan500@student.college.edu,6916349422,DEP000001,AY000004,SEM000007,False,PRO000500,Good,80,95,75,90,18,28,45,65,0.03,AR000500,SEM000007,AY000004,0.0,0.0,0.0,0.0,0,0,NOT_REGISTERED,,,,,,,,,,,,,,,,,,
